age,gender,city,occupation,monthly_income,favorite_ipl_team,matches_watched_per_season,fantasy_cricket_user,preferred_social_media_platform,sports_content_watch_hours_per_week,preferred_content_format,social_media_activity_during_matches,sports_equipment_spending_per_month,preferred_shopping_platform,likely_to_buy_cricket_kit
-1.1498547708811926,0.7715308156211609,0.3394088344715023,0.2079003033971988,-1.12959572932517,0.10112039169638974,0.4087103391527736,0.920307393868181,-0.4108240150088804,0.5936970929767834,0.8637677229720243,-1.0775117223646489,-0.17432839518457374,-0.9501804779455227,1
0.10740599078209173,-1.2961245095504037,-1.2600942144558833,0.94888916479251,0.4433179117460823,1.1250009247842319,-0.7649124881738556,-1.0865934650343947,1.6432960600355222,-0.7554103552603421,-0.026714465658928405,1.3322589027320104,-1.209082036816723,0.8330000436680589,0
-1.4399918697265661,0.7715308156211609,-0.4603426899921905,0.2079003033971988,-1.30436391166642,1.4662944358135126,0.9955217528160882,0.920307393868181,-0.4108240150088804,0.9735428793736438,0.8637677229720243,-1.0775117223646489,0.42927789576751335,-0.9501804779455227,1
0.8811049210364206,0.7715308156211609,-0.3103892791552481,-1.2740774193934234,1.2006467018915001,0.7837074137549511,-1.458416886139591,-1.0865934650343947,-1.4378840525310816,-1.2662374473112923,-0.9171966542898811,0.1273735901836806,-0.6917052160006484,1.7245903044748498,0
-0.5695805731904461,-1.2961245095504037,0.889238007540291,0.94888916479251,-0.022730574497251674,-1.6053471634500138,1.2089077214209298,0.920307393868181,-0.4108240150088804,1.3271924046396868,0.8637677229720243,-1.0775117223646489,-0.3467873354565986,-0.9501804779455227,1
-0.9564300383176104,0.7715308156211609,0.08948648307659827,-2.0150662807887345,-0.8383154254230861,-0.24017311933289098,-0.5515265195690139,0.920307393868181,1.6432960600355222,-0.5851346579100252,-0.026714465658928405,1.3322589027320104,1.3778020672636502,-0.05859021713873188,1
-0.1827311080632816,0.7715308156211609,-0.9102029225030177,0.94888916479251,0.2394216990146237,-1.264053652420733,0.5687498156064048,-1.0865934650343947,-0.4108240150088804,0.7508746597616912,0.8637677229720243,-1.0775117223646489,-1.4677704472247604,0.8330000436680589,0
-1.6334166022901482,-1.2961245095504037,-0.41035821971320974,0.2079003033971988,-1.4208760332272536,1.1250009247842319,-0.6582195038714348,0.920307393868181,0.6162360225133209,-0.7947047469565689,-1.8076788429208337,0.1273735901836806,-1.036623096544698,-0.9501804779455227,1
0.4942554559092562,0.7715308156211609,-1.0601563333399602,-0.5330885579981124,0.8219823068187913,-1.6053471634500138,0.835482276362457,-1.0865934650343947,-0.4108240150088804,0.6460896152384192,0.8637677229720243,-1.0775117223646489,2.153867298487762,-0.05859021713873188,0
-0.7630053057540283,0.7715308156211609,-1.609985506408749,0.94888916479251,-0.28488284800912705,-0.9227601413914523,-1.7251493468956431,0.920307393868181,-1.4378840525310816,-1.4103168835307913,-0.9171966542898811,0.1273735901836806,-0.08809892504856129,-0.9501804779455227,1
-0.3761558406268638,-1.2961245095504037,-0.010482457481363327,0.94888916479251,-0.1101146656678768,-0.5814666303621717,0.24867086269914235,-1.0865934650343947,-0.4108240150088804,0.3055382205377859,0.8637677229720243,-1.0775117223646489,-0.9503936264086857,0.8330000436680589,1
-1.3432795034447749,0.7715308156211609,0.7892690669823295,0.2079003033971988,-1.3334919420566285,0.10112039169638974,-0.8716054724762764,0.920307393868181,1.6432960600355222,-0.9518823137414768,-0.026714465658928405,1.3322589027320104,0.08436001522346359,-0.9501804779455227,0
1.1712420198817939,0.7715308156211609,0.4393777750294639,-1.2740774193934234,1.9871035224271265,-1.6053471634500138,1.1022147371185091,-1.0865934650343947,-0.4108240150088804,1.1176223155931428,0.8637677229720243,-1.0775117223646489,-1.5539999173607728,1.7245903044748498,1
-0.6662929394722371,-1.2961245095504037,1.3390982400511182,0.94888916479251,-0.25575481761891866,0.7837074137549511,-1.2983774096859597,0.920307393868181,0.6162360225133209,-1.2269430556150656,-1.8076788429208337,0.1273735901836806,-0.26055786532058617,0.8330000436680589,0
-1.0531424045994016,0.7715308156211609,-0.16043586831830572,0.2079003033971988,-1.2169798204957951,-0.24017311933289098,1.3156007057233507,0.920307393868181,-0.4108240150088804,1.4843699714245946,0.8637677229720243,-1.0775117223646489,-0.6917052160006484,-0.9501804779455227,1
0.30083072334567396,-1.2961245095504037,-1.2101097441769024,-0.5330885579981124,0.15203760784399858,1.1250009247842319,0.462056831303984,-1.0865934650343947,1.6432960600355222,-0.36246643829807257,-0.026714465658928405,1.3322589027320104,0.25681895549548844,-0.05859021713873188,1
-0.47286820690865494,0.7715308156211609,-1.1101408036189409,0.94888916479251,0.06465351667337345,0.44241390272567044,-0.6048730117202243,0.920307393868181,-0.4108240150088804,-0.676821571867888,0.8637677229720243,1.3322589027320104,-0.0018694549125488533,-0.9501804779455227,0
0.7843925547546295,0.7715308156211609,1.7889584725619454,-1.2740774193934234,1.3754148842327503,1.4662944358135126,-1.191684425383539,-1.0865934650343947,-1.4378840525310816,-1.1614524027880206,-0.9171966542898811,0.1273735901836806,-0.8641641562726733,1.7245903044748498,1
-1.5367042360083571,0.7715308156211609,-1.0101718630609793,0.2079003033971988,-1.450004063617462,-1.6053471634500138,0.9421752606648778,0.920307393868181,-0.4108240150088804,0.8163653125887361,0.8637677229720243,-1.0775117223646489,-0.4330168055926111,-0.9501804779455227,0
0.010693624500300621,-1.2961245095504037,-0.11045139803932492,0.94888916479251,0.3268057901852488,0.10112039169638974,-1.5651098704420119,-1.0865934650343947,0.6162360225133209,-1.3317281001383372,-1.8076788429208337,0.1273735901836806,-0.6054757458646359,0.8330000436680589,1
-0.8597176720358194,0.7715308156211609,0.6393156561453871,-2.0150662807887345,-0.7218033038622527,1.1250009247842319,0.19532437054793192,0.920307393868181,-0.4108240150088804,-0.2052888715131646,0.8637677229720243,1.3322589027320104,2.326326238759787,-0.05859021713873188,1
0.5909678221910473,-1.2961245095504037,0.9392224778192719,-1.2740774193934234,0.9967504891600415,-1.264053652420733,-0.4448335352665931,-1.0865934650343947,1.6432960600355222,-0.5720365273446163,-0.026714465658928405,1.3322589027320104,-1.209082036816723,1.7245903044748498,0
-1.2465671371629838,0.7715308156211609,1.6390050617250032,0.2079003033971988,-1.3626199724468369,-0.9227601413914523,1.368947197874561,0.920307393868181,-0.4108240150088804,1.4319774491629582,0.8637677229720243,-1.0775117223646489,-0.7779346861366608,-0.9501804779455227,1
-0.5695805731904461,0.7715308156211609,-0.9102029225030177,0.94888916479251,0.1229095774537902,-0.5814666303621717,-1.3517239018371703,0.920307393868181,-1.4378840525310816,-1.2793355778767015,-0.9171966542898811,0.1273735901836806,-0.17432839518457374,-0.9501804779455227,0
1.8482285838543318,0.7715308156211609,0.13947095335557907,-1.2740774193934234,2.27838382632921,0.44241390272567044,0.7821357842112465,-1.0865934650343947,-0.4108240150088804,0.4627157873226936,0.8637677229720243,-1.0775117223646489,-1.6402293874967853,1.7245903044748498,1
-0.2794434743450727,-1.2961245095504037,1.3890827103300991,0.94888916479251,0.03552548628316508,0.10112039169638974,0.5154033234551945,-1.0865934650343947,0.6162360225133209,0.6329914846730105,-1.8076788429208337,-1.0775117223646489,-0.4330168055926111,0.8330000436680589,1
-1.4399918697265661,0.7715308156211609,-0.6102961008291329,0.2079003033971988,-1.3917480028370453,0.7837074137549511,-0.7115659960226451,0.920307393868181,1.6432960600355222,-0.8601953997836138,-0.026714465658928405,1.3322589027320104,-0.08809892504856129,-0.9501804779455227,0
0.20411835706388284,0.7715308156211609,0.9892069480982527,-0.5330885579981124,0.4433179117460823,-1.6053471634500138,-1.4050703939883806,-1.0865934650343947,-1.4378840525310816,-1.3055318390075195,-0.9171966542898811,0.1273735901836806,1.6364904776716875,-0.05859021713873188,1
-0.9564300383176104,-1.2961245095504037,0.38939330475048306,0.2079003033971988,-1.2461078508860035,1.1250009247842319,1.1555612292697195,0.920307393868181,-0.4108240150088804,1.196211098985597,0.8637677229720243,-1.0775117223646489,-0.8641641562726733,-0.9501804779455227,0
1.0745296536000029,0.7715308156211609,0.4893622453084447,-1.2740774193934234,1.6084391273544174,0.10112039169638974,0.14197787839672152,-1.0865934650343947,0.6162360225133209,-0.035013174162847924,-1.8076788429208337,1.3322589027320104,-1.036623096544698,1.7245903044748498,1
-0.6662929394722371,0.7715308156211609,-0.4603426899921905,0.94888916479251,-0.08098663527766842,1.4662944358135126,-0.6582195038714348,0.920307393868181,-0.4108240150088804,-0.6637234413024791,0.8637677229720243,1.3322589027320104,0.5155073659035257,-0.9501804779455227,1
-0.0860187417814905,-1.2961245095504037,-1.1601252738979217,0.94888916479251,-0.2266267872287103,-0.5814666303621717,-1.2450309175347494,-1.0865934650343947,1.6432960600355222,-1.1352561416572025,-0.026714465658928405,0.1273735901836806,-0.6917052160006484,0.8330000436680589,0
-1.7301289685719394,0.7715308156211609,1.6889895320039838,0.2079003033971988,-1.4791320940076704,-1.6053471634500138,1.0488682449672986,0.920307393868181,-0.4108240150088804,0.9342484876774173,0.8637677229720243,-1.0775117223646489,-1.209082036816723,-0.9501804779455227,1
0.39754308962746504,0.7715308156211609,-1.4100476252928258,-1.2740774193934234,0.9093663979894163,0.44241390272567044,-1.6184563625932222,-1.0865934650343947,-1.4378840525310816,-1.3841206223999734,-0.9171966542898811,0.1273735901836806,-0.4330168055926111,1.7245903044748498,0
-0.3761558406268638,-1.2961245095504037,0.3394088344715023,0.94888916479251,0.6472141244775409,0.10112039169638974,1.2622542135721402,0.920307393868181,-0.4108240150088804,1.4450755797283674,0.8637677229720243,-1.0775117223646489,-0.0018694549125488533,-0.9501804779455227,1
-1.0531424045994016,0.7715308156211609,0.7392845967033487,-2.0150662807887345,-0.8965714862035029,0.44241390272567044,0.3553638470015632,0.920307393868181,1.6432960600355222,0.1483606537528779,-0.026714465658928405,-1.0775117223646489,1.895178888079725,-0.05859021713873188,1
0.6876801884728384,-1.2961245095504037,0.2894243641925215,-0.5330885579981124,0.29767775979504046,-1.264053652420733,-0.818258980325066,-1.0865934650343947,0.6162360225133209,-0.9125879220452499,-1.8076788429208337,1.3322589027320104,0.42927789576751335,-0.05859021713873188,0
-1.3432795034447749,0.7715308156211609,-1.6599699766877298,0.2079003033971988,-1.3917480028370453,0.7837074137549511,-1.1383379332323285,0.920307393868181,-1.4378840525310816,-1.0828636193955667,-0.9171966542898811,0.1273735901836806,-0.9503936264086857,-0.9501804779455227,1
-0.47286820690865494,0.7715308156211609,-1.0601563333399602,0.94888916479251,0.18116563823420695,-1.6053471634500138,0.8888287685136673,0.920307393868181,-0.4108240150088804,0.7115802680654641,0.8637677229720243,-1.0775117223646489,0.17058948535947602,0.8330000436680589,0
1.4613791187271672,-1.2961245095504037,-1.360063155013845,-1.2740774193934234,1.1715186715012917,1.4662944358135126,-1.5117633782908015,-1.0865934650343947,0.6162360225133209,-1.3186299695729284,-1.8076788429208337,0.1273735901836806,-1.1228525666807105,1.7245903044748498,1
-1.1498547708811926,0.7715308156211609,1.189144829214176,0.2079003033971988,-1.3334919420566285,-0.5814666303621717,0.4087103391527736,0.920307393868181,-0.4108240150088804,0.06977187036042405,0.8637677229720243,1.3322589027320104,-0.6054757458646359,-0.9501804779455227,1
0.10740599078209173,0.7715308156211609,-1.2600942144558833,0.94888916479251,0.8219823068187913,1.1250009247842319,-0.5515265195690139,-1.0865934650343947,1.6432960600355222,-0.742312224694933,-0.026714465658928405,1.3322589027320104,-0.3467873354565986,-0.05859021713873188,0
-0.5695805731904461,-1.2961245095504037,-0.3103892791552481,0.94888916479251,-0.13924269605808517,0.7837074137549511,1.2089077214209298,0.920307393868181,-0.4108240150088804,1.3664867963359133,0.8637677229720243,-1.0775117223646489,-0.17432839518457374,-0.9501804779455227,1
-0.1827311080632816,0.7715308156211609,-0.9601873927819985,-0.5330885579981124,0.03552548628316508,-1.264053652420733,-1.2983774096859597,-1.0865934650343947,-1.4378840525310816,-1.2400411861804745,-0.9171966542898811,0.1273735901836806,0.7741957763115631,-0.05859021713873188,0
-1.4399918697265661,0.7715308156211609,-0.2604048088762673,0.2079003033971988,-1.4063120180321496,0.10112039169638974,0.7287892920600361,0.920307393868181,-0.4108240150088804,0.39722513449564867,0.8637677229720243,-1.0775117223646489,-0.0018694549125488533,-0.9501804779455227,1
0.9778172873182117,-1.2961245095504037,0.1894554236345599,-1.2740774193934234,1.0258785195502498,-1.6053471634500138,0.6220963077576153,-1.0865934650343947,1.6432960600355222,0.7770709208925091,-0.026714465658928405,-1.0775117223646489,-0.7779346861366608,1.7245903044748498,1
-0.8597176720358194,0.7715308156211609,-0.8102339819450561,0.94888916479251,-0.31401087839933545,1.1250009247842319,-0.7649124881738556,0.920307393868181,0.6162360225133209,-0.833999138652796,-1.8076788429208337,1.3322589027320104,0.25681895549548844,-0.9501804779455227,0
0.4942554559092562,0.7715308156211609,1.7389740022829647,-0.5330885579981124,0.501573972526499,1.4662944358135126,-1.191684425383539,-1.0865934650343947,-1.4378840525310816,-1.1745505333534296,-0.9171966542898811,0.1273735901836806,1.1191136568556128,-0.05859021713873188,1
-1.2465671371629838,-1.2961245095504037,1.5890205914460223,0.2079003033971988,-1.3771839876419412,0.7837074137549511,1.1022147371185091,0.920307393868181,-0.4108240150088804,1.15691670728937,0.8637677229720243,-1.0775117223646489,-0.6917052160006484,0.8330000436680589,0
1.2679543861635851,0.7715308156211609,-0.060466927760344125,-1.2740774193934234,1.4919270057935838,0.10112039169638974,0.19532437054793192,-1.0865934650343947,0.6162360225133209,-0.13979821868611966,-1.8076788429208337,1.3322589027320104,-0.9503936264086857,1.7245903044748498,1
-0.7630053057540283,0.7715308156211609,-1.560001036129768,0.94888916479251,-0.4305229999601689,-1.6053471634500138,-0.4981800274178035,0.920307393868181,-0.4108240150088804,-0.6244290496062522,0.8637677229720243,1.3322589027320104,-0.17432839518457374,-0.9501804779455227,1
0.010693624500300621,-1.2961245095504037,-0.9102029225030177,0.94888916479251,0.5598300333069158,-1.264053652420733,-1.0849914410811181,-1.0865934650343947,1.6432960600355222,-1.0959617499609757,-0.026714465658928405,0.1273735901836806,-0.6054757458646359,0.8330000436680589,0
-1.3432795034447749,0.7715308156211609,-0.5603116305501521,0.2079003033971988,-1.3771839876419412,1.1250009247842319,0.9955217528160882,0.920307393868181,-0.4108240150088804,0.8949540959811902,0.8637677229720243,-1.0775117223646489,0.17058948535947602,-0.9501804779455227,1
0.7843925547546295,0.7715308156211609,0.039502012797617475,-1.2740774193934234,1.2006467018915001,0.7837074137549511,-1.5651098704420119,-1.0865934650343947,-1.4378840525310816,-1.3710224918345644,-0.9171966542898811,0.1273735901836806,-0.8641641562726733,1.7245903044748498,0
-0.47286820690865494,-1.2961245095504037,1.4390671806090798,0.94888916479251,0.0063974558929567014,0.10112039169638974,1.3156007057233507,0.920307393868181,-0.4108240150088804,1.5105662325554123,0.8637677229720243,-1.0775117223646489,-0.26055786532058617,-0.9501804779455227,1
-1.0531424045994016,0.7715308156211609,0.8392535372613102,-2.0150662807887345,-0.8965714862035029,-0.24017311933289098,0.30201735485035275,0.920307393868181,1.6432960600355222,-0.008816913032029817,-0.026714465658928405,1.3322589027320104,1.7227199478077,-0.05859021713873188,1
0.30083072334567396,0.7715308156211609,1.3390982400511182,-1.2740774193934234,0.7928542764285829,-0.9227601413914523,-0.8716054724762764,-1.0865934650343947,0.6162360225133209,-0.9256860526106587,-1.8076788429208337,1.3322589027320104,-0.4330168055926111,0.8330000436680589,0
-1.5367042360083571,-1.2961245095504037,-0.36037374943422895,0.2079003033971988,-1.450004063617462,-1.6053471634500138,-1.0316449489299078,0.920307393868181,-1.4378840525310816,-1.0697654888301575,-0.9171966542898811,0.1273735901836806,-1.036623096544698,-0.9501804779455227,1
-0.2794434743450727,0.7715308156211609,0.6893001264243679,0.94888916479251,-0.16837072644829354,0.44241390272567044,0.835482276362457,-1.0865934650343947,-0.4108240150088804,0.6198933541076014,0.8637677229720243,-1.0775117223646489,-0.3467873354565986,0.8330000436680589,0
-0.8597176720358194,0.7715308156211609,-1.2600942144558833,0.94888916479251,0.15203760784399858,1.1250009247842319,-1.458416886139591,0.920307393868181,0.6162360225133209,-1.2924337084421105,-1.8076788429208337,0.1273735901836806,0.42927789576751335,-0.9501804779455227,1
1.3646667524453762,-1.2961245095504037,1.4890516508880607,-0.5330885579981124,0.3559338205754572,1.4662944358135126,0.5154033234551945,-1.0865934650343947,-0.4108240150088804,0.13526252318746898,0.8637677229720243,-1.0775117223646489,0.5155073659035257,-0.05859021713873188,1
-1.2465671371629838,0.7715308156211609,0.7892690669823295,0.2079003033971988,-1.3626199724468369,0.10112039169638974,-0.6048730117202243,0.920307393868181,1.6432960600355222,-0.6899197024332971,-0.026714465658928405,1.3322589027320104,-0.08809892504856129,-0.9501804779455227,0
0.5909678221910473,0.7715308156211609,0.5393467155874255,-1.2740774193934234,1.7832073096956675,0.10112039169638974,1.2622542135721402,-1.0865934650343947,-0.4108240150088804,1.4057811880321405,0.8637677229720243,-1.0775117223646489,-0.0018694549125488533,-0.05859021713873188,1
-0.6662929394722371,-1.2961245095504037,-1.0601563333399602,0.94888916479251,-0.08098663527766842,-1.6053471634500138,-1.2450309175347494,0.920307393868181,-1.4378840525310816,-1.2007467944842474,-0.9171966542898811,0.1273735901836806,0.08436001522346359,-0.9501804779455227,0
-1.4399918697265661,0.7715308156211609,-0.8602184522240369,0.2079003033971988,-1.4063120180321496,-0.5814666303621717,0.7821357842112465,0.920307393868181,-0.4108240150088804,0.4234213956264666,0.8637677229720243,-1.0775117223646489,-0.4330168055926111,-0.9501804779455227,1
0.20411835706388284,0.7715308156211609,-0.6602805711081138,0.94888916479251,1.0550065499404582,-1.264053652420733,0.5687498156064048,-1.0865934650343947,1.6432960600355222,0.7246783986308734,-0.026714465658928405,-1.0775117223646489,-0.17432839518457374,-0.05859021713873188,1
-0.9564300383176104,-1.2961245095504037,-0.5103271602711713,0.2079003033971988,-1.275235881276212,1.1250009247842319,-0.7649124881738556,0.920307393868181,0.6162360225133209,-0.8732935303490229,-1.8076788429208337,1.3322589027320104,-0.7779346861366608,0.8330000436680589,0
1.0745296536000029,0.7715308156211609,1.2891137697721375,-1.2740774193934234,1.3171588234523335,-1.6053471634500138,-1.1383379332323285,-1.0865934650343947,-1.4378840525310816,-1.1221580110917935,-0.9171966542898811,0.1273735901836806,-1.209082036816723,1.7245903044748498,1
-0.5695805731904461,0.7715308156211609,0.3394088344715023,-2.0150662807887345,-0.5470351215210024,0.10112039169638974,1.1555612292697195,0.920307393868181,-0.4108240150088804,1.2355054906818235,0.8637677229720243,-1.0775117223646489,2.2400967686237747,-0.05859021713873188,0
-0.0860187417814905,-1.2961245095504037,0.4393777750294639,0.94888916479251,0.1229095774537902,1.4662944358135126,0.24867086269914235,-1.0865934650343947,0.6162360225133209,-0.1136019575553018,-1.8076788429208337,1.3322589027320104,-0.5192462757286235,-0.9501804779455227,1
-1.6334166022901482,0.7715308156211609,-1.4600320955718065,0.2079003033971988,-1.4791320940076704,0.7837074137549511,-0.5515265195690139,0.920307393868181,-0.4108240150088804,-0.7161159635641151,0.8637677229720243,1.3322589027320104,-1.1228525666807105,-0.9501804779455227,1
0.6876801884728384,0.7715308156211609,-1.1601252738979217,-0.5330885579981124,0.4433179117460823,-0.5814666303621717,-1.0849914410811181,-1.0865934650343947,1.6432960600355222,-1.1090598805263847,-0.026714465658928405,0.1273735901836806,0.6879663061755507,-0.05859021713873188,0
-0.3761558406268638,-1.2961245095504037,0.889238007540291,0.94888916479251,0.3268057901852488,-1.6053471634500138,0.9421752606648778,0.920307393868181,-0.4108240150088804,0.8556597042849632,0.8637677229720243,-1.0775117223646489,-0.08809892504856129,-0.9501804779455227,1
-1.1498547708811926,0.7715308156211609,0.2894243641925215,0.2079003033971988,-1.30436391166642,-0.24017311933289098,-1.6718028547444328,0.920307393868181,-1.4378840525310816,-1.3972187529653821,-0.9171966542898811,0.1273735901836806,-0.3467873354565986,0.8330000436680589,0
0.39754308962746504,0.7715308156211609,1.7889584725619454,-1.2740774193934234,0.8511103372089995,1.4662944358135126,1.3156007057233507,-1.0865934650343947,-0.4108240150088804,1.4712718408591854,0.8637677229720243,-1.0775117223646489,-0.6917052160006484,1.7245903044748498,1
-0.6662929394722371,-1.2961245095504037,0.6393156561453871,0.94888916479251,0.06465351667337345,1.1250009247842319,0.3553638470015632,0.920307393868181,1.6432960600355222,0.01737934809878806,-0.026714465658928405,1.3322589027320104,0.17058948535947602,-0.9501804779455227,1
-1.3432795034447749,0.7715308156211609,1.0391914183772335,0.2079003033971988,-1.3917480028370453,0.10112039169638974,-0.818258980325066,0.920307393868181,0.6162360225133209,-0.8994897914798409,-1.8076788429208337,1.3322589027320104,-0.8641641562726733,-0.9501804779455227,0
1.4613791187271672,-1.2961245095504037,1.0891758886562142,-1.2740774193934234,1.113262610720875,-1.6053471634500138,-0.9782984567786973,-1.0865934650343947,-1.4378840525310816,-1.0566673582647486,-0.9171966542898811,0.1273735901836806,-1.036623096544698,1.7245903044748498,1
-0.1827311080632816,0.7715308156211609,-0.4603426899921905,0.94888916479251,0.4141898813558739,1.4662944358135126,0.8888287685136673,0.920307393868181,-0.4108240150088804,0.6722858763692375,0.8637677229720243,-1.0775117223646489,0.25681895549548844,-0.05859021713873188,0
-1.0531424045994016,0.7715308156211609,1.8389429428409263,-2.0150662807887345,-0.9548275469839197,1.4662944358135126,-1.5117633782908015,0.920307393868181,0.6162360225133209,-1.3055318390075195,-1.8076788429208337,0.1273735901836806,1.9814083582157374,-0.05859021713873188,1
0.9778172873182117,0.7715308156211609,-1.5100165658507874,-0.5330885579981124,0.21029366862441531,0.7837074137549511,0.462056831303984,-1.0865934650343947,-0.4108240150088804,0.1090662620566511,0.8637677229720243,-1.0775117223646489,0.42927789576751335,1.7245903044748498,1
-0.8597176720358194,-1.2961245095504037,-0.41035821971320974,0.94888916479251,-0.28488284800912705,-0.5814666303621717,-0.6582195038714348,0.920307393868181,1.6432960600355222,-0.729214094129524,-0.026714465658928405,1.3322589027320104,-0.4330168055926111,-0.9501804779455227,0
-1.4399918697265661,0.7715308156211609,-0.16043586831830572,0.2079003033971988,-1.4208760332272536,1.1250009247842319,1.2089077214209298,0.920307393868181,-0.4108240150088804,1.3533886657705048,0.8637677229720243,-1.0775117223646489,-0.17432839518457374,-0.9501804779455227,1
0.10740599078209173,0.7715308156211609,-0.11045139803932492,-1.2740774193934234,0.9384944283796247,0.10112039169638974,-1.2983774096859597,-1.0865934650343947,-1.4378840525310816,-1.2531393167458833,-0.9171966542898811,0.1273735901836806,-0.26055786532058617,0.8330000436680589,0
-0.5695805731904461,-1.2961245095504037,-1.609985506408749,0.94888916479251,0.21029366862441531,-0.9227601413914523,0.7287892920600361,0.920307393868181,-0.4108240150088804,0.3710288733648308,0.8637677229720243,-1.0775117223646489,-0.0018694549125488533,-0.9501804779455227,1
0.8811049210364206,0.7715308156211609,-1.3100786847348642,-0.5330885579981124,0.3268057901852488,-1.264053652420733,0.5687498156064048,-1.0865934650343947,1.6432960600355222,0.7377765291962824,-0.026714465658928405,-1.0775117223646489,0.6017368360395382,-0.05859021713873188,1
-1.2465671371629838,0.7715308156211609,0.5893311858664063,0.2079003033971988,-1.3771839876419412,1.4662944358135126,-0.7115659960226451,0.920307393868181,0.6162360225133209,-0.8470972692182049,-1.8076788429208337,1.3322589027320104,-0.6917052160006484,-0.9501804779455227,0
-0.3761558406268638,-1.2961245095504037,-0.010482457481363327,0.94888916479251,0.15203760784399858,-0.5814666303621717,-1.191684425383539,0.920307393868181,-1.4378840525310816,-1.1483542722226117,-0.9171966542898811,0.1273735901836806,-0.17432839518457374,0.8330000436680589,1
1.7515162175725405,0.7715308156211609,1.2391292994931566,-1.2740774193934234,1.8705914008662927,-1.6053471634500138,1.1022147371185091,-1.0865934650343947,-0.4108240150088804,1.1700148378547786,0.8637677229720243,-1.0775117223646489,-1.4677704472247604,1.7245903044748498,0
-0.9564300383176104,0.7715308156211609,1.6390050617250032,0.2079003033971988,-1.2461078508860035,-0.9227601413914523,0.14197787839672152,0.920307393868181,0.6162360225133209,-0.16599447981693777,-1.8076788429208337,1.3322589027320104,-0.5192462757286235,-0.9501804779455227,1
0.4942554559092562,-1.2961245095504037,0.23943989391354067,0.94888916479251,0.3559338205754572,1.1250009247842319,-0.4981800274178035,-1.0865934650343947,-0.4108240150088804,-0.5982327884754342,0.8637677229720243,1.3322589027320104,-0.3467873354565986,-0.05859021713873188,1
-1.5367042360083571,0.7715308156211609,-0.7602495116660754,0.2079003033971988,-1.435440048422358,0.10112039169638974,-1.0316449489299078,0.920307393868181,1.6432960600355222,-1.0959617499609757,-0.026714465658928405,0.1273735901836806,-0.9503936264086857,-0.9501804779455227,0
-0.2794434743450727,0.7715308156211609,-1.1101408036189409,0.94888916479251,0.6180860940873326,0.44241390272567044,1.0488682449672986,-1.0865934650343947,-0.4108240150088804,0.947346618242826,0.8637677229720243,-1.0775117223646489,-0.0018694549125488533,-0.9501804779455227,1
1.1712420198817939,-1.2961245095504037,-0.21042033859728654,-1.2740774193934234,1.1715186715012917,0.7837074137549511,-1.6184563625932222,-1.0865934650343947,-1.4378840525310816,-1.3579243612691554,-0.9171966542898811,0.1273735901836806,-0.8641641562726733,1.7245903044748498,0
-0.7630053057540283,0.7715308156211609,0.08948648307659827,-2.0150662807887345,-0.6635472430818359,-0.24017311933289098,1.368947197874561,0.920307393868181,-0.4108240150088804,1.4974681019900034,0.8637677229720243,-1.0775117223646489,2.153867298487762,-0.05859021713873188,1
0.30083072334567396,0.7715308156211609,-1.0101718630609793,0.94888916479251,0.26854972940483207,-1.6053471634500138,0.30201735485035275,-1.0865934650343947,1.6432960600355222,-0.021915043597438757,-0.026714465658928405,1.3322589027320104,-0.4330168055926111,0.8330000436680589,1
-1.3432795034447749,-1.2961245095504037,0.9392224778192719,0.2079003033971988,-1.4063120180321496,-1.264053652420733,-0.8716054724762764,0.920307393868181,0.6162360225133209,-0.9387841831760678,-1.8076788429208337,1.3322589027320104,-0.7779346861366608,-0.9501804779455227,0
0.7843925547546295,0.7715308156211609,1.139160358935195,-0.5330885579981124,0.4141898813558739,0.44241390272567044,-0.9782984567786973,-1.0865934650343947,-1.4378840525310816,-1.0435692276993398,-0.9171966542898811,0.1273735901836806,0.7741957763115631,-0.05859021713873188,1
-0.47286820690865494,-1.2961245095504037,1.3890827103300991,0.94888916479251,0.09378154706358183,0.10112039169638974,0.9421752606648778,0.920307393868181,-0.4108240150088804,0.7639727903271003,0.8637677229720243,-1.0775117223646489,0.08436001522346359,-0.9501804779455227,0
-1.0531424045994016,0.7715308156211609,-0.9601873927819985,0.2079003033971988,-1.289799896471316,1.1250009247842319,-1.4050703939883806,0.920307393868181,0.6162360225133209,-1.2793355778767015,-1.8076788429208337,0.1273735901836806,-0.26055786532058617,-0.9501804779455227,1
-0.5695805731904461,0.7715308156211609,0.3394088344715023,0.94888916479251,0.3268057901852488,0.10112039169638974,0.4087103391527736,0.920307393868181,-0.4108240150088804,0.04357560922960617,0.8637677229720243,-1.0775117223646489,0.5155073659035257,-0.9501804779455227,1
-1.3432795034447749,-1.2961245095504037,0.7892690669823295,0.2079003033971988,-1.3917480028370453,-1.6053471634500138,-0.6048730117202243,0.920307393868181,1.6432960600355222,-0.7030178329987061,-0.026714465658928405,1.3322589027320104,-0.7779346861366608,0.8330000436680589,0
0.20411835706388284,0.7715308156211609,-0.3103892791552481,-1.2740774193934234,1.0258785195502498,0.7837074137549511,1.2622542135721402,-1.0865934650343947,-0.4108240150088804,1.3926830574667317,0.8637677229720243,-1.0775117223646489,-0.4330168055926111,1.7245903044748498,1
-1.0531424045994016,0.7715308156211609,-0.4603426899921905,-2.0150662807887345,-0.7800593646426695,1.4662944358135126,-1.2450309175347494,0.920307393868181,-1.4378840525310816,-1.2138449250496566,-0.9171966542898811,0.1273735901836806,2.4125557088957996,-0.05859021713873188,0
0.7843925547546295,-1.2961245095504037,-0.41035821971320974,-0.5330885579981124,0.4141898813558739,1.1250009247842319,0.835482276362457,-1.0865934650343947,-0.4108240150088804,0.43651952619187573,0.8637677229720243,-1.0775117223646489,0.7741957763115631,-0.05859021713873188,1
-0.8597176720358194,0.7715308156211609,0.08948648307659827,0.94888916479251,-0.25575481761891866,-0.24017311933289098,0.6220963077576153,0.920307393868181,1.6432960600355222,0.8032671820233274,-0.026714465658928405,-1.0775117223646489,0.17058948535947602,-0.9501804779455227,1
-1.5367042360083571,0.7715308156211609,0.4893622453084447,0.2079003033971988,-1.435440048422358,0.10112039169638974,-0.818258980325066,0.920307393868181,0.6162360225133209,-0.8863916609144319,-1.8076788429208337,1.3322589027320104,-0.8641641562726733,-0.9501804779455227,0
0.010693624500300621,-1.2961245095504037,-1.2600942144558833,0.94888916479251,0.7054701852579577,1.1250009247842319,-1.0849914410811181,-1.0865934650343947,-1.4378840525310816,-1.1090598805263847,-0.9171966542898811,0.1273735901836806,-0.17432839518457374,0.8330000436680589,1
-0.47286820690865494,0.7715308156211609,-0.010482457481363327,0.94888916479251,0.06465351667337345,-0.5814666303621717,1.1555612292697195,0.920307393868181,-0.4108240150088804,1.2617017518126419,0.8637677229720243,-1.0775117223646489,-0.0018694549125488533,-0.9501804779455227,0
1.1712420198817939,0.7715308156211609,1.3390982400511182,-1.2740774193934234,1.4919270057935838,-0.9227601413914523,0.19532437054793192,-1.0865934650343947,0.6162360225133209,-0.15289634925152862,-1.8076788429208337,1.3322589027320104,-1.036623096544698,1.7245903044748498,1
-1.2465671371629838,-1.2961245095504037,-1.0601563333399602,0.2079003033971988,-1.3334919420566285,-1.6053471634500138,-0.4981800274178035,0.920307393868181,-0.4108240150088804,-0.6506253107370701,0.8637677229720243,1.3322589027320104,-0.6054757458646359,-0.9501804779455227,1
-0.1827311080632816,0.7715308156211609,0.889238007540291,0.94888916479251,0.4433179117460823,0.10112039169638974,-1.0316449489299078,-1.0865934650343947,1.6432960600355222,-1.0828636193955667,-0.026714465658928405,0.1273735901836806,-0.08809892504856129,-0.05859021713873188,0
-1.4399918697265661,0.7715308156211609,-0.16043586831830572,0.2079003033971988,-1.4063120180321496,1.1250009247842319,0.9955217528160882,0.920307393868181,-0.4108240150088804,0.9080522265465989,0.8637677229720243,-1.0775117223646489,-0.3467873354565986,-0.9501804779455227,1
0.5909678221910473,-1.2961245095504037,-0.11045139803932492,0.94888916479251,0.3268057901852488,-1.264053652420733,-1.5651098704420119,-1.0865934650343947,-1.4378840525310816,-1.3841206223999734,-0.9171966542898811,0.1273735901836806,-0.6917052160006484,0.8330000436680589,0
-0.6662929394722371,0.7715308156211609,-1.609985506408749,-2.0150662807887345,-0.6052911823014192,-0.9227601413914523,1.3156007057233507,0.920307393868181,-0.4108240150088804,1.5236643631208215,0.8637677229720243,-1.0775117223646489,2.06763782835175,-0.05859021713873188,1
1.3646667524453762,0.7715308156211609,-1.4100476252928258,-1.2740774193934234,1.6958232185250424,0.44241390272567044,0.3553638470015632,-1.0865934650343947,1.6432960600355222,0.004281217533379122,-0.026714465658928405,1.3322589027320104,-1.209082036816723,1.7245903044748498,1
-0.9564300383176104,-1.2961245095504037,0.6393156561453871,0.2079003033971988,-1.2169798204957951,-1.264053652420733,-0.8716054724762764,0.920307393868181,0.6162360225133209,-0.9256860526106587,-1.8076788429208337,1.3322589027320104,-0.4330168055926111,-0.9501804779455227,0
0.10740599078209173,0.7715308156211609,-1.0101718630609793,0.94888916479251,0.21029366862441531,-1.6053471634500138,-0.9782984567786973,-1.0865934650343947,-1.4378840525310816,-1.0566673582647486,-0.9171966542898811,0.1273735901836806,-0.26055786532058617,0.8330000436680589,1
-1.6334166022901482,0.7715308156211609,-0.6102961008291329,0.2079003033971988,-1.4645680788125663,0.7837074137549511,0.8888287685136673,0.920307393868181,-0.4108240150088804,0.6591877458038283,0.8637677229720243,-1.0775117223646489,-1.036623096544698,-0.9501804779455227,0
0.8811049210364206,-1.2961245095504037,0.4393777750294639,-0.5330885579981124,0.4724459421362907,0.10112039169638974,-1.458416886139591,-1.0865934650343947,0.6162360225133209,-1.2924337084421105,-1.8076788429208337,0.1273735901836806,0.5155073659035257,-0.05859021713873188,1
-0.3761558406268638,0.7715308156211609,-0.9102029225030177,0.94888916479251,0.5889580636971242,-1.264053652420733,0.462056831303984,0.920307393868181,-0.4108240150088804,0.09596813149124192,0.8637677229720243,-1.0775117223646489,0.25681895549548844,-0.9501804779455227,1
-1.1498547708811926,0.7715308156211609,-1.2101097441769024,0.2079003033971988,-1.30436391166642,1.1250009247842319,-0.6582195038714348,0.920307393868181,1.6432960600355222,-0.742312224694933,-0.026714465658928405,1.3322589027320104,-0.6917052160006484,-0.9501804779455227,0
0.39754308962746504,-1.2961245095504037,1.7389740022829647,-1.2740774193934234,0.9384944283796247,1.4662944358135126,1.2089077214209298,-1.0865934650343947,-0.4108240150088804,1.3795849269013225,0.8637677229720243,-1.0775117223646489,-0.6054757458646359,1.7245903044748498,1
-0.7630053057540283,0.7715308156211609,-1.1101408036189409,0.94888916479251,-0.022730574497251674,0.44241390272567044,-1.2983774096859597,0.920307393868181,-1.4378840525310816,-1.2400411861804745,-0.9171966542898811,0.1273735901836806,0.42927789576751335,-0.9501804779455227,0
-1.3432795034447749,-1.2961245095504037,0.9892069480982527,0.2079003033971988,-1.3771839876419412,-1.6053471634500138,0.7821357842112465,0.920307393868181,-0.4108240150088804,0.4103232650610579,0.8637677229720243,-1.0775117223646489,-0.7779346861366608,0.8330000436680589,1
1.0745296536000029,0.7715308156211609,-0.21042033859728654,-1.2740774193934234,1.288030793062125,0.7837074137549511,0.5687498156064048,-1.0865934650343947,1.6432960600355222,0.7508746597616912,-0.026714465658928405,-1.0775117223646489,-0.9503936264086857,1.7245903044748498,1
-0.47286820690865494,0.7715308156211609,1.3890827103300991,0.94888916479251,0.1229095774537902,0.10112039169638974,-0.7649124881738556,0.920307393868181,0.6162360225133209,-0.8601953997836138,-1.8076788429208337,1.3322589027320104,0.08436001522346359,-0.9501804779455227,0
-0.0860187417814905,-1.2961245095504037,0.38939330475048306,0.94888916479251,0.03552548628316508,1.1250009247842319,-1.1383379332323285,-1.0865934650343947,-1.4378840525310816,-1.1352561416572025,-0.9171966542898811,0.1273735901836806,-0.3467873354565986,0.8330000436680589,1
-1.4399918697265661,0.7715308156211609,0.2894243641925215,0.2079003033971988,-1.4208760332272536,-0.24017311933289098,1.1022147371185091,0.920307393868181,-0.4108240150088804,1.1831129684201878,0.8637677229720243,-1.0775117223646489,-0.5192462757286235,-0.9501804779455227,0
0.6876801884728384,0.7715308156211609,0.9392224778192719,-0.5330885579981124,0.3850618509656656,-0.5814666303621717,0.24867086269914235,-1.0865934650343947,0.6162360225133209,-0.13979821868611966,-1.8076788429208337,1.3322589027320104,0.6879663061755507,-0.05859021713873188,1
-0.8597176720358194,-1.2961245095504037,1.6390050617250032,0.94888916479251,-0.2266267872287103,-0.9227601413914523,-0.5515265195690139,0.920307393868181,-0.4108240150088804,-0.676821571867888,0.8637677229720243,1.3322589027320104,-0.08809892504856129,-0.9501804779455227,1
1.8482285838543318,0.7715308156211609,1.189144829214176,-1.2740774193934234,2.016231552817335,-0.5814666303621717,-1.0849914410811181,-1.0865934650343947,1.6432960600355222,-1.0959617499609757,-0.026714465658928405,0.1273735901836806,-1.381540977088748,1.7245903044748498,0
-1.0531424045994016,0.7715308156211609,-0.8102339819450561,-2.0150662807887345,-0.8383154254230861,0.44241390272567044,0.9955217528160882,0.920307393868181,-0.4108240150088804,0.8687578348503723,0.8637677229720243,-1.0775117223646489,1.8089494179437124,-0.05859021713873188,1
0.30083072334567396,-1.2961245095504037,-0.5103271602711713,0.94888916479251,0.2394216990146237,1.1250009247842319,-1.6184563625932222,-1.0865934650343947,-1.4378840525310816,-1.3972187529653821,-0.9171966542898811,0.1273735901836806,-0.4330168055926111,0.8330000436680589,0
-1.2465671371629838,0.7715308156211609,1.5890205914460223,0.2079003033971988,-1.3626199724468369,0.7837074137549511,1.3156007057233507,0.920307393868181,-0.4108240150088804,1.4843699714245946,0.8637677229720243,-1.0775117223646489,-0.6054757458646359,-0.9501804779455227,1
0.9778172873182117,0.7715308156211609,0.7392845967033487,-1.2740774193934234,1.1715186715012917,0.44241390272567044,0.3553638470015632,-1.0865934650343947,1.6432960600355222,0.030477478664197,-0.026714465658928405,1.3322589027320104,-0.8641641562726733,1.7245903044748498,1
-0.5695805731904461,-1.2961245095504037,1.7889584725619454,0.94888916479251,-0.08098663527766842,1.4662944358135126,-0.818258980325066,0.920307393868181,0.6162360225133209,-0.9125879220452499,-1.8076788429208337,1.3322589027320104,-0.0018694549125488533,-0.9501804779455227,0
-0.2794434743450727,0.7715308156211609,0.3394088344715023,0.94888916479251,0.7637262460383745,0.10112039169638974,-0.9782984567786973,-1.0865934650343947,-1.4378840525310816,-1.0697654888301575,-0.9171966542898811,0.1273735901836806,0.3430484256315009,-0.05859021713873188,1
-1.5367042360083571,0.7715308156211609,-0.7602495116660754,0.2079003033971988,-1.450004063617462,-1.6053471634500138,0.8888287685136673,0.920307393868181,-0.4108240150088804,0.6853840069346463,0.8637677229720243,-1.0775117223646489,-0.9503936264086857,-0.9501804779455227,0
0.7843925547546295,-1.2961245095504037,1.5390361211670416,-0.5330885579981124,0.3559338205754572,1.4662944358135126,-1.5117633782908015,-1.0865934650343947,0.6162360225133209,-1.3055318390075195,-1.8076788429208337,0.1273735901836806,0.6017368360395382,-0.05859021713873188,1
-0.6662929394722371,0.7715308156211609,-0.4603426899921905,0.94888916479251,0.15203760784399858,1.4662944358135126,0.5154033234551945,0.920307393868181,-0.4108240150088804,0.12216439262206004,0.8637677229720243,-1.0775117223646489,0.5155073659035257,-0.9501804779455227,1
-1.3432795034447749,-1.2961245095504037,-1.6599699766877298,0.2079003033971988,-1.3917480028370453,-1.264053652420733,-0.6582195038714348,0.920307393868181,1.6432960600355222,-0.7161159635641151,-0.026714465658928405,1.3322589027320104,-0.7779346861366608,0.8330000436680589,0
0.20411835706388284,0.7715308156211609,-1.360063155013845,-1.2740774193934234,0.9967504891600415,0.10112039169638974,1.2089077214209298,-1.0865934650343947,-0.4108240150088804,1.3402905352050956,0.8637677229720243,-1.0775117223646489,-0.3467873354565986,1.7245903044748498,1
-0.9564300383176104,0.7715308156211609,-1.2600942144558833,-2.0150662807887345,-0.6635472430818359,1.1250009247842319,-1.2983774096859597,0.920307393868181,-1.4378840525310816,-1.2531393167458833,-0.9171966542898811,0.1273735901836806,2.2400967686237747,-0.05859021713873188,0
1.4613791187271672,-1.2961245095504037,0.1894554236345599,-1.2740774193934234,1.2297747322817085,-1.6053471634500138,0.7287892920600361,-1.0865934650343947,-0.4108240150088804,0.3841270039302395,0.8637677229720243,-1.0775117223646489,-1.036623096544698,1.7245903044748498,1
-0.3761558406268638,0.7715308156211609,0.889238007540291,0.94888916479251,0.3559338205754572,-1.6053471634500138,0.5687498156064048,0.920307393868181,1.6432960600355222,0.7639727903271003,-0.026714465658928405,-1.0775117223646489,0.17058948535947602,-0.9501804779455227,1
-1.4399918697265661,0.7715308156211609,-0.2604048088762673,0.2079003033971988,-1.4063120180321496,-0.5814666303621717,-0.7115659960226451,0.920307393868181,0.6162360225133209,-0.8470972692182049,-1.8076788429208337,1.3322589027320104,-0.4330168055926111,-0.9501804779455227,0
0.4942554559092562,-1.2961245095504037,-0.11045139803932492,0.94888916479251,0.4141898813558739,0.10112039169638974,-1.191684425383539,-1.0865934650343947,-1.4378840525310816,-1.1483542722226117,-0.9171966542898811,0.1273735901836806,-0.26055786532058617,0.8330000436680589,1
-0.8597176720358194,0.7715308156211609,0.6393156561453871,0.94888916479251,-0.13924269605808517,-0.24017311933289098,1.1022147371185091,0.920307393868181,-0.4108240150088804,1.1438185767239608,0.8637677229720243,-1.0775117223646489,0.25681895549548844,-0.9501804779455227,0
1.1712420198817939,0.7715308156211609,1.2391292994931566,-1.2740774193934234,1.4627989754033754,0.7837074137549511,0.14197787839672152,-1.0865934650343947,0.6162360225133209,-0.17909261038234672,-1.8076788429208337,1.3322589027320104,-0.9503936264086857,1.7245903044748498,1
-1.1498547708811926,0.7715308156211609,0.7892690669823295,0.2079003033971988,-1.3334919420566285,0.10112039169638974,-0.4981800274178035,0.920307393868181,-0.4108240150088804,-0.6113309190408431,0.8637677229720243,1.3322589027320104,-0.6054757458646359,-0.9501804779455227,1
0.10740599078209173,-1.2961245095504037,-1.0601563333399602,0.94888916479251,0.501573972526499,-1.6053471634500138,-1.0316449489299078,-1.0865934650343947,1.6432960600355222,-1.1090598805263847,-0.026714465658928405,0.1273735901836806,-0.26055786532058617,0.8330000436680589,0
-0.47286820690865494,0.7715308156211609,-0.9102029225030177,0.94888916479251,0.3559338205754572,-1.264053652420733,1.0488682449672986,0.920307393868181,-0.4108240150088804,0.9604447488082352,0.8637677229720243,-1.0775117223646489,0.3430484256315009,-0.9501804779455227,1
-1.5367042360083571,0.7715308156211609,-0.7102650413870946,0.2079003033971988,-1.4645680788125663,1.1250009247842319,-1.5651098704420119,0.920307393868181,-1.4378840525310816,-1.3579243612691554,-0.9171966542898811,0.1273735901836806,-1.036623096544698,-0.9501804779455227,0
0.8811049210364206,0.7715308156211609,-1.609985506408749,-1.2740774193934234,1.7249512489152508,-0.9227601413914523,1.368947197874561,-1.0865934650343947,-0.4108240150088804,1.5105662325554123,0.8637677229720243,-1.0775117223646489,-0.4330168055926111,1.7245903044748498,1
-0.7630053057540283,-1.2961245095504037,0.889238007540291,0.94888916479251,-0.022730574497251674,-1.6053471634500138,0.30201735485035275,0.920307393868181,1.6432960600355222,-0.035013174162847924,-0.026714465658928405,1.3322589027320104,-0.0018694549125488533,-0.9501804779455227,1
-0.2794434743450727,0.7715308156211609,-0.4603426899921905,-2.0150662807887345,-0.517907091130794,1.4662944358135126,-0.8716054724762764,0.920307393868181,0.6162360225133209,-0.9518823137414768,-1.8076788429208337,1.3322589027320104,2.153867298487762,-0.05859021713873188,0
0.5909678221910473,-1.2961245095504037,-0.41035821971320974,-0.5330885579981124,0.3268057901852488,0.7837074137549511,-0.9782984567786973,-1.0865934650343947,-1.4378840525310816,-1.0304710971339308,-0.9171966542898811,0.1273735901836806,0.5155073659035257,-0.05859021713873188,1
-1.3432795034447749,0.7715308156211609,-0.16043586831830572,0.2079003033971988,-1.3771839876419412,-0.24017311933289098,0.9421752606648778,0.920307393868181,-0.4108240150088804,0.7770709208925091,0.8637677229720243,-1.0775117223646489,-0.5192462757286235,-0.9501804779455227,0
1.2679543861635851,0.7715308156211609,0.4393777750294639,-1.2740774193934234,1.3754148842327503,0.10112039169638974,-1.4050703939883806,-1.0865934650343947,0.6162360225133209,-1.2793355778767015,-1.8076788429208337,0.1273735901836806,-0.9503936264086857,1.7245903044748498,1
-0.8597176720358194,-1.2961245095504037,-1.2600942144558833,0.94888916479251,0.1229095774537902,1.1250009247842319,0.4087103391527736,0.920307393868181,-0.4108240150088804,0.05667373979501511,0.8637677229720243,-1.0775117223646489,0.17058948535947602,-0.9501804779455227,1
0.010693624500300621,0.7715308156211609,-0.3103892791552481,0.94888916479251,0.4433179117460823,0.7837074137549511,-0.6048730117202243,-1.0865934650343947,1.6432960600355222,-0.7030178329987061,-0.026714465658928405,1.3322589027320104,-0.08809892504856129,0.8330000436680589,0
-1.4399918697265661,0.7715308156211609,0.9892069480982527,0.2079003033971988,-1.4208760332272536,-0.5814666303621717,1.2622542135721402,0.920307393868181,-0.4108240150088804,1.4188793185975497,0.8637677229720243,-1.0775117223646489,-0.7779346861366608,-0.9501804779455227,1
0.39754308962746504,-1.2961245095504037,-0.11045139803932492,0.94888916479251,0.26854972940483207,0.10112039169638974,-1.2450309175347494,-1.0865934650343947,-1.4378840525310816,-1.2138449250496566,-0.9171966542898811,0.1273735901836806,-0.3467873354565986,0.8330000436680589,0
-1.0531424045994016,0.7715308156211609,0.6393156561453871,-2.0150662807887345,-0.7509313342524611,-1.264053652420733,0.835482276362457,0.920307393868181,-0.4108240150088804,0.44961765675728443,0.8637677229720243,-1.0775117223646489,1.895178888079725,-0.05859021713873188,1
1.0745296536000029,0.7715308156211609,1.3390982400511182,-1.2740774193934234,1.2006467018915001,-0.9227601413914523,0.6220963077576153,-1.0865934650343947,1.6432960600355222,0.7901690514579183,-0.026714465658928405,-1.0775117223646489,-0.6917052160006484,1.7245903044748498,1
-0.6662929394722371,-1.2961245095504037,-0.010482457481363327,0.94888916479251,0.03552548628316508,-0.5814666303621717,-0.818258980325066,0.920307393868181,0.6162360225133209,-0.8994897914798409,-1.8076788429208337,1.3322589027320104,-0.08809892504856129,-0.9501804779455227,0
-1.2465671371629838,0.7715308156211609,0.7392845967033487,0.2079003033971988,-1.3480559572517328,0.44241390272567044,-1.0849914410811181,0.920307393868181,-1.4378840525310816,-1.1221580110917935,-0.9171966542898811,0.1273735901836806,-0.6054757458646359,-0.9501804779455227,1
0.7843925547546295,-1.2961245095504037,0.38939330475048306,-0.5330885579981124,0.4141898813558739,1.1250009247842319,1.1555612292697195,-1.0865934650343947,-0.4108240150088804,1.2486036212472327,0.8637677229720243,-1.0775117223646489,0.6879663061755507,-0.05859021713873188,0
-0.3761558406268638,0.7715308156211609,0.3394088344715023,0.94888916479251,0.7054701852579577,0.10112039169638974,0.19532437054793192,-1.0865934650343947,0.6162360225133209,-0.15289634925152862,-1.8076788429208337,1.3322589027320104,0.42927789576751335,-0.05859021713873188,1
-1.6334166022901482,0.7715308156211609,-0.6102961008291329,0.2079003033971988,-1.450004063617462,0.7837074137549511,-0.4981800274178035,0.920307393868181,-0.4108240150088804,-0.6375271801716612,0.8637677229720243,1.3322589027320104,-0.9503936264086857,-0.9501804779455227,1
0.20411835706388284,-1.2961245095504037,1.7889584725619454,0.94888916479251,0.21029366862441531,1.4662944358135126,-1.0316449489299078,-1.0865934650343947,1.6432960600355222,-1.0828636193955667,-0.026714465658928405,0.1273735901836806,-0.4330168055926111,0.8330000436680589,0
-0.5695805731904461,0.7715308156211609,-1.1101408036189409,0.94888916479251,0.29767775979504046,0.44241390272567044,0.9955217528160882,0.920307393868181,-0.4108240150088804,0.9211503571120081,0.8637677229720243,-1.0775117223646489,0.25681895549548844,-0.9501804779455227,1
1.4613791187271672,0.7715308156211609,1.5890205914460223,-1.2740774193934234,1.579311096964209,0.7837074137549511,-1.5651098704420119,-1.0865934650343947,-1.4378840525310816,-1.3710224918345644,-0.9171966542898811,0.1273735901836806,-1.209082036816723,1.7245903044748498,0
-0.9564300383176104,-1.2961245095504037,-1.2101097441769024,0.2079003033971988,-1.2461078508860035,-1.6053471634500138,1.3156007057233507,0.920307393868181,-0.4108240150088804,1.5367624936862303,0.8637677229720243,-1.0775117223646489,-0.3467873354565986,-0.9501804779455227,1
-0.0860187417814905,0.7715308156211609,-0.4603426899921905,0.94888916479251,0.5598300333069158,1.4662944358135126,0.3553638470015632,-1.0865934650343947,1.6432960600355222,0.01737934809878806,-0.026714465658928405,1.3322589027320104,0.17058948535947602,-0.05859021713873188,1
-1.3432795034447749,0.7715308156211609,-0.8602184522240369,0.2079003033971988,-1.3917480028370453,-0.5814666303621717,-0.8716054724762764,0.920307393868181,0.6162360225133209,-0.9256860526106587,-1.8076788429208337,1.3322589027320104,-0.6917052160006484,-0.9501804779455227,0
0.9778172873182117,-1.2961245095504037,-1.0101718630609793,-1.2740774193934234,1.0841345803306666,-1.6053471634500138,-0.9782984567786973,-1.0865934650343947,-1.4378840525310816,-1.0566673582647486,-0.9171966542898811,0.1273735901836806,-0.8641641562726733,1.7245903044748498,1
-0.7630053057540283,0.7715308156211609,-1.2600942144558833,-2.0150662807887345,-0.6344192126916276,1.1250009247842319,0.8888287685136673,0.920307393868181,-0.4108240150088804,0.6722858763692375,0.8637677229720243,-1.0775117223646489,2.06763782835175,-0.05859021713873188,0
0.4942554559092562,0.7715308156211609,0.08948648307659827,0.94888916479251,0.4724459421362907,-0.24017311933289098,-1.458416886139591,-1.0865934650343947,0.6162360225133209,-1.2924337084421105,-1.8076788429208337,0.1273735901836806,-0.17432839518457374,0.8330000436680589,1
-1.1498547708811926,-1.2961245095504037,0.9392224778192719,0.2079003033971988,-1.30436391166642,-1.264053652420733,0.462056831303984,0.920307393868181,-0.4108240150088804,0.1090662620566511,0.8637677229720243,-1.0775117223646489,-0.4330168055926111,-0.9501804779455227,1
1.1712420198817939,0.7715308156211609,0.5893311858664063,-0.5330885579981124,0.3559338205754572,1.4662944358135126,-0.6582195038714348,-1.0865934650343947,1.6432960600355222,-0.729214094129524,-0.026714465658928405,1.3322589027320104,0.6017368360395382,-0.05859021713873188,0
-0.47286820690865494,0.7715308156211609,0.889238007540291,0.94888916479251,0.21029366862441531,-1.6053471634500138,1.2089077214209298,0.920307393868181,-0.4108240150088804,1.3664867963359133,0.8637677229720243,-1.0775117223646489,0.08436001522346359,-0.9501804779455227,1
-1.5367042360083571,0.7715308156211609,-1.6599699766877298,0.2079003033971988,-1.435440048422358,0.10112039169638974,-1.2983774096859597,0.920307393868181,-1.4378840525310816,-1.2400411861804745,-0.9171966542898811,0.1273735901836806,-0.8641641562726733,-0.9501804779455227,0
0.30083072334567396,-1.2961245095504037,1.4390671806090798,0.94888916479251,0.29767775979504046,0.10112039169638974,0.7821357842112465,-1.0865934650343947,-0.4108240150088804,0.39722513449564867,0.8637677229720243,-1.0775117223646489,-0.3467873354565986,0.8330000436680589,1
-0.8597176720358194,0.7715308156211609,-0.8102339819450561,0.94888916479251,-0.1101146656678768,0.44241390272567044,0.5687498156064048,0.920307393868181,1.6432960600355222,0.7508746597616912,-0.026714465658928405,-1.0775117223646489,0.3430484256315009,-0.9501804779455227,1
1.6548038512907495,0.7715308156211609,-1.360063155013845,-1.2740774193934234,1.812335340085876,-1.6053471634500138,-0.7649124881738556,-1.0865934650343947,0.6162360225133209,-0.8601953997836138,-1.8076788429208337,1.3322589027320104,-1.381540977088748,1.7245903044748498,0
-1.2465671371629838,-1.2961245095504037,-0.36037374943422895,0.2079003033971988,-1.3626199724468369,0.7837074137549511,-1.1383379332323285,0.920307393868181,-1.4378840525310816,-1.1352561416572025,-0.9171966542898811,0.1273735901836806,-0.6054757458646359,-0.9501804779455227,1
-0.1827311080632816,0.7715308156211609,-0.9102029225030177,0.94888916479251,0.6472141244775409,-1.264053652420733,1.1022147371185091,-1.0865934650343947,-0.4108240150088804,1.15691670728937,0.8637677229720243,-1.0775117223646489,0.25681895549548844,-0.05859021713873188,0
0.8811049210364206,-1.2961245095504037,1.0891758886562142,-0.5330885579981124,0.3850618509656656,-1.6053471634500138,0.24867086269914235,-1.0865934650343947,0.6162360225133209,-0.13979821868611966,-1.8076788429208337,1.3322589027320104,0.42927789576751335,-0.05859021713873188,1
-1.0531424045994016,0.7715308156211609,-1.609985506408749,0.2079003033971988,-1.2169798204957951,-0.9227601413914523,-0.5515265195690139,0.920307393868181,-0.4108240150088804,-0.6637234413024791,0.8637677229720243,1.3322589027320104,-0.17432839518457374,-0.9501804779455227,1
0.5909678221910473,0.7715308156211609,0.2894243641925215,-1.2740774193934234,0.8802383675992079,-0.24017311933289098,-1.0849914410811181,-1.0865934650343947,1.6432960600355222,-1.0959617499609757,-0.026714465658928405,0.1273735901836806,-0.7779346861366608,1.7245903044748498,0
-0.5695805731904461,-1.2961245095504037,0.3394088344715023,0.94888916479251,0.4433179117460823,0.10112039169638974,0.9955217528160882,0.920307393868181,-0.4108240150088804,0.881855965415781,0.8637677229720243,-1.0775117223646489,0.17058948535947602,-0.9501804779455227,1
-1.4399918697265661,0.7715308156211609,1.189144829214176,0.2079003033971988,-1.4063120180321496,-0.5814666303621717,-1.6184563625932222,0.920307393868181,-1.4378840525310816,-1.3972187529653821,-0.9171966542898811,0.1273735901836806,-0.7779346861366608,-0.9501804779455227,0
0.10740599078209173,0.7715308156211609,1.6390050617250032,0.94888916479251,0.2394216990146237,-0.9227601413914523,1.3156007057233507,-1.0865934650343947,-0.4108240150088804,1.4974681019900034,0.8637677229720243,-1.0775117223646489,-0.26055786532058617,0.8330000436680589,1
1.2679543861635851,-1.2961245095504037,1.4890516508880607,-1.2740774193934234,1.2006467018915001,1.4662944358135126,0.3553638470015632,-1.0865934650343947,1.6432960600355222,0.030477478664197,-0.026714465658928405,1.3322589027320104,-0.9503936264086857,1.7245903044748498,1
-0.7630053057540283,0.7715308156211609,0.6393156561453871,-2.0150662807887345,-0.6052911823014192,-1.264053652420733,-0.818258980325066,0.920307393868181,0.6162360225133209,-0.9125879220452499,-1.8076788429208337,1.3322589027320104,2.153867298487762,-0.05859021713873188,0
0.39754308962746504,0.7715308156211609,-0.11045139803932492,0.94888916479251,0.3559338205754572,0.10112039169638974,-0.9782984567786973,-1.0865934650343947,-1.4378840525310816,-1.0697654888301575,-0.9171966542898811,0.1273735901836806,-0.17432839518457374,0.8330000436680589,1
-1.3432795034447749,-1.2961245095504037,1.8389429428409263,0.2079003033971988,-1.3771839876419412,1.4662944358135126,0.8888287685136673,0.920307393868181,-0.4108240150088804,0.6984821375000554,0.8637677229720243,-1.0775117223646489,-0.5192462757286235,-0.9501804779455227,0
1.0745296536000029,0.7715308156211609,-1.5100165658507874,-0.5330885579981124,0.4433179117460823,0.7837074137549511,-1.5117633782908015,-1.0865934650343947,0.6162360225133209,-1.3055318390075195,-1.8076788429208337,0.1273735901836806,0.6879663061755507,-0.05859021713873188,1
-0.6662929394722371,0.7715308156211609,-1.0601563333399602,0.94888916479251,0.15203760784399858,-1.6053471634500138,0.4087103391527736,0.920307393868181,-0.4108240150088804,0.6067952235421926,0.8637677229720243,-1.0775117223646489,0.25681895549548844,-0.9501804779455227,1
-1.4399918697265661,-1.2961245095504037,0.7892690669823295,0.2079003033971988,-1.4063120180321496,0.10112039169638974,-0.7649124881738556,0.920307393868181,1.6432960600355222,-0.768508485825751,-0.026714465658928405,1.3322589027320104,-0.8641641562726733,-0.9501804779455227,0
0.5909678221910473,0.7715308156211609,1.3390982400511182,-1.2740774193934234,1.1715186715012917,-0.9227601413914523,1.0488682449672986,-1.0865934650343947,-0.4108240150088804,1.012837271069871,0.8637677229720243,-1.0775117223646489,-0.6054757458646359,1.7245903044748498,1
-0.9564300383176104,0.7715308156211609,-0.4603426899921905,-2.0150662807887345,-0.6635472430818359,1.4662944358135126,-1.4050703939883806,0.920307393868181,-1.4378840525310816,-1.2531393167458833,-0.9171966542898811,0.1273735901836806,2.2400967686237747,-0.05859021713873188,0
1.0745296536000029,-1.2961245095504037,-0.41035821971320974,-0.5330885579981124,0.4433179117460823,0.7837074137549511,1.2622542135721402,-1.0865934650343947,-0.4108240150088804,1.3795849269013225,0.8637677229720243,-1.0775117223646489,0.6017368360395382,-0.05859021713873188,1
-0.5695805731904461,0.7715308156211609,-0.9102029225030177,0.94888916479251,0.4141898813558739,-1.264053652420733,-0.5515265195690139,0.920307393868181,1.6432960600355222,-0.5458402662137981,-0.026714465658928405,1.3322589027320104,0.42927789576751335,-0.9501804779455227,1
-1.5367042360083571,0.7715308156211609,-0.6102961008291329,0.2079003033971988,-1.450004063617462,1.1250009247842319,0.6220963077576153,0.920307393868181,0.6162360225133209,0.7901690514579183,-1.8076788429208337,-1.0775117223646489,-0.9503936264086857,-0.9501804779455227,0
-0.0860187417814905,-1.2961245095504037,0.889238007540291,0.94888916479251,0.5598300333069158,-1.6053471634500138,-0.6048730117202243,-1.0865934650343947,-1.4378840525310816,-0.78160661639116,-0.9171966542898811,0.1273735901836806,-0.17432839518457374,0.8330000436680589,1
-0.7630053057540283,0.7715308156211609,-1.2600942144558833,0.94888916479251,0.06465351667337345,1.1250009247842319,0.7821357842112465,0.920307393868181,-0.4108240150088804,0.5936970929767834,0.8637677229720243,-1.0775117223646489,0.3430484256315009,-0.9501804779455227,0
1.4613791187271672,0.7715308156211609,0.039502012797617475,-1.2740774193934234,1.4919270057935838,0.7837074137549511,-1.6718028547444328,-1.0865934650343947,0.6162360225133209,-1.4234150140962003,-1.8076788429208337,0.1273735901836806,-1.036623096544698,1.7245903044748498,1
-1.2465671371629838,-1.2961245095504037,-0.010482457481363327,0.2079003033971988,-1.30436391166642,-0.5814666303621717,0.19532437054793192,0.920307393868181,-0.4108240150088804,0.33173448166860375,0.8637677229720243,-1.0775117223646489,-0.6054757458646359,-0.9501804779455227,1
0.30083072334567396,0.7715308156211609,0.6393156561453871,0.94888916479251,0.7345982156481661,-0.24017311933289098,-0.818258980325066,-1.0865934650343947,1.6432960600355222,-0.9256860526106587,-0.026714465658928405,1.3322589027320104,-0.0018694549125488533,-0.05859021713873188,0
-1.3432795034447749,0.7715308156211609,0.9892069480982527,0.2079003033971988,-1.3917480028370453,-1.6053471634500138,1.1555612292697195,0.920307393868181,-0.4108240150088804,1.1700148378547786,0.8637677229720243,-1.0775117223646489,-0.6917052160006484,-0.9501804779455227,1
0.8811049210364206,-1.2961245095504037,1.7889584725619454,-1.2740774193934234,0.9967504891600415,1.4662944358135126,-1.2450309175347494,-1.0865934650343947,-1.4378840525310816,-1.2007467944842474,-0.9171966542898811,0.1273735901836806,-0.7779346861366608,1.7245903044748498,0
-0.8597176720358194,0.7715308156211609,0.3394088344715023,-2.0150662807887345,-0.5761631519112108,0.10112039169638974,1.368947197874561,0.920307393868181,-0.4108240150088804,1.5236643631208215,0.8637677229720243,-1.0775117223646489,2.06763782835175,-0.05859021713873188,1
0.20411835706388284,-1.2961245095504037,-0.3103892791552481,0.94888916479251,0.2394216990146237,0.7837074137549511,0.5154033234551945,-1.0865934650343947,1.6432960600355222,-0.3231720466018455,-0.026714465658928405,1.3322589027320104,-0.3467873354565986,0.8330000436680589,1
-1.1498547708811926,0.7715308156211609,-0.16043586831830572,0.2079003033971988,-1.3334919420566285,-0.24017311933289098,-0.6582195038714348,0.920307393868181,0.6162360225133209,-0.6637234413024791,-1.8076788429208337,1.3322589027320104,-0.4330168055926111,-0.9501804779455227,0
1.2679543861635851,0.7715308156211609,-1.4100476252928258,-0.5330885579981124,0.3850618509656656,0.44241390272567044,-1.1383379332323285,-1.0865934650343947,-1.4378840525310816,-1.1352561416572025,-0.9171966542898811,0.1273735901836806,0.6879663061755507,-0.05859021713873188,1
-0.47286820690865494,-1.2961245095504037,-1.609985506408749,0.94888916479251,0.3268057901852488,-0.9227601413914523,0.9955217528160882,0.920307393868181,-0.4108240150088804,0.8294634431541453,0.8637677229720243,-1.0775117223646489,0.08436001522346359,-0.9501804779455227,0
-1.6334166022901482,0.7715308156211609,-1.4600320955718065,0.2079003033971988,-1.4791320940076704,1.1250009247842319,-1.5651098704420119,0.920307393868181,0.6162360225133209,-1.3448262307037464,-1.8076788429208337,0.1273735901836806,-1.1228525666807105,-0.9501804779455227,1
-0.1827311080632816,0.7715308156211609,-0.4603426899921905,0.94888916479251,0.6180860940873326,1.4662944358135126,0.24867086269914235,-1.0865934650343947,-0.4108240150088804,-0.17909261038234672,0.8637677229720243,1.3322589027320104,0.25681895549548844,-0.05859021713873188,1
0.6876801884728384,-1.2961245095504037,-1.0101718630609793,-0.5330885579981124,0.3559338205754572,-1.6053471634500138,-0.3914870431153827,-1.0865934650343947,1.6432960600355222,-0.5327421356483892,-0.026714465658928405,1.3322589027320104,0.5155073659035257,-0.05859021713873188,0
-1.0531424045994016,0.7715308156211609,-1.2101097441769024,0.2079003033971988,-1.275235881276212,0.10112039169638974,1.4222936900257714,0.920307393868181,-0.4108240150088804,1.5498606242516395,0.8637677229720243,-1.0775117223646489,-0.3467873354565986,-0.9501804779455227,1
0.39754308962746504,0.7715308156211609,1.6390050617250032,-1.2740774193934234,0.9093663979894163,-0.9227601413914523,-1.2983774096859597,-1.0865934650343947,-1.4378840525310816,-1.2662374473112923,-0.9171966542898811,0.1273735901836806,-0.5192462757286235,1.7245903044748498,0
-0.6662929394722371,-1.2961245095504037,-1.1101408036189409,0.94888916479251,0.1229095774537902,0.44241390272567044,0.835482276362457,0.920307393868181,-0.4108240150088804,0.4889120484535115,0.8637677229720243,-1.0775117223646489,0.17058948535947602,-0.9501804779455227,1
-1.4399918697265661,0.7715308156211609,-0.8602184522240369,0.2079003033971988,-1.4063120180321496,-0.5814666303621717,0.5687498156064048,0.920307393868181,1.6432960600355222,0.6460896152384192,-0.026714465658928405,-1.0775117223646489,-0.7779346861366608,-0.9501804779455227,1
0.9778172873182117,-1.2961245095504037,0.4393777750294639,-1.2740774193934234,1.1423906411110833,0.10112039169638974,-0.7115659960226451,-1.0865934650343947,0.6162360225133209,-0.833999138652796,-1.8076788429208337,1.3322589027320104,-0.8641641562726733,1.7245903044748498,0
-0.3761558406268638,0.7715308156211609,0.889238007540291,0.94888916479251,0.4724459421362907,-1.6053471634500138,-1.3517239018371703,0.920307393868181,-1.4378840525310816,-1.2924337084421105,-0.9171966542898811,0.1273735901836806,0.3430484256315009,-0.05859021713873188,1
-1.2465671371629838,-1.2961245095504037,0.2894243641925215,0.2079003033971988,-1.3771839876419412,-1.264053652420733,1.2089077214209298,0.920307393868181,-0.4108240150088804,1.222407360116415,0.8637677229720243,-1.0775117223646489,-0.6054757458646359,-0.9501804779455227,0
1.1712420198817939,0.7715308156211609,0.1894554236345599,-0.5330885579981124,0.4141898813558739,1.4662944358135126,0.08863138624551109,-1.0865934650343947,0.6162360225133209,-0.07430756585907475,-1.8076788429208337,1.3322589027320104,0.6017368360395382,-0.05859021713873188,1
-0.5695805731904461,0.7715308156211609,-1.2600942144558833,0.94888916479251,0.29767775979504046,1.1250009247842319,-0.6048730117202243,0.920307393868181,-0.4108240150088804,-0.6375271801716612,0.8637677229720243,1.3322589027320104,0.5155073659035257,-0.9501804779455227,1
0.4942554559092562,-1.2961245095504037,-0.11045139803932492,0.94888916479251,0.26854972940483207,0.10112039169638974,-1.191684425383539,-1.0865934650343947,1.6432960600355222,-1.1090598805263847,-0.026714465658928405,0.1273735901836806,-0.26055786532058617,0.8330000436680589,0
-1.3432795034447749,0.7715308156211609,0.7392845967033487,0.2079003033971988,-1.3626199724468369,0.44241390272567044,1.1022147371185091,0.920307393868181,-0.4108240150088804,0.9604447488082352,0.8637677229720243,-1.0775117223646489,-0.6917052160006484,-0.9501804779455227,1
0.7843925547546295,0.7715308156211609,0.9392224778192719,-1.2740774193934234,1.0550065499404582,-1.264053652420733,-1.6184563625932222,-1.0865934650343947,-1.4378840525310816,-1.3710224918345644,-0.9171966542898811,0.1273735901836806,-0.7779346861366608,1.7245903044748498,0
-0.8597176720358194,-1.2961245095504037,0.3394088344715023,0.94888916479251,0.0063974558929567014,0.10112039169638974,1.3156007057233507,0.920307393868181,-0.4108240150088804,1.4581737102937766,0.8637677229720243,-1.0775117223646489,-0.0018694549125488533,-0.9501804779455227,1
0.10740599078209173,0.7715308156211609,0.08948648307659827,0.94888916479251,0.5598300333069158,-0.24017311933289098,0.3553638470015632,-1.0865934650343947,1.6432960600355222,0.174556914883696,-0.026714465658928405,-1.0775117223646489,-0.08809892504856129,-0.05859021713873188,1
-1.5367042360083571,0.7715308156211609,1.189144829214176,0.2079003033971988,-1.435440048422358,-0.5814666303621717,-0.7649124881738556,0.920307393868181,0.6162360225133209,-0.8863916609144319,-1.8076788429208337,1.3322589027320104,-0.9503936264086857,-0.9501804779455227,0
0.5909678221910473,-1.2961245095504037,1.8389429428409263,-0.5330885579981124,0.3268057901852488,1.4662944358135126,-1.0849914410811181,-1.0865934650343947,-1.4378840525310816,-1.0697654888301575,-0.9171966542898811,0.1273735901836806,0.42927789576751335,-0.05859021713873188,1
-0.9564300383176104,0.7715308156211609,-0.8102339819450561,-2.0150662807887345,-0.6926752734720443,0.44241390272567044,0.8888287685136673,0.920307393868181,-0.4108240150088804,0.7377765291962824,0.8637677229720243,-1.0775117223646489,1.9814083582157374,-0.05859021713873188,0
1.3646667524453762,0.7715308156211609,-0.21042033859728654,-1.2740774193934234,1.5210550361837922,0.7837074137549511,-1.458416886139591,-1.0865934650343947,0.6162360225133209,-1.3055318390075195,-1.8076788429208337,0.1273735901836806,-1.036623096544698,1.7245903044748498,1
-0.7630053057540283,-1.2961245095504037,1.3890827103300991,0.94888916479251,0.15203760784399858,0.10112039169638974,0.462056831303984,0.920307393868181,-0.4108240150088804,0.08287000092583299,0.8637677229720243,1.3322589027320104,0.17058948535947602,-0.9501804779455227,1
0.30083072334567396,0.7715308156211609,1.7389740022829647,0.94888916479251,0.21029366862441531,1.4662944358135126,-0.5515265195690139,-1.0865934650343947,1.6432960600355222,-0.7161159635641151,-0.026714465658928405,1.3322589027320104,-0.3467873354565986,0.8330000436680589,0
-1.4399918697265661,0.7715308156211609,-0.7602495116660754,0.2079003033971988,-1.4208760332272536,-1.6053471634500138,1.2622542135721402,0.920307393868181,-0.4108240150088804,1.3926830574667317,0.8637677229720243,-1.0775117223646489,-0.7779346861366608,-0.9501804779455227,1
1.0745296536000029,-1.2961245095504037,1.0891758886562142,-1.2740774193934234,1.113262610720875,-1.6053471634500138,-1.2450309175347494,-1.0865934650343947,-1.4378840525310816,-1.2269430556150656,-0.9171966542898811,0.1273735901836806,-0.8641641562726733,1.7245903044748498,0
-0.47286820690865494,0.7715308156211609,-0.9102029225030177,0.94888916479251,0.4433179117460823,-1.264053652420733,0.7287892920600361,0.920307393868181,-0.4108240150088804,0.4234213956264666,0.8637677229720243,-1.0775117223646489,0.3430484256315009,-0.05859021713873188,1
-1.1498547708811926,-1.2961245095504037,1.5890205914460223,0.2079003033971988,-1.3189279268615244,0.7837074137549511,0.6220963077576153,0.920307393868181,1.6432960600355222,0.7639727903271003,-0.026714465658928405,-1.0775117223646489,-0.4330168055926111,-0.9501804779455227,1
0.010693624500300621,0.7715308156211609,0.6393156561453871,0.94888916479251,0.6472141244775409,-0.24017311933289098,-0.7649124881738556,-1.0865934650343947,0.6162360225133209,-0.8601953997836138,-1.8076788429208337,1.3322589027320104,-0.0018694549125488533,-0.05859021713873188,0
-1.3432795034447749,0.7715308156211609,-0.2604048088762673,0.2079003033971988,-1.3917480028370453,-0.5814666303621717,-1.191684425383539,0.920307393868181,-1.4378840525310816,-1.1614524027880206,-0.9171966542898811,0.1273735901836806,-0.6917052160006484,-0.9501804779455227,1
0.8811049210364206,-1.2961245095504037,1.5390361211670416,-0.5330885579981124,0.3850618509656656,1.4662944358135126,1.1555612292697195,-1.0865934650343947,-0.4108240150088804,1.1700148378547786,0.8637677229720243,-1.0775117223646489,0.5155073659035257,-0.05859021713873188,0
-0.6662929394722371,0.7715308156211609,-1.609985506408749,-2.0150662807887345,-0.6052911823014192,-0.9227601413914523,0.14197787839672152,0.920307393868181,0.6162360225133209,-0.15289634925152862,-1.8076788429208337,1.3322589027320104,2.153867298487762,-0.05859021713873188,1
-1.1498547708811926,0.7715308156211609,-0.11045139803932492,0.2079003033971988,-1.3811453997750094,0.10112039169638974,-0.4448335352665931,-1.0865934650343947,-0.4108240150088804,-0.5851346579100252,0.8637677229720243,1.3322589027320104,-1.5229573081118084,-0.9501804779455227,1
-1.3432795034447749,-1.2961245095504037,-1.0101718630609793,0.2079003033971988,-1.3996125710424017,1.1250009247842319,-1.0316449489299078,0.920307393868181,1.6432960600355222,-1.0828636193955667,-0.026714465658928405,0.1273735901836806,-0.9150395436529206,-0.9501804779455227,0
0.010693624500300621,0.7715308156211609,1.7889584725619454,0.94888916479251,-0.2189078591753051,0.7837074137549511,1.0488682449672986,0.920307393868181,-0.4108240150088804,0.986641009939053,0.8637677229720243,-1.0775117223646489,-1.1306132189929516,-0.9501804779455227,1
-0.8597176720358194,0.7715308156211609,-0.41035821971320974,0.94888916479251,-0.051945988978630675,0.44241390272567044,-1.5651098704420119,0.920307393868181,-1.4378840525310816,-1.3317281001383372,-0.9171966542898811,0.1273735901836806,-1.5807310531029366,0.8330000436680589,0
-0.8597176720358194,0.7715308156211609,-1.2600942144558833,0.94888916479251,-0.3678394785604405,1.4662944358135126,1.368947197874561,-1.0865934650343947,-0.4108240150088804,1.5367624936862303,0.8637677229720243,-1.0775117223646489,-0.5606364213939095,-0.05859021713873188,1
0.4942554559092562,0.7715308156211609,0.08948648307659827,-1.2740774193934234,-0.11194973158245992,0.10112039169638974,0.30201735485035275,-1.0865934650343947,1.6432960600355222,-0.008816913032029817,-0.026714465658928405,1.3322589027320104,-1.8420063476150543,0.8330000436680589,1
0.30083072334567396,-1.2961245095504037,1.6390050617250032,0.94888916479251,-0.7031904924429095,-1.264053652420733,-0.8716054724762764,-1.0865934650343947,0.6162360225133209,-0.9387841831760678,-1.8076788429208337,1.3322589027320104,-1.847180115823215,1.7245903044748498,0
0.10740599078209173,-1.2961245095504037,0.08948648307659827,0.94888916479251,-0.45819462883086687,-0.24017311933289098,-0.9782984567786973,0.920307393868181,-1.4378840525310816,-1.0566673582647486,-0.9171966542898811,0.1273735901836806,-0.4709577724524565,0.8330000436680589,1
-0.0860187417814905,0.7715308156211609,-1.609985506408749,-2.0150662807887345,-0.28010585102513286,1.4662944358135126,0.9421752606648778,0.920307393868181,-0.4108240150088804,0.7508746597616912,0.8637677229720243,-1.0775117223646489,0.11626491917378819,-0.9501804779455227,0
0.30083072334567396,0.7715308156211609,-1.2101097441769024,-1.2740774193934234,-0.510625083533242,1.4662944358135126,-1.4050703939883806,0.920307393868181,0.6162360225133209,-1.2793355778767015,-1.8076788429208337,0.1273735901836806,-1.0495575170651,1.7245903044748498,1
0.20411835706388284,0.7715308156211609,-1.6599699766877298,0.2079003033971988,-1.3841455869052008,1.1250009247842319,0.4087103391527736,-1.0865934650343947,-0.4108240150088804,0.12216439262206004,0.8637677229720243,-1.0775117223646489,-0.8934821761189174,1.7245903044748498,1
0.39754308962746504,0.7715308156211609,-1.0101718630609793,0.94888916479251,-0.4832738629968363,0.7837074137549511,-0.6048730117202243,-1.0865934650343947,1.6432960600355222,-0.6899197024332971,-0.026714465658928405,1.3322589027320104,-0.8969313549243579,1.7245903044748498,0
-1.0531424045994016,0.7715308156211609,-1.1101408036189409,0.2079003033971988,-1.496958448606478,-0.24017311933289098,1.3156007057233507,0.920307393868181,-0.4108240150088804,1.4319774491629582,0.8637677229720243,-1.0775117223646489,-1.0392099806487785,1.7245903044748498,1
1.6548038512907495,0.7715308156211609,1.6390050617250032,-1.2740774193934234,-0.8852406823817118,-1.6053471634500138,-1.2450309175347494,-1.0865934650343947,-1.4378840525310816,-1.2138449250496566,-0.9171966542898811,0.1273735901836806,-1.4487999637948377,1.7245903044748498,0
-0.2794434743450727,-1.2961245095504037,1.3390982400511182,-1.2740774193934234,0.6295916660914649,-1.6053471634500138,0.7821357842112465,-1.0865934650343947,-0.4108240150088804,0.44961765675728443,0.8637677229720243,-1.0775117223646489,-0.42611844798173004,0.8330000436680589,1
0.30083072334567396,0.7715308156211609,0.4393777750294639,-1.2740774193934234,-1.0354830631344067,1.4662944358135126,0.6754427999088257,-1.0865934650343947,1.6432960600355222,0.8163653125887361,-0.026714465658928405,-1.0775117223646489,-1.6540261027185472,1.7245903044748498,1
-1.6334166022901482,0.7715308156211609,0.2894243641925215,0.2079003033971988,-1.422332434746764,-0.24017311933289098,-0.818258980325066,0.920307393868181,0.6162360225133209,-0.8994897914798409,-1.8076788429208337,1.3322589027320104,-1.6540261027185472,0.8330000436680589,0
0.7843925547546295,0.7715308156211609,-0.9601873927819985,-0.5330885579981124,-0.6465364733339543,-1.264053652420733,-1.0849914410811181,-1.0865934650343947,-1.4378840525310816,-1.1221580110917935,-0.9171966542898811,0.1273735901836806,-1.9109899237238643,1.7245903044748498,1
0.6876801884728384,0.7715308156211609,-1.0101718630609793,-1.2740774193934234,-0.2325689054283128,0.44241390272567044,1.1555612292697195,-1.0865934650343947,-0.4108240150088804,1.2747998823780506,0.8637677229720243,-1.0775117223646489,-2.123114420258455,1.7245903044748498,0
-0.1827311080632816,0.7715308156211609,-1.2600942144558833,0.94888916479251,-0.725065643265956,0.7837074137549511,0.19532437054793192,0.920307393868181,0.6162360225133209,-0.13979821868611966,-1.8076788429208337,1.3322589027320104,-1.547963854451252,-0.9501804779455227,1
0.20411835706388284,-1.2961245095504037,-0.9102029225030177,-1.2740774193934234,1.3440731235328862,1.4662944358135126,-0.4981800274178035,-1.0865934650343947,-0.4108240150088804,-0.6244290496062522,0.8637677229720243,1.3322589027320104,-0.6503150703353624,-0.9501804779455227,1
-1.6334166022901482,0.7715308156211609,0.4393777750294639,0.94888916479251,-0.5870279072467586,1.1250009247842319,-1.0316449489299078,-1.0865934650343947,1.6432960600355222,-1.0959617499609757,-0.026714465658928405,0.1273735901836806,-1.784232602623926,1.7245903044748498,0
-1.1498547708811926,-1.2961245095504037,0.889238007540291,-0.5330885579981124,-0.602203611080057,-1.264053652420733,0.9955217528160882,-1.0865934650343947,-0.4108240150088804,0.9342484876774173,0.8637677229720243,-1.0775117223646489,-0.4830298982714983,0.8330000436680589,1
-0.3761558406268638,-1.2961245095504037,-0.41035821971320974,0.94888916479251,-0.13394139452706724,-0.24017311933289098,-1.5651098704420119,0.920307393868181,-1.4378840525310816,-1.3841206223999734,-0.9171966542898811,0.1273735901836806,-1.264268897703771,1.7245903044748498,0
-1.2465671371629838,0.7715308156211609,-0.4603426899921905,0.94888916479251,-0.43929053710762167,-0.24017311933289098,1.3156007057233507,-1.0865934650343947,-0.4108240150088804,1.4974681019900034,0.8637677229720243,-1.0775117223646489,-1.1694164805541574,0.8330000436680589,1
0.010693624500300621,0.7715308156211609,0.3394088344715023,-1.2740774193934234,-0.1820900287620817,-0.5814666303621717,0.3553638470015632,-1.0865934650343947,1.6432960600355222,0.04357560922960617,-0.026714465658928405,1.3322589027320104,-1.076288652807264,-0.9501804779455227,1
0.6876801884728384,0.7715308156211609,0.2894243641925215,-1.2740774193934234,-0.5758718716073087,-0.9227601413914523,-0.818258980325066,0.920307393868181,0.6162360225133209,-0.9125879220452499,-1.8076788429208337,1.3322589027320104,-1.409996702233632,0.8330000436680589,0
1.3646667524453762,0.7715308156211609,1.7889584725619454,0.94888916479251,-0.5851637133017852,-0.9227601413914523,-0.9782984567786973,0.920307393868181,-1.4378840525310816,-1.0435692276993398,-0.9171966542898811,0.1273735901836806,-1.2315016990520862,1.7245903044748498,1
-0.7630053057540283,0.7715308156211609,-0.11045139803932492,-1.2740774193934234,-0.3877047952865626,-0.5814666303621717,0.9421752606648778,-1.0865934650343947,-0.4108240150088804,0.7115802680654641,0.8637677229720243,-1.0775117223646489,-0.8089772953856252,0.8330000436680589,0
-0.3761558406268638,0.7715308156211609,-0.010482457481363327,0.94888916479251,0.07717856974116305,-0.24017311933289098,-1.458416886139591,0.920307393868181,0.6162360225133209,-1.2924337084421105,-1.8076788429208337,0.1273735901836806,-0.8796854608971555,1.7245903044748498,1
0.20411835706388284,0.7715308156211609,-1.0101718630609793,-1.2740774193934234,0.13380346081972813,-0.9227601413914523,0.5154033234551945,0.920307393868181,-0.4108240150088804,0.1483606537528779,0.8637677229720243,-1.0775117223646489,-1.05041981176646,0.8330000436680589,1
-0.0860187417814905,0.7715308156211609,-1.0601563333399602,-1.2740774193934234,1.7898485006246352,0.44241390272567044,-0.6048730117202243,0.920307393868181,1.6432960600355222,-0.676821571867888,-0.026714465658928405,1.3322589027320104,-1.5384786127362906,0.8330000436680589,0
-1.1498547708811926,0.7715308156211609,-1.0601563333399602,-0.5330885579981124,-0.7835838563198846,0.44241390272567044,1.2622542135721402,-1.0865934650343947,-0.4108240150088804,1.3795849269013225,0.8637677229720243,-1.0775117223646489,1.5442249446261542,-0.9501804779455227,1
0.6876801884728384,-1.2961245095504037,-0.3103892791552481,0.94888916479251,-0.16490449083185876,-0.5814666303621717,-1.2983774096859597,-1.0865934650343947,-1.4378840525310816,-1.2400411861804745,-0.9171966542898811,0.1273735901836806,-1.6997277218906337,-0.9501804779455227,0
-0.0860187417814905,-1.2961245095504037,0.38939330475048306,-2.0150662807887345,-0.3893359649884143,-0.5814666303621717,0.7821357842112465,-1.0865934650343947,-0.4108240150088804,0.4103232650610579,0.8637677229720243,-1.0775117223646489,0.7379793988544379,1.7245903044748498,1
-0.7630053057540283,-1.2961245095504037,-0.9102029225030177,0.94888916479251,-0.272998611609922,-1.264053652420733,0.5687498156064048,0.920307393868181,1.6432960600355222,0.7770709208925091,-0.026714465658928405,-1.0775117223646489,-1.7807834238184854,-0.05859021713873188,1
2.138365682699705,0.7715308156211609,-0.9102029225030177,-1.2740774193934234,0.6611373230040606,-0.24017311933289098,-0.7649124881738556,-1.0865934650343947,0.6162360225133209,-0.8732935303490229,-1.8076788429208337,1.3322589027320104,-1.0400722753501386,-0.05859021713873188,0
-1.9235537011355215,0.7715308156211609,0.3394088344715023,0.2079003033971988,-1.3147334904853343,-0.9227601413914523,-1.1383379332323285,0.920307393868181,-1.4378840525310816,-1.1483542722226117,-0.9171966542898811,0.1273735901836806,-1.1530328812283148,1.7245903044748498,1
0.010693624500300621,-1.2961245095504037,0.7892690669823295,-0.5330885579981124,0.5394404120337699,0.10112039169638974,1.1022147371185091,-1.0865934650343947,-0.4108240150088804,1.196211098985597,0.8637677229720243,-1.0775117223646489,0.4637696838219183,-0.9501804779455227,0
-1.1498547708811926,-1.2961245095504037,-0.41035821971320974,0.2079003033971988,-1.359415889103914,-0.9227601413914523,0.24867086269914235,0.920307393868181,0.6162360225133209,-0.12670008812071074,-1.8076788429208337,1.3322589027320104,-0.883134639702596,1.7245903044748498,1
-1.8268413348537305,-1.2961245095504037,1.4890516508880607,0.94888916479251,-0.4475046416776604,-1.6053471634500138,-0.5515265195690139,-1.0865934650343947,-0.4108240150088804,-0.6506253107370701,0.8637677229720243,1.3322589027320104,-1.0616296428841416,-0.9501804779455227,1
-0.9564300383176104,0.7715308156211609,-1.0601563333399602,0.94888916479251,0.14233797372405918,1.4662944358135126,-1.0849914410811181,-1.0865934650343947,1.6432960600355222,-1.0959617499609757,-0.026714465658928405,0.1273735901836806,-1.2185672785316843,0.8330000436680589,0
0.30083072334567396,0.7715308156211609,0.889238007540291,0.94888916479251,0.5877638144511257,0.44241390272567044,0.9955217528160882,-1.0865934650343947,-0.4108240150088804,0.8949540959811902,0.8637677229720243,-1.0775117223646489,-1.4048229340254712,0.8330000436680589,1
-0.9564300383176104,0.7715308156211609,-1.2600942144558833,-2.0150662807887345,-0.5816100935941798,-0.5814666303621717,-1.6184563625932222,-1.0865934650343947,-1.4378840525310816,-1.3710224918345644,-0.9171966542898811,0.1273735901836806,-0.7261970040550534,1.7245903044748498,0
1.1712420198817939,-1.2961245095504037,0.3394088344715023,-1.2740774193934234,1.2415715845897428,-0.9227601413914523,1.3156007057233507,-1.0865934650343947,-0.4108240150088804,1.4843699714245946,0.8637677229720243,-1.0775117223646489,-1.7600883509858425,1.7245903044748498,1
2.138365682699705,0.7715308156211609,1.6390050617250032,-1.2740774193934234,0.29555141357655523,0.10112039169638974,0.4087103391527736,0.920307393868181,1.6432960600355222,0.06977187036042405,-0.026714465658928405,1.3322589027320104,-1.0159280237120552,-0.05859021713873188,1
-1.2465671371629838,0.7715308156211609,1.6889895320039838,0.94888916479251,-0.8818035747956673,1.4662944358135126,-0.818258980325066,0.920307393868181,0.6162360225133209,-0.8994897914798409,-1.8076788429208337,1.3322589027320104,-1.1573443547351157,-0.9501804779455227,0
-0.9564300383176104,0.7715308156211609,-1.6599699766877298,0.2079003033971988,-1.4744424811148469,0.44241390272567044,-1.0316449489299078,-1.0865934650343947,-1.4378840525310816,-1.0828636193955667,-0.9171966542898811,0.1273735901836806,-0.4804430141674179,1.7245903044748498,1
-0.7630053057540283,0.7715308156211609,0.08948648307659827,0.94888916479251,-0.3727329876659955,0.7837074137549511,0.8888287685136673,0.920307393868181,-0.4108240150088804,0.7246783986308734,0.8637677229720243,-1.0775117223646489,-0.9866100038658109,1.7245903044748498,0
-1.4399918697265661,0.7715308156211609,-0.010482457481363327,0.2079003033971988,-1.5455440032973455,1.1250009247842319,-1.4050703939883806,0.920307393868181,0.6162360225133209,-1.2924337084421105,-1.8076788429208337,0.1273735901836806,-1.6816195331620711,-0.9501804779455227,1
0.20411835706388284,0.7715308156211609,0.889238007540291,0.2079003033971988,-1.277478739616258,0.10112039169638974,0.462056831303984,-1.0865934650343947,-0.4108240150088804,0.1090662620566511,0.8637677229720243,-1.0775117223646489,-0.9409083846937243,0.8330000436680589,1
0.4942554559092562,-1.2961245095504037,-1.1101408036189409,-1.2740774193934234,-1.0713396685447532,-1.264053652420733,-0.6582195038714348,0.920307393868181,1.6432960600355222,-0.7161159635641151,-0.026714465658928405,1.3322589027320104,-1.7738850662076044,0.8330000436680589,0
-1.2465671371629838,-1.2961245095504037,-0.11045139803932492,0.2079003033971988,-1.3907576498037781,0.44241390272567044,1.2622542135721402,0.920307393868181,-0.4108240150088804,1.4057811880321405,0.8637677229720243,-1.0775117223646489,-1.88253419857898,-0.9501804779455227,1
-1.4399918697265661,0.7715308156211609,-0.9102029225030177,0.2079003033971988,-1.533747150989311,-0.24017311933289098,-1.2450309175347494,0.920307393868181,-1.4378840525310816,-1.2269430556150656,-0.9171966542898811,0.1273735901836806,-0.965914931033168,0.8330000436680589,0
-1.4399918697265661,-1.2961245095504037,1.7889584725619454,0.2079003033971988,-1.3819901126563254,0.7837074137549511,0.835482276362457,-1.0865934650343947,-0.4108240150088804,0.4627157873226936,0.8637677229720243,-1.0775117223646489,-1.0038558978930134,0.8330000436680589,1
0.20411835706388284,-1.2961245095504037,-0.9601873927819985,0.94888916479251,-1.0053064236501508,1.1250009247842319,0.6220963077576153,0.920307393868181,0.6162360225133209,0.8032671820233274,-1.8076788429208337,-1.0775117223646489,-1.0495575170651,1.7245903044748498,1
-1.4399918697265661,-1.2961245095504037,0.08948648307659827,0.2079003033971988,-1.360697522441083,0.7837074137549511,-0.7649124881738556,0.920307393868181,-0.4108240150088804,-0.8601953997836138,0.8637677229720243,1.3322589027320104,-1.6479900398090264,0.8330000436680589,0
-0.47286820690865494,0.7715308156211609,1.7889584725619454,0.94888916479251,0.06733329546927262,-0.5814666303621717,-1.0849914410811181,-1.0865934650343947,1.6432960600355222,-1.1221580110917935,-0.026714465658928405,0.1273735901836806,-0.606338040565996,-0.9501804779455227,1
-1.8268413348537305,0.7715308156211609,-0.9102029225030177,0.94888916479251,-0.3399348254466209,1.4662944358135126,1.1555612292697195,-1.0865934650343947,-0.4108240150088804,1.2355054906818235,0.8637677229720243,-1.0775117223646489,-1.7342195099450388,-0.9501804779455227,0
-0.5695805731904461,0.7715308156211609,-1.6599699766877298,-2.0150662807887345,-0.8134400874698482,1.1250009247842319,0.19532437054793192,-1.0865934650343947,-1.4378840525310816,-0.15289634925152862,-0.9171966542898811,1.3322589027320104,-0.20364641503081796,-0.9501804779455227,1
-1.3432795034447749,0.7715308156211609,1.3390982400511182,-0.5330885579981124,0.1904283518982932,0.10112039169638974,-0.4981800274178035,-1.0865934650343947,-0.4108240150088804,-0.6375271801716612,0.8637677229720243,1.3322589027320104,0.44307461098927536,0.8330000436680589,1
-0.6662929394722371,0.7715308156211609,-0.41035821971320974,-1.2740774193934234,0.17335932608963112,0.10112039169638974,-1.0316449489299078,0.920307393868181,1.6432960600355222,-1.0828636193955667,-0.026714465658928405,0.1273735901836806,-1.4919146988628438,-0.9501804779455227,0
1.6548038512907495,0.7715308156211609,0.08948648307659827,-0.5330885579981124,-0.03947919197162149,-0.9227601413914523,0.9955217528160882,-1.0865934650343947,-0.4108240150088804,0.9211503571120081,0.8637677229720243,-1.0775117223646489,-0.8581280933631524,0.8330000436680589,1
1.8482285838543318,0.7715308156211609,-1.2600942144558833,-1.2740774193934234,-0.061063062490765894,-1.6053471634500138,-1.5651098704420119,0.920307393868181,0.6162360225133209,-1.3841206223999734,-1.8076788429208337,0.1273735901836806,-1.4832917518492426,-0.05859021713873188,0
-0.7630053057540283,-1.2961245095504037,-0.9601873927819985,0.94888916479251,-0.9529342250085562,-0.5814666303621717,1.3156007057233507,0.920307393868181,-0.4108240150088804,1.5105662325554123,0.8637677229720243,-1.0775117223646489,-1.4919146988628438,1.7245903044748498,1
-0.47286820690865494,-1.2961245095504037,-1.0601563333399602,-2.0150662807887345,-0.630982105105583,0.7837074137549511,0.3553638470015632,0.920307393868181,1.6432960600355222,0.004281217533379122,-0.026714465658928405,1.3322589027320104,1.0828972793984877,1.7245903044748498,1
1.2679543861635851,-1.2961245095504037,0.7892690669823295,0.94888916479251,-0.5832121352656412,-0.24017311933289098,-0.8716054724762764,0.920307393868181,-0.4108240150088804,-0.9256860526106587,0.8637677229720243,1.3322589027320104,-1.4746688048356413,-0.05859021713873188,0
-0.9564300383176104,0.7715308156211609,-0.9601873927819985,0.94888916479251,-0.4192795802295485,-1.6053471634500138,-0.9782984567786973,-1.0865934650343947,-1.4378840525310816,-1.0566673582647486,-0.9171966542898811,0.1273735901836806,-1.4919146988628438,1.7245903044748498,1
0.10740599078209173,0.7715308156211609,-1.1101408036189409,-2.0150662807887345,0.03299134763921695,1.4662944358135126,0.9421752606648778,-1.0865934650343947,-0.4108240150088804,0.7639727903271003,0.8637677229720243,-1.0775117223646489,0.7000384319945924,-0.9501804779455227,0
-0.47286820690865494,0.7715308156211609,1.6390050617250032,-2.0150662807887345,-0.9532255053124582,1.1250009247842319,-1.4050703939883806,-1.0865934650343947,0.6162360225133209,-1.2793355778767015,-1.8076788429208337,0.1273735901836806,-0.12086612370024602,0.8330000436680589,1
-0.9564300383176104,0.7715308156211609,-0.010482457481363327,0.94888916479251,-0.08357902998239697,1.4662944358135126,0.4087103391527736,0.920307393868181,-0.4108240150088804,0.09596813149124192,0.8637677229720243,-1.0775117223646489,-1.770435887402164,0.8330000436680589,1
0.7843925547546295,0.7715308156211609,0.9892069480982527,-2.0150662807887345,-0.2748919335852856,-1.264053652420733,-0.6048730117202243,0.920307393868181,1.6432960600355222,-0.7030178329987061,-0.026714465658928405,1.3322589027320104,-0.14673496474104974,0.8330000436680589,0
0.8811049210364206,0.7715308156211609,0.9392224778192719,-1.2740774193934234,-0.7477272509095382,0.44241390272567044,1.2622542135721402,-1.0865934650343947,-0.4108240150088804,1.4188793185975497,0.8637677229720243,-1.0775117223646489,-1.1901115533868003,1.7245903044748498,1
-1.8268413348537305,-1.2961245095504037,-0.4603426899921905,0.2079003033971988,-1.2498653668063402,0.44241390272567044,-1.2450309175347494,-1.0865934650343947,-1.4378840525310816,-1.2138449250496566,-0.9171966542898811,0.1273735901836806,-1.3599836095547448,-0.9501804779455227,0
-0.5695805731904461,0.7715308156211609,-1.2101097441769024,0.94888916479251,-0.39556936349191885,-0.9227601413914523,0.835482276362457,-1.0865934650343947,-0.4108240150088804,0.4758139178881028,0.8637677229720243,-1.0775117223646489,-2.118802946751654,-0.9501804779455227,1
-0.0860187417814905,-1.2961245095504037,-1.1101408036189409,0.94888916479251,-0.3393231368084265,-1.6053471634500138,0.6220963077576153,0.920307393868181,0.6162360225133209,0.8163653125887361,-1.8076788429208337,-1.0775117223646489,-1.611773662351901,0.8330000436680589,1
-0.6662929394722371,-1.2961245095504037,-1.609985506408749,0.94888916479251,-0.23309320997533656,1.1250009247842319,-0.818258980325066,0.920307393868181,-0.4108240150088804,-0.8863916609144319,0.8637677229720243,1.3322589027320104,-1.2185672785316843,0.8330000436680589,0
0.39754308962746504,0.7715308156211609,0.9392224778192719,0.94888916479251,-1.2169798204957951,0.7837074137549511,-1.0849914410811181,-1.0865934650343947,1.6432960600355222,-1.1090598805263847,-0.026714465658928405,0.1273735901836806,-0.7710363285257799,-0.9501804779455227,1
0.39754308962746504,0.7715308156211609,0.4393777750294639,-1.2740774193934234,-0.1149790467430416,1.1250009247842319,1.1555612292697195,0.920307393868181,-0.4108240150088804,1.2617017518126419,0.8637677229720243,-1.0775117223646489,-1.1961476162963212,-0.05859021713873188,0
-0.3761558406268638,0.7715308156211609,0.9392224778192719,0.94888916479251,-0.9541284742545547,-0.24017311933289098,0.19532437054793192,-1.0865934650343947,-1.4378840525310816,-0.13979821868611966,-0.9171966542898811,1.3322589027320104,-1.46604585782204,0.8330000436680589,1
0.20411835706388284,-1.2961245095504037,0.7892690669823295,0.94888916479251,-0.018070089634818334,1.1250009247842319,-0.4981800274178035,0.920307393868181,-0.4108240150088804,-0.6244290496062522,0.8637677229720243,1.3322589027320104,-1.4962261723696444,1.7245903044748498,1
-0.2794434743450727,-1.2961245095504037,0.889238007540291,-1.2740774193934234,-0.11095937854919284,-0.24017311933289098,-1.0316449489299078,-1.0865934650343947,1.6432960600355222,-1.0959617499609757,-0.026714465658928405,0.1273735901836806,-1.25650824539153,-0.9501804779455227,0
-1.6334166022901482,-1.2961245095504037,-0.9102029225030177,0.2079003033971988,-1.519882208523572,-0.5814666303621717,1.0488682449672986,-1.0865934650343947,-0.4108240150088804,0.9735428793736438,0.8637677229720243,-1.0775117223646489,-1.5281310763199691,1.7245903044748498,1
-0.6662929394722371,-1.2961245095504037,-0.010482457481363327,0.94888916479251,-0.3017771056354479,1.4662944358135126,-1.5651098704420119,0.920307393868181,0.6162360225133209,-1.3710224918345644,-1.8076788429208337,0.1273735901836806,-1.1970099109976813,0.8330000436680589,0
1.9449409501361228,0.7715308156211609,-1.609985506408749,-1.2740774193934234,-0.8504909421261933,-0.5814666303621717,1.3156007057233507,0.920307393868181,-0.4108240150088804,1.4974681019900034,0.8637677229720243,-1.0775117223646489,-1.5402032021390109,-0.9501804779455227,1
0.7843925547546295,0.7715308156211609,1.6889895320039838,0.94888916479251,-0.9041447741049571,0.7837074137549511,0.3553638470015632,-1.0865934650343947,1.6432960600355222,0.04357560922960617,-0.026714465658928405,1.3322589027320104,-1.5755572848947759,1.7245903044748498,1
-1.6334166022901482,0.7715308156211609,0.9892069480982527,0.94888916479251,-0.6726060605331907,0.10112039169638974,-0.818258980325066,0.920307393868181,-0.4108240150088804,-0.9125879220452499,0.8637677229720243,1.3322589027320104,-0.6140986928782372,0.8330000436680589,0
0.7843925547546295,0.7715308156211609,-0.9102029225030177,0.94888916479251,-0.6219232876542281,-1.264053652420733,-0.9782984567786973,-1.0865934650343947,-1.4378840525310816,-1.0435692276993398,-0.9171966542898811,0.1273735901836806,-1.9972193938598768,0.8330000436680589,1
-1.8268413348537305,0.7715308156211609,-1.0601563333399602,0.2079003033971988,-1.2838869063021037,0.10112039169638974,0.9421752606648778,-1.0865934650343947,-0.4108240150088804,0.7377765291962824,0.8637677229720243,-1.0775117223646489,-1.250472182482009,0.8330000436680589,0
-1.1498547708811926,-1.2961245095504037,-1.6599699766877298,0.2079003033971988,-1.5456896434492966,1.1250009247842319,-1.458416886139591,0.920307393868181,0.6162360225133209,-1.2924337084421105,-1.8076788429208337,0.1273735901836806,-1.3789540929846675,0.8330000436680589,1
0.20411835706388284,-1.2961245095504037,0.889238007540291,0.94888916479251,-0.2329184417929953,1.1250009247842319,0.5154033234551945,-1.0865934650343947,-0.4108240150088804,0.13526252318746898,0.8637677229720243,-1.0775117223646489,-1.5333048445281299,0.8330000436680589,1
-0.5695805731904461,-1.2961245095504037,-1.2600942144558833,0.94888916479251,0.7971943529567239,1.1250009247842319,-0.6048730117202243,0.920307393868181,1.6432960600355222,-0.6899197024332971,-0.026714465658928405,1.3322589027320104,-0.7779346861366608,-0.9501804779455227,0
0.5909678221910473,-1.2961245095504037,-0.41035821971320974,0.94888916479251,-0.2568908108041368,-1.6053471634500138,1.2622542135721402,-1.0865934650343947,-0.4108240150088804,1.3795849269013225,0.8637677229720243,-1.0775117223646489,-1.25737054009289,-0.9501804779455227,1
-0.1827311080632816,0.7715308156211609,-0.9102029225030177,0.2079003033971988,-1.3407448216237905,1.1250009247842319,-1.2450309175347494,-1.0865934650343947,-1.4378840525310816,-1.2269430556150656,-0.9171966542898811,0.1273735901836806,-1.1030197885494277,0.8330000436680589,0
-1.1498547708811926,-1.2961245095504037,-0.4603426899921905,0.2079003033971988,-1.3271420314315632,-1.6053471634500138,0.7821357842112465,-1.0865934650343947,-0.4108240150088804,0.4103232650610579,0.8637677229720243,-1.0775117223646489,-1.195285321594961,0.8330000436680589,1
-1.6334166022901482,-1.2961245095504037,0.7892690669823295,-1.2740774193934234,0.07799415459208889,0.10112039169638974,0.5687498156064048,-1.0865934650343947,0.6162360225133209,0.7770709208925091,-1.8076788429208337,-1.0775117223646489,-1.9894587415476357,1.7245903044748498,1
-0.1827311080632816,0.7715308156211609,-1.0601563333399602,0.94888916479251,-0.42341576054495805,-0.5814666303621717,-0.7649124881738556,-1.0865934650343947,-0.4108240150088804,-0.8732935303490229,0.8637677229720243,1.3322589027320104,-1.5445146756458115,1.7245903044748498,0
-0.2794434743450727,0.7715308156211609,1.6889895320039838,-1.2740774193934234,-0.005661548688589566,-0.9227601413914523,-1.1383379332323285,0.920307393868181,1.6432960600355222,-1.1483542722226117,-0.026714465658928405,0.1273735901836806,-1.18752466928272,0.8330000436680589,1
0.10740599078209173,-1.2961245095504037,1.7889584725619454,0.94888916479251,-0.06493709053266361,0.44241390272567044,1.1022147371185091,0.920307393868181,-0.4108240150088804,1.1831129684201878,0.8637677229720243,-1.0775117223646489,-1.9877341521449154,0.8330000436680589,0
-0.6662929394722371,0.7715308156211609,-0.010482457481363327,0.94888916479251,0.08612087507095702,-0.9227601413914523,0.24867086269914235,-1.0865934650343947,-1.4378840525310816,-0.1136019575553018,-0.9171966542898811,1.3322589027320104,-0.7684494444216995,-0.9501804779455227,1
1.8482285838543318,0.7715308156211609,-0.11045139803932492,-1.2740774193934234,0.5190799187910143,-0.24017311933289098,-0.5515265195690139,0.920307393868181,-0.4108240150088804,-0.6506253107370701,0.8637677229720243,1.3322589027320104,-1.6755834702525503,-0.9501804779455227,1
-1.6334166022901482,0.7715308156211609,-0.41035821971320974,0.94888916479251,-0.7051711985094437,0.44241390272567044,-1.0316449489299078,0.920307393868181,1.6432960600355222,-1.0828636193955667,-0.026714465658928405,0.1273735901836806,-1.6221211987682227,1.7245903044748498,0
-0.8597176720358194,-1.2961245095504037,0.3394088344715023,-0.5330885579981124,0.15573686770355505,0.44241390272567044,0.9955217528160882,-1.0865934650343947,-0.4108240150088804,0.9080522265465989,0.8637677229720243,-1.0775117223646489,1.0501300807468028,-0.05859021713873188,1
-0.3761558406268638,0.7715308156211609,-0.3103892791552481,0.94888916479251,-0.2283744690521228,0.10112039169638974,-1.6184563625932222,-1.0865934650343947,0.6162360225133209,-1.3579243612691554,-1.8076788429208337,0.1273735901836806,-1.5315802551254096,0.8330000436680589,0
-0.2794434743450727,0.7715308156211609,-0.41035821971320974,0.94888916479251,-0.7132687909579216,0.7837074137549511,1.3156007057233507,0.920307393868181,-0.4108240150088804,1.4712718408591854,0.8637677229720243,-1.0775117223646489,-0.8822723450012359,0.8330000436680589,1
0.30083072334567396,0.7715308156211609,-1.0601563333399602,-1.2740774193934234,0.0891793182619289,-0.24017311933289098,0.4087103391527736,-1.0865934650343947,1.6432960600355222,0.05667373979501511,-0.026714465658928405,1.3322589027320104,-1.8032030860538488,0.8330000436680589,1
-0.1827311080632816,0.7715308156211609,0.7892690669823295,0.94888916479251,-0.8104399003396567,0.44241390272567044,-0.818258980325066,-1.0865934650343947,-0.4108240150088804,-0.8994897914798409,0.8637677229720243,1.3322589027320104,-0.6235839345931985,0.8330000436680589,0
0.4942554559092562,0.7715308156211609,0.9892069480982527,-1.2740774193934234,-1.0713396685447532,1.1250009247842319,-0.9782984567786973,-1.0865934650343947,-1.4378840525310816,-1.0697654888301575,-0.9171966542898811,0.1273735901836806,-1.3306655897085005,1.7245903044748498,1
-0.3761558406268638,0.7715308156211609,-0.6102961008291329,0.94888916479251,-0.9592841356336216,0.10112039169638974,0.8888287685136673,0.920307393868181,-0.4108240150088804,0.7115802680654641,0.8637677229720243,-1.0775117223646489,-1.8644260098504175,-0.9501804779455227,0
0.10740599078209173,-1.2961245095504037,0.3394088344715023,0.94888916479251,0.9059001623729815,0.10112039169638974,-1.4050703939883806,0.920307393868181,0.6162360225133209,-1.2793355778767015,-1.8076788429208337,0.1273735901836806,-0.6373806498149606,-0.9501804779455227,1
-0.8597176720358194,-1.2961245095504037,-0.9102029225030177,0.2079003033971988,-1.290644609352632,0.7837074137549511,0.462056831303984,-1.0865934650343947,-0.4108240150088804,0.1090662620566511,0.8637677229720243,-1.0775117223646489,-0.5890921465387936,1.7245903044748498,1
-0.7630053057540283,-1.2961245095504037,1.3390982400511182,0.2079003033971988,-1.4047391043910782,-0.5814666303621717,-0.6048730117202243,0.920307393868181,1.6432960600355222,-0.7030178329987061,-0.026714465658928405,1.3322589027320104,-1.5643474537770943,0.8330000436680589,0
-0.0860187417814905,-1.2961245095504037,-0.3103892791552481,-1.2740774193934234,-0.7097151712503162,0.7837074137549511,1.2622542135721402,-1.0865934650343947,-0.4108240150088804,1.4057811880321405,0.8637677229720243,-1.0775117223646489,-1.5807310531029366,-0.05859021713873188,1
-0.9564300383176104,-1.2961245095504037,1.7889584725619454,-1.2740774193934234,0.4849418671736901,-0.5814666303621717,-1.2450309175347494,0.920307393868181,-1.4378840525310816,-1.2138449250496566,-0.9171966542898811,0.1273735901836806,-1.3841278611928283,-0.05859021713873188,0
1.7515162175725405,0.7715308156211609,1.6889895320039838,0.94888916479251,-0.8587341747266223,-0.9227601413914523,0.835482276362457,0.920307393868181,-0.4108240150088804,0.4627157873226936,0.8637677229720243,-1.0775117223646489,-1.3151442850840183,-0.05859021713873188,1
-0.6662929394722371,-1.2961245095504037,-0.4603426899921905,-2.0150662807887345,-0.7369790076955512,1.1250009247842319,0.6220963077576153,0.920307393868181,0.6162360225133209,0.8032671820233274,-1.8076788429208337,-1.0775117223646489,-0.20968247794033884,-0.05859021713873188,1
0.010693624500300621,-1.2961245095504037,-1.0601563333399602,0.94888916479251,0.05046816587334197,1.1250009247842319,-0.7649124881738556,-1.0865934650343947,-0.4108240150088804,-0.8601953997836138,0.8637677229720243,1.3322589027320104,-1.146996818318794,-0.9501804779455227,0
-0.1827311080632816,-1.2961245095504037,-0.11045139803932492,-2.0150662807887345,-0.144951790014566,1.4662944358135126,-1.0849914410811181,-1.0865934650343947,1.6432960600355222,-1.1221580110917935,-0.026714465658928405,0.1273735901836806,-1.291862328147295,0.8330000436680589,1
-0.6662929394722371,-1.2961245095504037,0.9892069480982527,-1.2740774193934234,-0.7442610152931033,-0.5814666303621717,1.1555612292697195,0.920307393868181,-0.4108240150088804,1.2486036212472327,0.8637677229720243,-1.0775117223646489,-1.3358393579166612,-0.05859021713873188,0
-1.7301289685719394,0.7715308156211609,-1.1101408036189409,0.94888916479251,-0.44456271060824937,0.7837074137549511,0.19532437054793192,0.920307393868181,-1.4378840525310816,-0.15289634925152862,-0.9171966542898811,1.3322589027320104,-0.6460035968285618,1.7245903044748498,1
-1.7301289685719394,0.7715308156211609,-1.6599699766877298,-2.0150662807887345,-0.34747898531768484,-0.5814666303621717,-0.4981800274178035,0.920307393868181,-0.4108240150088804,-0.6375271801716612,0.8637677229720243,1.3322589027320104,-1.2797902023282532,-0.9501804779455227,1
-1.7301289685719394,-1.2961245095504037,-1.2101097441769024,0.2079003033971988,-1.5181927827609398,0.7837074137549511,-1.0316449489299078,0.920307393868181,1.6432960600355222,-1.0828636193955667,-0.026714465658928405,0.1273735901836806,-1.0331739177392576,0.8330000436680589,0
-0.6662929394722371,-1.2961245095504037,0.9392224778192719,0.94888916479251,-0.5607835518651808,0.7837074137549511,0.9955217528160882,0.920307393868181,-0.4108240150088804,0.9211503571120081,0.8637677229720243,-1.0775117223646489,-0.48647907707693877,0.8330000436680589,1
-1.7301289685719394,-1.2961245095504037,0.2894243641925215,0.2079003033971988,-1.499317819068085,1.4662944358135126,-1.5651098704420119,0.920307393868181,0.6162360225133209,-1.3841206223999734,-1.8076788429208337,0.1273735901836806,-1.9316849965565073,0.8330000436680589,0
0.39754308962746504,-1.2961245095504037,-0.9601873927819985,-0.5330885579981124,0.12780308655934522,1.1250009247842319,1.3156007057233507,-1.0865934650343947,-0.4108240150088804,1.5105662325554123,0.8637677229720243,-1.0775117223646489,0.7034876108000329,1.7245903044748498,1
-0.6662929394722371,0.7715308156211609,-1.0601563333399602,0.2079003033971988,-1.4071567309134656,-1.264053652420733,0.3553638470015632,0.920307393868181,1.6432960600355222,0.004281217533379122,-0.026714465658928405,1.3322589027320104,-0.4795807194660578,0.8330000436680589,1
-0.7630053057540283,0.7715308156211609,0.3394088344715023,0.94888916479251,-0.3024761783648129,-0.9227601413914523,-0.8716054724762764,-1.0865934650343947,-0.4108240150088804,-0.9256860526106587,0.8637677229720243,1.3322589027320104,-0.8546789145577118,1.7245903044748498,0
-1.9235537011355215,0.7715308156211609,-0.6102961008291329,0.2079003033971988,-1.3156073313970407,-1.6053471634500138,-0.9782984567786973,0.920307393868181,-1.4378840525310816,-1.0566673582647486,-0.9171966542898811,0.1273735901836806,-1.3047967486676968,-0.9501804779455227,1
-1.5367042360083571,-1.2961245095504037,0.7892690669823295,-2.0150662807887345,0.21897382168069743,-1.6053471634500138,0.9421752606648778,0.920307393868181,-0.4108240150088804,0.7639727903271003,0.8637677229720243,-1.0775117223646489,0.10505508805610657,0.8330000436680589,0
-1.3432795034447749,-1.2961245095504037,0.889238007540291,0.2079003033971988,-1.4987643864906708,-0.5814666303621717,-1.4050703939883806,0.920307393868181,0.6162360225133209,-1.2793355778767015,-1.8076788429208337,0.1273735901836806,-1.0038558978930134,-0.05859021713873188,1
-0.0860187417814905,-1.2961245095504037,0.7892690669823295,0.94888916479251,-0.4242022173654937,-0.24017311933289098,0.4087103391527736,0.920307393868181,-0.4108240150088804,0.09596813149124192,0.8637677229720243,-1.0775117223646489,-1.4470753743921174,0.8330000436680589,1
-1.0531424045994016,-1.2961245095504037,-1.6599699766877298,0.2079003033971988,-1.375232409605797,1.4662944358135126,-0.6048730117202243,-1.0865934650343947,1.6432960600355222,-0.7030178329987061,-0.026714465658928405,1.3322589027320104,-2.0808619798918087,-0.9501804779455227,0
0.7843925547546295,0.7715308156211609,1.3390982400511182,0.94888916479251,-1.0351626548001143,-1.6053471634500138,1.2622542135721402,0.920307393868181,-0.4108240150088804,1.4188793185975497,0.8637677229720243,-1.0775117223646489,-1.839419463510974,1.7245903044748498,1
1.6548038512907495,-1.2961245095504037,-0.4603426899921905,-0.5330885579981124,-0.05937363672813381,1.4662944358135126,-1.2450309175347494,-1.0865934650343947,-1.4378840525310816,-1.2138449250496566,-0.9171966542898811,0.1273735901836806,-0.8141510635937861,-0.9501804779455227,0
0.20411835706388284,-1.2961245095504037,-1.6599699766877298,-2.0150662807887345,-0.2322484970940205,-1.264053652420733,0.835482276362457,-1.0865934650343947,-0.4108240150088804,0.4758139178881028,0.8637677229720243,-1.0775117223646489,-0.3071217791940329,0.8330000436680589,1
1.6548038512907495,-1.2961245095504037,0.3394088344715023,0.94888916479251,0.4308511147390731,0.7837074137549511,0.6220963077576153,-1.0865934650343947,0.6162360225133209,0.8163653125887361,-1.8076788429208337,-1.0775117223646489,-0.9193510171597212,0.8330000436680589,1
-0.8597176720358194,-1.2961245095504037,-0.9102029225030177,0.94888916479251,-0.7540189054738231,-0.5814666303621717,-0.818258980325066,0.920307393868181,-0.4108240150088804,-0.8863916609144319,0.8637677229720243,1.3322589027320104,-1.3358393579166612,-0.9501804779455227,0
1.4613791187271672,0.7715308156211609,-1.609985506408749,-0.5330885579981124,0.24294619069183893,1.1250009247842319,-1.0849914410811181,0.920307393868181,1.6432960600355222,-1.1090598805263847,-0.026714465658928405,0.1273735901836806,-1.472081920731561,1.7245903044748498,1
-1.5367042360083571,0.7715308156211609,0.9892069480982527,0.94888916479251,-1.0166080994415516,1.4662944358135126,1.1555612292697195,-1.0865934650343947,-0.4108240150088804,1.2617017518126419,0.8637677229720243,-1.0775117223646489,-1.3289410003057802,-0.9501804779455227,0
-1.4399918697265661,0.7715308156211609,1.7889584725619454,0.94888916479251,-0.372936883878727,0.10112039169638974,0.19532437054793192,-1.0865934650343947,-1.4378840525310816,-0.13979821868611966,-0.9171966542898811,1.3322589027320104,-1.6626490497321484,-0.9501804779455227,1
1.0745296536000029,0.7715308156211609,-0.9102029225030177,0.94888916479251,-0.34753724137846526,-0.24017311933289098,-0.4981800274178035,-1.0865934650343947,-0.4108240150088804,-0.6244290496062522,0.8637677229720243,1.3322589027320104,-0.8581280933631524,-0.9501804779455227,1
0.20411835706388284,0.7715308156211609,0.7892690669823295,0.94888916479251,-0.2953689389496021,0.10112039169638974,-1.0316449489299078,0.920307393868181,1.6432960600355222,-1.0959617499609757,-0.026714465658928405,0.1273735901836806,-1.4427639008853168,-0.9501804779455227,0
-0.1827311080632816,0.7715308156211609,-1.0101718630609793,-1.2740774193934234,-0.13982525666588935,-1.264053652420733,1.0488682449672986,-1.0865934650343947,-0.4108240150088804,0.9735428793736438,0.8637677229720243,-1.0775117223646489,-1.1556197653323954,1.7245903044748498,1
-1.6334166022901482,-1.2961245095504037,1.4890516508880607,0.2079003033971988,-1.379543358103548,-1.264053652420733,-1.5651098704420119,0.920307393868181,0.6162360225133209,-1.3710224918345644,-1.8076788429208337,0.1273735901836806,-1.3884393346996289,0.8330000436680589,0
0.010693624500300621,0.7715308156211609,-0.21042033859728654,-1.2740774193934234,-0.4015114816915214,0.44241390272567044,1.3156007057233507,0.920307393868181,-0.4108240150088804,1.4974681019900034,0.8637677229720243,-1.0775117223646489,-0.6339314710095201,-0.9501804779455227,1
-0.7630053057540283,0.7715308156211609,1.3390982400511182,-1.2740774193934234,-0.862753842920471,0.44241390272567044,0.3553638470015632,-1.0865934650343947,1.6432960600355222,0.04357560922960617,-0.026714465658928405,1.3322589027320104,-1.9058161555157036,0.8330000436680589,1
-0.0860187417814905,0.7715308156211609,0.889238007540291,-1.2740774193934234,0.3785080441278687,0.7837074137549511,-0.818258980325066,-1.0865934650343947,-0.4108240150088804,-0.9125879220452499,0.8637677229720243,1.3322589027320104,-0.5934036200455942,-0.9501804779455227,0
-1.0531424045994016,0.7715308156211609,-0.11045139803932492,0.2079003033971988,-1.4135357695689212,1.4662944358135126,-0.9782984567786973,0.920307393868181,-1.4378840525310816,-1.0435692276993398,-0.9171966542898811,0.1273735901836806,-1.8014784966511286,0.8330000436680589,1
-1.3432795034447749,0.7715308156211609,-1.2600942144558833,-2.0150662807887345,-0.39690925288986845,0.10112039169638974,0.9421752606648778,0.920307393868181,-0.4108240150088804,0.7377765291962824,0.8637677229720243,-1.0775117223646489,-0.12086612370024602,0.8330000436680589,0
0.39754308962746504,0.7715308156211609,-0.6102961008291329,-0.5330885579981124,-0.38968550135309676,0.7837074137549511,-1.458416886139591,-1.0865934650343947,0.6162360225133209,-1.2924337084421105,-1.8076788429208337,0.1273735901836806,0.8500777100312541,-0.9501804779455227,1
2.138365682699705,0.7715308156211609,-0.3103892791552481,0.2079003033971988,-1.2894503601066334,-0.9227601413914523,0.462056831303984,-1.0865934650343947,-0.4108240150088804,0.6329914846730105,0.8637677229720243,-1.0775117223646489,-1.216842689128964,-0.9501804779455227,1
-1.9235537011355215,0.7715308156211609,-0.41035821971320974,0.94888916479251,-0.9855284910151993,1.4662944358135126,-0.7115659960226451,0.920307393868181,1.6432960600355222,-0.742312224694933,-0.026714465658928405,1.3322589027320104,-1.8204489800810513,-0.05859021713873188,0
-0.9564300383176104,0.7715308156211609,-1.609985506408749,-1.2740774193934234,-0.4226293037244225,1.1250009247842319,1.1022147371185091,0.920307393868181,-0.4108240150088804,1.0390335322006887,0.8637677229720243,-1.0775117223646489,-1.2599574241969704,1.7245903044748498,1
-0.9564300383176104,0.7715308156211609,0.38939330475048306,0.94888916479251,-1.0635624844305676,1.1250009247842319,-1.4050703939883806,-1.0865934650343947,-1.4378840525310816,-1.2400411861804745,-0.9171966542898811,0.1273735901836806,-1.2064951527126426,1.7245903044748498,0
1.8482285838543318,-1.2961245095504037,1.3390982400511182,-1.2740774193934234,0.15323185708999712,-0.24017311933289098,1.3156007057233507,-1.0865934650343947,-0.4108240150088804,1.4188793185975497,0.8637677229720243,-1.0775117223646489,-1.285826265237774,1.7245903044748498,1
-0.9564300383176104,0.7715308156211609,-0.41035821971320974,0.94888916479251,-0.7866714275412467,-1.6053471634500138,-0.4981800274178035,0.920307393868181,0.6162360225133209,-0.5327421356483892,-1.8076788429208337,1.3322589027320104,-1.3996491658173105,0.8330000436680589,1
0.4942554559092562,0.7715308156211609,1.6390050617250032,0.94888916479251,-0.48309909481449503,-1.264053652420733,0.6754427999088257,0.920307393868181,-0.4108240150088804,0.8294634431541453,0.8637677229720243,-1.0775117223646489,-2.0248128243034005,0.8330000436680589,0
-1.3432795034447749,0.7715308156211609,-1.2101097441769024,-1.2740774193934234,0.48336895353261883,-0.24017311933289098,-0.5515265195690139,0.920307393868181,1.6432960600355222,-0.768508485825751,-0.026714465658928405,0.1273735901836806,-0.6537642491408029,0.8330000436680589,1
-1.2465671371629838,0.7715308156211609,-1.2600942144558833,-2.0150662807887345,-1.1503640149933885,1.1250009247842319,0.835482276362457,0.920307393868181,-0.4108240150088804,0.6329914846730105,0.8637677229720243,-1.0775117223646489,-1.3651573777629056,-0.9501804779455227,0
-0.0860187417814905,0.7715308156211609,-1.2600942144558833,-2.0150662807887345,-0.7893220783067557,0.7837074137549511,-1.6718028547444328,0.920307393868181,-1.4378840525310816,-1.4103168835307913,-0.9171966542898811,0.1273735901836806,1.1743005177426609,1.7245903044748498,1
0.7843925547546295,-1.2961245095504037,-1.609985506408749,-1.2740774193934234,2.4408308518154023,-1.264053652420733,0.24867086269914235,-1.0865934650343947,-0.4108240150088804,0.3579307427994216,0.8637677229720243,-1.0775117223646489,-1.5807310531029366,0.8330000436680589,1
-0.0860187417814905,0.7715308156211609,1.4890516508880607,0.94888916479251,-0.9861693076837839,0.44241390272567044,-0.818258980325066,-1.0865934650343947,1.6432960600355222,-0.9125879220452499,-0.026714465658928405,1.3322589027320104,-1.7247342682300775,-0.05859021713873188,0
-1.4399918697265661,0.7715308156211609,-0.9102029225030177,0.2079003033971988,-1.4395471007073772,-0.24017311933289098,1.1555612292697195,0.920307393868181,-0.4108240150088804,1.196211098985597,0.8637677229720243,-1.0775117223646489,-1.4548360267043585,-0.9501804779455227,1
0.5909678221910473,0.7715308156211609,0.3394088344715023,-2.0150662807887345,-0.5011876016868144,0.10112039169638974,-1.2450309175347494,0.920307393868181,0.6162360225133209,-1.1876486639188384,-1.8076788429208337,0.1273735901836806,-0.7969051695665835,0.8330000436680589,0
1.5580914850089584,-1.2961245095504037,-0.41035821971320974,-0.5330885579981124,-0.7069771363936366,-1.6053471634500138,1.368947197874561,-1.0865934650343947,-0.4108240150088804,1.5498606242516395,0.8637677229720243,-1.0775117223646489,-0.49510202409054,1.7245903044748498,1
0.5909678221910473,0.7715308156211609,-0.010482457481363327,-1.2740774193934234,0.4001792987381837,-1.6053471634500138,0.5154033234551945,-1.0865934650343947,1.6432960600355222,-0.29697578547102765,-0.026714465658928405,1.3322589027320104,-1.042659159454219,1.7245903044748498,1
0.8811049210364206,0.7715308156211609,0.889238007540291,0.94888916479251,0.24684934676412684,0.10112039169638974,-0.6048730117202243,-1.0865934650343947,-0.4108240150088804,-0.6506253107370701,0.8637677229720243,1.3322589027320104,-1.4186196492472332,0.8330000436680589,0
-1.3432795034447749,0.7715308156211609,-0.41035821971320974,0.94888916479251,-0.3849376323994928,-1.6053471634500138,-1.1383379332323285,0.920307393868181,-1.4378840525310816,-1.1221580110917935,-0.9171966542898811,0.1273735901836806,-1.6100490729491808,-0.9501804779455227,1
0.30083072334567396,0.7715308156211609,0.3394088344715023,-1.2740774193934234,1.963276793567936,-1.264053652420733,1.0488682449672986,-1.0865934650343947,-0.4108240150088804,0.8556597042849632,0.8637677229720243,-1.0775117223646489,-0.8184625371005867,0.8330000436680589,0
0.39754308962746504,-1.2961245095504037,0.9392224778192719,0.94888916479251,-0.4667291417351979,0.7837074137549511,-1.5651098704420119,-1.0865934650343947,0.6162360225133209,-1.3317281001383372,-1.8076788429208337,0.1273735901836806,-1.4427639008853168,0.8330000436680589,1
-0.0860187417814905,-1.2961245095504037,-0.4603426899921905,0.94888916479251,-0.3160207124962598,1.4662944358135126,0.30201735485035275,-1.0865934650343947,-0.4108240150088804,-0.15289634925152862,0.8637677229720243,1.3322589027320104,-0.7641379709148989,-0.9501804779455227,1
-1.3432795034447749,0.7715308156211609,-0.9102029225030177,-2.0150662807887345,-0.5245191540293713,1.4662944358135126,-0.3914870431153827,0.920307393868181,1.6432960600355222,-0.5196440050829803,-0.026714465658928405,1.3322589027320104,0.7190089154245152,-0.9501804779455227,0
-0.5695805731904461,0.7715308156211609,1.4890516508880607,-0.5330885579981124,0.04146760448276759,0.10112039169638974,1.4222936900257714,0.920307393868181,-0.4108240150088804,1.5760568853824573,0.8637677229720243,-1.0775117223646489,-0.2829775275559494,1.7245903044748498,1
-0.1827311080632816,-1.2961245095504037,1.3390982400511182,0.94888916479251,-0.8908332642166319,-1.6053471634500138,-1.2983774096859597,-1.0865934650343947,-1.4378840525310816,-1.2531393167458833,-0.9171966542898811,0.1273735901836806,-1.2513344771833692,-0.9501804779455227,0
0.20411835706388284,0.7715308156211609,0.2894243641925215,0.94888916479251,-0.7454552645391018,1.1250009247842319,0.8888287685136673,-1.0865934650343947,-0.4108240150088804,0.5151083095843294,0.8637677229720243,-1.0775117223646489,-2.0998324633217313,-0.9501804779455227,1
-1.3432795034447749,-1.2961245095504037,0.38939330475048306,0.2079003033971988,-1.431973812805923,-0.24017311933289098,0.6220963077576153,0.920307393868181,0.6162360225133209,0.6853840069346463,-1.8076788429208337,-1.0775117223646489,-0.7908691066570627,1.7245903044748498,1
-0.8597176720358194,0.7715308156211609,-0.11045139803932492,0.94888916479251,-0.2022174977617157,-0.5814666303621717,-0.7115659960226451,-1.0865934650343947,-0.4108240150088804,-0.820901008087387,0.8637677229720243,1.3322589027320104,-1.3875770399982688,1.7245903044748498,0
1.9449409501361228,0.7715308156211609,-0.9601873927819985,-0.5330885579981124,0.7014213890337188,0.7837074137549511,-1.3517239018371703,-1.0865934650343947,1.6432960600355222,-1.2793355778767015,-0.026714465658928405,0.1273735901836806,-0.41059714335724784,1.7245903044748498,1
-1.7301289685719394,0.7715308156211609,-1.2600942144558833,0.94888916479251,-0.03802279045211107,-0.24017311933289098,1.2089077214209298,-1.0865934650343947,-0.4108240150088804,1.2486036212472327,0.8637677229720243,-1.0775117223646489,-1.611773662351901,-0.9501804779455227,0
-0.5695805731904461,0.7715308156211609,-0.11045139803932492,0.94888916479251,-0.5101590350469987,1.4662944358135126,0.14197787839672152,-1.0865934650343947,-1.4378840525310816,-0.048111304728256865,-0.9171966542898811,1.3322589027320104,-1.1582066494364758,-0.9501804779455227,1
1.9449409501361228,0.7715308156211609,-1.6599699766877298,-1.2740774193934234,-0.6410021475598147,-1.264053652420733,-0.5515265195690139,-1.0865934650343947,-0.4108240150088804,-0.6113309190408431,0.8637677229720243,1.3322589027320104,-2.2438356784488724,1.7245903044748498,1
-0.8597176720358194,-1.2961245095504037,0.08948648307659827,0.94888916479251,-0.1834299181600313,-0.5814666303621717,-1.191684425383539,0.920307393868181,1.6432960600355222,-1.0959617499609757,-0.026714465658928405,0.1273735901836806,-0.9348723217842034,0.8330000436680589,0
-1.9235537011355215,0.7715308156211609,-0.41035821971320974,0.2079003033971988,-1.4178758460970622,-0.5814666303621717,1.1022147371185091,0.920307393868181,-0.4108240150088804,0.986641009939053,0.8637677229720243,-1.0775117223646489,-1.2685803712105717,1.7245903044748498,1
-0.1827311080632816,-1.2961245095504037,-1.2101097441769024,0.94888916479251,-0.6639841635376891,1.1250009247842319,-1.6184563625932222,-1.0865934650343947,0.6162360225133209,-1.3579243612691554,-1.8076788429208337,0.1273735901836806,-1.4013737552200307,-0.9501804779455227,0
-0.9564300383176104,0.7715308156211609,-0.9601873927819985,-2.0150662807887345,-0.24037521757288866,-0.24017311933289098,1.3156007057233507,-1.0865934650343947,-0.4108240150088804,1.4843699714245946,0.8637677229720243,-1.0775117223646489,0.13782228670779129,1.7245903044748498,1
-1.4399918697265661,-1.2961245095504037,-0.41035821971320974,0.2079003033971988,-1.4462465476971251,0.7837074137549511,0.4087103391527736,0.920307393868181,1.6432960600355222,0.2007531760145139,-0.026714465658928405,-1.0775117223646489,-1.6126359570532611,-0.05859021713873188,1
-1.6334166022901482,-1.2961245095504037,1.6390050617250032,0.2079003033971988,-1.4151669392707729,1.4662944358135126,-0.7649124881738556,-1.0865934650343947,-0.4108240150088804,-0.8732935303490229,0.8637677229720243,1.3322589027320104,-0.5934036200455942,0.8330000436680589,0
-0.8597176720358194,0.7715308156211609,-0.9102029225030177,0.2079003033971988,-1.3319481564459474,-1.264053652420733,-1.0849914410811181,-1.0865934650343947,-1.4378840525310816,-1.0566673582647486,-0.9171966542898811,0.1273735901836806,-1.340150831423462,1.7245903044748498,1
2.041653316417914,-1.2961245095504037,-1.609985506408749,-1.2740774193934234,-0.17469150904296876,0.10112039169638974,0.9421752606648778,-1.0865934650343947,-0.4108240150088804,0.7639727903271003,0.8637677229720243,-1.0775117223646489,-0.7399937192768153,0.8330000436680589,0
1.7515162175725405,0.7715308156211609,-0.9102029225030177,-1.2740774193934234,0.2585005589202102,0.44241390272567044,-1.458416886139591,-1.0865934650343947,0.6162360225133209,-1.2924337084421105,-1.8076788429208337,0.1273735901836806,-1.8739112515653789,-0.05859021713873188,1
-0.47286820690865494,0.7715308156211609,1.3390982400511182,0.94888916479251,-0.6008345936517173,-0.5814666303621717,0.5154033234551945,-1.0865934650343947,-0.4108240150088804,0.1090662620566511,0.8637677229720243,1.3322589027320104,-1.029724738933817,-0.9501804779455227,1
0.20411835706388284,-1.2961245095504037,-0.4603426899921905,-2.0150662807887345,-0.04111036167347316,-0.9227601413914523,-0.5515265195690139,0.920307393868181,1.6432960600355222,-0.7030178329987061,-0.026714465658928405,1.3322589027320104,-0.550288884977588,-0.9501804779455227,0
-0.5695805731904461,-1.2961245095504037,1.4890516508880607,-1.2740774193934234,-0.5085278653451469,-1.6053471634500138,1.2622542135721402,-1.0865934650343947,-0.4108240150088804,1.4188793185975497,0.8637677229720243,-1.0775117223646489,-1.0452460435582993,-0.9501804779455227,1
-0.6662929394722371,-1.2961245095504037,-0.41035821971320974,0.94888916479251,-0.7564656600266007,0.10112039169638974,-1.2450309175347494,0.920307393868181,-1.4378840525310816,-1.2138449250496566,-0.9171966542898811,0.1273735901836806,-1.3651573777629056,-0.05859021713873188,0
-0.47286820690865494,0.7715308156211609,0.9392224778192719,-1.2740774193934234,-0.4364359901293812,0.7837074137549511,0.7821357842112465,0.920307393868181,-0.4108240150088804,0.43651952619187573,0.8637677229720243,-1.0775117223646489,-1.680757238460711,0.8330000436680589,1
-1.3432795034447749,0.7715308156211609,1.6889895320039838,-1.2740774193934234,-0.27451326919021285,-0.5814666303621717,0.6754427999088257,0.920307393868181,0.6162360225133209,0.8032671820233274,-1.8076788429208337,-1.0775117223646489,-1.312557400979938,1.7245903044748498,1
-1.3432795034447749,0.7715308156211609,-1.2600942144558833,-1.2740774193934234,1.997676997458772,1.1250009247842319,-0.7649124881738556,0.920307393868181,-0.4108240150088804,-0.8470972692182049,0.8637677229720243,1.3322589027320104,-1.403098344622751,-0.9501804779455227,0
-0.5695805731904461,0.7715308156211609,-0.4603426899921905,0.94888916479251,-0.8728030134050929,1.1250009247842319,-1.191684425383539,0.920307393868181,1.6432960600355222,-1.1483542722226117,-0.026714465658928405,0.1273735901836806,-1.194423026893601,0.8330000436680589,1
1.8482285838543318,-1.2961245095504037,-0.21042033859728654,-1.2740774193934234,-0.6618286892888137,-1.264053652420733,1.1555612292697195,-1.0865934650343947,-0.4108240150088804,1.2093092295510057,0.8637677229720243,-1.0775117223646489,-1.3668819671656258,1.7245903044748498,0
-1.0531424045994016,0.7715308156211609,-1.609985506408749,-2.0150662807887345,-0.83744158451138,1.1250009247842319,0.19532437054793192,-1.0865934650343947,-1.4378840525310816,-0.13979821868611966,-0.9171966542898811,1.3322589027320104,-0.8305346629196284,0.8330000436680589,1
0.30083072334567396,0.7715308156211609,-0.010482457481363327,0.94888916479251,-0.8413156125532776,-1.6053471634500138,-0.4448335352665931,-1.0865934650343947,-0.4108240150088804,-0.5720365273446163,0.8637677229720243,1.3322589027320104,-0.4174955009681288,-0.05859021713873188,1
-0.2794434743450727,0.7715308156211609,1.6390050617250032,0.94888916479251,-0.43626122194704,0.7837074137549511,-1.0316449489299078,0.920307393868181,1.6432960600355222,-1.0697654888301575,-0.026714465658928405,0.1273735901836806,-1.972212847520433,0.8330000436680589,0
-0.3761558406268638,-1.2961245095504037,-1.0101718630609793,0.94888916479251,-0.36454801112634694,0.7837074137549511,1.1022147371185091,-1.0865934650343947,-0.4108240150088804,1.012837271069871,0.8637677229720243,-1.0775117223646489,-1.8790850197735396,0.8330000436680589,1
1.9449409501361228,0.7715308156211609,0.38939330475048306,0.94888916479251,-0.6936364984749211,0.7837074137549511,-1.5651098704420119,-1.0865934650343947,0.6162360225133209,-1.3186299695729284,-1.8076788429208337,0.1273735901836806,-0.758964202706738,0.8330000436680589,0
-1.6334166022901482,0.7715308156211609,-0.010482457481363327,-1.2740774193934234,-1.0713396685447532,-1.264053652420733,1.368947197874561,-1.0865934650343947,-0.4108240150088804,1.5629587548170483,0.8637677229720243,-1.0775117223646489,-2.0670652646700467,-0.9501804779455227,1
-0.9564300383176104,0.7715308156211609,0.38939330475048306,0.94888916479251,-0.7719909002245817,-0.5814666303621717,0.3553638470015632,0.920307393868181,1.6432960600355222,0.004281217533379122,-0.026714465658928405,1.3322589027320104,-1.223741046739845,-0.05859021713873188,1
1.9449409501361228,0.7715308156211609,1.3390982400511182,-2.0150662807887345,-1.0961567504372107,0.44241390272567044,-0.8716054724762764,-1.0865934650343947,-0.4108240150088804,-0.9256860526106587,0.8637677229720243,1.3322589027320104,-1.2384000566629672,-0.9501804779455227,0
0.4942554559092562,0.7715308156211609,-0.4603426899921905,0.94888916479251,-0.36801424674278177,-1.264053652420733,-0.9782984567786973,-1.0865934650343947,-1.4378840525310816,-1.0435692276993398,-0.9171966542898811,0.1273735901836806,-1.236675467260247,-0.9501804779455227,1
-0.2794434743450727,0.7715308156211609,-0.6102961008291329,0.94888916479251,-0.9318455310060453,0.44241390272567044,0.9955217528160882,-1.0865934650343947,-0.4108240150088804,0.7770709208925091,0.8637677229720243,-1.0775117223646489,-1.4850163412519628,-0.9501804779455227,0
1.8482285838543318,0.7715308156211609,-1.0601563333399602,-2.0150662807887345,-0.6579255332165257,-0.9227601413914523,-1.4050703939883806,-1.0865934650343947,0.6162360225133209,-1.2662374473112923,-1.8076788429208337,0.1273735901836806,-1.7790588344157652,1.7245903044748498,1
0.8811049210364206,0.7715308156211609,0.3394088344715023,-1.2740774193934234,2.430024352540635,-1.264053652420733,0.462056831303984,-1.0865934650343947,-0.4108240150088804,0.13526252318746898,0.8637677229720243,-1.0775117223646489,-1.9885964468462756,1.7245903044748498,1
-0.9564300383176104,-1.2961245095504037,-1.2600942144558833,-1.2740774193934234,1.7647692664586656,-1.264053652420733,-0.6048730117202243,0.920307393868181,1.6432960600355222,-0.676821571867888,-0.026714465658928405,1.3322589027320104,-1.8437309370177746,0.8330000436680589,0
-1.4399918697265661,0.7715308156211609,0.3394088344715023,0.2079003033971988,-1.3839999467532498,-1.264053652420733,1.3156007057233507,0.920307393868181,-0.4108240150088804,1.4450755797283674,0.8637677229720243,-1.0775117223646489,-0.8865838185080365,1.7245903044748498,1
-1.8268413348537305,0.7715308156211609,-0.010482457481363327,-2.0150662807887345,0.161882882115889,0.44241390272567044,-1.2450309175347494,0.920307393868181,-1.4378840525310816,-1.2007467944842474,-0.9171966542898811,0.1273735901836806,0.22577634624652398,1.7245903044748498,0
-1.5367042360083571,0.7715308156211609,-0.010482457481363327,0.2079003033971988,-1.4735686402031407,-0.9227601413914523,0.835482276362457,-1.0865934650343947,-0.4108240150088804,0.4758139178881028,0.8637677229720243,-1.0775117223646489,-0.9434952687978047,-0.9501804779455227,1
-0.47286820690865494,-1.2961245095504037,-0.4603426899921905,-0.5330885579981124,0.08597523491900598,0.7837074137549511,0.6754427999088257,0.920307393868181,0.6162360225133209,0.842561573719554,-1.8076788429208337,-1.0775117223646489,-0.8063904112815449,1.7245903044748498,1
0.30083072334567396,0.7715308156211609,0.08948648307659827,0.94888916479251,-0.663692883233787,-1.6053471634500138,-0.818258980325066,0.920307393868181,-0.4108240150088804,-0.8863916609144319,0.8637677229720243,1.3322589027320104,-0.5175216863259032,0.8330000436680589,0
-1.7301289685719394,0.7715308156211609,-1.609985506408749,-2.0150662807887345,-0.247132920623417,0.44241390272567044,-1.0849914410811181,0.920307393868181,1.6432960600355222,-1.1090598805263847,-0.026714465658928405,0.1273735901836806,0.21111733632340188,0.8330000436680589,1
-1.5367042360083571,-1.2961245095504037,1.6889895320039838,0.2079003033971988,-1.4997838675543282,-0.5814666303621717,1.2089077214209298,0.920307393868181,-0.4108240150088804,1.2878980129434598,0.8637677229720243,-1.0775117223646489,-0.70291504711833,0.8330000436680589,0
-1.5367042360083571,0.7715308156211609,1.7889584725619454,-2.0150662807887345,-0.1726816749460444,0.44241390272567044,0.19532437054793192,-1.0865934650343947,-1.4378840525310816,-0.12670008812071074,-0.9171966542898811,1.3322589027320104,-0.029462885356072836,-0.05859021713873188,1
-0.5695805731904461,0.7715308156211609,-1.6599699766877298,0.94888916479251,-0.6483132831877569,0.10112039169638974,-0.4981800274178035,0.920307393868181,-0.4108240150088804,-0.6244290496062522,0.8637677229720243,1.3322589027320104,-1.3358393579166612,-0.05859021713873188,1
0.20411835706388284,0.7715308156211609,-1.0101718630609793,-1.2740774193934234,-0.14049520136486413,-0.5814666303621717,-1.0316449489299078,-1.0865934650343947,1.6432960600355222,-1.0828636193955667,-0.026714465658928405,0.1273735901836806,-1.6091867782478206,-0.9501804779455227,0
1.0745296536000029,0.7715308156211609,0.38939330475048306,-1.2740774193934234,-0.5475885540984163,0.7837074137549511,1.0488682449672986,-1.0865934650343947,-0.4108240150088804,0.947346618242826,0.8637677229720243,-1.0775117223646489,-1.3979245764145902,0.8330000436680589,1
-1.2465671371629838,-1.2961245095504037,0.08948648307659827,0.94888916479251,-1.0406095964830833,1.4662944358135126,-1.5651098704420119,0.920307393868181,0.6162360225133209,-1.3710224918345644,-1.8076788429208337,0.1273735901836806,-1.597114652428779,0.8330000436680589,0
0.4942554559092562,0.7715308156211609,-1.2101097441769024,0.94888916479251,-0.9340010052549207,0.10112039169638974,1.3156007057233507,0.920307393868181,-0.4108240150088804,1.5236643631208215,0.8637677229720243,-1.0775117223646489,-1.3858524505955485,0.8330000436680589,1
-0.7630053057540283,0.7715308156211609,-0.4603426899921905,0.94888916479251,0.42534591699532376,-0.5814666303621717,0.4087103391527736,0.920307393868181,1.6432960600355222,0.05667373979501511,-0.026714465658928405,1.3322589027320104,-1.1392361660065529,-0.9501804779455227,1
-1.2465671371629838,0.7715308156211609,1.6390050617250032,0.94888916479251,-0.7926426737712394,0.7837074137549511,-0.818258980325066,0.920307393868181,-0.4108240150088804,-0.8994897914798409,0.8637677229720243,1.3322589027320104,-1.8161375065742507,-0.9501804779455227,0
0.6876801884728384,-1.2961245095504037,-1.609985506408749,-1.2740774193934234,2.2712765869139995,0.44241390272567044,-0.9782984567786973,-1.0865934650343947,-1.4378840525310816,-1.0566673582647486,-0.9171966542898811,0.1273735901836806,-0.9607411628250072,0.8330000436680589,1
1.8482285838543318,0.7715308156211609,0.889238007540291,-2.0150662807887345,-0.6068640959424905,-0.24017311933289098,0.9421752606648778,-1.0865934650343947,-0.4108240150088804,0.7246783986308734,0.8637677229720243,-1.0775117223646489,0.6862417167728304,0.8330000436680589,0
0.5909678221910473,0.7715308156211609,-0.010482457481363327,-1.2740774193934234,0.5760252182038716,-1.264053652420733,-1.4050703939883806,-1.0865934650343947,0.6162360225133209,-1.2793355778767015,-1.8076788429208337,0.1273735901836806,-1.3737803247765068,0.8330000436680589,1
0.4942554559092562,0.7715308156211609,0.4393777750294639,-1.2740774193934234,-0.2611726312714974,-0.5814666303621717,0.5154033234551945,-1.0865934650343947,-0.4108240150088804,0.12216439262206004,0.8637677229720243,-1.0775117223646489,-1.1754525434636782,0.8330000436680589,1
-1.6334166022901482,0.7715308156211609,-0.11045139803932492,0.2079003033971988,-1.4465960840618077,1.4662944358135126,-0.6048730117202243,0.920307393868181,1.6432960600355222,-0.6899197024332971,-0.026714465658928405,1.3322589027320104,-1.2625443083010508,1.7245903044748498,0
-1.3432795034447749,-1.2961245095504037,-0.010482457481363327,0.94888916479251,-0.32743890040922147,-1.264053652420733,1.2622542135721402,0.920307393868181,-0.4108240150088804,1.4319774491629582,0.8637677229720243,-1.0775117223646489,-1.707488374202875,-0.9501804779455227,1
-0.2794434743450727,0.7715308156211609,-0.3103892791552481,0.94888916479251,-0.9296318006963894,-1.264053652420733,-1.2450309175347494,0.920307393868181,-1.4378840525310816,-1.2138449250496566,-0.9171966542898811,0.1273735901836806,-1.526406486917249,-0.9501804779455227,0
0.8811049210364206,0.7715308156211609,-0.21042033859728654,-1.2740774193934234,0.019417685477379844,-1.6053471634500138,0.835482276362457,-1.0865934650343947,-0.4108240150088804,0.4627157873226936,0.8637677229720243,-1.0775117223646489,-1.2116689209208034,1.7245903044748498,1
-0.5695805731904461,0.7715308156211609,0.08948648307659827,0.94888916479251,-0.9664205030792226,-0.24017311933289098,0.6220963077576153,-1.0865934650343947,0.6162360225133209,0.8163653125887361,-1.8076788429208337,-1.0775117223646489,-1.1763148381650383,1.7245903044748498,1
-1.0531424045994016,0.7715308156211609,-0.41035821971320974,-2.0150662807887345,-0.5530354957813853,-0.5814666303621717,-0.7649124881738556,0.920307393868181,-0.4108240150088804,-0.8601953997836138,0.8637677229720243,1.3322589027320104,0.6534745181211457,-0.9501804779455227,0
-1.1498547708811926,0.7715308156211609,-1.0101718630609793,0.94888916479251,-0.5953876519687483,-1.264053652420733,-1.0849914410811181,-1.0865934650343947,1.6432960600355222,-1.1221580110917935,-0.026714465658928405,0.1273735901836806,-1.8290719270946525,0.8330000436680589,1
1.9449409501361228,-1.2961245095504037,-1.6599699766877298,-1.2740774193934234,-0.4860118978535159,-0.5814666303621717,1.1555612292697195,-1.0865934650343947,-0.4108240150088804,1.2747998823780506,0.8637677229720243,-1.0775117223646489,-1.3073836327717772,-0.05859021713873188,0
2.041653316417914,0.7715308156211609,0.38939330475048306,-0.5330885579981124,-0.6327880429897759,-1.264053652420733,0.19532437054793192,0.920307393868181,-1.4378840525310816,-0.13979821868611966,-0.9171966542898811,1.3322589027320104,0.22577634624652398,-0.9501804779455227,1
-0.47286820690865494,-1.2961245095504037,-0.3103892791552481,0.94888916479251,-0.49285698499521485,-1.6053471634500138,-0.4981800274178035,-1.0865934650343947,-0.4108240150088804,-0.6244290496062522,0.8637677229720243,1.3322589027320104,-1.229777109649366,1.7245903044748498,1
2.138365682699705,0.7715308156211609,-0.9102029225030177,0.94888916479251,0.5947254137143855,-0.24017311933289098,-1.0316449489299078,-1.0865934650343947,1.6432960600355222,-1.0959617499609757,-0.026714465658928405,0.1273735901836806,-0.723610119950973,0.8330000436680589,0
-1.4399918697265661,0.7715308156211609,1.7889584725619454,0.2079003033971988,-1.2608466342634488,-0.24017311933289098,1.1022147371185091,0.920307393868181,-0.4108240150088804,0.9997391405044622,0.8637677229720243,-1.0775117223646489,-2.0799996851904488,1.7245903044748498,1
-1.4399918697265661,-1.2961245095504037,1.3390982400511182,0.2079003033971988,-1.523231932018446,1.1250009247842319,-1.5651098704420119,0.920307393868181,0.6162360225133209,-1.3579243612691554,-1.8076788429208337,0.1273735901836806,-0.3321283255334765,-0.9501804779455227,0
-0.0860187417814905,0.7715308156211609,0.3394088344715023,-0.5330885579981124,-0.593377817871824,-0.24017311933289098,1.3156007057233507,0.920307393868181,-0.4108240150088804,1.5105662325554123,0.8637677229720243,-1.0775117223646489,-0.5968527988510347,0.8330000436680589,1
-0.47286820690865494,0.7715308156211609,1.6889895320039838,-0.5330885579981124,-0.9753336803786263,-1.6053471634500138,0.3553638470015632,-1.0865934650343947,1.6432960600355222,0.04357560922960617,-0.026714465658928405,1.3322589027320104,1.9977919575415797,-0.05859021713873188,1
-1.2465671371629838,-1.2961245095504037,-0.6102961008291329,0.94888916479251,-0.1928382719760686,0.7837074137549511,-0.818258980325066,0.920307393868181,-0.4108240150088804,-0.9125879220452499,0.8637677229720243,1.3322589027320104,-1.229777109649366,-0.9501804779455227,0
-1.5367042360083571,0.7715308156211609,0.9892069480982527,0.94888916479251,-1.0339684055541158,-0.5814666303621717,-0.9782984567786973,-1.0865934650343947,-1.4378840525310816,-1.0435692276993398,-0.9171966542898811,0.1273735901836806,-1.6393670927954251,-0.9501804779455227,1
-0.5695805731904461,0.7715308156211609,-1.1101408036189409,0.94888916479251,-0.3487314906244638,-1.6053471634500138,0.9421752606648778,0.920307393868181,-0.4108240150088804,0.7508746597616912,0.8637677229720243,-1.0775117223646489,-1.9403079435701085,-0.9501804779455227,0
-1.0531424045994016,-1.2961245095504037,-0.010482457481363327,0.2079003033971988,-1.3395214443474017,0.7837074137549511,-1.458416886139591,-1.0865934650343947,0.6162360225133209,-1.2924337084421105,-1.8076788429208337,0.1273735901836806,-1.756639172180402,-0.9501804779455227,1
-1.2465671371629838,0.7715308156211609,0.08948648307659827,0.2079003033971988,-1.3221320102044474,-0.9227601413914523,0.462056831303984,0.920307393868181,-0.4108240150088804,0.1090662620566511,0.8637677229720243,-1.0775117223646489,-1.062491937585502,-0.9501804779455227,1
-1.4399918697265661,0.7715308156211609,-0.9601873927819985,-1.2740774193934234,-0.28677616998449057,-1.264053652420733,-0.6048730117202243,0.920307393868181,1.6432960600355222,-0.7030178329987061,-0.026714465658928405,1.3322589027320104,-0.8753739873903549,0.8330000436680589,0
1.7515162175725405,-1.2961245095504037,-1.2600942144558833,0.94888916479251,0.5456738105372746,1.1250009247842319,1.2622542135721402,-1.0865934650343947,-0.4108240150088804,1.4188793185975497,0.8637677229720243,-1.0775117223646489,-0.8124264741910658,0.8330000436680589,1
-0.9564300383176104,0.7715308156211609,0.08948648307659827,-2.0150662807887345,-0.5902611186200717,1.1250009247842319,-1.2450309175347494,0.920307393868181,-1.4378840525310816,-1.2138449250496566,-0.9171966542898811,0.1273735901836806,-1.9877341521449154,-0.9501804779455227,0
0.20411835706388284,0.7715308156211609,-1.6599699766877298,0.94888916479251,-0.8388106019397197,-0.24017311933289098,0.835482276362457,0.920307393868181,-0.4108240150088804,0.4758139178881028,0.8637677229720243,-1.0775117223646489,-0.924524785367882,1.7245903044748498,1
-1.4399918697265661,0.7715308156211609,0.08948648307659827,-1.2740774193934234,0.10921940317039226,1.1250009247842319,0.6754427999088257,0.920307393868181,0.6162360225133209,0.8294634431541453,-1.8076788429208337,-1.0775117223646489,-2.2438356784488724,1.7245903044748498,1
-0.2794434743450727,0.7715308156211609,-0.21042033859728654,-0.5330885579981124,-0.1762061666232596,-0.24017311933289098,-0.818258980325066,0.920307393868181,-0.4108240150088804,-0.8863916609144319,0.8637677229720243,1.3322589027320104,-0.8038035271774645,1.7245903044748498,0
0.010693624500300621,0.7715308156211609,0.889238007540291,0.94888916479251,0.5173031089372117,-0.5814666303621717,-1.0849914410811181,0.920307393868181,1.6432960600355222,-1.1090598805263847,-0.026714465658928405,0.1273735901836806,-0.9788493515535698,0.8330000436680589,1
-1.4399918697265661,-1.2961245095504037,-0.9601873927819985,0.2079003033971988,-1.510823391072217,-1.6053471634500138,1.2089077214209298,0.920307393868181,-0.4108240150088804,1.3009961435088684,0.8637677229720243,-1.0775117223646489,-1.2772033182241729,0.8330000436680589,0
0.8811049210364206,0.7715308156211609,0.889238007540291,0.94888916479251,-1.2169798204957951,-0.9227601413914523,0.19532437054793192,-1.0865934650343947,-1.4378840525310816,-0.12670008812071074,-0.9171966542898811,1.3322589027320104,-1.4479376690934775,0.8330000436680589,1
0.6876801884728384,0.7715308156211609,-1.609985506408749,0.94888916479251,0.1493287010177092,1.1250009247842319,-0.4981800274178035,-1.0865934650343947,-0.4108240150088804,-0.6113309190408431,0.8637677229720243,1.3322589027320104,-1.4591475002111591,0.8330000436680589,1
-0.8597176720358194,0.7715308156211609,-0.010482457481363327,0.94888916479251,-0.07679219890147841,-0.24017311933289098,-1.0316449489299078,-1.0865934650343947,1.6432960600355222,-1.0828636193955667,-0.026714465658928405,0.1273735901836806,-1.0443837488569392,1.7245903044748498,0
-0.47286820690865494,-1.2961245095504037,-1.609985506408749,-1.2740774193934234,0.11720048349730935,1.4662944358135126,1.0488682449672986,-1.0865934650343947,-0.4108240150088804,0.9604447488082352,0.8637677229720243,-1.0775117223646489,-1.60401301003966,-0.05859021713873188,1
-1.2465671371629838,0.7715308156211609,-0.3103892791552481,0.2079003033971988,-1.4519265136232158,-1.6053471634500138,-1.5651098704420119,0.920307393868181,0.6162360225133209,-1.3710224918345644,-1.8076788429208337,0.1273735901836806,-1.4453507849893972,1.7245903044748498,0
-0.2794434743450727,-1.2961245095504037,0.889238007540291,-2.0150662807887345,-0.703947821233055,-1.6053471634500138,1.3156007057233507,0.920307393868181,-0.4108240150088804,1.5367624936862303,0.8637677229720243,-1.0775117223646489,-0.9883345932685311,1.7245903044748498,1
-0.3761558406268638,0.7715308156211609,0.9392224778192719,0.94888916479251,-1.036648184350015,-1.264053652420733,0.4087103391527736,-1.0865934650343947,1.6432960600355222,0.05667373979501511,-0.026714465658928405,1.3322589027320104,-1.6143605464559816,-0.9501804779455227,1
0.6876801884728384,-1.2961245095504037,-0.41035821971320974,0.94888916479251,-0.28287301391220265,0.7837074137549511,-0.818258980325066,-1.0865934650343947,-0.4108240150088804,-0.8994897914798409,0.8637677229720243,1.3322589027320104,-1.313419695681298,1.7245903044748498,0
0.010693624500300621,-1.2961245095504037,0.889238007540291,0.94888916479251,0.0011252823923289855,-0.24017311933289098,-0.9782984567786973,-1.0865934650343947,-1.4378840525310816,-1.0566673582647486,-0.9171966542898811,0.1273735901836806,-1.4384524273785162,1.7245903044748498,1
-0.7630053057540283,0.7715308156211609,0.38939330475048306,-2.0150662807887345,-0.9241557309830303,-1.6053471634500138,0.9421752606648778,0.920307393868181,-0.4108240150088804,0.7246783986308734,0.8637677229720243,-1.0775117223646489,-0.3036726003885924,0.8330000436680589,0
-1.3432795034447749,0.7715308156211609,1.7889584725619454,0.2079003033971988,-1.3214911935358626,-0.24017311933289098,-1.4050703939883806,-1.0865934650343947,0.6162360225133209,-1.2793355778767015,-1.8076788429208337,0.1273735901836806,-0.7124002888332913,-0.9501804779455227,1
0.6876801884728384,-1.2961245095504037,1.6889895320039838,-1.2740774193934234,-0.4088517453498539,-1.264053652420733,0.5154033234551945,-1.0865934650343947,-0.4108240150088804,0.12216439262206004,0.8637677229720243,-1.0775117223646489,-1.249609887780649,-0.9501804779455227,1
0.10740599078209173,0.7715308156211609,0.3394088344715023,-0.5330885579981124,-0.41916306810798765,0.44241390272567044,-0.6048730117202243,0.920307393868181,1.6432960600355222,-0.6899197024332971,-0.026714465658928405,1.3322589027320104,-0.007905517822069724,-0.9501804779455227,0
0.5909678221910473,0.7715308156211609,-1.0101718630609793,0.94888916479251,-0.6397787702834259,0.44241390272567044,1.2622542135721402,-1.0865934650343947,-0.4108240150088804,1.4450755797283674,0.8637677229720243,-1.0775117223646489,-1.4962261723696444,1.7245903044748498,1
0.010693624500300621,-1.2961245095504037,1.4890516508880607,-1.2740774193934234,-0.6167384982447711,-1.6053471634500138,-1.2450309175347494,-1.0865934650343947,-1.4378840525310816,-1.2138449250496566,-0.9171966542898811,0.1273735901836806,-1.5048491193832456,1.7245903044748498,0
0.10740599078209173,0.7715308156211609,-0.010482457481363327,-1.2740774193934234,1.9014088570191332,-0.9227601413914523,0.835482276362457,-1.0865934650343947,-0.4108240150088804,0.4627157873226936,0.8637677229720243,-1.0775117223646489,-1.8376948741082537,0.8330000436680589,1
-1.6334166022901482,-1.2961245095504037,-1.609985506408749,0.2079003033971988,-1.3438032648147624,-0.9227601413914523,0.6220963077576153,0.920307393868181,0.6162360225133209,0.8163653125887361,-1.8076788429208337,-1.0775117223646489,-2.1394980195842974,1.7245903044748498,1
0.8811049210364206,0.7715308156211609,0.38939330475048306,-0.5330885579981124,-0.503634356239592,1.4662944358135126,-0.7649124881738556,-1.0865934650343947,-0.4108240150088804,-0.8601953997836138,0.8637677229720243,1.3322589027320104,-0.5546003584843886,-0.05859021713873188,0
1.5580914850089584,0.7715308156211609,0.4393777750294639,-1.2740774193934234,0.99095401111239,0.7837074137549511,-1.0849914410811181,0.920307393868181,1.6432960600355222,-1.1221580110917935,-0.026714465658928405,0.1273735901836806,-1.7255965629314376,-0.9501804779455227,1
0.8811049210364206,-1.2961245095504037,1.7889584725619454,-1.2740774193934234,1.162605494201888,-1.264053652420733,1.1555612292697195,-1.0865934650343947,-0.4108240150088804,1.2747998823780506,0.8637677229720243,-1.0775117223646489,-1.090085368029026,-0.9501804779455227,0
-0.6662929394722371,0.7715308156211609,-1.1101408036189409,-1.2740774193934234,-0.012302739617557075,0.44241390272567044,0.19532437054793192,-1.0865934650343947,-1.4378840525310816,-0.13979821868611966,-0.9171966542898811,1.3322589027320104,-1.4125835863377123,1.7245903044748498,1
0.6876801884728384,-1.2961245095504037,-0.11045139803932492,0.94888916479251,-0.7428919978647636,-1.6053471634500138,-0.4981800274178035,-1.0865934650343947,-0.4108240150088804,-0.6244290496062522,0.8637677229720243,1.3322589027320104,-1.334977063215301,1.7245903044748498,1
-0.2794434743450727,-1.2961245095504037,-0.11045139803932492,0.94888916479251,-0.09001632469863302,0.10112039169638974,-1.0316449489299078,0.920307393868181,1.6432960600355222,-1.0959617499609757,-0.026714465658928405,0.1273735901836806,-1.1633804176446365,0.8330000436680589,0
0.010693624500300621,0.7715308156211609,-0.9601873927819985,0.94888916479251,-0.1007063118518395,-0.9227601413914523,1.1022147371185091,-1.0865934650343947,-0.4108240150088804,0.9997391405044622,0.8637677229720243,-1.0775117223646489,-1.0478329276623797,-0.9501804779455227,1
0.4942554559092562,0.7715308156211609,-1.0601563333399602,-2.0150662807887345,-0.6151073285429194,0.44241390272567044,-1.5651098704420119,0.920307393868181,0.6162360225133209,-1.3579243612691554,-1.8076788429208337,0.1273735901836806,-1.2401246460656874,1.7245903044748498,0
-0.5695805731904461,0.7715308156211609,-1.1101408036189409,0.94888916479251,-0.5493362359218289,0.7837074137549511,1.3156007057233507,0.920307393868181,-0.4108240150088804,1.5105662325554123,0.8637677229720243,-1.0775117223646489,-1.7273211523341578,0.8330000436680589,1
1.9449409501361228,0.7715308156211609,-1.609985506408749,0.94888916479251,0.01038799605641525,-0.9227601413914523,0.3553638470015632,-1.0865934650343947,1.6432960600355222,0.04357560922960617,-0.026714465658928405,1.3322589027320104,-1.9929079203530762,0.8330000436680589,1
-0.47286820690865494,-1.2961245095504037,-0.4603426899921905,0.94888916479251,-0.929573544635609,0.10112039169638974,-0.818258980325066,0.920307393868181,-0.4108240150088804,-0.9125879220452499,0.8637677229720243,1.3322589027320104,-1.1780394275677586,-0.05859021713873188,0
-0.2794434743450727,0.7715308156211609,-0.6102961008291329,0.94888916479251,-0.6177579793084284,1.4662944358135126,-0.9782984567786973,0.920307393868181,-1.4378840525310816,-1.0435692276993398,-0.9171966542898811,0.1273735901836806,-1.8549407681354562,1.7245903044748498,1
0.4942554559092562,0.7715308156211609,-1.1101408036189409,0.94888916479251,-0.49393472211965256,1.1250009247842319,0.9421752606648778,-1.0865934650343947,-0.4108240150088804,0.7508746597616912,0.8637677229720243,-1.0775117223646489,-1.7764719503116848,1.7245903044748498,0
-0.8597176720358194,0.7715308156211609,-0.21042033859728654,0.94888916479251,-0.6571390763959901,1.4662944358135126,-1.458416886139591,0.920307393868181,0.6162360225133209,-1.2924337084421105,-1.8076788429208337,0.1273735901836806,-0.7563773186026577,-0.9501804779455227,1
-0.6662929394722371,0.7715308156211609,0.3394088344715023,-0.5330885579981124,-0.28068841163293706,-0.9227601413914523,0.462056831303984,-1.0865934650343947,-0.4108240150088804,0.1090662620566511,0.8637677229720243,-1.0775117223646489,-0.5727085472129512,-0.9501804779455227,1
-0.0860187417814905,-1.2961245095504037,-0.9601873927819985,0.94888916479251,-0.6206707823474492,-0.9227601413914523,-0.6048730117202243,0.920307393868181,1.6432960600355222,-0.7030178329987061,-0.026714465658928405,1.3322589027320104,-0.6675609643625648,0.8330000436680589,0
-1.5367042360083571,0.7715308156211609,-0.9102029225030177,0.2079003033971988,-1.5723709192867275,-1.264053652420733,1.2622542135721402,0.920307393868181,-0.4108240150088804,1.4188793185975497,0.8637677229720243,-1.0775117223646489,-1.6471277451076662,-0.9501804779455227,1
2.138365682699705,-1.2961245095504037,-0.9102029225030177,0.94888916479251,0.035845894617457366,0.7837074137549511,-1.2450309175347494,-1.0865934650343947,-1.4378840525310816,-1.2138449250496566,-0.9171966542898811,0.1273735901836806,-0.7434428980822558,1.7245903044748498,0
-1.0531424045994016,-1.2961245095504037,-0.9102029225030177,0.2079003033971988,-1.393524812690848,0.44241390272567044,0.835482276362457,0.920307393868181,-0.4108240150088804,0.4758139178881028,0.8637677229720243,-1.0775117223646489,-0.8063904112815449,-0.9501804779455227,1
1.9449409501361228,0.7715308156211609,1.7889584725619454,-2.0150662807887345,-0.2635028737027141,-1.264053652420733,0.6754427999088257,-1.0865934650343947,0.6162360225133209,0.8294634431541453,-1.8076788429208337,-1.0775117223646489,-0.19329887861449646,1.7245903044748498,1
0.010693624500300621,0.7715308156211609,-0.11045139803932492,0.94888916479251,-0.26332810552037283,0.10112039169638974,-0.818258980325066,-1.0865934650343947,-0.4108240150088804,-0.8863916609144319,0.8637677229720243,1.3322589027320104,-1.7531899933749615,-0.9501804779455227,0
-1.9235537011355215,-1.2961245095504037,-0.4603426899921905,-1.2740774193934234,-0.015069902504626871,-0.5814666303621717,-1.0849914410811181,-1.0865934650343947,1.6432960600355222,-1.1090598805263847,-0.026714465658928405,0.1273735901836806,-1.1073312620562283,-0.9501804779455227,1
0.9778172873182117,-1.2961245095504037,0.38939330475048306,0.94888916479251,-0.9208060074881563,-0.9227601413914523,1.2089077214209298,0.920307393868181,-0.4108240150088804,1.3009961435088684,0.8637677229720243,-1.0775117223646489,-1.0926722521331063,0.8330000436680589,0
-1.2465671371629838,0.7715308156211609,-1.1101408036189409,0.2079003033971988,-1.4696654841308527,1.1250009247842319,0.19532437054793192,-1.0865934650343947,-1.4378840525310816,-0.12670008812071074,-0.9171966542898811,1.3322589027320104,-1.5608982749716538,-0.9501804779455227,1
1.5580914850089584,0.7715308156211609,-0.9102029225030177,-1.2740774193934234,1.8044707718805197,1.4662944358135126,-0.4981800274178035,0.920307393868181,-0.4108240150088804,-0.6113309190408431,0.8637677229720243,1.3322589027320104,-1.7988916125470482,-0.9501804779455227,1
-0.3761558406268638,0.7715308156211609,-1.0601563333399602,0.94888916479251,-0.4543788568497496,-0.5814666303621717,-1.0316449489299078,0.920307393868181,1.6432960600355222,-1.0828636193955667,-0.026714465658928405,0.1273735901836806,-1.084049305119505,-0.05859021713873188,0
-0.7630053057540283,0.7715308156211609,0.7892690669823295,0.2079003033971988,-1.507590179698904,1.4662944358135126,1.0488682449672986,-1.0865934650343947,-0.4108240150088804,0.9604447488082352,0.8637677229720243,-1.0775117223646489,-2.067927559371407,-0.9501804779455227,1
-1.9235537011355215,0.7715308156211609,-1.2600942144558833,0.2079003033971988,-1.595236423143041,1.1250009247842319,-1.5651098704420119,0.920307393868181,0.6162360225133209,-1.3710224918345644,-1.8076788429208337,0.1273735901836806,-2.0084292249775584,0.8330000436680589,0
0.20411835706388284,-1.2961245095504037,-0.11045139803932492,-1.2740774193934234,-0.46681652582636857,-0.9227601413914523,1.3156007057233507,-1.0865934650343947,-0.4108240150088804,1.5367624936862303,0.8637677229720243,-1.0775117223646489,-1.9282358177510668,1.7245903044748498,1
-0.9564300383176104,0.7715308156211609,-1.0101718630609793,0.94888916479251,-0.27206651463743536,-0.9227601413914523,0.4087103391527736,0.920307393868181,1.6432960600355222,0.05667373979501511,-0.026714465658928405,1.3322589027320104,-0.8546789145577118,-0.9501804779455227,1
-0.2794434743450727,-1.2961245095504037,0.9892069480982527,-0.5330885579981124,-0.026662858599929805,0.7837074137549511,-0.818258980325066,-1.0865934650343947,-0.4108240150088804,-0.8994897914798409,0.8637677229720243,1.3322589027320104,-1.0124788449066147,0.8330000436680589,0
0.39754308962746504,-1.2961245095504037,-0.6102961008291329,0.94888916479251,-1.2169798204957951,1.4662944358135126,-0.9782984567786973,-1.0865934650343947,-1.4378840525310816,-1.0566673582647486,-0.9171966542898811,0.1273735901836806,-0.9374592058882838,1.7245903044748498,1
-0.1827311080632816,0.7715308156211609,0.08948648307659827,0.94888916479251,-0.7457174168126137,0.10112039169638974,0.9421752606648778,0.920307393868181,-0.4108240150088804,0.7246783986308734,0.8637677229720243,-1.0775117223646489,-0.8736493979876346,1.7245903044748498,0
-0.47286820690865494,0.7715308156211609,0.3394088344715023,0.94888916479251,0.028767783232636734,-1.264053652420733,-1.4050703939883806,0.920307393868181,0.6162360225133209,-1.2793355778767015,-1.8076788429208337,0.1273735901836806,-1.8851210826830604,1.7245903044748498,1
-1.6334166022901482,-1.2961245095504037,-0.9601873927819985,0.2079003033971988,-1.4559170537866744,0.10112039169638974,0.5154033234551945,0.920307393868181,-0.4108240150088804,0.12216439262206004,0.8637677229720243,-1.0775117223646489,-1.486740930654683,-0.9501804779455227,1
-0.5695805731904461,0.7715308156211609,0.7892690669823295,0.94888916479251,-1.091991442091411,-0.24017311933289098,-0.6048730117202243,0.920307393868181,1.6432960600355222,-0.6899197024332971,-0.026714465658928405,1.3322589027320104,-1.4496622584961978,-0.9501804779455227,0
-1.0531424045994016,0.7715308156211609,0.4393777750294639,0.2079003033971988,-1.389330376314658,-1.264053652420733,1.2622542135721402,0.920307393868181,-0.4108240150088804,1.4450755797283674,0.8637677229720243,-1.0775117223646489,-1.1866623745813598,-0.9501804779455227,1
-1.9235537011355215,-1.2961245095504037,-0.41035821971320974,-0.5330885579981124,-0.8207512230977905,-0.5814666303621717,-1.2450309175347494,0.920307393868181,-1.4378840525310816,-1.2138449250496566,-0.9171966542898811,0.1273735901836806,0.46204509441919805,0.8330000436680589,0
-0.1827311080632816,0.7715308156211609,-0.4603426899921905,0.94888916479251,0.3435252796292284,1.4662944358135126,0.835482276362457,-1.0865934650343947,-0.4108240150088804,0.4627157873226936,0.8637677229720243,-1.0775117223646489,-1.4022360499213908,-0.9501804779455227,1
0.7843925547546295,-1.2961245095504037,-0.21042033859728654,-2.0150662807887345,-1.2873822699489288,0.7837074137549511,0.6220963077576153,-1.0865934650343947,0.6162360225133209,0.8163653125887361,-1.8076788429208337,-1.0775117223646489,-0.7365445404713749,-0.9501804779455227,1
0.9778172873182117,0.7715308156211609,-0.21042033859728654,0.94888916479251,-1.0393279631459142,0.10112039169638974,-0.7649124881738556,0.920307393868181,-0.4108240150088804,-0.8601953997836138,0.8637677229720243,1.3322589027320104,-0.307984073895393,1.7245903044748498,0
-1.6334166022901482,-1.2961245095504037,-1.6599699766877298,-1.2740774193934234,-0.7947107639289442,1.1250009247842319,-1.0849914410811181,-1.0865934650343947,1.6432960600355222,-1.1221580110917935,-0.026714465658928405,0.1273735901836806,-1.8126883277688102,0.8330000436680589,1
-0.47286820690865494,0.7715308156211609,-0.9601873927819985,-2.0150662807887345,-1.1970271196785023,-1.6053471634500138,1.1555612292697195,0.920307393868181,-0.4108240150088804,1.2747998823780506,0.8637677229720243,-1.0775117223646489,0.766435123999322,1.7245903044748498,0
-1.4399918697265661,0.7715308156211609,-1.0601563333399602,-2.0150662807887345,-0.9756540887129187,-1.264053652420733,0.19532437054793192,0.920307393868181,-1.4378840525310816,-0.13979821868611966,-0.9171966542898811,1.3322589027320104,0.5750057002973744,0.8330000436680589,1
-0.5695805731904461,-1.2961245095504037,-0.9601873927819985,0.94888916479251,-0.5937273542365065,-0.9227601413914523,-0.4981800274178035,-1.0865934650343947,-0.4108240150088804,-0.6244290496062522,0.8637677229720243,1.3322589027320104,-0.8857215238066763,0.8330000436680589,1
-0.1827311080632816,-1.2961245095504037,-1.2101097441769024,0.94888916479251,-0.364693651278298,-0.24017311933289098,-1.0316449489299078,0.920307393868181,1.6432960600355222,-1.0959617499609757,-0.026714465658928405,0.1273735901836806,-1.5729704007906955,-0.9501804779455227,0
-1.6334166022901482,-1.2961245095504037,-0.9102029225030177,0.2079003033971988,-1.481171056134985,-1.6053471634500138,1.1022147371185091,0.920307393868181,-0.4108240150088804,0.9997391405044622,0.8637677229720243,-1.0775117223646489,-0.9564296893182066,0.8330000436680589,1
-0.8597176720358194,-1.2961245095504037,0.889238007540291,0.2079003033971988,-1.4920940675313132,1.4662944358135126,-1.5651098704420119,0.920307393868181,0.6162360225133209,-1.3579243612691554,-1.8076788429208337,0.1273735901836806,-1.1280263348888713,-0.05859021713873188,0
1.9449409501361228,0.7715308156211609,-0.4603426899921905,0.94888916479251,-0.3038743238235429,-0.5814666303621717,1.3156007057233507,0.920307393868181,-0.4108240150088804,1.5105662325554123,0.8637677229720243,-1.0775117223646489,-1.070252589897743,-0.9501804779455227,1
0.010693624500300621,-1.2961245095504037,1.3390982400511182,0.94888916479251,-0.8488597724243416,-1.264053652420733,0.3553638470015632,-1.0865934650343947,1.6432960600355222,0.04357560922960617,-0.026714465658928405,1.3322589027320104,-0.9434952687978047,0.8330000436680589,1
1.4613791187271672,0.7715308156211609,1.6889895320039838,-0.5330885579981124,-0.61799100355155,-0.5814666303621717,-0.818258980325066,-1.0865934650343947,-0.4108240150088804,-0.9125879220452499,0.8637677229720243,1.3322589027320104,0.5482745645552105,-0.9501804779455227,0
-1.6334166022901482,0.7715308156211609,0.38939330475048306,-1.2740774193934234,-0.21267446067180049,0.7837074137549511,-0.9782984567786973,0.920307393868181,-1.4378840525310816,-1.0435692276993398,-0.9171966542898811,0.1273735901836806,-1.8075145595606494,-0.9501804779455227,1
0.5909678221910473,0.7715308156211609,-1.0601563333399602,-1.2740774193934234,0.30257126890059544,0.7837074137549511,0.9421752606648778,-1.0865934650343947,-0.4108240150088804,0.7508746597616912,0.8637677229720243,-1.0775117223646489,-2.2438356784488724,-0.9501804779455227,0
1.3646667524453762,0.7715308156211609,-1.1101408036189409,-0.5330885579981124,-1.2169798204957951,-0.24017311933289098,-1.458416886139591,-1.0865934650343947,0.6162360225133209,-1.2924337084421105,-1.8076788429208337,0.1273735901836806,-0.16829233227505286,-0.05859021713873188,1
0.9778172873182117,0.7715308156211609,-1.2600942144558833,0.94888916479251,-1.2169798204957951,-0.9227601413914523,0.462056831303984,0.920307393868181,-0.4108240150088804,0.1090662620566511,0.8637677229720243,-1.0775117223646489,-1.3763672088805872,0.8330000436680589,1
-0.5695805731904461,0.7715308156211609,0.3394088344715023,0.94888916479251,0.3165527234878955,0.10112039169638974,-0.6048730117202243,0.920307393868181,1.6432960600355222,-0.7030178329987061,-0.026714465658928405,1.3322589027320104,-1.5721081060893354,-0.9501804779455227,0
-0.8597176720358194,-1.2961245095504037,-1.0601563333399602,0.94888916479251,-0.126076826321711,1.4662944358135126,1.2622542135721402,-1.0865934650343947,-0.4108240150088804,1.4188793185975497,0.8637677229720243,-1.0775117223646489,-1.3599836095547448,0.8330000436680589,1
1.0745296536000029,0.7715308156211609,-1.0601563333399602,-1.2740774193934234,0.3563998690617005,-0.24017311933289098,-1.2450309175347494,-1.0865934650343947,-1.4378840525310816,-1.2138449250496566,-0.9171966542898811,0.1273735901836806,-1.5022622352791652,-0.9501804779455227,0
-0.47286820690865494,-1.2961245095504037,-1.2600942144558833,0.94888916479251,0.24594637782203038,1.1250009247842319,0.835482276362457,-1.0865934650343947,-0.4108240150088804,0.4758139178881028,0.8637677229720243,-1.0775117223646489,-1.4625966790165996,-0.9501804779455227,1
-1.5367042360083571,-1.2961245095504037,-0.010482457481363327,0.94888916479251,0.4130247601402656,-1.6053471634500138,0.6754427999088257,-1.0865934650343947,0.6162360225133209,0.8294634431541453,-1.8076788429208337,-1.0775117223646489,-1.8773604303708193,-0.05859021713873188,1
-0.2794434743450727,0.7715308156211609,1.6390050617250032,0.94888916479251,0.06392531591361825,-1.264053652420733,-0.818258980325066,0.920307393868181,-0.4108240150088804,-0.8863916609144319,0.8637677229720243,1.3322589027320104,-1.2271902255452856,-0.9501804779455227,0
-0.47286820690865494,0.7715308156211609,-0.9102029225030177,-1.2740774193934234,-0.875890584626455,1.1250009247842319,-1.0849914410811181,-1.0865934650343947,1.6432960600355222,-1.1090598805263847,-0.026714465658928405,0.1273735901836806,-1.153895175929675,0.8330000436680589,1
-1.8268413348537305,0.7715308156211609,0.3394088344715023,0.94888916479251,0.16036822453559818,1.1250009247842319,1.2089077214209298,0.920307393868181,-0.4108240150088804,1.3009961435088684,0.8637677229720243,-1.0775117223646489,-1.3996491658173105,-0.9501804779455227,0
-1.2465671371629838,-1.2961245095504037,0.9392224778192719,0.2079003033971988,-1.3455218186077846,0.10112039169638974,0.19532437054793192,0.920307393868181,-1.4378840525310816,-0.12670008812071074,-0.9171966542898811,1.3322589027320104,-1.4876032253560432,1.7245903044748498,1
1.8482285838543318,0.7715308156211609,-1.0601563333399602,-0.5330885579981124,-0.14154381045891162,0.44241390272567044,-0.4981800274178035,0.920307393868181,-0.4108240150088804,-0.6113309190408431,0.8637677229720243,1.3322589027320104,0.7974777332482864,0.8330000436680589,1
0.8811049210364206,-1.2961245095504037,1.6889895320039838,-1.2740774193934234,0.5065257376928345,0.10112039169638974,-1.0316449489299078,-1.0865934650343947,1.6432960600355222,-1.0828636193955667,-0.026714465658928405,0.1273735901836806,-0.3924889546286852,0.8330000436680589,0
1.6548038512907495,0.7715308156211609,-0.4603426899921905,0.94888916479251,0.6456120828060795,0.7837074137549511,1.0488682449672986,0.920307393868181,-0.4108240150088804,0.9604447488082352,0.8637677229720243,-1.0775117223646489,-1.0512821064678202,0.8330000436680589,1
-1.5367042360083571,0.7715308156211609,-1.609985506408749,-0.5330885579981124,-1.2169798204957951,-1.6053471634500138,-1.5651098704420119,0.920307393868181,0.6162360225133209,-1.3710224918345644,-1.8076788429208337,0.1273735901836806,-0.2838398222573095,1.7245903044748498,0
-1.5367042360083571,0.7715308156211609,1.6889895320039838,0.2079003033971988,-1.458363808339452,0.44241390272567044,1.3156007057233507,-1.0865934650343947,-0.4108240150088804,1.5367624936862303,0.8637677229720243,-1.0775117223646489,-0.3571348718729201,-0.9501804779455227,1
-1.3432795034447749,-1.2961245095504037,0.3394088344715023,0.94888916479251,-0.4377176234665504,-1.6053471634500138,0.4087103391527736,0.920307393868181,1.6432960600355222,0.05667373979501511,-0.026714465658928405,1.3322589027320104,-1.5324425498267698,-0.9501804779455227,1
0.10740599078209173,0.7715308156211609,-1.609985506408749,-1.2740774193934234,-0.6265546444862713,0.44241390272567044,-0.818258980325066,0.920307393868181,-0.4108240150088804,-0.8994897914798409,0.8637677229720243,1.3322589027320104,-0.5382167591585463,1.7245903044748498,0
-1.7301289685719394,-1.2961245095504037,-1.0601563333399602,0.2079003033971988,-1.3608722906234245,0.10112039169638974,-0.9782984567786973,-1.0865934650343947,-1.4378840525310816,-1.0566673582647486,-0.9171966542898811,0.1273735901836806,-1.5772818742974961,1.7245903044748498,1
0.7843925547546295,0.7715308156211609,-1.609985506408749,0.94888916479251,0.036457583255651745,-0.5814666303621717,0.9421752606648778,-1.0865934650343947,-0.4108240150088804,0.7246783986308734,0.8637677229720243,-1.0775117223646489,-1.7299080364382382,-0.9501804779455227,0
1.7515162175725405,0.7715308156211609,-1.2101097441769024,0.94888916479251,-0.9026009884942761,-0.5814666303621717,-1.4050703939883806,-1.0865934650343947,0.6162360225133209,-1.2793355778767015,-1.8076788429208337,0.1273735901836806,-1.069390295196383,0.8330000436680589,1
0.20411835706388284,-1.2961245095504037,0.889238007540291,0.94888916479251,0.11702571531496811,1.4662944358135126,0.5154033234551945,-1.0865934650343947,-0.4108240150088804,0.6591877458038283,0.8637677229720243,-1.0775117223646489,-1.4470753743921174,1.7245903044748498,1
-1.6334166022901482,-1.2961245095504037,-0.9601873927819985,0.2079003033971988,-1.37004762019634,-0.9227601413914523,-0.7115659960226451,0.920307393868181,1.6432960600355222,-0.729214094129524,-0.026714465658928405,1.3322589027320104,-1.9006423873075429,0.8330000436680589,0
0.010693624500300621,0.7715308156211609,-1.6599699766877298,0.2079003033971988,-1.3272002874923436,-0.9227601413914523,1.1022147371185091,-1.0865934650343947,-0.4108240150088804,1.052131662766098,0.8637677229720243,-1.0775117223646489,-1.1978722056990414,-0.05859021713873188,1
0.4942554559092562,0.7715308156211609,-0.3103892791552481,-0.5330885579981124,0.03835090523101529,-1.6053471634500138,-1.3517239018371703,-1.0865934650343947,-1.4378840525310816,-1.2400411861804745,-0.9171966542898811,0.1273735901836806,-1.3194557585908189,1.7245903044748498,0
0.6876801884728384,0.7715308156211609,0.3394088344715023,-1.2740774193934234,0.204934111032617,0.7837074137549511,1.368947197874561,0.920307393868181,-0.4108240150088804,1.4450755797283674,0.8637677229720243,-1.0775117223646489,-0.4123217327599681,-0.05859021713873188,1
-1.3432795034447749,0.7715308156211609,1.6889895320039838,0.2079003033971988,-1.6539002763489206,-0.24017311933289098,-0.4981800274178035,-1.0865934650343947,0.6162360225133209,-0.5196440050829803,-1.8076788429208337,1.3322589027320104,-1.5755572848947759,-0.9501804779455227,1
1.6548038512907495,-1.2961245095504037,-0.41035821971320974,-0.5330885579981124,-0.5950963716648462,1.1250009247842319,0.6754427999088257,-1.0865934650343947,-0.4108240150088804,0.8556597042849632,0.8637677229720243,-1.0775117223646489,-1.2056328580112825,0.8330000436680589,0
-0.0860187417814905,-1.2961245095504037,0.2894243641925215,-1.2740774193934234,-0.474564581910164,0.44241390272567044,-0.5515265195690139,0.920307393868181,1.6432960600355222,-0.7554103552603421,-0.026714465658928405,0.1273735901836806,-1.5039868246818855,-0.05859021713873188,1
-1.9235537011355215,0.7715308156211609,-0.11045139803932492,0.2079003033971988,-1.4725200311090931,-1.264053652420733,0.835482276362457,0.920307393868181,-0.4108240150088804,0.6460896152384192,0.8637677229720243,-1.0775117223646489,-1.05041981176646,-0.9501804779455227,0
1.3646667524453762,0.7715308156211609,-1.2600942144558833,-2.0150662807887345,-0.7268133250893685,-0.5814666303621717,-1.6184563625932222,-1.0865934650343947,-1.4378840525310816,-1.3972187529653821,-0.9171966542898811,0.1273735901836806,0.43358936927431396,0.8330000436680589,1
0.9778172873182117,0.7715308156211609,0.3394088344715023,-1.2740774193934234,0.7393460846017701,1.4662944358135126,0.24867086269914235,-1.0865934650343947,-0.4108240150088804,0.3710288733648308,0.8637677229720243,-1.0775117223646489,-1.9170259866333852,-0.9501804779455227,1
-1.9235537011355215,0.7715308156211609,-0.010482457481363327,-2.0150662807887345,-0.9957524296821625,1.4662944358135126,-0.7649124881738556,0.920307393868181,1.6432960600355222,-0.8994897914798409,-0.026714465658928405,1.3322589027320104,0.0024420185942517687,-0.9501804779455227,0
-0.5695805731904461,0.7715308156211609,-0.4603426899921905,-2.0150662807887345,-0.7669517509670757,-1.6053471634500138,1.2089077214209298,0.920307393868181,-0.4108240150088804,1.222407360116415,0.8637677229720243,-1.0775117223646489,-1.2772033182241729,1.7245903044748498,1
-0.9564300383176104,-1.2961245095504037,-0.21042033859728654,0.94888916479251,-0.7697771699149258,1.4662944358135126,-1.2450309175347494,0.920307393868181,0.6162360225133209,-1.1745505333534296,-1.8076788429208337,0.1273735901836806,-1.785094897325286,-0.05859021713873188,0
-1.5367042360083571,-1.2961245095504037,-1.609985506408749,0.2079003033971988,-1.5656423442665892,1.4662944358135126,1.368947197874561,-1.0865934650343947,-0.4108240150088804,1.5760568853824573,0.8637677229720243,-1.0775117223646489,-1.9998062779639572,-0.9501804779455227,1
2.138365682699705,0.7715308156211609,-1.0601563333399602,-1.2740774193934234,0.7726976793985586,-0.9227601413914523,0.5687498156064048,-1.0865934650343947,1.6432960600355222,-0.28387765490561845,-0.026714465658928405,1.3322589027320104,-1.875635840968099,0.8330000436680589,1
-1.7301289685719394,-1.2961245095504037,-1.609985506408749,-0.5330885579981124,-0.5942807868139204,1.4662944358135126,-0.6048730117202243,0.920307393868181,-0.4108240150088804,-0.6375271801716612,0.8637677229720243,1.3322589027320104,-2.0291242978102013,-0.9501804779455227,0
-0.2794434743450727,-1.2961245095504037,0.889238007540291,-1.2740774193934234,-0.3688589596240978,-0.5814666303621717,-1.0849914410811181,0.920307393868181,-1.4378840525310816,-1.1090598805263847,-0.9171966542898811,0.1273735901836806,-1.3479114837357031,1.7245903044748498,1
0.30083072334567396,-1.2961245095504037,-0.9601873927819985,-2.0150662807887345,-0.694452083325847,-0.24017311933289098,1.0488682449672986,-1.0865934650343947,-0.4108240150088804,0.881855965415781,0.8637677229720243,-1.0775117223646489,-0.9572919840195667,1.7245903044748498,0
0.9778172873182117,-1.2961245095504037,-0.9102029225030177,0.94888916479251,-1.096622798923454,-1.6053471634500138,-1.5651098704420119,-1.0865934650343947,0.6162360225133209,-1.3186299695729284,-1.8076788429208337,0.1273735901836806,-1.1202656825766302,-0.9501804779455227,1
-1.5367042360083571,-1.2961245095504037,-1.0601563333399602,-1.2740774193934234,1.0234026369670821,0.7837074137549511,0.30201735485035275,-1.0865934650343947,-0.4108240150088804,-0.13979821868611966,0.8637677229720243,1.3322589027320104,-0.4235315638776497,-0.05859021713873188,1
1.9449409501361228,-1.2961245095504037,-0.010482457481363327,-2.0150662807887345,-0.7322020107115571,1.4662944358135126,-0.3381405509641722,-1.0865934650343947,1.6432960600355222,-0.4934477439521624,-0.026714465658928405,1.3322589027320104,1.4640315373996626,-0.9501804779455227,0
-1.3432795034447749,-1.2961245095504037,-1.609985506408749,0.94888916479251,0.09887895238186829,-0.5814666303621717,1.4222936900257714,0.920307393868181,-0.4108240150088804,1.6022531465132752,0.8637677229720243,-1.0775117223646489,-1.9247866389456263,-0.9501804779455227,1
1.9449409501361228,0.7715308156211609,0.4393777750294639,-2.0150662807887345,-1.0208899199089123,0.7837074137549511,-1.2983774096859597,-1.0865934650343947,-1.4378840525310816,-1.2400411861804745,-0.9171966542898811,0.1273735901836806,-0.3873151864205245,1.7245903044748498,0
-0.9564300383176104,-1.2961245095504037,-0.010482457481363327,0.94888916479251,-0.4798076273804015,-0.5814666303621717,0.8888287685136673,-1.0865934650343947,-0.4108240150088804,0.5282064401497385,0.8637677229720243,-1.0775117223646489,-1.4117212916363522,-0.9501804779455227,1
0.20411835706388284,0.7715308156211609,-1.2600942144558833,0.94888916479251,-0.6566730279097468,1.4662944358135126,0.6220963077576153,-1.0865934650343947,0.6162360225133209,0.7115802680654641,-1.8076788429208337,-1.0775117223646489,-1.3634327883601853,1.7245903044748498,1
0.010693624500300621,-1.2961245095504037,0.38939330475048306,-0.5330885579981124,-0.9373507287497946,0.7837074137549511,-0.7115659960226451,-1.0865934650343947,-0.4108240150088804,-0.807802877521978,0.8637677229720243,1.3322589027320104,0.34563530973558126,-0.9501804779455227,0
-0.0860187417814905,0.7715308156211609,0.38939330475048306,0.94888916479251,-0.9477494355990991,-1.6053471634500138,-1.3517239018371703,0.920307393868181,1.6432960600355222,-1.2662374473112923,-0.026714465658928405,0.1273735901836806,-1.8282096323932924,0.8330000436680589,1
-0.7630053057540283,0.7715308156211609,1.7889584725619454,0.94888916479251,-0.10408516337710366,1.4662944358135126,1.2089077214209298,0.920307393868181,-0.4108240150088804,1.2747998823780506,0.8637677229720243,-1.0775117223646489,-2.242973383747512,-0.9501804779455227,0
-1.9235537011355215,0.7715308156211609,0.08948648307659827,-1.2740774193934234,0.06902272123190471,1.1250009247842319,0.14197787839672152,0.920307393868181,-1.4378840525310816,-0.035013174162847924,-0.9171966542898811,1.3322589027320104,-2.2438356784488724,0.8330000436680589,1
-0.5695805731904461,0.7715308156211609,-1.6599699766877298,0.94888916479251,-0.8136148556521895,-0.9227601413914523,-0.5515265195690139,-1.0865934650343947,-0.4108240150088804,-0.5982327884754342,0.8637677229720243,1.3322589027320104,-0.7106756994305711,0.8330000436680589,1
0.20411835706388284,-1.2961245095504037,1.6889895320039838,-2.0150662807887345,-0.4644862833951519,1.1250009247842319,-1.191684425383539,-1.0865934650343947,1.6432960600355222,-1.0828636193955667,-0.026714465658928405,0.1273735901836806,-0.03463665356423358,-0.9501804779455227,0
-0.0860187417814905,0.7715308156211609,0.9392224778192719,0.94888916479251,-0.7762435926615521,-0.9227601413914523,1.1022147371185091,0.920307393868181,-0.4108240150088804,1.012837271069871,0.8637677229720243,-1.0775117223646489,-1.2409869407670475,-0.9501804779455227,1
0.39754308962746504,0.7715308156211609,1.3390982400511182,0.94888916479251,-0.3914914392372897,0.44241390272567044,-1.6184563625932222,-1.0865934650343947,0.6162360225133209,-1.3448262307037464,-1.8076788429208337,0.1273735901836806,-0.6158232822809574,-0.9501804779455227,0
0.8811049210364206,-1.2961245095504037,-0.41035821971320974,-1.2740774193934234,0.7728724475808999,-1.264053652420733,1.3156007057233507,-1.0865934650343947,-0.4108240150088804,1.5105662325554123,0.8637677229720243,-1.0775117223646489,-0.9383215005896439,0.8330000436680589,1
0.30083072334567396,0.7715308156211609,1.6889895320039838,-1.2740774193934234,-0.734707021325115,-1.6053471634500138,0.4087103391527736,-1.0865934650343947,1.6432960600355222,0.22694943714533178,-0.026714465658928405,-1.0775117223646489,-0.6529019544394428,1.7245903044748498,1
-0.2794434743450727,0.7715308156211609,0.889238007540291,0.94888916479251,0.23790704143433286,-0.24017311933289098,-0.7649124881738556,0.920307393868181,-0.4108240150088804,-0.8601953997836138,0.8637677229720243,1.3322589027320104,-1.2789279076268931,-0.9501804779455227,0
0.4942554559092562,0.7715308156211609,0.9892069480982527,0.94888916479251,-0.8040608616842011,-1.6053471634500138,-1.0316449489299078,-1.0865934650343947,-1.4378840525310816,-1.0435692276993398,-0.9171966542898811,0.1273735901836806,-0.5330429909503854,-0.05859021713873188,1
-0.5695805731904461,-1.2961245095504037,-0.4603426899921905,-1.2740774193934234,1.1411381358043045,-1.264053652420733,0.9421752606648778,0.920307393868181,-0.4108240150088804,0.7901690514579183,0.8637677229720243,-1.0775117223646489,-0.7744855073312203,-0.9501804779455227,0
1.3646667524453762,-1.2961245095504037,1.6390050617250032,-1.2740774193934234,-0.7709714191609244,1.1250009247842319,-1.458416886139591,0.920307393868181,0.6162360225133209,-1.2793355778767015,-1.8076788429208337,0.1273735901836806,-1.334114768513941,-0.9501804779455227,1
1.3646667524453762,-1.2961245095504037,-0.41035821971320974,-1.2740774193934234,-0.9096499718487064,0.7837074137549511,0.5154033234551945,-1.0865934650343947,-0.4108240150088804,0.12216439262206004,0.8637677229720243,1.3322589027320104,-1.2315016990520862,0.8330000436680589,1
0.30083072334567396,-1.2961245095504037,-0.9102029225030177,-0.5330885579981124,-0.24430750167556678,0.7837074137549511,-0.5515265195690139,0.920307393868181,1.6432960600355222,-0.6899197024332971,-0.026714465658928405,1.3322589027320104,0.3568451408532629,-0.9501804779455227,0
-0.8597176720358194,0.7715308156211609,-0.3103892791552481,-0.5330885579981124,-0.3915496952980701,0.7837074137549511,1.2622542135721402,0.920307393868181,-0.4108240150088804,1.4450755797283674,0.8637677229720243,-1.0775117223646489,-0.4838921929728584,0.8330000436680589,1
-1.2465671371629838,0.7715308156211609,-1.6599699766877298,0.94888916479251,-0.3580233323189403,-0.9227601413914523,-1.2450309175347494,0.920307393868181,-1.4378840525310816,-1.2007467944842474,-0.9171966542898811,0.1273735901836806,-0.5934036200455942,1.7245903044748498,0
-0.47286820690865494,0.7715308156211609,-1.0601563333399602,0.94888916479251,-0.22237409479173986,0.44241390272567044,0.7821357842112465,0.920307393868181,-0.4108240150088804,0.4627157873226936,0.8637677229720243,-1.0775117223646489,-0.9012428284311585,-0.9501804779455227,1
-0.7630053057540283,-1.2961245095504037,0.2894243641925215,0.94888916479251,-0.7428628698343733,1.4662944358135126,0.6754427999088257,0.920307393868181,0.6162360225133209,0.8294634431541453,-1.8076788429208337,-1.0775117223646489,-1.2901377387445747,1.7245903044748498,1
-0.0860187417814905,-1.2961245095504037,-0.9601873927819985,-2.0150662807887345,-0.951798231823338,0.10112039169638974,-0.7649124881738556,0.920307393868181,-0.4108240150088804,-0.833999138652796,0.8637677229720243,1.3322589027320104,-0.30970866329811325,-0.9501804779455227,0
0.20411835706388284,0.7715308156211609,-1.2600942144558833,0.94888916479251,0.016038833952115673,1.4662944358135126,-1.1383379332323285,0.920307393868181,1.6432960600355222,-1.1352561416572025,-0.026714465658928405,0.1273735901836806,-0.4080102592531675,-0.9501804779455227,1
-0.2794434743450727,0.7715308156211609,-1.0101718630609793,0.94888916479251,-0.9420985977033987,0.44241390272567044,1.1555612292697195,-1.0865934650343947,-0.4108240150088804,1.2355054906818235,0.8637677229720243,-1.0775117223646489,-1.2513344771833692,1.7245903044748498,0
-0.2794434743450727,-1.2961245095504037,-1.0601563333399602,-0.5330885579981124,-0.3965888445555762,-1.264053652420733,0.19532437054793192,-1.0865934650343947,-1.4378840525310816,-0.1136019575553018,-0.9171966542898811,1.3322589027320104,-1.0737017687031836,1.7245903044748498,1
-0.0860187417814905,-1.2961245095504037,0.38939330475048306,0.94888916479251,-0.7135600712618237,-1.6053471634500138,-0.4448335352665931,0.920307393868181,-0.4108240150088804,-0.5589383967792073,0.8637677229720243,1.3322589027320104,-1.915301397230665,0.8330000436680589,1
0.30083072334567396,-1.2961245095504037,-1.2101097441769024,0.94888916479251,-0.33035170344824233,-1.6053471634500138,-1.0316449489299078,-1.0865934650343947,1.6432960600355222,-1.0566673582647486,-0.026714465658928405,0.1273735901836806,-1.263406603002411,1.7245903044748498,0
-0.0860187417814905,0.7715308156211609,-1.0101718630609793,-1.2740774193934234,-0.04827585714946442,-1.6053471634500138,1.1022147371185091,-1.0865934650343947,-0.4108240150088804,1.0390335322006887,0.8637677229720243,-1.0775117223646489,-1.7945801390402474,-0.9501804779455227,1
0.30083072334567396,0.7715308156211609,-1.2600942144558833,-1.2740774193934234,2.8725082621982905,-0.24017311933289098,-1.5651098704420119,0.920307393868181,0.6162360225133209,-1.3055318390075195,-1.8076788429208337,0.1273735901836806,-1.3867147452969086,0.8330000436680589,0
-0.47286820690865494,0.7715308156211609,-1.2101097441769024,0.94888916479251,-1.2169798204957951,0.44241390272567044,1.368947197874561,-1.0865934650343947,-0.4108240150088804,1.5891550159478665,0.8637677229720243,-1.0775117223646489,-1.423793417455394,-0.9501804779455227,1
-1.9235537011355215,0.7715308156211609,-0.9102029225030177,0.2079003033971988,-1.345288794364663,-1.264053652420733,0.3553638470015632,0.920307393868181,1.6432960600355222,0.030477478664197,-0.026714465658928405,1.3322589027320104,-0.987472298567171,-0.9501804779455227,1
-1.1498547708811926,0.7715308156211609,-0.11045139803932492,0.94888916479251,-1.0746020079484566,-0.5814666303621717,-0.8716054724762764,0.920307393868181,-0.4108240150088804,-0.9125879220452499,0.8637677229720243,1.3322589027320104,-1.7825080132212057,-0.9501804779455227,0
0.9778172873182117,-1.2961245095504037,0.9892069480982527,-1.2740774193934234,0.308659027252149,-1.6053471634500138,-0.9782984567786973,-1.0865934650343947,-1.4378840525310816,-1.0304710971339308,-0.9171966542898811,0.1273735901836806,-1.8247604535878519,0.8330000436680589,1
-1.4399918697265661,0.7715308156211609,-0.11045139803932492,-0.5330885579981124,0.6348347115617023,0.44241390272567044,0.9955217528160882,-1.0865934650343947,-0.4108240150088804,0.8032671820233274,0.8637677229720243,-1.0775117223646489,-1.2789279076268931,0.8330000436680589,0
-0.0860187417814905,0.7715308156211609,-0.6102961008291329,0.2079003033971988,-1.4335467264469943,-0.24017311933289098,-1.4050703939883806,-1.0865934650343947,0.6162360225133209,-1.2531393167458833,-1.8076788429208337,0.1273735901836806,-1.81182603306745,1.7245903044748498,1
-0.3761558406268638,-1.2961245095504037,0.889238007540291,0.94888916479251,-0.9150386574708951,-1.264053652420733,0.462056831303984,0.920307393868181,-0.4108240150088804,0.1483606537528779,0.8637677229720243,-1.0775117223646489,-1.9023669767102631,-0.9501804779455227,1
-1.9235537011355215,0.7715308156211609,-1.0601563333399602,0.2079003033971988,-1.5406504941917905,-1.264053652420733,-0.6048730117202243,0.920307393868181,1.6432960600355222,-0.6637234413024791,-0.026714465658928405,1.3322589027320104,-1.2746164341200925,0.8330000436680589,0
-0.1827311080632816,-1.2961245095504037,-1.0601563333399602,-0.5330885579981124,-0.5632885624787387,-0.5814666303621717,1.3156007057233507,0.920307393868181,-0.4108240150088804,1.4581737102937766,0.8637677229720243,-1.0775117223646489,1.4036709083044538,0.8330000436680589,1
0.8811049210364206,0.7715308156211609,-0.6102961008291329,0.94888916479251,-1.2169798204957951,0.10112039169638974,-1.2450309175347494,-1.0865934650343947,-1.4378840525310816,-1.1876486639188384,-0.9171966542898811,0.1273735901836806,-1.486740930654683,-0.9501804779455227,0
-1.8268413348537305,-1.2961245095504037,0.2894243641925215,0.94888916479251,-0.9500214219695353,0.7837074137549511,0.835482276362457,0.920307393868181,-0.4108240150088804,0.4889120484535115,0.8637677229720243,-1.0775117223646489,-0.7675871497203394,1.7245903044748498,1
0.39754308962746504,-1.2961245095504037,-1.609985506408749,0.94888916479251,-0.5633759465699093,0.7837074137549511,0.6754427999088257,0.920307393868181,0.6162360225133209,0.8556597042849632,-1.8076788429208337,-1.0775117223646489,-1.0961214309385467,0.8330000436680589,1
-0.3761558406268638,0.7715308156211609,-0.010482457481363327,0.94888916479251,-0.9186214052088907,1.1250009247842319,-0.818258980325066,0.920307393868181,-0.4108240150088804,-0.8732935303490229,0.8637677229720243,1.3322589027320104,-1.5057114140846057,-0.9501804779455227,0
0.39754308962746504,0.7715308156211609,-0.3103892791552481,-1.2740774193934234,-0.5971935898529412,0.7837074137549511,-1.0849914410811181,0.920307393868181,1.6432960600355222,-1.0959617499609757,-0.026714465658928405,0.1273735901836806,-1.2789279076268931,1.7245903044748498,1
0.20411835706388284,0.7715308156211609,0.3394088344715023,-0.5330885579981124,-0.464923203851005,-1.6053471634500138,1.2089077214209298,-1.0865934650343947,-0.4108240150088804,1.3140942740742776,0.8637677229720243,-1.0775117223646489,1.9469165701613322,1.7245903044748498,0
1.2679543861635851,0.7715308156211609,0.3394088344715023,-1.2740774193934234,0.48934019976261156,-1.264053652420733,0.19532437054793192,-1.0865934650343947,-1.4378840525310816,-0.10050382698989285,-0.9171966542898811,1.3322589027320104,-1.0935345468344664,-0.9501804779455227,1
0.30083072334567396,0.7715308156211609,0.889238007540291,0.94888916479251,-0.2050137886791757,-1.264053652420733,-0.4981800274178035,-1.0865934650343947,-0.4108240150088804,-0.6113309190408431,0.8637677229720243,1.3322589027320104,-1.2487475930792888,0.8330000436680589,1
-0.8597176720358194,-1.2961245095504037,-0.9102029225030177,-1.2740774193934234,0.017611747593186927,-1.6053471634500138,-1.0316449489299078,-1.0865934650343947,1.6432960600355222,-1.0697654888301575,-0.026714465658928405,0.1273735901836806,-0.7124002888332913,1.7245903044748498,0
0.4942554559092562,0.7715308156211609,-1.2101097441769024,-1.2740774193934234,0.6957996791684086,-1.264053652420733,1.0488682449672986,-1.0865934650343947,-0.4108240150088804,0.9735428793736438,0.8637677229720243,-1.0775117223646489,-1.1099181461603087,0.8330000436680589,1
-0.0860187417814905,-1.2961245095504037,1.6889895320039838,0.94888916479251,-0.4601170788366206,0.7837074137549511,-1.5651098704420119,-1.0865934650343947,0.6162360225133209,-1.3579243612691554,-1.8076788429208337,0.1273735901836806,-0.5925413253442341,0.8330000436680589,0
0.7843925547546295,-1.2961245095504037,0.889238007540291,0.94888916479251,0.01484458470611713,1.4662944358135126,1.3156007057233507,-1.0865934650343947,-0.4108240150088804,1.5498606242516395,0.8637677229720243,-1.0775117223646489,-1.6833441225647914,0.8330000436680589,1
0.9778172873182117,0.7715308156211609,-1.0101718630609793,-1.2740774193934234,-0.24949229108502388,-0.5814666303621717,0.4087103391527736,0.920307393868181,1.6432960600355222,0.06977187036042405,-0.026714465658928405,1.3322589027320104,-1.2815147917309735,0.8330000436680589,1
1.8482285838543318,0.7715308156211609,-0.21042033859728654,-1.2740774193934234,-0.03516824347387065,1.1250009247842319,-0.818258980325066,0.920307393868181,-0.4108240150088804,-0.8863916609144319,0.8637677229720243,1.3322589027320104,-0.050157958188715816,0.8330000436680589,0
-0.8597176720358194,0.7715308156211609,0.38939330475048306,0.94888916479251,-0.9221750249164961,-0.5814666303621717,-0.9782984567786973,-1.0865934650343947,-1.4378840525310816,-1.0435692276993398,-0.9171966542898811,0.1273735901836806,-0.4235315638776497,1.7245903044748498,1
-0.0860187417814905,0.7715308156211609,-1.0101718630609793,-2.0150662807887345,-1.266468344128759,1.1250009247842319,0.9421752606648778,0.920307393868181,-0.4108240150088804,0.7508746597616912,0.8637677229720243,-1.0775117223646489,0.4172057699484716,-0.9501804779455227,0
0.39754308962746504,0.7715308156211609,-1.2101097441769024,-1.2740774193934234,0.1924381859952176,0.44241390272567044,-1.4050703939883806,-1.0865934650343947,0.6162360225133209,-1.2662374473112923,-1.8076788429208337,0.1273735901836806,-1.4522491426002782,-0.9501804779455227,1
0.7843925547546295,0.7715308156211609,1.4890516508880607,-1.2740774193934234,-1.0713396685447532,-1.264053652420733,0.5154033234551945,-1.0865934650343947,-0.4108240150088804,0.13526252318746898,0.8637677229720243,-1.0775117223646489,-1.6997277218906337,-0.9501804779455227,1
-1.1498547708811926,-1.2961245095504037,-0.3103892791552481,0.2079003033971988,-1.5016480614993015,1.1250009247842319,-0.6048730117202243,-1.0865934650343947,1.6432960600355222,-0.676821571867888,-0.026714465658928405,1.3322589027320104,-1.444488490288037,1.7245903044748498,0
0.5909678221910473,0.7715308156211609,0.38939330475048306,0.94888916479251,-0.7503196456142667,-1.6053471634500138,1.2622542135721402,0.920307393868181,-0.4108240150088804,1.4450755797283674,0.8637677229720243,-1.0775117223646489,-1.1564820600337555,1.7245903044748498,1
0.30083072334567396,-1.2961245095504037,-1.0601563333399602,-1.2740774193934234,0.5858122364149817,0.10112039169638974,-1.2450309175347494,-1.0865934650343947,-1.4378840525310816,-1.2007467944842474,-0.9171966542898811,0.1273735901836806,-1.7523276986736014,0.8330000436680589,0
-0.2794434743450727,0.7715308156211609,-0.010482457481363327,-0.5330885579981124,-0.09307476788960489,-0.9227601413914523,0.835482276362457,0.920307393868181,-0.4108240150088804,0.4758139178881028,0.8637677229720243,-1.0775117223646489,-1.1004329044453474,-0.9501804779455227,1
-0.7630053057540283,0.7715308156211609,-0.3103892791552481,0.94888916479251,-0.6140878474792621,0.7837074137549511,0.6754427999088257,0.920307393868181,0.6162360225133209,0.842561573719554,-1.8076788429208337,-1.0775117223646489,-0.965914931033168,-0.9501804779455227,1
0.010693624500300621,-1.2961245095504037,1.6889895320039838,-1.2740774193934234,-0.942855926493544,1.1250009247842319,-0.818258980325066,0.920307393868181,-0.4108240150088804,-0.8601953997836138,0.8637677229720243,1.3322589027320104,-1.1849377851786396,1.7245903044748498,0
-0.6662929394722371,-1.2961245095504037,1.3390982400511182,-1.2740774193934234,-0.13469872331721267,0.7837074137549511,-1.0849914410811181,0.920307393868181,1.6432960600355222,-1.1090598805263847,-0.026714465658928405,0.1273735901836806,-0.8753739873903549,-0.9501804779455227,1
-1.2465671371629838,-1.2961245095504037,0.08948648307659827,0.2079003033971988,-1.363464685328153,1.4662944358135126,1.2089077214209298,0.920307393868181,-0.4108240150088804,1.3009961435088684,0.8637677229720243,-1.0775117223646489,-1.1495837024228743,-0.9501804779455227,0
0.5909678221910473,-1.2961245095504037,1.4890516508880607,-1.2740774193934234,-0.6486919475828297,1.1250009247842319,0.19532437054793192,-1.0865934650343947,-1.4378840525310816,-0.1136019575553018,-0.9171966542898811,1.3322589027320104,-0.9434952687978047,0.8330000436680589,1
1.0745296536000029,0.7715308156211609,0.7892690669823295,-1.2740774193934234,-0.10495900428880992,0.7837074137549511,-0.4981800274178035,-1.0865934650343947,-0.4108240150088804,-0.6113309190408431,0.8637677229720243,1.3322589027320104,-1.7445670463613603,-0.05859021713873188,1
-0.0860187417814905,0.7715308156211609,-0.9102029225030177,0.94888916479251,-0.16149651127620437,1.1250009247842319,-1.0316449489299078,0.920307393868181,1.6432960600355222,-1.0697654888301575,-0.026714465658928405,0.1273735901836806,-0.9305608482774028,-0.9501804779455227,0
-1.9235537011355215,0.7715308156211609,-0.9102029225030177,-2.0150662807887345,-1.2442145289106399,0.7837074137549511,1.0488682449672986,0.920307393868181,-0.4108240150088804,0.986641009939053,0.8637677229720243,-1.0775117223646489,-1.4738065101342812,-0.9501804779455227,1
2.041653316417914,0.7715308156211609,-1.0101718630609793,0.94888916479251,-0.27786299268508685,-0.5814666303621717,-1.5651098704420119,-1.0865934650343947,0.6162360225133209,-1.3579243612691554,-1.8076788429208337,0.1273735901836806,-0.6339314710095201,1.7245903044748498,0
-0.7630053057540283,0.7715308156211609,0.889238007540291,0.94888916479251,0.23170277096121847,1.1250009247842319,1.3156007057233507,0.920307393868181,-0.4108240150088804,1.5498606242516395,0.8637677229720243,-1.0775117223646489,-0.4925151399864596,-0.9501804779455227,1
-1.9235537011355215,0.7715308156211609,0.889238007540291,0.2079003033971988,-1.3188987988311343,-1.264053652420733,0.4087103391527736,0.920307393868181,1.6432960600355222,0.06977187036042405,-0.026714465658928405,1.3322589027320104,-0.9193510171597212,0.8330000436680589,1
-1.8268413348537305,0.7715308156211609,0.9392224778192719,-1.2740774193934234,-0.26332810552037283,-0.24017311933289098,-0.818258980325066,0.920307393868181,-0.4108240150088804,-0.8863916609144319,0.8637677229720243,1.3322589027320104,-1.3220426426948992,1.7245903044748498,0
-0.3761558406268638,0.7715308156211609,-1.609985506408749,-0.5330885579981124,-1.128925784626195,1.4662944358135126,-0.9782984567786973,0.920307393868181,-1.4378840525310816,-1.0435692276993398,-0.9171966542898811,0.1273735901836806,-1.1978722056990414,0.8330000436680589,1
0.9778172873182117,0.7715308156211609,-1.1101408036189409,0.94888916479251,-0.8739098785599209,-0.5814666303621717,0.9421752606648778,-1.0865934650343947,-0.4108240150088804,0.7508746597616912,0.8637677229720243,-1.0775117223646489,-1.2685803712105717,0.8330000436680589,0
0.010693624500300621,0.7715308156211609,-0.4603426899921905,0.2079003033971988,-1.4419355991993743,-1.264053652420733,-1.4050703939883806,-1.0865934650343947,0.6162360225133209,-1.2662374473112923,-1.8076788429208337,0.1273735901836806,-1.334977063215301,0.8330000436680589,1
0.7843925547546295,-1.2961245095504037,-1.2600942144558833,-1.2740774193934234,-0.3903263180216814,0.44241390272567044,0.5154033234551945,-1.0865934650343947,-0.4108240150088804,0.13526252318746898,0.8637677229720243,-1.0775117223646489,-1.95065547998643,0.8330000436680589,1
-0.2794434743450727,-1.2961245095504037,0.2894243641925215,-0.5330885579981124,-0.7645923805054687,-1.6053471634500138,-0.6048730117202243,-1.0865934650343947,1.6432960600355222,-0.676821571867888,-0.026714465658928405,1.3322589027320104,-0.3502365142620391,0.8330000436680589,0
0.010693624500300621,0.7715308156211609,-0.010482457481363327,-2.0150662807887345,-1.3454635625470042,-0.5814666303621717,1.2622542135721402,-1.0865934650343947,-0.4108240150088804,1.4450755797283674,0.8637677229720243,-1.0775117223646489,0.5180942500076061,-0.9501804779455227,1
-1.3432795034447749,-1.2961245095504037,1.3390982400511182,0.2079003033971988,-1.6539002763489206,0.44241390272567044,-1.2450309175347494,0.920307393868181,-1.4378840525310816,-1.2007467944842474,-0.9171966542898811,0.1273735901836806,-1.1625181229432764,1.7245903044748498,0
1.8482285838543318,-1.2961245095504037,-0.3103892791552481,0.94888916479251,-0.16790467796205022,0.44241390272567044,0.835482276362457,-1.0865934650343947,-0.4108240150088804,0.4758139178881028,0.8637677229720243,-1.0775117223646489,-1.0417968647528588,0.8330000436680589,1
-0.2794434743450727,0.7715308156211609,-0.3103892791552481,-2.0150662807887345,-0.38793781952968426,-0.24017311933289098,0.6754427999088257,0.920307393868181,0.6162360225133209,0.842561573719554,-1.8076788429208337,-1.0775117223646489,-0.43042992148853065,-0.05859021713873188,1
-0.7630053057540283,-1.2961245095504037,1.7889584725619454,0.94888916479251,-0.8698610823356818,0.7837074137549511,-0.818258980325066,-1.0865934650343947,-0.4108240150088804,-0.8601953997836138,0.8637677229720243,1.3322589027320104,-1.2556459506901698,1.7245903044748498,0
-1.9235537011355215,-1.2961245095504037,-0.9102029225030177,0.94888916479251,-0.41086157944677826,0.10112039169638974,-1.0849914410811181,-1.0865934650343947,1.6432960600355222,-1.1090598805263847,-0.026714465658928405,0.1273735901836806,-1.3332524738125808,0.8330000436680589,1
-1.7301289685719394,-1.2961245095504037,1.6390050617250032,-1.2740774193934234,-0.12601857026093058,0.10112039169638974,1.2089077214209298,0.920307393868181,-0.4108240150088804,1.3009961435088684,0.8637677229720243,-1.0775117223646489,-0.9797116462549299,-0.9501804779455227,0
0.30083072334567396,0.7715308156211609,-1.2600942144558833,0.94888916479251,-0.20801397580936715,1.4662944358135126,0.19532437054793192,-1.0865934650343947,-1.4378840525310816,-0.1136019575553018,-0.9171966542898811,1.3322589027320104,-1.0478329276623797,-0.9501804779455227,1
1.7515162175725405,-1.2961245095504037,-0.4603426899921905,-1.2740774193934234,1.3629772152561312,1.4662944358135126,-0.4981800274178035,0.920307393868181,-0.4108240150088804,-0.6113309190408431,0.8637677229720243,1.3322589027320104,-1.450524553197558,-0.05859021713873188,1
-0.2794434743450727,0.7715308156211609,-0.9601873927819985,0.94888916479251,-1.2169798204957951,1.1250009247842319,-1.0316449489299078,-1.0865934650343947,1.6432960600355222,-1.0697654888301575,-0.026714465658928405,0.1273735901836806,-0.8607149774672328,-0.9501804779455227,0
0.10740599078209173,0.7715308156211609,-0.4603426899921905,0.94888916479251,0.017233083198114216,-1.6053471634500138,1.0488682449672986,-1.0865934650343947,-0.4108240150088804,0.986641009939053,0.8637677229720243,-1.0775117223646489,-1.944619417076909,-0.9501804779455227,1
-1.5367042360083571,-1.2961245095504037,1.6390050617250032,-2.0150662807887345,-0.8056629033556626,-1.264053652420733,-1.5651098704420119,0.920307393868181,0.6162360225133209,-1.3579243612691554,-1.8076788429208337,0.1273735901836806,-0.0010071602111887288,1.7245903044748498,0
-0.5695805731904461,0.7715308156211609,1.6390050617250032,-2.0150662807887345,-1.0230453941577877,0.7837074137549511,1.3156007057233507,-1.0865934650343947,-0.4108240150088804,1.5498606242516395,0.8637677229720243,-1.0775117223646489,-0.22779066666890144,1.7245903044748498,1
0.10740599078209173,0.7715308156211609,0.3394088344715023,-0.5330885579981124,-0.599960752740011,-1.264053652420733,0.4087103391527736,0.920307393868181,1.6432960600355222,0.06977187036042405,-0.026714465658928405,1.3322589027320104,-0.5399413485612665,1.7245903044748498,1
-1.4399918697265661,0.7715308156211609,-1.0601563333399602,0.2079003033971988,-1.3145878503333832,0.44241390272567044,-0.818258980325066,0.920307393868181,-0.4108240150088804,-0.8863916609144319,0.8637677229720243,1.3322589027320104,-1.7575014668817621,-0.9501804779455227,0
0.6876801884728384,0.7715308156211609,-0.010482457481363327,-1.2740774193934234,0.6082408198154421,-0.9227601413914523,-0.9782984567786973,0.920307393868181,-1.4378840525310816,-1.0435692276993398,-0.9171966542898811,0.1273735901836806,-1.6652359338362288,0.8330000436680589,1
0.7843925547546295,-1.2961245095504037,-0.4603426899921905,0.94888916479251,-0.5632303064179582,0.10112039169638974,0.9421752606648778,-1.0865934650343947,-0.4108240150088804,0.7508746597616912,0.8637677229720243,-1.0775117223646489,-0.9564296893182066,-0.9501804779455227,0
0.20411835706388284,0.7715308156211609,0.3394088344715023,-2.0150662807887345,-1.1864827726772469,-1.264053652420733,-1.4050703939883806,-1.0865934650343947,0.6162360225133209,-1.2662374473112923,-1.8076788429208337,0.1273735901836806,0.26975337601589033,1.7245903044748498,1
1.5580914850089584,-1.2961245095504037,-1.2101097441769024,0.94888916479251,-0.5304612722289739,0.44241390272567044,0.5154033234551945,0.920307393868181,-0.4108240150088804,0.13526252318746898,0.8637677229720243,-1.0775117223646489,-0.6796330901816067,0.8330000436680589,1
-1.3432795034447749,-1.2961245095504037,-0.9601873927819985,0.2079003033971988,-1.4641602863871033,-0.5814666303621717,-0.6048730117202243,-1.0865934650343947,1.6432960600355222,-0.676821571867888,-0.026714465658928405,1.3322589027320104,-1.140098460707913,-0.05859021713873188,0
1.1712420198817939,-1.2961245095504037,0.9392224778192719,-0.5330885579981124,-0.308360040503635,0.10112039169638974,1.2622542135721402,-1.0865934650343947,-0.4108240150088804,1.4450755797283674,0.8637677229720243,-1.0775117223646489,1.1458447925977768,-0.9501804779455227,1
0.10740599078209173,-1.2961245095504037,-0.9601873927819985,0.94888916479251,-1.2169798204957951,1.1250009247842319,-1.2450309175347494,-1.0865934650343947,-1.4378840525310816,-1.2007467944842474,-0.9171966542898811,0.1273735901836806,-1.6143605464559816,1.7245903044748498,0
0.010693624500300621,0.7715308156211609,-1.2101097441769024,0.94888916479251,-0.5640750192992743,1.4662944358135126,0.835482276362457,0.920307393868181,-0.4108240150088804,0.4758139178881028,0.8637677229720243,-1.0775117223646489,-1.8954686190993821,1.7245903044748498,1
0.20411835706388284,-1.2961245095504037,-1.609985506408749,0.94888916479251,0.28765771734080875,0.10112039169638974,0.6754427999088257,0.920307393868181,0.6162360225133209,0.842561573719554,-1.8076788429208337,-1.0775117223646489,-1.7092129636055953,-0.9501804779455227,1
-0.0860187417814905,-1.2961245095504037,-1.609985506408749,-1.2740774193934234,2.1925726487996564,-0.9227601413914523,-0.818258980325066,-1.0865934650343947,-0.4108240150088804,-0.8601953997836138,0.8637677229720243,1.3322589027320104,-2.0463701918374038,-0.9501804779455227,0
-1.2465671371629838,0.7715308156211609,-0.010482457481363327,-0.5330885579981124,-0.5549288177567488,-0.24017311933289098,-1.0849914410811181,0.920307393868181,1.6432960600355222,-1.1090598805263847,-0.026714465658928405,0.1273735901836806,-1.8782227250721795,-0.9501804779455227,1
-1.4399918697265661,0.7715308156211609,-0.9102029225030177,-2.0150662807887345,-0.6954133083287238,-1.6053471634500138,1.2089077214209298,0.920307393868181,-0.4108240150088804,1.3009961435088684,0.8637677229720243,-1.0775117223646489,1.424365981137097,0.8330000436680589,0
0.7843925547546295,-1.2961245095504037,-1.2101097441769024,0.94888916479251,-0.7407073955854979,1.1250009247842319,0.19532437054793192,-1.0865934650343947,-1.4378840525310816,-0.1136019575553018,-0.9171966542898811,1.3322589027320104,-1.695416248383833,0.8330000436680589,1
-1.9235537011355215,-1.2961245095504037,-0.41035821971320974,0.2079003033971988,-1.4632573174450068,-1.6053471634500138,-0.4981800274178035,0.920307393868181,-0.4108240150088804,-0.6113309190408431,0.8637677229720243,1.3322589027320104,-1.3944753976091497,1.7245903044748498,1
0.10740599078209173,0.7715308156211609,-0.21042033859728654,-1.2740774193934234,-1.0713396685447532,-0.24017311933289098,-1.0316449489299078,-1.0865934650343947,1.6432960600355222,-1.0697654888301575,-0.026714465658928405,0.1273735901836806,-1.4289671856635546,0.8330000436680589,0
0.4942554559092562,0.7715308156211609,-1.2600942144558833,0.94888916479251,-0.41875527568252474,1.4662944358135126,1.0488682449672986,-1.0865934650343947,-0.4108240150088804,0.986641009939053,0.8637677229720243,-1.0775117223646489,-0.7399937192768153,0.8330000436680589,1
0.30083072334567396,0.7715308156211609,-1.609985506408749,-1.2740774193934234,2.235886029989896,1.4662944358135126,-1.5651098704420119,0.920307393868181,0.6162360225133209,-1.3579243612691554,-1.8076788429208337,0.1273735901836806,-1.8661505992531378,1.7245903044748498,0
-0.6662929394722371,0.7715308156211609,-0.010482457481363327,-2.0150662807887345,-0.8452478966559558,0.44241390272567044,1.3156007057233507,-1.0865934650343947,-0.4108240150088804,1.5498606242516395,0.8637677229720243,-1.0775117223646489,-2.0713767381768475,0.8330000436680589,1
-1.7301289685719394,0.7715308156211609,1.7889584725619454,-2.0150662807887345,-0.560958320047522,-0.24017311933289098,0.4087103391527736,0.920307393868181,1.6432960600355222,0.06977187036042405,-0.026714465658928405,1.3322589027320104,-0.06826614691727843,1.7245903044748498,1
-1.4399918697265661,0.7715308156211609,0.889238007540291,0.2079003033971988,-1.4007194361972295,-1.6053471634500138,-0.818258980325066,-1.0865934650343947,-0.4108240150088804,-0.8863916609144319,0.8637677229720243,1.3322589027320104,-1.3849901558941884,-0.9501804779455227,0
-0.3761558406268638,-1.2961245095504037,-0.4603426899921905,-2.0150662807887345,-0.8583846383619398,0.7837074137549511,-0.9782984567786973,0.920307393868181,-1.4378840525310816,-1.0435692276993398,-0.9171966542898811,0.1273735901836806,0.12402557148602932,-0.9501804779455227,1
-1.0531424045994016,0.7715308156211609,-0.21042033859728654,0.2079003033971988,-1.3866214694883687,0.10112039169638974,0.9421752606648778,-1.0865934650343947,-0.4108240150088804,0.7508746597616912,0.8637677229720243,-1.0775117223646489,-1.485878635953323,1.7245903044748498,0
-0.47286820690865494,0.7715308156211609,-1.609985506408749,0.2079003033971988,-1.254409339547213,-1.264053652420733,-1.4050703939883806,-1.0865934650343947,0.6162360225133209,-1.2662374473112923,-1.8076788429208337,0.1273735901836806,-1.4427639008853168,-0.9501804779455227,1
-1.4399918697265661,0.7715308156211609,0.9392224778192719,0.2079003033971988,-1.5152508516915288,-1.6053471634500138,0.5154033234551945,0.920307393868181,-0.4108240150088804,0.13526252318746898,0.8637677229720243,-1.0775117223646489,-1.25650824539153,-0.9501804779455227,1
-0.6662929394722371,-1.2961245095504037,1.6390050617250032,0.94888916479251,-0.5998733686488404,-1.6053471634500138,-0.6048730117202243,0.920307393868181,1.6432960600355222,-0.676821571867888,-0.026714465658928405,1.3322589027320104,-1.159931238839196,0.8330000436680589,0
-1.6334166022901482,0.7715308156211609,-1.0601563333399602,0.2079003033971988,-1.3326472291753124,-1.6053471634500138,1.2622542135721402,0.920307393868181,-0.4108240150088804,1.4450755797283674,0.8637677229720243,-1.0775117223646489,-0.4036987857463668,0.8330000436680589,1
-1.8268413348537305,0.7715308156211609,-0.21042033859728654,0.2079003033971988,-1.4193322476165726,0.7837074137549511,-1.2450309175347494,0.920307393868181,-1.4378840525310816,-1.2007467944842474,-0.9171966542898811,0.1273735901836806,-0.9831608250603704,-0.9501804779455227,0
-1.9235537011355215,0.7715308156211609,-0.4603426899921905,0.2079003033971988,-1.40077769225801,-0.9227601413914523,0.835482276362457,0.920307393868181,-0.4108240150088804,0.4758139178881028,0.8637677229720243,-1.0775117223646489,-1.360845904256105,1.7245903044748498,1
-1.5367042360083571,0.7715308156211609,0.3394088344715023,0.2079003033971988,-1.2500692630190717,-1.6053471634500138,0.6754427999088257,0.920307393868181,0.6162360225133209,0.842561573719554,-1.8076788429208337,-1.0775117223646489,-0.8650264509740334,0.8330000436680589,1
0.10740599078209173,-1.2961245095504037,-0.11045139803932492,0.94888916479251,-0.26026966232940096,1.4662944358135126,-0.818258980325066,0.920307393868181,-0.4108240150088804,-0.8601953997836138,0.8637677229720243,1.3322589027320104,-1.0668034110923026,1.7245903044748498,0
-0.8597176720358194,-1.2961245095504037,0.3394088344715023,0.94888916479251,-0.08130704361196071,-1.6053471634500138,-1.0849914410811181,0.920307393868181,1.6432960600355222,-1.1090598805263847,-0.026714465658928405,0.1273735901836806,-1.4625966790165996,0.8330000436680589,1
2.041653316417914,-1.2961245095504037,0.9392224778192719,0.94888916479251,-0.9066789127489052,-0.24017311933289098,1.2089077214209298,-1.0865934650343947,-0.4108240150088804,1.3009961435088684,0.8637677229720243,-1.0775117223646489,-1.451386847898918,-0.9501804779455227,0
0.4942554559092562,0.7715308156211609,-0.41035821971320974,-1.2740774193934234,0.1476101472246869,-1.264053652420733,0.19532437054793192,-1.0865934650343947,-1.4378840525310816,-0.1136019575553018,-0.9171966542898811,1.3322589027320104,-1.3013475698622563,0.8330000436680589,1
1.0745296536000029,0.7715308156211609,-1.609985506408749,0.94888916479251,1.0265775922796148,0.7837074137549511,-0.4981800274178035,-1.0865934650343947,-0.4108240150088804,-0.6113309190408431,0.8637677229720243,1.3322589027320104,-1.9489308905837097,0.8330000436680589,1
-0.0860187417814905,-1.2961245095504037,-0.3103892791552481,-0.5330885579981124,-0.20416907579785964,0.44241390272567044,-1.0316449489299078,-1.0865934650343947,1.6432960600355222,-1.0697654888301575,-0.026714465658928405,0.1273735901836806,-1.0323116230378975,0.8330000436680589,0
-0.0860187417814905,-1.2961245095504037,-1.2600942144558833,0.94888916479251,-0.3870057225571976,-1.264053652420733,1.0488682449672986,0.920307393868181,-0.4108240150088804,0.986641009939053,0.8637677229720243,-1.0775117223646489,-0.5347675803531058,0.8330000436680589,1
1.0745296536000029,-1.2961245095504037,0.4393777750294639,-1.2740774193934234,0.3982859767628202,-0.24017311933289098,-1.5651098704420119,0.920307393868181,0.6162360225133209,-1.3579243612691554,-1.8076788429208337,0.1273735901836806,-1.0676657057936627,0.8330000436680589,0
0.10740599078209173,-1.2961245095504037,-0.41035821971320974,-0.5330885579981124,-0.19965423108737734,-0.5814666303621717,1.3156007057233507,-1.0865934650343947,-0.4108240150088804,1.5498606242516395,0.8637677229720243,-1.0775117223646489,-0.10275793497168341,1.7245903044748498,1
0.4942554559092562,-1.2961245095504037,-0.4603426899921905,-1.2740774193934234,2.7809588626818655,0.10112039169638974,0.4087103391527736,0.920307393868181,1.6432960600355222,0.06977187036042405,-0.026714465658928405,1.3322589027320104,-1.4384524273785162,0.8330000436680589,1
-0.8597176720358194,0.7715308156211609,-1.2600942144558833,0.94888916479251,0.3688084100079293,-0.9227601413914523,-0.818258980325066,-1.0865934650343947,-0.4108240150088804,-0.8863916609144319,0.8637677229720243,1.3322589027320104,-1.3504983678397835,-0.9501804779455227,0
1.7515162175725405,-1.2961245095504037,0.08948648307659827,0.94888916479251,0.02882603929341715,-0.9227601413914523,-0.9782984567786973,0.920307393868181,-1.4378840525310816,-1.0435692276993398,-0.9171966542898811,0.1273735901836806,-2.116216062647574,1.7245903044748498,1
-1.3432795034447749,0.7715308156211609,0.08948648307659827,0.94888916479251,0.12966728050431856,1.1250009247842319,0.9421752606648778,0.920307393868181,-0.4108240150088804,0.7508746597616912,0.8637677229720243,-1.0775117223646489,-1.0676657057936627,0.8330000436680589,0
-0.7630053057540283,-1.2961245095504037,-0.4603426899921905,0.94888916479251,0.24594637782203038,1.1250009247842319,-1.4050703939883806,0.920307393868181,0.6162360225133209,-1.2662374473112923,-1.8076788429208337,0.1273735901836806,-1.374642619477867,1.7245903044748498,1
-0.3761558406268638,0.7715308156211609,-1.2101097441769024,-1.2740774193934234,0.21626491485440805,0.10112039169638974,0.5154033234551945,-1.0865934650343947,-0.4108240150088804,0.13526252318746898,0.8637677229720243,-1.0775117223646489,-1.8307965164973727,1.7245903044748498,1
-0.47286820690865494,-1.2961245095504037,-1.609985506408749,0.94888916479251,-0.32481737767410274,-0.24017311933289098,-0.6048730117202243,-1.0865934650343947,1.6432960600355222,-0.676821571867888,-0.026714465658928405,1.3322589027320104,-1.237537761961607,1.7245903044748498,0
-0.1827311080632816,-1.2961245095504037,0.4393777750294639,0.94888916479251,-0.6229136406874952,0.10112039169638974,1.2622542135721402,0.920307393868181,-0.4108240150088804,1.4450755797283674,0.8637677229720243,-1.0775117223646489,-1.430691775066275,1.7245903044748498,1
0.9778172873182117,0.7715308156211609,-0.41035821971320974,-1.2740774193934234,-0.4062302226147351,0.7837074137549511,-1.2450309175347494,-1.0865934650343947,-1.4378840525310816,-1.2007467944842474,-0.9171966542898811,0.1273735901836806,-1.9023669767102631,0.8330000436680589,0
-1.5367042360083571,0.7715308156211609,-0.4603426899921905,0.2079003033971988,-1.4204099847410103,0.44241390272567044,0.835482276362457,-1.0865934650343947,-0.4108240150088804,0.4758139178881028,0.8637677229720243,-1.0775117223646489,-1.583317937207017,-0.9501804779455227,1
0.39754308962746504,0.7715308156211609,0.9892069480982527,-2.0150662807887345,-0.8455391769598578,-1.6053471634500138,0.6754427999088257,0.920307393868181,0.6162360225133209,0.842561573719554,-1.8076788429208337,-1.0775117223646489,-1.147859113020154,-0.9501804779455227,1
-1.7301289685719394,0.7715308156211609,-0.9102029225030177,0.2079003033971988,-1.2470982039192704,-0.9227601413914523,-0.818258980325066,0.920307393868181,-0.4108240150088804,-0.8601953997836138,0.8637677229720243,1.3322589027320104,-1.215980394427604,-0.9501804779455227,0
-0.1827311080632816,0.7715308156211609,-0.11045139803932492,-2.0150662807887345,-0.8575690535110139,0.44241390272567044,-1.0849914410811181,-1.0865934650343947,1.6432960600355222,-1.1090598805263847,-0.026714465658928405,0.1273735901836806,-0.49423972938917987,0.8330000436680589,1
-0.2794434743450727,-1.2961245095504037,-1.2101097441769024,-1.2740774193934234,0.16287323514915608,-0.5814666303621717,1.2089077214209298,0.920307393868181,-0.4108240150088804,1.3009961435088684,0.8637677229720243,-1.0775117223646489,-1.8868456720857807,-0.9501804779455227,0
0.10740599078209173,0.7715308156211609,-0.010482457481363327,0.94888916479251,-0.16432193022405459,-1.264053652420733,0.19532437054793192,-1.0865934650343947,-1.4378840525310816,-0.1136019575553018,-0.9171966542898811,1.3322589027320104,-1.4091344075322718,1.7245903044748498,1
-0.1827311080632816,0.7715308156211609,-0.11045139803932492,0.94888916479251,-0.74519311226559,-1.264053652420733,-0.4981800274178035,-1.0865934650343947,-0.4108240150088804,-0.6113309190408431,0.8637677229720243,1.3322589027320104,-1.7462916357640805,-0.9501804779455227,1
0.4942554559092562,0.7715308156211609,0.7892690669823295,-1.2740774193934234,-1.0713396685447532,-0.24017311933289098,-1.0316449489299078,-1.0865934650343947,1.6432960600355222,-1.0697654888301575,-0.026714465658928405,0.1273735901836806,-1.8963309138007423,-0.05859021713873188,0
-1.5367042360083571,0.7715308156211609,0.9392224778192719,0.2079003033971988,-1.4222159226252034,-0.24017311933289098,1.0488682449672986,-1.0865934650343947,-0.4108240150088804,0.986641009939053,0.8637677229720243,-1.0775117223646489,-1.0969837256399069,-0.9501804779455227,1
1.8482285838543318,-1.2961245095504037,0.2894243641925215,-0.5330885579981124,-0.20405256367629881,-0.9227601413914523,-1.5651098704420119,0.920307393868181,0.6162360225133209,-1.3579243612691554,-1.8076788429208337,0.1273735901836806,-0.1131054713880049,1.7245903044748498,0
0.6876801884728384,0.7715308156211609,0.7892690669823295,-2.0150662807887345,-0.8772887300851849,1.1250009247842319,1.3156007057233507,-1.0865934650343947,-0.4108240150088804,1.5498606242516395,0.8637677229720243,-1.0775117223646489,-0.8745116926889948,0.8330000436680589,1
0.39754308962746504,-1.2961245095504037,-0.4603426899921905,-0.5330885579981124,-0.15235030973367894,1.4662944358135126,0.4087103391527736,0.920307393868181,1.6432960600355222,0.06977187036042405,-0.026714465658928405,1.3322589027320104,1.0958316999188895,-0.9501804779455227,1
-1.7301289685719394,0.7715308156211609,0.4393777750294639,0.94888916479251,-0.5031974357837388,1.4662944358135126,-0.818258980325066,0.920307393868181,-0.4108240150088804,-0.8863916609144319,0.8637677229720243,1.3322589027320104,-1.409996702233632,-0.9501804779455227,0
0.8811049210364206,-1.2961245095504037,-0.3103892791552481,-1.2740774193934234,0.7040137837384473,0.44241390272567044,-0.9782984567786973,0.920307393868181,-1.4378840525310816,-1.0435692276993398,-0.9171966542898811,0.1273735901836806,-1.263406603002411,0.8330000436680589,1
-0.7630053057540283,0.7715308156211609,1.6889895320039838,0.2079003033971988,-1.4497419113439503,-0.24017311933289098,0.9421752606648778,0.920307393868181,-0.4108240150088804,0.7508746597616912,0.8637677229720243,-1.0775117223646489,-0.63306917630816,1.7245903044748498,0
-0.3761558406268638,0.7715308156211609,0.3394088344715023,0.94888916479251,-0.7192691652183045,-0.5814666303621717,-1.4050703939883806,0.920307393868181,0.6162360225133209,-1.2662374473112923,-1.8076788429208337,0.1273735901836806,-0.9184887224583611,1.7245903044748498,1
-1.3432795034447749,0.7715308156211609,-0.9102029225030177,-0.5330885579981124,-0.6791307393405974,-0.5814666303621717,0.5154033234551945,0.920307393868181,-0.4108240150088804,0.13526252318746898,0.8637677229720243,-1.0775117223646489,0.4973991771749632,0.8330000436680589,1
-1.4399918697265661,0.7715308156211609,-1.0101718630609793,0.2079003033971988,-1.5089591971272438,-0.5814666303621717,-0.6048730117202243,0.920307393868181,1.6432960600355222,-0.676821571867888,-0.026714465658928405,1.3322589027320104,-1.7057637848001548,0.8330000436680589,0
-1.7301289685719394,-1.2961245095504037,1.6390050617250032,0.2079003033971988,-1.417701077914721,0.44241390272567044,1.2622542135721402,0.920307393868181,-0.4108240150088804,1.4450755797283674,0.8637677229720243,-1.0775117223646489,-0.8805477555985156,1.7245903044748498,1
-0.6662929394722371,0.7715308156211609,1.6390050617250032,-1.2740774193934234,0.1398620911408915,1.1250009247842319,-1.2450309175347494,0.920307393868181,-1.4378840525310816,-1.2007467944842474,-0.9171966542898811,0.1273735901836806,-1.666098228537589,0.8330000436680589,0
0.8811049210364206,-1.2961245095504037,1.4890516508880607,0.94888916479251,-0.4287461901063662,-1.6053471634500138,0.835482276362457,-1.0865934650343947,-0.4108240150088804,0.4758139178881028,0.8637677229720243,-1.0775117223646489,-1.839419463510974,-0.05859021713873188,1
-0.7630053057540283,-1.2961245095504037,0.889238007540291,-2.0150662807887345,-0.9680808008114645,0.44241390272567044,0.6754427999088257,0.920307393868181,0.6162360225133209,0.842561573719554,-1.8076788429208337,-1.0775117223646489,0.036071511947296624,1.7245903044748498,1
-0.0860187417814905,-1.2961245095504037,-0.4603426899921905,-0.5330885579981124,-0.9016397634913992,0.7837074137549511,-0.818258980325066,0.920307393868181,-0.4108240150088804,-0.8601953997836138,0.8637677229720243,1.3322589027320104,0.45342214740559683,-0.9501804779455227,0
0.39754308962746504,-1.2961245095504037,0.3394088344715023,-1.2740774193934234,2.5643337006698856,0.44241390272567044,-1.0849914410811181,-1.0865934650343947,1.6432960600355222,-1.1090598805263847,-0.026714465658928405,0.1273735901836806,-2.0248128243034005,0.8330000436680589,1
0.8811049210364206,0.7715308156211609,-0.11045139803932492,-1.2740774193934234,0.3555260281499943,0.7837074137549511,1.2089077214209298,0.920307393868181,-0.4108240150088804,1.3009961435088684,0.8637677229720243,-1.0775117223646489,-0.8986559443270782,-0.9501804779455227,0
0.20411835706388284,0.7715308156211609,-1.1101408036189409,0.94888916479251,-0.5598514548926941,0.44241390272567044,0.19532437054793192,0.920307393868181,-1.4378840525310816,-0.1136019575553018,-0.9171966542898811,1.3322589027320104,-1.9566915428959508,0.8330000436680589,1
0.6876801884728384,0.7715308156211609,-0.010482457481363327,0.94888916479251,0.6244942607731784,-0.5814666303621717,-0.4981800274178035,-1.0865934650343947,-0.4108240150088804,-0.6113309190408431,0.8637677229720243,1.3322589027320104,-0.7900068119557025,-0.9501804779455227,1
-0.6662929394722371,-1.2961245095504037,-1.0601563333399602,0.94888916479251,-0.8761818649303571,-0.24017311933289098,-1.0316449489299078,-1.0865934650343947,1.6432960600355222,-1.0697654888301575,-0.026714465658928405,0.1273735901836806,-1.9308227018551471,1.7245903044748498,0
-0.6662929394722371,0.7715308156211609,-1.2600942144558833,-0.5330885579981124,-0.7349109175378464,-1.6053471634500138,1.0488682449672986,-1.0865934650343947,-0.4108240150088804,0.986641009939053,0.8637677229720243,-1.0775117223646489,-1.2461607089752085,-0.9501804779455227,1
-0.2794434743450727,0.7715308156211609,-0.4603426899921905,-2.0150662807887345,-0.8070027927536122,0.10112039169638974,-1.5651098704420119,0.920307393868181,0.6162360225133209,-1.3579243612691554,-1.8076788429208337,0.1273735901836806,0.4353139586770342,0.8330000436680589,0
-0.0860187417814905,0.7715308156211609,0.889238007540291,-2.0150662807887345,-0.5641332753600548,-0.5814666303621717,1.3156007057233507,0.920307393868181,-0.4108240150088804,1.5498606242516395,0.8637677229720243,-1.0775117223646489,-0.4735446565565369,0.8330000436680589,1
0.8811049210364206,0.7715308156211609,-0.41035821971320974,0.2079003033971988,-1.3385310913141346,-1.6053471634500138,0.4087103391527736,-1.0865934650343947,1.6432960600355222,0.06977187036042405,-0.026714465658928405,1.3322589027320104,-0.6623871961544041,-0.9501804779455227,1
0.39754308962746504,0.7715308156211609,0.4393777750294639,-0.5330885579981124,-0.7019379871361305,-0.5814666303621717,-0.818258980325066,0.920307393868181,-0.4108240150088804,-0.8863916609144319,0.8637677229720243,1.3322589027320104,-0.862439566869953,1.7245903044748498,0
0.010693624500300621,-1.2961245095504037,-1.2101097441769024,0.94888916479251,-1.1530729218196778,1.4662944358135126,-0.9782984567786973,0.920307393868181,-1.4378840525310816,-1.0435692276993398,-0.9171966542898811,0.1273735901836806,-1.3496360731384234,-0.9501804779455227,1
0.20411835706388284,-1.2961245095504037,1.4890516508880607,-1.2740774193934234,0.1476101472246869,-0.5814666303621717,0.9421752606648778,0.920307393868181,-0.4108240150088804,0.7508746597616912,0.8637677229720243,-1.0775117223646489,-0.626170818697279,1.7245903044748498,0
-1.6334166022901482,0.7715308156211609,1.6390050617250032,0.2079003033971988,-1.3664940004887347,0.10112039169638974,-1.4050703939883806,0.920307393868181,0.6162360225133209,-1.2662374473112923,-1.8076788429208337,0.1273735901836806,-0.8374330205305094,1.7245903044748498,1
-0.3761558406268638,-1.2961245095504037,-0.4603426899921905,0.94888916479251,-0.11130891491387535,-0.9227601413914523,0.5154033234551945,-1.0865934650343947,-0.4108240150088804,0.6722858763692375,0.8637677229720243,-1.0775117223646489,-0.9728132886440489,-0.9501804779455227,1
0.4942554559092562,0.7715308156211609,-1.0601563333399602,-0.5330885579981124,-0.9956650455909918,-0.9227601413914523,-0.7115659960226451,-1.0865934650343947,1.6432960600355222,-0.7161159635641151,-0.026714465658928405,1.3322589027320104,-0.8081150006842651,1.7245903044748498,0
-0.2794434743450727,0.7715308156211609,-0.9102029225030177,0.94888916479251,-0.43725157498030703,1.4662944358135126,1.1022147371185091,0.920307393868181,-0.4108240150088804,1.0652297933315071,0.8637677229720243,-1.0775117223646489,-0.9607411628250072,-0.9501804779455227,1
-0.0860187417814905,0.7715308156211609,-0.010482457481363327,-2.0150662807887345,-0.9681099288418547,-1.6053471634500138,-1.3517239018371703,0.920307393868181,-1.4378840525310816,-1.2269430556150656,-0.9171966542898811,0.1273735901836806,-0.689118331896568,1.7245903044748498,0
0.010693624500300621,0.7715308156211609,-0.010482457481363327,-1.2740774193934234,-0.343168036819934,0.7837074137549511,1.368947197874561,-1.0865934650343947,-0.4108240150088804,1.4581737102937766,0.8637677229720243,-1.0775117223646489,-1.1685541858527972,0.8330000436680589,1
0.8811049210364206,0.7715308156211609,-1.2101097441769024,-1.2740774193934234,1.0136738748167524,-0.9227601413914523,-0.4981800274178035,0.920307393868181,0.6162360225133209,-0.5065458745175714,-1.8076788429208337,1.3322589027320104,-0.22434148786346095,0.8330000436680589,1
0.010693624500300621,-1.2961245095504037,-1.0601563333399602,0.94888916479251,-0.0565482177802836,1.4662944358135126,0.6754427999088257,0.920307393868181,-0.4108240150088804,0.8687578348503723,0.8637677229720243,-1.0775117223646489,-1.1306132189929516,-0.9501804779455227,0
0.4942554559092562,0.7715308156211609,0.889238007540291,-1.2740774193934234,-0.011545410827411657,1.4662944358135126,-0.5515265195690139,-1.0865934650343947,1.6432960600355222,-0.742312224694933,-0.026714465658928405,0.1273735901836806,-1.6143605464559816,-0.9501804779455227,1
-0.3761558406268638,0.7715308156211609,1.6390050617250032,-2.0150662807887345,-0.5021196986593011,-1.264053652420733,0.835482276362457,0.920307393868181,-0.4108240150088804,0.6591877458038283,0.8637677229720243,-1.0775117223646489,-1.1556197653323954,0.8330000436680589,0
0.5909678221910473,0.7715308156211609,1.3390982400511182,0.94888916479251,-0.5077996645853917,-1.6053471634500138,-1.6184563625932222,-1.0865934650343947,-1.4378840525310816,-1.3972187529653821,-0.9171966542898811,0.1273735901836806,-1.5781441689988562,1.7245903044748498,1
1.3646667524453762,0.7715308156211609,0.4393777750294639,-1.2740774193934234,0.3882950623389787,-0.9227601413914523,0.24867086269914235,0.920307393868181,-0.4108240150088804,0.3841270039302395,0.8637677229720243,-1.0775117223646489,-1.1564820600337555,0.8330000436680589,1
-0.8597176720358194,0.7715308156211609,-0.4603426899921905,0.94888916479251,0.6372523380840897,1.1250009247842319,-0.7649124881738556,0.920307393868181,1.6432960600355222,-0.8863916609144319,-0.026714465658928405,1.3322589027320104,-1.5591736855689335,1.7245903044748498,0
-0.9564300383176104,0.7715308156211609,0.4393777750294639,0.94888916479251,-0.5041877888170059,1.4662944358135126,1.2089077214209298,0.920307393868181,-0.4108240150088804,1.2355054906818235,0.8637677229720243,-1.0775117223646489,-1.4565606161070788,0.8330000436680589,1
-0.2794434743450727,0.7715308156211609,-1.609985506408749,0.94888916479251,0.26986049077239144,-1.6053471634500138,-1.2450309175347494,-1.0865934650343947,0.6162360225133209,-1.1614524027880206,-1.8076788429208337,0.1273735901836806,-1.729045741736878,-0.9501804779455227,0
1.7515162175725405,-1.2961245095504037,0.889238007540291,-0.5330885579981124,-0.11052245809333971,-0.9227601413914523,1.368947197874561,-1.0865934650343947,-0.4108240150088804,1.5891550159478665,0.8637677229720243,-1.0775117223646489,0.7405662829585182,0.8330000436680589,1
0.30083072334567396,0.7715308156211609,1.6390050617250032,0.94888916479251,0.027020101409224232,-0.24017311933289098,0.5687498156064048,0.920307393868181,1.6432960600355222,-0.2707795243402095,-0.026714465658928405,1.3322589027320104,-1.2866885599391342,1.7245903044748498,1
-0.8597176720358194,0.7715308156211609,1.6889895320039838,0.94888916479251,-0.7848072335962734,1.4662944358135126,-0.6048730117202243,0.920307393868181,-0.4108240150088804,-0.6244290496062522,0.8637677229720243,1.3322589027320104,-2.0291242978102013,-0.05859021713873188,0
-0.1827311080632816,-1.2961245095504037,0.889238007540291,0.94888916479251,0.5004088513108907,0.7837074137549511,-1.0849914410811181,0.920307393868181,-1.4378840525310816,-1.0959617499609757,-0.9171966542898811,0.1273735901836806,-0.7701740338244197,0.8330000436680589,1
-0.7630053057540283,-1.2961245095504037,1.6390050617250032,0.94888916479251,-1.2056198886436138,1.4662944358135126,1.0488682449672986,-1.0865934650343947,-0.4108240150088804,0.8949540959811902,0.8637677229720243,-1.0775117223646489,-1.4410393114825966,0.8330000436680589,0
-0.9564300383176104,0.7715308156211609,-0.41035821971320974,-1.2740774193934234,0.0895288546266114,-0.5814666303621717,-1.5651098704420119,0.920307393868181,0.6162360225133209,-1.3055318390075195,-1.8076788429208337,0.1273735901836806,-0.6796330901816067,-0.05859021713873188,1
-1.3432795034447749,-1.2961245095504037,0.9392224778192719,-2.0150662807887345,-0.7050838144182731,-0.24017311933289098,0.30201735485035275,0.920307393868181,-0.4108240150088804,-0.12670008812071074,0.8637677229720243,1.3322589027320104,-1.1081935567575885,0.8330000436680589,1
-0.8597176720358194,-1.2961245095504037,1.4890516508880607,-0.5330885579981124,-0.05835415566447651,1.4662944358135126,-0.3381405509641722,0.920307393868181,1.6432960600355222,-0.48034961338675325,-0.026714465658928405,1.3322589027320104,-1.0038558978930134,1.7245903044748498,0
1.5580914850089584,-1.2961245095504037,-1.2600942144558833,0.94888916479251,0.2255276285184943,-1.6053471634500138,1.4222936900257714,-1.0865934650343947,-0.4108240150088804,1.6153512770786844,0.8637677229720243,-1.0775117223646489,-0.7253347093536933,-0.9501804779455227,1
2.138365682699705,0.7715308156211609,0.7892690669823295,-0.5330885579981124,-1.2169798204957951,1.1250009247842319,-1.2983774096859597,-1.0865934650343947,-1.4378840525310816,-1.2269430556150656,-0.9171966542898811,0.1273735901836806,0.4068582335321501,0.8330000436680589,0
-1.6334166022901482,0.7715308156211609,0.4393777750294639,0.94888916479251,-0.48496328875946837,-1.6053471634500138,0.8888287685136673,0.920307393868181,-0.4108240150088804,0.5413045707151477,0.8637677229720243,-1.0775117223646489,-1.4548360267043585,-0.9501804779455227,1
0.10740599078209173,0.7715308156211609,-0.4603426899921905,0.94888916479251,0.01035886802602504,-1.6053471634500138,0.6220963077576153,-1.0865934650343947,0.6162360225133209,0.7246783986308734,-1.8076788429208337,-1.0775117223646489,-1.5195081293063677,-0.05859021713873188,1
0.4942554559092562,0.7715308156211609,-0.4603426899921905,-1.2740774193934234,-0.08270518907069072,-0.5814666303621717,-0.7115659960226451,-1.0865934650343947,-0.4108240150088804,-0.7947047469565689,0.8637677229720243,1.3322589027320104,-1.11854109317391,-0.05859021713873188,0
-0.7630053057540283,0.7715308156211609,-0.4603426899921905,0.94888916479251,-0.3549357610975782,-0.5814666303621717,-1.3517239018371703,-1.0865934650343947,1.6432960600355222,-1.2531393167458833,-0.026714465658928405,0.1273735901836806,-1.2590951294956103,-0.9501804779455227,1
0.5909678221910473,0.7715308156211609,1.7889584725619454,-1.2740774193934234,-0.5893872777083654,1.1250009247842319,1.2089077214209298,-1.0865934650343947,-0.4108240150088804,1.2878980129434598,0.8637677229720243,-1.0775117223646489,-0.9357346164855636,-0.9501804779455227,0
-0.6662929394722371,0.7715308156211609,-0.010482457481363327,0.94888916479251,0.11542367364350666,-0.5814666303621717,0.14197787839672152,0.920307393868181,-1.4378840525310816,-0.021915043597438757,-0.9171966542898811,1.3322589027320104,-1.472081920731561,-0.05859021713873188,1
1.0745296536000029,0.7715308156211609,-0.3103892791552481,0.94888916479251,-0.776651385087015,-1.6053471634500138,-0.5515265195690139,-1.0865934650343947,-0.4108240150088804,-0.5851346579100252,0.8637677229720243,1.3322589027320104,-0.7701740338244197,-0.9501804779455227,1
-1.9235537011355215,0.7715308156211609,-0.3103892791552481,0.2079003033971988,-1.3368125375211124,-0.24017311933289098,-1.191684425383539,-1.0865934650343947,1.6432960600355222,-1.0697654888301575,-0.026714465658928405,0.1273735901836806,-2.0101538143802786,1.7245903044748498,0
-0.0860187417814905,0.7715308156211609,-1.0601563333399602,-1.2740774193934234,2.457026036712358,-0.9227601413914523,1.1022147371185091,-1.0865934650343947,-0.4108240150088804,1.02593540163528,0.8637677229720243,-1.0775117223646489,-1.4893278147587634,-0.05859021713873188,1
-0.9564300383176104,-1.2961245095504037,0.9892069480982527,-0.5330885579981124,-0.12348443161698244,-0.24017311933289098,-1.6184563625932222,0.920307393868181,0.6162360225133209,-1.3448262307037464,-1.8076788429208337,0.1273735901836806,-0.25969557061922605,1.7245903044748498,0
0.8811049210364206,0.7715308156211609,1.7889584725619454,0.94888916479251,-0.8439080072580062,1.1250009247842319,1.3156007057233507,0.920307393868181,-0.4108240150088804,1.5236643631208215,0.8637677229720243,-1.0775117223646489,-1.6548883974199073,1.7245903044748498,1
1.0745296536000029,0.7715308156211609,-0.9102029225030177,-1.2740774193934234,0.4434635518980334,0.7837074137549511,0.4087103391527736,0.920307393868181,1.6432960600355222,0.24004756771074096,-0.026714465658928405,-1.0775117223646489,-1.4496622584961978,-0.9501804779455227,1
1.1712420198817939,-1.2961245095504037,-0.4603426899921905,-0.5330885579981124,-0.8953772369575044,0.7837074137549511,-0.7649124881738556,-1.0865934650343947,-0.4108240150088804,-0.8470972692182049,0.8637677229720243,1.3322589027320104,0.7483269352707593,0.8330000436680589,0
-1.0531424045994016,0.7715308156211609,0.3394088344715023,0.94888916479251,0.7051497769236654,0.7837074137549511,-1.0316449489299078,0.920307393868181,-1.4378840525310816,-1.0304710971339308,-0.9171966542898811,0.1273735901836806,-0.8029412324761044,0.8330000436680589,1
-0.3761558406268638,0.7715308156211609,-1.609985506408749,0.2079003033971988,-1.4637524939616404,0.7837074137549511,0.9421752606648778,0.920307393868181,-0.4108240150088804,0.8032671820233274,0.8637677229720243,-1.0775117223646489,-1.070252589897743,1.7245903044748498,0
0.8811049210364206,-1.2961245095504037,-0.4603426899921905,0.94888916479251,-0.7065693439681737,-0.9227601413914523,-1.458416886139591,-1.0865934650343947,0.6162360225133209,-1.2662374473112923,-1.8076788429208337,0.1273735901836806,-1.4229311227540338,0.8330000436680589,1
-0.8597176720358194,0.7715308156211609,1.4890516508880607,0.94888916479251,-0.8891147104236096,1.4662944358135126,0.5154033234551945,0.920307393868181,-0.4108240150088804,0.13526252318746898,0.8637677229720243,1.3322589027320104,-1.3858524505955485,0.8330000436680589,1
-0.8597176720358194,0.7715308156211609,-0.010482457481363327,0.94888916479251,-0.659090654432134,-0.24017311933289098,-0.5515265195690139,-1.0865934650343947,1.6432960600355222,-0.676821571867888,-0.026714465658928405,1.3322589027320104,-1.1901115533868003,0.8330000436680589,0
1.2679543861635851,0.7715308156211609,1.7889584725619454,0.94888916479251,-0.382170469512423,0.10112039169638974,1.2622542135721402,0.920307393868181,-0.4108240150088804,1.4581737102937766,0.8637677229720243,-1.0775117223646489,-1.3410131261248222,0.8330000436680589,1
-1.8268413348537305,0.7715308156211609,-1.2600942144558833,0.2079003033971988,-1.4694907159485115,-1.6053471634500138,-1.2450309175347494,-1.0865934650343947,-1.4378840525310816,-1.1876486639188384,-0.9171966542898811,0.1273735901836806,-1.0512821064678202,0.8330000436680589,0
1.2679543861635851,-1.2961245095504037,-0.11045139803932492,-1.2740774193934234,0.4609986261929388,0.10112039169638974,0.7821357842112465,-1.0865934650343947,-0.4108240150088804,0.4758139178881028,0.8637677229720243,-1.0775117223646489,-1.9325472912578674,1.7245903044748498,1
-0.5695805731904461,0.7715308156211609,-1.2101097441769024,0.94888916479251,-0.5201208214404499,0.10112039169638974,0.6754427999088257,-1.0865934650343947,0.6162360225133209,0.842561573719554,-1.8076788429208337,-1.0775117223646489,-1.8963309138007423,1.7245903044748498,1
-1.4399918697265661,0.7715308156211609,-1.0601563333399602,0.94888916479251,0.5800448863977204,0.10112039169638974,-0.7649124881738556,0.920307393868181,-0.4108240150088804,-0.820901008087387,0.8637677229720243,1.3322589027320104,-1.112505030264389,-0.05859021713873188,0
-0.5695805731904461,0.7715308156211609,-0.010482457481363327,0.94888916479251,-0.3660335406762476,0.7837074137549511,-1.1383379332323285,0.920307393868181,1.6432960600355222,-1.1221580110917935,-0.026714465658928405,0.1273735901836806,-1.5677966325825348,-0.9501804779455227,1
0.5909678221910473,0.7715308156211609,-0.9102029225030177,-1.2740774193934234,0.2213623201726945,-0.24017311933289098,1.1555612292697195,-1.0865934650343947,-0.4108240150088804,1.2486036212472327,0.8637677229720243,-1.0775117223646489,-1.159931238839196,0.8330000436680589,0
-1.3432795034447749,-1.2961245095504037,-1.609985506408749,0.2079003033971988,-1.3505027118045103,1.1250009247842319,0.19532437054793192,0.920307393868181,-1.4378840525310816,-0.10050382698989285,-0.9171966542898811,1.3322589027320104,-1.0340362124406177,0.8330000436680589,1
-0.8597176720358194,-1.2961245095504037,-1.2101097441769024,0.94888916479251,-0.6715574514391432,0.44241390272567044,-0.4448335352665931,-1.0865934650343947,-0.4108240150088804,-0.5458402662137981,0.8637677229720243,1.3322589027320104,-1.6221211987682227,1.7245903044748498,1
0.39754308962746504,-1.2961245095504037,-1.0101718630609793,-0.5330885579981124,-0.4718556750838746,0.7837074137549511,-1.0316449489299078,-1.0865934650343947,1.6432960600355222,-1.0435692276993398,-0.026714465658928405,0.1273735901836806,1.869310047038921,-0.05859021713873188,0
-0.1827311080632816,-1.2961245095504037,1.3390982400511182,-0.5330885579981124,-0.5546957935136272,-0.9227601413914523,1.1022147371185091,0.920307393868181,-0.4108240150088804,1.052131662766098,0.8637677229720243,-1.0775117223646489,0.3533959620478224,-0.05859021713873188,1
-0.6662929394722371,0.7715308156211609,-0.11045139803932492,0.94888916479251,-0.46710780613027064,0.7837074137549511,-1.5651098704420119,-1.0865934650343947,0.6162360225133209,-1.2924337084421105,-1.8076788429208337,0.1273735901836806,-0.8995182390284383,0.8330000436680589,0
1.3646667524453762,0.7715308156211609,-1.609985506408749,-1.2740774193934234,1.175188803330458,-1.6053471634500138,1.368947197874561,-1.0865934650343947,-0.4108240150088804,1.6022531465132752,0.8637677229720243,-1.0775117223646489,-1.527268781618609,0.8330000436680589,1
-0.2794434743450727,0.7715308156211609,1.6390050617250032,-0.5330885579981124,-0.32490476176527333,0.44241390272567044,0.3553638470015632,0.920307393868181,1.6432960600355222,0.04357560922960617,-0.026714465658928405,1.3322589027320104,0.29217303825125357,0.8330000436680589,1
-0.6662929394722371,0.7715308156211609,1.6889895320039838,0.94888916479251,-0.9888782145100733,-0.5814666303621717,-0.8716054724762764,-1.0865934650343947,-0.4108240150088804,-0.8994897914798409,0.8637677229720243,1.3322589027320104,-1.6885178907729521,-0.9501804779455227,0
-1.9235537011355215,-1.2961245095504037,-0.41035821971320974,-1.2740774193934234,-0.08829777090561072,1.4662944358135126,-0.9782984567786973,-1.0865934650343947,-1.4378840525310816,-1.0173729665685216,-0.9171966542898811,0.1273735901836806,-1.3367016526180213,1.7245903044748498,1
-0.8597176720358194,-1.2961245095504037,1.6390050617250032,-2.0150662807887345,-0.947458155295197,1.4662944358135126,0.9955217528160882,0.920307393868181,-0.4108240150088804,0.8163653125887361,0.8637677229720243,-1.0775117223646489,-0.4200823850722092,-0.05859021713873188,0
1.3646667524453762,-1.2961245095504037,1.3390982400511182,0.94888916479251,-0.29697098062106353,0.7837074137549511,-1.4050703939883806,-1.0865934650343947,0.6162360225133209,-1.2400411861804745,-1.8076788429208337,0.1273735901836806,-0.1907119945104161,0.8330000436680589,1
-1.0531424045994016,0.7715308156211609,-0.9102029225030177,0.94888916479251,0.22040109516981762,0.44241390272567044,0.462056831303984,-1.0865934650343947,-0.4108240150088804,0.16145878431828686,0.8637677229720243,-1.0775117223646489,-1.2599574241969704,-0.9501804779455227,1
0.8811049210364206,-1.2961245095504037,-1.2101097441769024,0.94888916479251,-0.365392724007663,1.4662944358135126,-0.6048730117202243,-1.0865934650343947,1.6432960600355222,-0.6506253107370701,-0.026714465658928405,1.3322589027320104,-0.7477543715890564,0.8330000436680589,0
-0.3761558406268638,0.7715308156211609,-0.010482457481363327,0.94888916479251,-0.13577646044165037,1.1250009247842319,1.3156007057233507,-1.0865934650343947,-0.4108240150088804,1.4712718408591854,0.8637677229720243,-1.0775117223646489,-1.5772818742974961,0.8330000436680589,1
-0.6662929394722371,0.7715308156211609,-0.3103892791552481,-2.0150662807887345,-0.5096638585303651,-0.24017311933289098,-1.2450309175347494,0.920307393868181,-1.4378840525310816,-1.1745505333534296,-0.9171966542898811,0.1273735901836806,-0.6227216398918384,0.8330000436680589,0
-0.6662929394722371,-1.2961245095504037,-1.1101408036189409,-2.0150662807887345,-1.1523738490903128,0.44241390272567044,0.835482276362457,0.920307393868181,-0.4108240150088804,0.5020101790189206,0.8637677229720243,-1.0775117223646489,-0.4157709115654086,0.8330000436680589,1
-0.3761558406268638,-1.2961245095504037,-0.010482457481363327,0.94888916479251,-0.25610435398360115,1.1250009247842319,0.6754427999088257,-1.0865934650343947,0.6162360225133209,0.8687578348503723,-1.8076788429208337,-1.0775117223646489,-1.340150831423462,-0.9501804779455227,1
-0.2794434743450727,-1.2961245095504037,0.9392224778192719,-2.0150662807887345,-0.7092199947336827,-0.5814666303621717,-0.818258980325066,-1.0865934650343947,-0.4108240150088804,-0.8601953997836138,0.8637677229720243,1.3322589027320104,-0.41490861686404845,-0.9501804779455227,0
-0.5695805731904461,-1.2961245095504037,-1.6599699766877298,0.94888916479251,-0.8508404784908757,-0.9227601413914523,-1.0849914410811181,0.920307393868181,1.6432960600355222,-1.0828636193955667,-0.026714465658928405,0.1273735901836806,-1.8316588111987329,-0.9501804779455227,1
-0.5695805731904461,-1.2961245095504037,-0.010482457481363327,0.94888916479251,0.3273300947322726,-0.5814666303621717,1.2089077214209298,-1.0865934650343947,-0.4108240150088804,1.3271924046396868,0.8637677229720243,-1.0775117223646489,-1.46518356312068,-0.05859021713873188,0
-0.3761558406268638,0.7715308156211609,-0.3103892791552481,0.94888916479251,-0.47526365463952897,-1.6053471634500138,0.19532437054793192,-1.0865934650343947,-1.4378840525310816,-0.08740569642448368,-0.9171966542898811,1.3322589027320104,-1.5384786127362906,0.8330000436680589,1
0.010693624500300621,0.7715308156211609,1.4890516508880607,-1.2740774193934234,-0.6047668777543954,-0.5814666303621717,-0.4981800274178035,-1.0865934650343947,-0.4108240150088804,-0.5982327884754342,0.8637677229720243,1.3322589027320104,-1.5945277683246986,0.8330000436680589,1
2.138365682699705,0.7715308156211609,1.7889584725619454,0.94888916479251,-0.9529924810693365,-0.9227601413914523,-1.0316449489299078,-1.0865934650343947,1.6432960600355222,-1.0566673582647486,-0.026714465658928405,0.1273735901836806,-1.7178359106191965,0.8330000436680589,0
1.9449409501361228,-1.2961245095504037,-1.0101718630609793,0.94888916479251,-0.579542003436475,-1.6053471634500138,1.0488682449672986,-1.0865934650343947,-0.4108240150088804,0.9997391405044622,0.8637677229720243,-1.0775117223646489,-1.3944753976091497,-0.05859021713873188,1
-1.3432795034447749,-1.2961245095504037,-0.010482457481363327,0.2079003033971988,-1.4875500947904405,-0.9227601413914523,-1.5651098704420119,0.920307393868181,0.6162360225133209,-1.3448262307037464,-1.8076788429208337,0.1273735901836806,-1.3013475698622563,0.8330000436680589,0
-0.9564300383176104,-1.2961245095504037,0.4393777750294639,0.94888916479251,-0.22951046223734092,-0.9227601413914523,1.3156007057233507,-1.0865934650343947,-0.4108240150088804,1.5629587548170483,0.8637677229720243,-1.0775117223646489,-1.832521105900093,1.7245903044748498,1
0.6876801884728384,0.7715308156211609,-0.4603426899921905,-2.0150662807887345,-0.800128577581523,0.44241390272567044,0.4087103391527736,0.920307393868181,1.6432960600355222,0.08287000092583299,-0.026714465658928405,1.3322589027320104,-1.2435738248711279,1.7245903044748498,1
-0.7630053057540283,0.7715308156211609,-1.2101097441769024,0.2079003033971988,-1.4163611885167713,-0.5814666303621717,-0.818258980325066,-1.0865934650343947,-0.4108240150088804,-0.8732935303490229,0.8637677229720243,1.3322589027320104,-1.6609244603294282,1.7245903044748498,0
-0.47286820690865494,-1.2961245095504037,-1.0101718630609793,-2.0150662807887345,-1.2061733212210277,-1.6053471634500138,-0.9782984567786973,0.920307393868181,-1.4378840525310816,-1.0304710971339308,-0.9171966542898811,0.1273735901836806,0.009340376205132764,0.8330000436680589,1
-0.7630053057540283,-1.2961245095504037,1.4890516508880607,0.94888916479251,-1.2169798204957951,-0.24017311933289098,0.9421752606648778,0.920307393868181,-0.4108240150088804,0.7639727903271003,0.8637677229720243,-1.0775117223646489,-1.410858996934992,1.7245903044748498,0
-0.9564300383176104,-1.2961245095504037,0.889238007540291,-2.0150662807887345,-0.6408565074078636,1.1250009247842319,-1.4050703939883806,0.920307393868181,0.6162360225133209,-1.2531393167458833,-1.8076788429208337,0.1273735901836806,-0.6434167127244814,-0.9501804779455227,1
-1.9235537011355215,0.7715308156211609,-0.9102029225030177,-2.0150662807887345,-0.9124753907965567,0.44241390272567044,0.5154033234551945,0.920307393868181,-0.4108240150088804,0.1483606537528779,0.8637677229720243,-1.0775117223646489,0.38357627659542676,1.7245903044748498,1
0.6876801884728384,-1.2961245095504037,0.3394088344715023,0.94888916479251,-0.7826226313170077,0.7837074137549511,-0.6048730117202243,-1.0865934650343947,1.6432960600355222,-0.6637234413024791,-0.026714465658928405,1.3322589027320104,-2.032573476615642,-0.9501804779455227,0
-0.3761558406268638,0.7715308156211609,0.7892690669823295,-1.2740774193934234,-0.4534467598772629,1.4662944358135126,1.2622542135721402,-1.0865934650343947,-0.4108240150088804,1.4581737102937766,0.8637677229720243,-1.0775117223646489,-1.4134458810390724,1.7245903044748498,1
-0.5695805731904461,-1.2961245095504037,-1.609985506408749,-1.2740774193934234,1.4484388564210027,-0.5814666303621717,-1.2450309175347494,0.920307393868181,-1.4378840525310816,-1.1876486639188384,-0.9171966542898811,0.1273735901836806,-1.1995967951017616,1.7245903044748498,0
-1.6334166022901482,0.7715308156211609,-1.0101718630609793,0.2079003033971988,-1.4893560326746336,0.7837074137549511,0.7821357842112465,0.920307393868181,-0.4108240150088804,0.4889120484535115,0.8637677229720243,-1.0775117223646489,-1.6678228179403092,-0.9501804779455227,1
-0.5695805731904461,0.7715308156211609,0.3394088344715023,0.94888916479251,0.3268057901852488,0.10112039169638974,0.6754427999088257,0.920307393868181,0.6162360225133209,0.8556597042849632,-1.8076788429208337,-1.0775117223646489,0.5155073659035257,-0.9501804779455227,1
-1.3432795034447749,-1.2961245095504037,0.7892690669823295,0.2079003033971988,-1.3771839876419412,-1.6053471634500138,-0.7649124881738556,0.920307393868181,-0.4108240150088804,-0.833999138652796,0.8637677229720243,1.3322589027320104,-0.6917052160006484,0.8330000436680589,0
0.4942554559092562,0.7715308156211609,-0.3103892791552481,-1.2740774193934234,1.0258785195502498,0.7837074137549511,-1.1383379332323285,-1.0865934650343947,1.6432960600355222,-1.1090598805263847,-0.026714465658928405,0.1273735901836806,-0.5192462757286235,1.7245903044748498,1
-1.0531424045994016,0.7715308156211609,-0.4603426899921905,-2.0150662807887345,-0.6635472430818359,1.4662944358135126,1.1555612292697195,0.920307393868181,-0.4108240150088804,1.2617017518126419,0.8637677229720243,-1.0775117223646489,2.326326238759787,-0.05859021713873188,0
0.9778172873182117,-1.2961245095504037,-0.41035821971320974,-0.5330885579981124,0.4141898813558739,1.1250009247842319,0.19532437054793192,-1.0865934650343947,-1.4378840525310816,-0.10050382698989285,-0.9171966542898811,1.3322589027320104,0.6879663061755507,-0.05859021713873188,1
-0.6662929394722371,0.7715308156211609,-0.9102029225030177,0.94888916479251,0.3850618509656656,-1.264053652420733,-0.4448335352665931,0.920307393868181,-0.4108240150088804,-0.5327421356483892,0.8637677229720243,1.3322589027320104,0.3430484256315009,-0.9501804779455227,1
-1.5367042360083571,0.7715308156211609,-0.6102961008291329,0.2079003033971988,-1.450004063617462,1.1250009247842319,-1.0316449489299078,0.920307393868181,1.6432960600355222,-1.0435692276993398,-0.026714465658928405,0.1273735901836806,-0.9503936264086857,-0.9501804779455227,0
-0.1827311080632816,-1.2961245095504037,0.889238007540291,0.94888916479251,0.5598300333069158,-1.6053471634500138,1.1022147371185091,-1.0865934650343947,-0.4108240150088804,1.0652297933315071,0.8637677229720243,-1.0775117223646489,-0.17432839518457374,0.8330000436680589,1
-0.7630053057540283,0.7715308156211609,-1.2600942144558833,0.94888916479251,0.06465351667337345,1.1250009247842319,-1.5651098704420119,0.920307393868181,0.6162360225133209,-1.2793355778767015,-1.8076788429208337,0.1273735901836806,0.42927789576751335,-0.9501804779455227,0
1.2679543861635851,0.7715308156211609,0.039502012797617475,-1.2740774193934234,1.4919270057935838,0.7837074137549511,1.368947197874561,-1.0865934650343947,-0.4108240150088804,1.6153512770786844,0.8637677229720243,-1.0775117223646489,-1.036623096544698,1.7245903044748498,1
-1.2465671371629838,-1.2961245095504037,-0.010482457481363327,0.2079003033971988,-1.3334919420566285,-0.5814666303621717,0.3553638470015632,0.920307393868181,1.6432960600355222,0.05667373979501511,-0.026714465658928405,1.3322589027320104,-0.6054757458646359,-0.9501804779455227,1
0.20411835706388284,0.7715308156211609,0.6393156561453871,0.94888916479251,0.7054701852579577,-0.24017311933289098,-0.8716054724762764,-1.0865934650343947,-0.4108240150088804,-0.8863916609144319,0.8637677229720243,1.3322589027320104,-0.08809892504856129,-0.05859021713873188,0
-1.4399918697265661,0.7715308156211609,0.9892069480982527,0.2079003033971988,-1.4063120180321496,-1.6053471634500138,-0.9782984567786973,0.920307393868181,-1.4378840525310816,-1.0042748360031128,-0.9171966542898811,0.1273735901836806,-0.7779346861366608,-0.9501804779455227,1
0.7843925547546295,-1.2961245095504037,1.7889584725619454,-1.2740774193934234,0.9967504891600415,1.4662944358135126,0.9955217528160882,-1.0865934650343947,-0.4108240150088804,0.8294634431541453,0.8637677229720243,-1.0775117223646489,-0.7779346861366608,1.7245903044748498,0
-0.9564300383176104,0.7715308156211609,0.3394088344715023,-2.0150662807887345,-0.6052911823014192,0.10112039169638974,-1.4050703939883806,0.920307393868181,0.6162360225133209,-1.2269430556150656,-1.8076788429208337,0.1273735901836806,2.06763782835175,-0.05859021713873188,1
0.30083072334567396,-1.2961245095504037,-0.3103892791552481,0.94888916479251,0.26854972940483207,0.7837074137549511,0.462056831303984,-1.0865934650343947,-0.4108240150088804,0.174556914883696,0.8637677229720243,-1.0775117223646489,-0.3467873354565986,0.8330000436680589,1
-1.1498547708811926,0.7715308156211609,-0.16043586831830572,0.2079003033971988,-1.30436391166642,-0.24017311933289098,-0.6048730117202243,0.920307393868181,1.6432960600355222,-0.6375271801716612,-0.026714465658928405,1.3322589027320104,-0.4330168055926111,-0.9501804779455227,0
1.1712420198817939,0.7715308156211609,-1.4100476252928258,-0.5330885579981124,0.3850618509656656,0.44241390272567044,1.3156007057233507,-1.0865934650343947,-0.4108240150088804,1.4843699714245946,0.8637677229720243,-1.0775117223646489,0.6879663061755507,-0.05859021713873188,1
-0.47286820690865494,-1.2961245095504037,-1.609985506408749,0.94888916479251,0.3268057901852488,-0.9227601413914523,-1.2450309175347494,0.920307393868181,-1.4378840525310816,-1.1614524027880206,-0.9171966542898811,0.1273735901836806,0.08436001522346359,-0.9501804779455227,0
-1.6334166022901482,0.7715308156211609,-1.4600320955718065,0.2079003033971988,-1.4645680788125663,1.1250009247842319,0.835482276362457,0.920307393868181,-0.4108240150088804,0.5151083095843294,0.8637677229720243,-1.0775117223646489,-1.1228525666807105,-0.9501804779455227,1
-0.0860187417814905,0.7715308156211609,-0.4603426899921905,0.94888916479251,0.5889580636971242,1.4662944358135126,0.6754427999088257,-1.0865934650343947,0.6162360225133209,0.881855965415781,-1.8076788429208337,-1.0775117223646489,0.25681895549548844,-0.05859021713873188,1
0.5909678221910473,-1.2961245095504037,-1.0101718630609793,-0.5330885579981124,0.3268057901852488,-1.6053471634500138,-0.818258980325066,-1.0865934650343947,-0.4108240150088804,-0.8470972692182049,0.8637677229720243,1.3322589027320104,0.5155073659035257,-0.05859021713873188,0
-1.0531424045994016,0.7715308156211609,-1.2101097441769024,0.2079003033971988,-1.275235881276212,0.10112039169638974,-1.0849914410811181,0.920307393868181,1.6432960600355222,-1.0697654888301575,-0.026714465658928405,0.1273735901836806,-0.3467873354565986,-0.9501804779455227,1
0.39754308962746504,0.7715308156211609,1.6390050617250032,-1.2740774193934234,0.9093663979894163,-0.9227601413914523,1.2089077214209298,-1.0865934650343947,-0.4108240150088804,1.3402905352050956,0.8637677229720243,-1.0775117223646489,-0.5192462757286235,1.7245903044748498,0
-0.6662929394722371,-1.2961245095504037,-1.1101408036189409,0.94888916479251,0.15203760784399858,0.44241390272567044,0.19532437054793192,0.920307393868181,-1.4378840525310816,-0.07430756585907475,-0.9171966542898811,1.3322589027320104,0.17058948535947602,-0.9501804779455227,1
-1.4399918697265661,0.7715308156211609,-0.8602184522240369,0.2079003033971988,-1.4063120180321496,-0.5814666303621717,-0.4981800274178035,0.920307393868181,-0.4108240150088804,-0.5851346579100252,0.8637677229720243,1.3322589027320104,-0.7779346861366608,-0.9501804779455227,1
0.8811049210364206,-1.2961245095504037,0.4393777750294639,-1.2740774193934234,1.113262610720875,0.10112039169638974,-1.0316449489299078,-1.0865934650343947,1.6432960600355222,-1.0435692276993398,-0.026714465658928405,0.1273735901836806,-0.8641641562726733,1.7245903044748498,0
-0.3761558406268638,0.7715308156211609,0.889238007540291,0.94888916479251,0.4724459421362907,-1.6053471634500138,1.0488682449672986,0.920307393868181,-0.4108240150088804,1.012837271069871,0.8637677229720243,-1.0775117223646489,0.3430484256315009,-0.05859021713873188,1
-1.2465671371629838,-1.2961245095504037,0.2894243641925215,0.2079003033971988,-1.3771839876419412,-1.264053652420733,-1.5651098704420119,0.920307393868181,0.6162360225133209,-1.3317281001383372,-1.8076788429208337,0.1273735901836806,-0.6054757458646359,-0.9501804779455227,0
1.0745296536000029,0.7715308156211609,0.1894554236345599,-0.5330885579981124,0.4141898813558739,1.4662944358135126,1.3156007057233507,-1.0865934650343947,-0.4108240150088804,1.5760568853824573,0.8637677229720243,-1.0775117223646489,0.6017368360395382,-0.05859021713873188,1
-0.5695805731904461,0.7715308156211609,-1.2600942144558833,0.94888916479251,0.29767775979504046,1.1250009247842319,0.4087103391527736,0.920307393868181,1.6432960600355222,0.09596813149124192,-0.026714465658928405,1.3322589027320104,0.5155073659035257,-0.9501804779455227,1
0.4942554559092562,-1.2961245095504037,-0.11045139803932492,0.94888916479251,0.26854972940483207,0.10112039169638974,-0.818258980325066,-1.0865934650343947,-0.4108240150088804,-0.8601953997836138,0.8637677229720243,1.3322589027320104,-0.26055786532058617,0.8330000436680589,0
-1.3432795034447749,0.7715308156211609,0.7392845967033487,0.2079003033971988,-1.3626199724468369,0.44241390272567044,-0.9782984567786973,0.920307393868181,-1.4378840525310816,-1.0173729665685216,-0.9171966542898811,0.1273735901836806,-0.6917052160006484,-0.9501804779455227,1
0.6876801884728384,0.7715308156211609,0.9392224778192719,-1.2740774193934234,1.0550065499404582,-1.264053652420733,0.9421752606648778,-1.0865934650343947,-0.4108240150088804,0.7770709208925091,0.8637677229720243,-1.0775117223646489,-0.7779346861366608,1.7245903044748498,0
-0.8597176720358194,-1.2961245095504037,0.3394088344715023,0.94888916479251,0.0063974558929567014,0.10112039169638974,-1.4050703939883806,0.920307393868181,0.6162360225133209,-1.2400411861804745,-1.8076788429208337,0.1273735901836806,-0.0018694549125488533,-0.9501804779455227,1
0.010693624500300621,0.7715308156211609,0.08948648307659827,0.94888916479251,0.5598300333069158,-0.24017311933289098,0.5154033234551945,-1.0865934650343947,-0.4108240150088804,0.16145878431828686,0.8637677229720243,-1.0775117223646489,-0.08809892504856129,-0.05859021713873188,1
-1.5367042360083571,0.7715308156211609,1.189144829214176,0.2079003033971988,-1.435440048422358,-0.5814666303621717,-0.6048730117202243,0.920307393868181,1.6432960600355222,-0.6506253107370701,-0.026714465658928405,1.3322589027320104,-0.9503936264086857,-0.9501804779455227,0
0.5909678221910473,-1.2961245095504037,1.8389429428409263,-0.5330885579981124,0.3268057901852488,1.4662944358135126,1.2622542135721402,-1.0865934650343947,-0.4108240150088804,1.4712718408591854,0.8637677229720243,-1.0775117223646489,0.42927789576751335,-0.05859021713873188,1
-0.9564300383176104,0.7715308156211609,-0.8102339819450561,-2.0150662807887345,-0.6926752734720443,0.44241390272567044,-1.2450309175347494,0.920307393868181,-1.4378840525310816,-1.1745505333534296,-0.9171966542898811,0.1273735901836806,1.9814083582157374,-0.05859021713873188,0
1.3646667524453762,0.7715308156211609,-0.21042033859728654,-1.2740774193934234,1.4919270057935838,0.7837074137549511,0.7821357842112465,-1.0865934650343947,-0.4108240150088804,0.5020101790189206,0.8637677229720243,-1.0775117223646489,-1.036623096544698,1.7245903044748498,1
-0.7630053057540283,-1.2961245095504037,1.3890827103300991,0.94888916479251,0.15203760784399858,0.10112039169638974,0.6754427999088257,0.920307393868181,0.6162360225133209,0.8687578348503723,-1.8076788429208337,-1.0775117223646489,0.17058948535947602,-0.9501804779455227,1
0.30083072334567396,0.7715308156211609,1.7389740022829647,0.94888916479251,0.21029366862441531,1.4662944358135126,-0.7649124881738556,-1.0865934650343947,-0.4108240150088804,-0.820901008087387,0.8637677229720243,1.3322589027320104,-0.3467873354565986,0.8330000436680589,0
-1.4399918697265661,0.7715308156211609,-0.7602495116660754,0.2079003033971988,-1.4208760332272536,-1.6053471634500138,-1.1383379332323285,0.920307393868181,1.6432960600355222,-1.0959617499609757,-0.026714465658928405,0.1273735901836806,-0.7779346861366608,-0.9501804779455227,1
0.9778172873182117,-1.2961245095504037,1.0891758886562142,-1.2740774193934234,1.113262610720875,-1.6053471634500138,1.1555612292697195,-1.0865934650343947,-0.4108240150088804,1.2747998823780506,0.8637677229720243,-1.0775117223646489,-0.8641641562726733,1.7245903044748498,0
-0.47286820690865494,0.7715308156211609,-0.9102029225030177,0.94888916479251,0.4433179117460823,-1.264053652420733,0.19532437054793192,0.920307393868181,-1.4378840525310816,-0.08740569642448368,-0.9171966542898811,1.3322589027320104,0.3430484256315009,-0.05859021713873188,1
-1.1498547708811926,-1.2961245095504037,1.5890205914460223,0.2079003033971988,-1.3189279268615244,0.7837074137549511,-0.4448335352665931,0.920307393868181,-0.4108240150088804,-0.5196440050829803,0.8637677229720243,1.3322589027320104,-0.4330168055926111,-0.9501804779455227,1
0.10740599078209173,0.7715308156211609,0.6393156561453871,0.94888916479251,0.6472141244775409,-0.24017311933289098,-1.0316449489299078,-1.0865934650343947,1.6432960600355222,-1.0304710971339308,-0.026714465658928405,0.1273735901836806,-0.0018694549125488533,-0.05859021713873188,0
-1.3432795034447749,0.7715308156211609,-0.2604048088762673,0.2079003033971988,-1.3917480028370453,-0.5814666303621717,1.1022147371185091,0.920307393868181,-0.4108240150088804,1.078327923896916,0.8637677229720243,-1.0775117223646489,-0.6917052160006484,-0.9501804779455227,1
0.7843925547546295,-1.2961245095504037,1.5390361211670416,-0.5330885579981124,0.3850618509656656,1.4662944358135126,-1.5651098704420119,-1.0865934650343947,0.6162360225133209,-1.2662374473112923,-1.8076788429208337,0.1273735901836806,0.5155073659035257,-0.05859021713873188,0
-0.6662929394722371,0.7715308156211609,-1.609985506408749,-2.0150662807887345,-0.6052911823014192,-0.9227601413914523,1.368947197874561,0.920307393868181,-0.4108240150088804,1.6284494076440932,0.8637677229720243,-1.0775117223646489,2.153867298487762,-0.05859021713873188,1
-0.2794434743450727,-1.2961245095504037,-0.010482457481363327,0.94888916479251,0.3559338205754572,-0.5814666303621717,0.3553638470015632,0.920307393868181,1.6432960600355222,0.06977187036042405,-0.026714465658928405,1.3322589027320104,0.08436001522346359,-0.9501804779455227,1
1.1712420198817939,0.7715308156211609,0.4393777750294639,-1.2740774193934234,1.3171588234523335,0.10112039169638974,-0.8716054724762764,-1.0865934650343947,-0.4108240150088804,-0.8732935303490229,0.8637677229720243,1.3322589027320104,-0.9503936264086857,1.7245903044748498,0
-1.0531424045994016,0.7715308156211609,0.7892690669823295,0.2079003033971988,-1.30436391166642,-1.6053471634500138,-0.9782984567786973,0.920307393868181,-1.4378840525310816,-0.9911767054377038,-0.9171966542898811,0.1273735901836806,-0.3467873354565986,-0.9501804779455227,1
0.39754308962746504,-1.2961245095504037,-0.11045139803932492,0.94888916479251,0.29767775979504046,0.10112039169638974,0.9955217528160882,-1.0865934650343947,-0.4108240150088804,0.842561573719554,0.8637677229720243,-1.0775117223646489,-0.26055786532058617,0.8330000436680589,0
-0.8597176720358194,0.7715308156211609,-0.4603426899921905,0.94888916479251,-0.022730574497251674,1.4662944358135126,-1.4050703939883806,0.920307393868181,0.6162360225133209,-1.2138449250496566,-1.8076788429208337,0.1273735901836806,0.5155073659035257,-0.9501804779455227,1
-1.4399918697265661,0.7715308156211609,-0.6102961008291329,0.2079003033971988,-1.435440048422358,1.1250009247842319,0.462056831303984,0.920307393868181,-0.4108240150088804,0.18765504544910497,0.8637677229720243,-1.0775117223646489,-0.8641641562726733,-0.9501804779455227,1
0.5909678221910473,-1.2961245095504037,-0.41035821971320974,-0.5330885579981124,0.3268057901852488,0.7837074137549511,-0.6048730117202243,-1.0865934650343947,1.6432960600355222,-0.6244290496062522,-0.026714465658928405,1.3322589027320104,0.42927789576751335,-0.05859021713873188,0
-0.5695805731904461,0.7715308156211609,0.3394088344715023,0.94888916479251,0.4141898813558739,0.10112039169638974,1.3156007057233507,0.920307393868181,-0.4108240150088804,1.4974681019900034,0.8637677229720243,-1.0775117223646489,0.3430484256315009,-0.9501804779455227,1
-1.2465671371629838,-1.2961245095504037,0.9892069480982527,0.2079003033971988,-1.3771839876419412,-0.5814666303621717,-1.2450309175347494,0.920307393868181,-1.4378840525310816,-1.1483542722226117,-0.9171966542898811,0.1273735901836806,-0.6054757458646359,-0.9501804779455227,0
1.0745296536000029,0.7715308156211609,-0.3103892791552481,-1.2740774193934234,1.2006467018915001,0.7837074137549511,0.835482276362457,-1.0865934650343947,-0.4108240150088804,0.5282064401497385,0.8637677229720243,-1.0775117223646489,-0.7779346861366608,1.7245903044748498,1
-0.6662929394722371,-1.2961245095504037,0.889238007540291,0.94888916479251,0.21029366862441531,-1.6053471634500138,0.6754427999088257,0.920307393868181,0.6162360225133209,0.8949540959811902,-1.8076788429208337,-1.0775117223646489,0.17058948535947602,-0.9501804779455227,1
-0.0860187417814905,0.7715308156211609,-1.2600942144558833,0.94888916479251,0.6180860940873326,1.1250009247842319,-0.818258980325066,-1.0865934650343947,-0.4108240150088804,-0.833999138652796,0.8637677229720243,1.3322589027320104,-0.0018694549125488533,-0.05859021713873188,0
-1.5367042360083571,0.7715308156211609,-0.16043586831830572,0.2079003033971988,-1.450004063617462,-0.24017311933289098,-1.0849914410811181,0.920307393868181,1.6432960600355222,-1.0566673582647486,-0.026714465658928405,0.1273735901836806,-0.9503936264086857,-0.9501804779455227,1
0.6876801884728384,-1.2961245095504037,1.7889584725619454,-1.2740774193934234,1.0258785195502498,1.4662944358135126,1.2089077214209298,-1.0865934650343947,-0.4108240150088804,1.3533886657705048,0.8637677229720243,-1.0775117223646489,-0.6917052160006484,1.7245903044748498,0
-0.9564300383176104,0.7715308156211609,-0.9102029225030177,-2.0150662807887345,-0.6635472430818359,-1.264053652420733,0.19532437054793192,0.920307393868181,-1.4378840525310816,-0.061209435293665806,-0.9171966542898811,1.3322589027320104,2.06763782835175,-0.05859021713873188,1
0.20411835706388284,-1.2961245095504037,-1.609985506408749,0.94888916479251,0.4433179117460823,-0.9227601413914523,-0.4981800274178035,-1.0865934650343947,-0.4108240150088804,-0.5720365273446163,0.8637677229720243,1.3322589027320104,-0.17432839518457374,0.8330000436680589,1
-1.3432795034447749,0.7715308156211609,-0.8602184522240369,0.2079003033971988,-1.3917480028370453,-0.5814666303621717,-1.0316449489299078,0.920307393868181,1.6432960600355222,-1.0304710971339308,-0.026714465658928405,0.1273735901836806,-0.6917052160006484,-0.9501804779455227,0
0.8811049210364206,0.7715308156211609,-1.0101718630609793,-0.5330885579981124,0.3850618509656656,-1.6053471634500138,1.0488682449672986,-1.0865934650343947,-0.4108240150088804,1.02593540163528,0.8637677229720243,-1.0775117223646489,0.6017368360395382,-0.05859021713873188,1
-0.47286820690865494,-1.2961245095504037,-1.1101408036189409,0.94888916479251,0.18116563823420695,0.44241390272567044,-1.5651098704420119,0.920307393868181,0.6162360225133209,-1.3186299695729284,-1.8076788429208337,0.1273735901836806,0.25681895549548844,-0.9501804779455227,0
-1.6334166022901482,0.7715308156211609,-1.4600320955718065,0.2079003033971988,-1.4645680788125663,1.1250009247842319,1.3156007057233507,0.920307393868181,-0.4108240150088804,1.5891550159478665,0.8637677229720243,-1.0775117223646489,-1.1228525666807105,-0.9501804779455227,1
-0.1827311080632816,0.7715308156211609,-0.4603426899921905,0.94888916479251,0.5598300333069158,1.4662944358135126,0.4087103391527736,-1.0865934650343947,1.6432960600355222,0.1090662620566511,-0.026714465658928405,1.3322589027320104,0.25681895549548844,-0.05859021713873188,1
0.4942554559092562,-1.2961245095504037,-1.2101097441769024,0.94888916479251,0.26854972940483207,0.10112039169638974,-0.818258980325066,-1.0865934650343947,-0.4108240150088804,-0.8470972692182049,0.8637677229720243,1.3322589027320104,-0.3467873354565986,0.8330000436680589,0
-1.0531424045994016,0.7715308156211609,0.2894243641925215,0.2079003033971988,-1.289799896471316,-0.24017311933289098,-0.9782984567786973,0.920307393868181,-1.4378840525310816,-1.0042748360031128,-0.9171966542898811,0.1273735901836806,-0.26055786532058617,-0.9501804779455227,1
1.3646667524453762,0.7715308156211609,-0.21042033859728654,-1.2740774193934234,1.5210550361837922,0.7837074137549511,0.9421752606648778,-1.0865934650343947,-0.4108240150088804,0.7901690514579183,0.8637677229720243,-1.0775117223646489,-1.036623096544698,1.7245903044748498,0
-0.8597176720358194,-1.2961245095504037,0.3394088344715023,0.94888916479251,0.06465351667337345,0.10112039169638974,-1.4050703939883806,0.920307393868181,0.6162360225133209,-1.2269430556150656,-1.8076788429208337,0.1273735901836806,0.08436001522346359,-0.9501804779455227,1
0.010693624500300621,0.7715308156211609,0.08948648307659827,0.94888916479251,0.5889580636971242,-0.24017311933289098,0.5154033234551945,-1.0865934650343947,-0.4108240150088804,0.174556914883696,0.8637677229720243,-1.0775117223646489,-0.08809892504856129,-0.05859021713873188,1
-1.4399918697265661,0.7715308156211609,1.189144829214176,0.2079003033971988,-1.4208760332272536,-0.5814666303621717,-0.6048730117202243,0.920307393868181,1.6432960600355222,-0.6375271801716612,-0.026714465658928405,1.3322589027320104,-0.7779346861366608,-0.9501804779455227,0
0.7843925547546295,-1.2961245095504037,1.8389429428409263,-0.5330885579981124,0.3559338205754572,1.4662944358135126,1.2622542135721402,-1.0865934650343947,-0.4108240150088804,1.4843699714245946,0.8637677229720243,-1.0775117223646489,0.5155073659035257,-0.05859021713873188,1
-0.7630053057540283,0.7715308156211609,-0.8102339819450561,-2.0150662807887345,-0.6344192126916276,0.44241390272567044,-1.2450309175347494,0.920307393868181,-1.4378840525310816,-1.1614524027880206,-0.9171966542898811,0.1273735901836806,2.06763782835175,-0.05859021713873188,0
1.0745296536000029,0.7715308156211609,1.5890205914460223,-1.2740774193934234,1.288030793062125,0.7837074137549511,0.7821357842112465,-1.0865934650343947,-0.4108240150088804,0.5151083095843294,0.8637677229720243,-1.0775117223646489,-0.8641641562726733,1.7245903044748498,1
-0.5695805731904461,-1.2961245095504037,1.3890827103300991,0.94888916479251,0.2394216990146237,0.10112039169638974,0.6754427999088257,0.920307393868181,0.6162360225133209,0.881855965415781,-1.8076788429208337,-1.0775117223646489,0.17058948535947602,-0.9501804779455227,1
0.30083072334567396,0.7715308156211609,1.7389740022829647,0.94888916479251,0.2394216990146237,1.4662944358135126,-0.7649124881738556,-1.0865934650343947,-0.4108240150088804,-0.807802877521978,0.8637677229720243,1.3322589027320104,-0.3467873354565986,0.8330000436680589,0
-1.3432795034447749,0.7715308156211609,-0.7602495116660754,0.2079003033971988,-1.4063120180321496,-1.6053471634500138,-1.1383379332323285,0.920307393868181,1.6432960600355222,-1.0828636193955667,-0.026714465658928405,0.1273735901836806,-0.6917052160006484,-0.9501804779455227,1
0.9778172873182117,-1.2961245095504037,1.0891758886562142,-1.2740774193934234,1.1423906411110833,-1.6053471634500138,1.1555612292697195,-1.0865934650343947,-0.4108240150088804,1.2878980129434598,0.8637677229720243,-1.0775117223646489,-0.7779346861366608,1.7245903044748498,0
-0.3761558406268638,0.7715308156211609,-0.9102029225030177,0.94888916479251,0.4724459421362907,-1.264053652420733,0.19532437054793192,0.920307393868181,-1.4378840525310816,-0.07430756585907475,-0.9171966542898811,1.3322589027320104,0.42927789576751335,-0.05859021713873188,1
-1.1498547708811926,-1.2961245095504037,1.5390361211670416,0.2079003033971988,-1.30436391166642,1.4662944358135126,-0.4448335352665931,0.920307393868181,-0.4108240150088804,-0.5065458745175714,0.8637677229720243,1.3322589027320104,-0.3467873354565986,-0.9501804779455227,1
0.10740599078209173,0.7715308156211609,0.6393156561453871,0.94888916479251,0.6763421548677493,-0.24017311933289098,-1.0316449489299078,-1.0865934650343947,1.6432960600355222,-1.0173729665685216,-0.026714465658928405,0.1273735901836806,-0.0018694549125488533,-0.05859021713873188,0
-1.2465671371629838,0.7715308156211609,-0.2604048088762673,0.2079003033971988,-1.3771839876419412,-0.5814666303621717,1.1022147371185091,0.920307393868181,-0.4108240150088804,1.0914260544623249,0.8637677229720243,-1.0775117223646489,-0.6054757458646359,-0.9501804779455227,1
0.8811049210364206,-1.2961245095504037,0.4393777750294639,-0.5330885579981124,0.4141898813558739,0.10112039169638974,-1.5651098704420119,-1.0865934650343947,0.6162360225133209,-1.2531393167458833,-1.8076788429208337,0.1273735901836806,0.6017368360395382,-0.05859021713873188,0
-0.6662929394722371,0.7715308156211609,-1.609985506408749,-2.0150662807887345,-0.5761631519112108,-0.9227601413914523,1.368947197874561,0.920307393868181,-0.4108240150088804,1.6415475382095022,0.8637677229720243,-1.0775117223646489,2.2400967686237747,-0.05859021713873188,1
-0.7630053057540283,-1.2961245095504037,1.3890827103300991,0.94888916479251,0.15203760784399858,0.10112039169638974,0.3553638470015632,0.920307393868181,1.6432960600355222,0.08287000092583299,-0.026714465658928405,1.3322589027320104,0.17058948535947602,-0.9501804779455227,1
0.30083072334567396,0.7715308156211609,1.7389740022829647,0.94888916479251,0.21029366862441531,1.4662944358135126,-0.8716054724762764,-1.0865934650343947,-0.4108240150088804,-0.8601953997836138,0.8637677229720243,1.3322589027320104,-0.3467873354565986,0.8330000436680589,0
-1.4399918697265661,0.7715308156211609,-0.7602495116660754,0.2079003033971988,-1.4208760332272536,-1.6053471634500138,-0.9782984567786973,0.920307393868181,-1.4378840525310816,-0.9780785748722948,-0.9171966542898811,0.1273735901836806,-0.7779346861366608,-0.9501804779455227,1
0.9778172873182117,-1.2961245095504037,1.0891758886562142,-1.2740774193934234,1.113262610720875,-1.6053471634500138,0.9955217528160882,-1.0865934650343947,-0.4108240150088804,0.8556597042849632,0.8637677229720243,-1.0775117223646489,-0.8641641562726733,1.7245903044748498,0
-0.47286820690865494,0.7715308156211609,-0.9102029225030177,0.94888916479251,0.4433179117460823,-1.264053652420733,-1.4050703939883806,0.920307393868181,0.6162360225133209,-1.2007467944842474,-1.8076788429208337,0.1273735901836806,0.3430484256315009,-0.05859021713873188,1
-1.1498547708811926,-1.2961245095504037,1.5890205914460223,0.2079003033971988,-1.3189279268615244,0.7837074137549511,0.462056831303984,0.920307393868181,-0.4108240150088804,0.2007531760145139,0.8637677229720243,-1.0775117223646489,-0.4330168055926111,-0.9501804779455227,1
0.10740599078209173,0.7715308156211609,0.6393156561453871,0.94888916479251,0.6472141244775409,-0.24017311933289098,-0.6048730117202243,-1.0865934650343947,1.6432960600355222,-0.6113309190408431,-0.026714465658928405,1.3322589027320104,-0.0018694549125488533,-0.05859021713873188,0
-1.3432795034447749,0.7715308156211609,-0.2604048088762673,0.2079003033971988,-1.3917480028370453,-0.5814666303621717,1.3156007057233507,0.920307393868181,-0.4108240150088804,1.5105662325554123,0.8637677229720243,-1.0775117223646489,-0.6917052160006484,-0.9501804779455227,1
0.7843925547546295,-1.2961245095504037,1.5390361211670416,-0.5330885579981124,0.3850618509656656,1.4662944358135126,-1.2450309175347494,-1.0865934650343947,-1.4378840525310816,-1.1352561416572025,-0.9171966542898811,0.1273735901836806,0.5155073659035257,-0.05859021713873188,0
-0.6662929394722371,0.7715308156211609,-1.609985506408749,-2.0150662807887345,-0.6052911823014192,-0.9227601413914523,0.835482276362457,0.920307393868181,-0.4108240150088804,0.5413045707151477,0.8637677229720243,-1.0775117223646489,2.153867298487762,-0.05859021713873188,1
-0.2794434743450727,-1.2961245095504037,-0.010482457481363327,0.94888916479251,0.3559338205754572,-0.5814666303621717,0.6754427999088257,0.920307393868181,0.6162360225133209,0.9080522265465989,-1.8076788429208337,-1.0775117223646489,0.08436001522346359,-0.9501804779455227,1
1.1712420198817939,0.7715308156211609,0.4393777750294639,-1.2740774193934234,1.3171588234523335,0.10112039169638974,-0.818258980325066,-1.0865934650343947,-0.4108240150088804,-0.820901008087387,0.8637677229720243,1.3322589027320104,-0.9503936264086857,1.7245903044748498,0
-1.0531424045994016,0.7715308156211609,0.7892690669823295,0.2079003033971988,-1.30436391166642,-1.6053471634500138,-1.0849914410811181,0.920307393868181,1.6432960600355222,-1.0435692276993398,-0.026714465658928405,0.1273735901836806,-0.3467873354565986,-0.9501804779455227,1
0.39754308962746504,-1.2961245095504037,-0.11045139803932492,0.94888916479251,0.29767775979504046,0.10112039169638974,1.2089077214209298,-1.0865934650343947,-0.4108240150088804,1.3664867963359133,0.8637677229720243,-1.0775117223646489,-0.26055786532058617,0.8330000436680589,0
-0.8597176720358194,0.7715308156211609,-0.4603426899921905,0.94888916479251,-0.022730574497251674,1.4662944358135126,0.19532437054793192,0.920307393868181,-1.4378840525310816,-0.048111304728256865,-0.9171966542898811,1.3322589027320104,0.5155073659035257,-0.9501804779455227,1
-1.4399918697265661,0.7715308156211609,-0.6102961008291329,0.2079003033971988,-1.435440048422358,1.1250009247842319,-0.4981800274178035,0.920307393868181,-0.4108240150088804,-0.5589383967792073,0.8637677229720243,1.3322589027320104,-0.8641641562726733,-0.9501804779455227,1
0.5909678221910473,-1.2961245095504037,-0.41035821971320974,-0.5330885579981124,0.3268057901852488,0.7837074137549511,-1.0316449489299078,-1.0865934650343947,1.6432960600355222,-1.0173729665685216,-0.026714465658928405,0.1273735901836806,0.42927789576751335,-0.05859021713873188,0
-0.5695805731904461,0.7715308156211609,0.3394088344715023,0.94888916479251,0.4141898813558739,0.10112039169638974,1.0488682449672986,0.920307393868181,-0.4108240150088804,1.0390335322006887,0.8637677229720243,-1.0775117223646489,0.3430484256315009,-0.9501804779455227,1
-1.2465671371629838,-1.2961245095504037,0.9892069480982527,0.2079003033971988,-1.3771839876419412,-0.5814666303621717,-1.5651098704420119,0.920307393868181,0.6162360225133209,-1.3055318390075195,-1.8076788429208337,0.1273735901836806,-0.6054757458646359,-0.9501804779455227,0
1.0745296536000029,0.7715308156211609,-0.3103892791552481,-1.2740774193934234,1.2006467018915001,0.7837074137549511,1.3156007057233507,-1.0865934650343947,-0.4108240150088804,1.6022531465132752,0.8637677229720243,-1.0775117223646489,-0.7779346861366608,1.7245903044748498,1
-0.6662929394722371,-1.2961245095504037,0.889238007540291,0.94888916479251,0.21029366862441531,-1.6053471634500138,0.4087103391527736,0.920307393868181,1.6432960600355222,0.12216439262206004,-0.026714465658928405,1.3322589027320104,0.17058948535947602,-0.9501804779455227,1
-0.0860187417814905,0.7715308156211609,-1.2600942144558833,0.94888916479251,0.6180860940873326,1.1250009247842319,-0.818258980325066,-1.0865934650343947,-0.4108240150088804,-0.833999138652796,0.8637677229720243,1.3322589027320104,-0.0018694549125488533,-0.05859021713873188,0
-1.5367042360083571,0.7715308156211609,-0.16043586831830572,0.2079003033971988,-1.450004063617462,-0.24017311933289098,-0.9782984567786973,0.920307393868181,-1.4378840525310816,-0.9911767054377038,-0.9171966542898811,0.1273735901836806,-0.9503936264086857,-0.9501804779455227,1
0.6876801884728384,-1.2961245095504037,1.7889584725619454,-1.2740774193934234,1.0258785195502498,1.4662944358135126,0.9421752606648778,-1.0865934650343947,-0.4108240150088804,0.8032671820233274,0.8637677229720243,-1.0775117223646489,-0.6917052160006484,1.7245903044748498,0
-0.9564300383176104,0.7715308156211609,-0.9102029225030177,-2.0150662807887345,-0.6635472430818359,-1.264053652420733,-1.4050703939883806,0.920307393868181,0.6162360225133209,-1.2138449250496566,-1.8076788429208337,0.1273735901836806,2.06763782835175,-0.05859021713873188,1
-0.47286820690865494,0.7715308156211609,0.3394088344715023,0.94888916479251,0.4433179117460823,0.10112039169638974,0.5154033234551945,0.920307393868181,-0.4108240150088804,0.6853840069346463,0.8637677229720243,-1.0775117223646489,0.5155073659035257,-0.9501804779455227,1
-1.3432795034447749,-1.2961245095504037,0.7892690669823295,0.2079003033971988,-1.3771839876419412,-1.6053471634500138,-0.7115659960226451,0.920307393868181,1.6432960600355222,-0.7030178329987061,-0.026714465658928405,1.3322589027320104,-0.6917052160006484,0.8330000436680589,0
0.30083072334567396,0.7715308156211609,-0.3103892791552481,-1.2740774193934234,0.9967504891600415,0.7837074137549511,1.1022147371185091,-1.0865934650343947,-0.4108240150088804,1.078327923896916,0.8637677229720243,-1.0775117223646489,-0.7779346861366608,1.7245903044748498,1
-0.9564300383176104,0.7715308156211609,-0.4603426899921905,-2.0150662807887345,-0.6052911823014192,1.4662944358135126,-1.3517239018371703,0.920307393868181,-1.4378840525310816,-1.2138449250496566,-0.9171966542898811,0.1273735901836806,2.4125557088957996,-0.05859021713873188,0
0.8811049210364206,-1.2961245095504037,-0.41035821971320974,-0.5330885579981124,0.3559338205754572,1.1250009247842319,1.368947197874561,-1.0865934650343947,-0.4108240150088804,1.4712718408591854,0.8637677229720243,-1.0775117223646489,0.42927789576751335,-0.05859021713873188,1
-0.5695805731904461,0.7715308156211609,-0.9102029225030177,0.94888916479251,0.3268057901852488,-1.264053652420733,-0.4981800274178035,0.920307393868181,0.6162360225133209,-0.4934477439521624,-1.8076788429208337,1.3322589027320104,0.25681895549548844,-0.9501804779455227,1
-1.5367042360083571,0.7715308156211609,-0.6102961008291329,0.2079003033971988,-1.450004063617462,1.1250009247842319,0.6754427999088257,0.920307393868181,-0.4108240150088804,0.881855965415781,0.8637677229720243,-1.0775117223646489,-0.9503936264086857,-0.9501804779455227,0
-0.0860187417814905,-1.2961245095504037,0.889238007540291,0.94888916479251,0.5598300333069158,-1.6053471634500138,-0.5515265195690139,-1.0865934650343947,1.6432960600355222,-0.729214094129524,-0.026714465658928405,0.1273735901836806,-0.17432839518457374,0.8330000436680589,1
-0.7630053057540283,0.7715308156211609,-1.2600942144558833,0.94888916479251,0.1229095774537902,1.1250009247842319,0.835482276362457,0.920307393868181,-0.4108240150088804,0.6722858763692375,0.8637677229720243,-1.0775117223646489,0.42927789576751335,-0.9501804779455227,0
1.2679543861635851,0.7715308156211609,0.039502012797617475,-1.2740774193934234,1.4627989754033754,0.7837074137549511,-1.6184563625932222,-1.0865934650343947,-1.4378840525310816,-1.3841206223999734,-0.9171966542898811,0.1273735901836806,-1.036623096544698,1.7245903044748498,1
-1.2465671371629838,-1.2961245095504037,-0.010482457481363327,0.2079003033971988,-1.3334919420566285,-0.5814666303621717,0.24867086269914235,0.920307393868181,-0.4108240150088804,0.39722513449564867,0.8637677229720243,-1.0775117223646489,-0.6054757458646359,-0.9501804779455227,1
0.20411835706388284,0.7715308156211609,0.6393156561453871,0.94888916479251,0.7345982156481661,-0.24017311933289098,-0.7649124881738556,-1.0865934650343947,1.6432960600355222,-0.8732935303490229,-0.026714465658928405,1.3322589027320104,-0.08809892504856129,-0.05859021713873188,0
-1.4399918697265661,0.7715308156211609,0.9892069480982527,0.2079003033971988,-1.4063120180321496,-1.6053471634500138,1.2089077214209298,0.920307393868181,-0.4108240150088804,1.2486036212472327,0.8637677229720243,-1.0775117223646489,-0.7779346861366608,-0.9501804779455227,1
0.7843925547546295,-1.2961245095504037,1.7889584725619454,-1.2740774193934234,1.0258785195502498,1.4662944358135126,-1.2450309175347494,-1.0865934650343947,0.6162360225133209,-1.1483542722226117,-1.8076788429208337,0.1273735901836806,-0.7779346861366608,1.7245903044748498,0
-0.8597176720358194,0.7715308156211609,0.3394088344715023,-2.0150662807887345,-0.5470351215210024,0.10112039169638974,1.368947197874561,0.920307393868181,-0.4108240150088804,1.6022531465132752,0.8637677229720243,-1.0775117223646489,2.153867298487762,-0.05859021713873188,1
0.39754308962746504,-1.2961245095504037,-0.3103892791552481,0.94888916479251,0.26854972940483207,0.7837074137549511,0.5687498156064048,-1.0865934650343947,1.6432960600355222,-0.2576813937748006,-0.026714465658928405,1.3322589027320104,-0.3467873354565986,0.8330000436680589,1
-1.1498547708811926,0.7715308156211609,-0.16043586831830572,0.2079003033971988,-1.30436391166642,-0.24017311933289098,-0.6048730117202243,0.920307393868181,-0.4108240150088804,-0.6113309190408431,0.8637677229720243,1.3322589027320104,-0.4330168055926111,-0.9501804779455227,0
1.1712420198817939,0.7715308156211609,-1.4100476252928258,-0.5330885579981124,0.3850618509656656,0.44241390272567044,-1.0849914410811181,-1.0865934650343947,-1.4378840525310816,-1.0828636193955667,-0.9171966542898811,0.1273735901836806,0.6879663061755507,-0.05859021713873188,1
-0.47286820690865494,-1.2961245095504037,-1.609985506408749,0.94888916479251,0.3559338205754572,-0.9227601413914523,1.0488682449672986,0.920307393868181,-0.4108240150088804,0.9080522265465989,0.8637677229720243,-1.0775117223646489,0.08436001522346359,-0.9501804779455227,0
-1.6334166022901482,0.7715308156211609,-1.4600320955718065,0.2079003033971988,-1.4645680788125663,1.1250009247842319,-1.5651098704420119,0.920307393868181,0.6162360225133209,-1.2924337084421105,-1.8076788429208337,0.1273735901836806,-1.1228525666807105,-0.9501804779455227,1
-0.0860187417814905,0.7715308156211609,-0.4603426899921905,0.94888916479251,0.6180860940873326,1.4662944358135126,0.30201735485035275,-1.0865934650343947,-0.4108240150088804,-0.1136019575553018,0.8637677229720243,1.3322589027320104,0.25681895549548844,-0.05859021713873188,1
0.5909678221910473,-1.2961245095504037,-1.0101718630609793,-0.5330885579981124,0.3268057901852488,-1.6053471634500138,-0.3381405509641722,-1.0865934650343947,1.6432960600355222,-0.4672514828213443,-0.026714465658928405,1.3322589027320104,0.5155073659035257,-0.05859021713873188,0
-1.0531424045994016,0.7715308156211609,-1.2101097441769024,0.2079003033971988,-1.275235881276212,0.10112039169638974,1.4222936900257714,0.920307393868181,-0.4108240150088804,1.6284494076440932,0.8637677229720243,-1.0775117223646489,-0.3467873354565986,-0.9501804779455227,1
0.39754308962746504,0.7715308156211609,1.6390050617250032,-1.2740774193934234,0.9384944283796247,-0.9227601413914523,-1.2983774096859597,-1.0865934650343947,-1.4378840525310816,-1.2138449250496566,-0.9171966542898811,0.1273735901836806,-0.5192462757286235,1.7245903044748498,0
-0.6662929394722371,-1.2961245095504037,-1.1101408036189409,0.94888916479251,0.15203760784399858,0.44241390272567044,0.8888287685136673,0.920307393868181,-0.4108240150088804,0.5544027012805564,0.8637677229720243,-1.0775117223646489,0.17058948535947602,-0.9501804779455227,1
-1.4399918697265661,0.7715308156211609,-0.8602184522240369,0.2079003033971988,-1.4063120180321496,-0.5814666303621717,0.6220963077576153,0.920307393868181,0.6162360225133209,0.7377765291962824,-1.8076788429208337,-1.0775117223646489,-0.7779346861366608,-0.9501804779455227,1
0.8811049210364206,-1.2961245095504037,0.4393777750294639,-1.2740774193934234,1.113262610720875,0.10112039169638974,-0.7115659960226451,-1.0865934650343947,-0.4108240150088804,-0.78160661639116,0.8637677229720243,1.3322589027320104,-0.8641641562726733,1.7245903044748498,0
-0.3761558406268638,0.7715308156211609,0.889238007540291,0.94888916479251,0.501573972526499,-1.6053471634500138,-1.3517239018371703,0.920307393868181,1.6432960600355222,-1.2400411861804745,-0.026714465658928405,0.1273735901836806,0.3430484256315009,-0.05859021713873188,1
-1.2465671371629838,-1.2961245095504037,0.2894243641925215,0.2079003033971988,-1.3771839876419412,-1.264053652420733,1.2089077214209298,0.920307393868181,-0.4108240150088804,1.3009961435088684,0.8637677229720243,-1.0775117223646489,-0.6054757458646359,-0.9501804779455227,0
1.0745296536000029,0.7715308156211609,0.1894554236345599,-0.5330885579981124,0.4141898813558739,1.4662944358135126,0.14197787839672152,-1.0865934650343947,-1.4378840525310816,-0.008816913032029817,-0.9171966542898811,1.3322589027320104,0.6017368360395382,-0.05859021713873188,1
-0.5695805731904461,0.7715308156211609,-1.2600942144558833,0.94888916479251,0.29767775979504046,1.1250009247842319,-0.5515265195690139,0.920307393868181,-0.4108240150088804,-0.5720365273446163,0.8637677229720243,1.3322589027320104,0.5155073659035257,-0.9501804779455227,1
0.4942554559092562,-1.2961245095504037,-0.11045139803932492,0.94888916479251,0.26854972940483207,0.10112039169638974,-1.191684425383539,-1.0865934650343947,1.6432960600355222,-1.0566673582647486,-0.026714465658928405,0.1273735901836806,-0.26055786532058617,0.8330000436680589,0
-1.3432795034447749,0.7715308156211609,0.7392845967033487,0.2079003033971988,-1.3626199724468369,0.44241390272567044,1.1022147371185091,0.920307393868181,-0.4108240150088804,1.0390335322006887,0.8637677229720243,-1.0775117223646489,-0.6917052160006484,-0.9501804779455227,1
0.6876801884728384,0.7715308156211609,0.9392224778192719,-1.2740774193934234,1.0550065499404582,-1.264053652420733,-1.6184563625932222,-1.0865934650343947,0.6162360225133209,-1.3317281001383372,-1.8076788429208337,0.1273735901836806,-0.7779346861366608,1.7245903044748498,0
-0.8597176720358194,-1.2961245095504037,0.3394088344715023,0.94888916479251,0.0063974558929567014,0.10112039169638974,1.3156007057233507,0.920307393868181,-0.4108240150088804,1.5367624936862303,0.8637677229720243,-1.0775117223646489,-0.0018694549125488533,-0.9501804779455227,1
0.010693624500300621,0.7715308156211609,0.08948648307659827,0.94888916479251,0.5598300333069158,-0.24017311933289098,0.4087103391527736,-1.0865934650343947,1.6432960600355222,0.2531456982761499,-0.026714465658928405,-1.0775117223646489,-0.08809892504856129,-0.05859021713873188,1
-1.5367042360083571,0.7715308156211609,1.189144829214176,0.2079003033971988,-1.435440048422358,-0.5814666303621717,-0.7649124881738556,0.920307393868181,-0.4108240150088804,-0.833999138652796,0.8637677229720243,1.3322589027320104,-0.9503936264086857,-0.9501804779455227,0
0.5909678221910473,-1.2961245095504037,1.8389429428409263,-0.5330885579981124,0.3268057901852488,1.4662944358135126,-1.0316449489299078,-1.0865934650343947,-1.4378840525310816,-1.0173729665685216,-0.9171966542898811,0.1273735901836806,0.42927789576751335,-0.05859021713873188,1
-0.9564300383176104,0.7715308156211609,-0.8102339819450561,-2.0150662807887345,-0.6926752734720443,0.44241390272567044,0.9421752606648778,0.920307393868181,-0.4108240150088804,0.8163653125887361,0.8637677229720243,-1.0775117223646489,1.9814083582157374,-0.05859021713873188,0
1.3646667524453762,0.7715308156211609,-0.21042033859728654,-1.2740774193934234,1.4919270057935838,0.7837074137549511,-1.458416886139591,-1.0865934650343947,0.6162360225133209,-1.2531393167458833,-1.8076788429208337,0.1273735901836806,-1.036623096544698,1.7245903044748498,1
-0.6662929394722371,0.7715308156211609,0.3394088344715023,0.94888916479251,0.4141898813558739,0.10112039169638974,0.5154033234551945,0.920307393868181,-0.4108240150088804,0.1483606537528779,0.8637677229720243,1.3322589027320104,0.5155073659035257,-0.9501804779455227,1
-1.3432795034447749,-1.2961245095504037,0.7892690669823295,0.2079003033971988,-1.3771839876419412,-1.6053471634500138,-0.5515265195690139,0.920307393868181,1.6432960600355222,-0.6637234413024791,-0.026714465658928405,1.3322589027320104,-0.6917052160006484,0.8330000436680589,0
0.39754308962746504,0.7715308156211609,-0.3103892791552481,-1.2740774193934234,1.0550065499404582,0.7837074137549511,1.2622542135721402,-1.0865934650343947,-0.4108240150088804,1.4712718408591854,0.8637677229720243,-1.0775117223646489,-0.6917052160006484,1.7245903044748498,1
-1.0531424045994016,0.7715308156211609,-0.4603426899921905,-2.0150662807887345,-0.6344192126916276,1.4662944358135126,-1.2450309175347494,0.920307393868181,-1.4378840525310816,-1.1745505333534296,-0.9171966542898811,0.1273735901836806,2.326326238759787,-0.05859021713873188,0
0.9778172873182117,-1.2961245095504037,-0.41035821971320974,-0.5330885579981124,0.3850618509656656,1.1250009247842319,0.7821357842112465,-1.0865934650343947,-0.4108240150088804,0.4889120484535115,0.8637677229720243,-1.0775117223646489,0.5155073659035257,-0.05859021713873188,1
-0.5695805731904461,0.7715308156211609,-0.9102029225030177,0.94888916479251,0.3559338205754572,-1.264053652420733,0.6754427999088257,0.920307393868181,0.6162360225133209,0.8556597042849632,-1.8076788429208337,-1.0775117223646489,0.3430484256315009,-0.9501804779455227,1
-1.5367042360083571,0.7715308156211609,-0.6102961008291329,0.2079003033971988,-1.450004063617462,1.1250009247842319,-0.7649124881738556,0.920307393868181,-0.4108240150088804,-0.807802877521978,0.8637677229720243,1.3322589027320104,-0.9503936264086857,-0.9501804779455227,0
-0.1827311080632816,-1.2961245095504037,0.889238007540291,0.94888916479251,0.5598300333069158,-1.6053471634500138,-1.1383379332323285,-1.0865934650343947,1.6432960600355222,-1.1090598805263847,-0.026714465658928405,0.1273735901836806,-0.17432839518457374,0.8330000436680589,1
-0.7630053057540283,0.7715308156211609,-1.2600942144558833,0.94888916479251,0.09378154706358183,1.1250009247842319,1.1555612292697195,0.920307393868181,-0.4108240150088804,1.2617017518126419,0.8637677229720243,-1.0775117223646489,0.42927789576751335,-0.9501804779455227,0
1.2679543861635851,0.7715308156211609,0.039502012797617475,-1.2740774193934234,1.4919270057935838,0.7837074137549511,0.19532437054793192,-1.0865934650343947,-1.4378840525310816,-0.08740569642448368,-0.9171966542898811,1.3322589027320104,-1.036623096544698,1.7245903044748498,1
-1.2465671371629838,-1.2961245095504037,-0.010482457481363327,0.2079003033971988,-1.3334919420566285,-0.5814666303621717,-0.4448335352665931,0.920307393868181,-0.4108240150088804,-0.5327421356483892,0.8637677229720243,1.3322589027320104,-0.6054757458646359,-0.9501804779455227,1
0.20411835706388284,0.7715308156211609,0.6393156561453871,0.94888916479251,0.7345982156481661,-0.24017311933289098,-1.0316449489299078,-1.0865934650343947,1.6432960600355222,-1.0304710971339308,-0.026714465658928405,0.1273735901836806,-0.08809892504856129,-0.05859021713873188,0
-1.4399918697265661,0.7715308156211609,0.9892069480982527,0.2079003033971988,-1.4063120180321496,-1.6053471634500138,1.1022147371185091,0.920307393868181,-0.4108240150088804,1.0652297933315071,0.8637677229720243,-1.0775117223646489,-0.7779346861366608,-0.9501804779455227,1
0.7843925547546295,-1.2961245095504037,1.7889584725619454,-1.2740774193934234,1.0258785195502498,1.4662944358135126,-1.5651098704420119,-1.0865934650343947,0.6162360225133209,-1.2793355778767015,-1.8076788429208337,0.1273735901836806,-0.7779346861366608,1.7245903044748498,0
-0.8597176720358194,0.7715308156211609,0.3394088344715023,-2.0150662807887345,-0.5470351215210024,0.10112039169638974,1.368947197874561,0.920307393868181,-0.4108240150088804,1.6153512770786844,0.8637677229720243,-1.0775117223646489,2.153867298487762,-0.05859021713873188,1
0.39754308962746504,-1.2961245095504037,-0.3103892791552481,0.94888916479251,0.26854972940483207,0.7837074137549511,0.3553638470015632,-1.0865934650343947,1.6432960600355222,0.05667373979501511,-0.026714465658928405,1.3322589027320104,-0.3467873354565986,0.8330000436680589,1
-1.1498547708811926,0.7715308156211609,-0.16043586831830572,0.2079003033971988,-1.30436391166642,-0.24017311933289098,-0.8716054724762764,0.920307393868181,-0.4108240150088804,-0.8863916609144319,0.8637677229720243,1.3322589027320104,-0.4330168055926111,-0.9501804779455227,0
1.1712420198817939,0.7715308156211609,-1.4100476252928258,-0.5330885579981124,0.3850618509656656,0.44241390272567044,-0.9782984567786973,-1.0865934650343947,-1.4378840525310816,-1.0042748360031128,-0.9171966542898811,0.1273735901836806,0.6879663061755507,-0.05859021713873188,1
-0.47286820690865494,-1.2961245095504037,-1.609985506408749,0.94888916479251,0.3559338205754572,-0.9227601413914523,0.9955217528160882,0.920307393868181,-0.4108240150088804,0.8294634431541453,0.8637677229720243,-1.0775117223646489,0.08436001522346359,-0.9501804779455227,0
-1.6334166022901482,0.7715308156211609,-1.4600320955718065,0.2079003033971988,-1.4645680788125663,1.1250009247842319,-1.4050703939883806,0.920307393868181,0.6162360225133209,-1.2269430556150656,-1.8076788429208337,0.1273735901836806,-1.1228525666807105,-0.9501804779455227,1
-0.0860187417814905,0.7715308156211609,-0.4603426899921905,0.94888916479251,0.6180860940873326,1.4662944358135126,0.462056831303984,-1.0865934650343947,-0.4108240150088804,0.174556914883696,0.8637677229720243,-1.0775117223646489,0.25681895549548844,-0.05859021713873188,1
0.5909678221910473,-1.2961245095504037,-1.0101718630609793,-0.5330885579981124,0.3268057901852488,-1.6053471634500138,-0.6048730117202243,-1.0865934650343947,1.6432960600355222,-0.6375271801716612,-0.026714465658928405,1.3322589027320104,0.5155073659035257,-0.05859021713873188,0
-1.0531424045994016,0.7715308156211609,-1.2101097441769024,0.2079003033971988,-1.275235881276212,0.10112039169638974,1.3156007057233507,0.920307393868181,-0.4108240150088804,1.4843699714245946,0.8637677229720243,-1.0775117223646489,-0.3467873354565986,-0.9501804779455227,1
0.39754308962746504,0.7715308156211609,1.6390050617250032,-1.2740774193934234,0.9384944283796247,-0.9227601413914523,-1.2450309175347494,-1.0865934650343947,-1.4378840525310816,-1.1614524027880206,-0.9171966542898811,0.1273735901836806,-0.5192462757286235,1.7245903044748498,0
-0.6662929394722371,-1.2961245095504037,-1.1101408036189409,0.94888916479251,0.15203760784399858,0.44241390272567044,0.835482276362457,0.920307393868181,-0.4108240150088804,0.5151083095843294,0.8637677229720243,-1.0775117223646489,0.17058948535947602,-0.9501804779455227,1
-1.4399918697265661,0.7715308156211609,-0.8602184522240369,0.2079003033971988,-1.4063120180321496,-0.5814666303621717,0.6754427999088257,0.920307393868181,0.6162360225133209,0.881855965415781,-1.8076788429208337,-1.0775117223646489,-0.7779346861366608,-0.9501804779455227,1
0.8811049210364206,-1.2961245095504037,0.4393777750294639,-1.2740774193934234,1.113262610720875,0.10112039169638974,-0.818258980325066,-1.0865934650343947,-0.4108240150088804,-0.8470972692182049,0.8637677229720243,1.3322589027320104,-0.8641641562726733,1.7245903044748498,0
-0.3761558406268638,0.7715308156211609,0.889238007540291,0.94888916479251,0.501573972526499,-1.6053471634500138,-1.0849914410811181,0.920307393868181,1.6432960600355222,-1.0697654888301575,-0.026714465658928405,0.1273735901836806,0.3430484256315009,-0.05859021713873188,1
-1.2465671371629838,-1.2961245095504037,0.2894243641925215,0.2079003033971988,-1.3771839876419412,-1.264053652420733,1.2089077214209298,0.920307393868181,-0.4108240150088804,1.3402905352050956,0.8637677229720243,-1.0775117223646489,-0.6054757458646359,-0.9501804779455227,0
1.0745296536000029,0.7715308156211609,0.1894554236345599,-0.5330885579981124,0.4141898813558739,1.4662944358135126,0.19532437054793192,-1.0865934650343947,-1.4378840525310816,-0.07430756585907475,-0.9171966542898811,1.3322589027320104,0.6017368360395382,-0.05859021713873188,1
-0.5695805731904461,0.7715308156211609,-1.2600942144558833,0.94888916479251,0.29767775979504046,1.1250009247842319,-0.4981800274178035,0.920307393868181,-0.4108240150088804,-0.5851346579100252,0.8637677229720243,1.3322589027320104,0.5155073659035257,-0.9501804779455227,1
0.4942554559092562,-1.2961245095504037,-0.11045139803932492,0.94888916479251,0.26854972940483207,0.10112039169638974,-1.0316449489299078,-1.0865934650343947,1.6432960600355222,-1.0435692276993398,-0.026714465658928405,0.1273735901836806,-0.26055786532058617,0.8330000436680589,0
-1.3432795034447749,0.7715308156211609,0.7392845967033487,0.2079003033971988,-1.3626199724468369,0.44241390272567044,1.0488682449672986,0.920307393868181,-0.4108240150088804,1.012837271069871,0.8637677229720243,-1.0775117223646489,-0.6917052160006484,-0.9501804779455227,1
0.6876801884728384,0.7715308156211609,0.9392224778192719,-1.2740774193934234,1.0550065499404582,-1.264053652420733,-1.5651098704420119,-1.0865934650343947,0.6162360225133209,-1.3317281001383372,-1.8076788429208337,0.1273735901836806,-0.7779346861366608,1.7245903044748498,0
-0.8597176720358194,-1.2961245095504037,0.3394088344715023,0.94888916479251,0.0063974558929567014,0.10112039169638974,1.3156007057233507,0.920307393868181,-0.4108240150088804,1.5760568853824573,0.8637677229720243,-1.0775117223646489,-0.0018694549125488533,-0.9501804779455227,1
0.010693624500300621,0.7715308156211609,0.08948648307659827,0.94888916479251,0.5598300333069158,-0.24017311933289098,0.4087103391527736,-1.0865934650343947,1.6432960600355222,0.09596813149124192,-0.026714465658928405,1.3322589027320104,-0.08809892504856129,-0.05859021713873188,1
-1.5367042360083571,0.7715308156211609,1.189144829214176,0.2079003033971988,-1.435440048422358,-0.5814666303621717,-0.818258980325066,0.920307393868181,-0.4108240150088804,-0.8601953997836138,0.8637677229720243,1.3322589027320104,-0.9503936264086857,-0.9501804779455227,0
0.5909678221910473,-1.2961245095504037,1.8389429428409263,-0.5330885579981124,0.3268057901852488,1.4662944358135126,-0.9782984567786973,-1.0865934650343947,-1.4378840525310816,-1.0173729665685216,-0.9171966542898811,0.1273735901836806,0.42927789576751335,-0.05859021713873188,1
-0.9564300383176104,0.7715308156211609,-0.8102339819450561,-2.0150662807887345,-0.6926752734720443,0.44241390272567044,0.9421752606648778,0.920307393868181,-0.4108240150088804,0.7901690514579183,0.8637677229720243,-1.0775117223646489,1.9814083582157374,-0.05859021713873188,0
1.3646667524453762,0.7715308156211609,-0.21042033859728654,-1.2740774193934234,1.4919270057935838,0.7837074137549511,-1.4050703939883806,-1.0865934650343947,0.6162360225133209,-1.2400411861804745,-1.8076788429208337,0.1273735901836806,-1.036623096544698,1.7245903044748498,1
-0.7630053057540283,-1.2961245095504037,1.3890827103300991,0.94888916479251,0.15203760784399858,0.10112039169638974,0.5154033234551945,0.920307393868181,-0.4108240150088804,0.16145878431828686,0.8637677229720243,-1.0775117223646489,0.17058948535947602,-0.9501804779455227,1
0.30083072334567396,0.7715308156211609,1.7389740022829647,0.94888916479251,0.21029366862441531,1.4662944358135126,-0.6048730117202243,-1.0865934650343947,1.6432960600355222,-0.6506253107370701,-0.026714465658928405,1.3322589027320104,-0.3467873354565986,0.8330000436680589,0
-1.4399918697265661,0.7715308156211609,-0.7602495116660754,0.2079003033971988,-1.4208760332272536,-1.6053471634500138,1.2622542135721402,0.920307393868181,-0.4108240150088804,1.4712718408591854,0.8637677229720243,-1.0775117223646489,-0.7779346861366608,-0.9501804779455227,1
0.9778172873182117,-1.2961245095504037,1.0891758886562142,-1.2740774193934234,1.113262610720875,-1.6053471634500138,-1.2450309175347494,-1.0865934650343947,-1.4378840525310816,-1.1745505333534296,-0.9171966542898811,0.1273735901836806,-0.8641641562726733,1.7245903044748498,0
-0.47286820690865494,0.7715308156211609,-0.9102029225030177,0.94888916479251,0.4433179117460823,-1.264053652420733,0.7821357842112465,0.920307393868181,-0.4108240150088804,0.5020101790189206,0.8637677229720243,-1.0775117223646489,0.3430484256315009,-0.05859021713873188,1
-1.1498547708811926,-1.2961245095504037,1.5890205914460223,0.2079003033971988,-1.3189279268615244,0.7837074137549511,0.6754427999088257,0.920307393868181,0.6162360225133209,0.8687578348503723,-1.8076788429208337,-1.0775117223646489,-0.4330168055926111,-0.9501804779455227,1
0.10740599078209173,0.7715308156211609,0.6393156561453871,0.94888916479251,0.6472141244775409,-0.24017311933289098,-0.7649124881738556,-1.0865934650343947,-0.4108240150088804,-0.820901008087387,0.8637677229720243,1.3322589027320104,-0.0018694549125488533,-0.05859021713873188,0
-1.3432795034447749,0.7715308156211609,-0.2604048088762673,0.2079003033971988,-1.3917480028370453,-0.5814666303621717,-1.1383379332323285,0.920307393868181,1.6432960600355222,-1.0959617499609757,-0.026714465658928405,0.1273735901836806,-0.6917052160006484,-0.9501804779455227,1
0.7843925547546295,-1.2961245095504037,1.5390361211670416,-0.5330885579981124,0.3850618509656656,1.4662944358135126,1.1555612292697195,-1.0865934650343947,-0.4108240150088804,1.2747998823780506,0.8637677229720243,-1.0775117223646489,0.5155073659035257,-0.05859021713873188,0
-0.6662929394722371,0.7715308156211609,-1.609985506408749,-2.0150662807887345,-0.6052911823014192,-0.9227601413914523,0.19532437054793192,0.920307393868181,-1.4378840525310816,-0.08740569642448368,-0.9171966542898811,1.3322589027320104,2.153867298487762,-0.05859021713873188,1
-0.2794434743450727,-1.2961245095504037,-0.010482457481363327,0.94888916479251,0.3559338205754572,-0.5814666303621717,-0.4448335352665931,0.920307393868181,-0.4108240150088804,-0.5196440050829803,0.8637677229720243,1.3322589027320104,0.08436001522346359,-0.9501804779455227,1
1.1712420198817939,0.7715308156211609,0.4393777750294639,-1.2740774193934234,1.3171588234523335,0.10112039169638974,-1.0316449489299078,-1.0865934650343947,1.6432960600355222,-1.0304710971339308,-0.026714465658928405,0.1273735901836806,-0.9503936264086857,1.7245903044748498,0
-1.0531424045994016,0.7715308156211609,0.7892690669823295,0.2079003033971988,-1.30436391166642,-1.6053471634500138,1.1022147371185091,0.920307393868181,-0.4108240150088804,1.078327923896916,0.8637677229720243,-1.0775117223646489,-0.3467873354565986,-0.9501804779455227,1
0.39754308962746504,-1.2961245095504037,-0.11045139803932492,0.94888916479251,0.29767775979504046,0.10112039169638974,-1.5651098704420119,-1.0865934650343947,0.6162360225133209,-1.2662374473112923,-1.8076788429208337,0.1273735901836806,-0.26055786532058617,0.8330000436680589,0
-0.8597176720358194,0.7715308156211609,-0.4603426899921905,0.94888916479251,-0.022730574497251674,1.4662944358135126,1.368947197874561,0.920307393868181,-0.4108240150088804,1.6284494076440932,0.8637677229720243,-1.0775117223646489,0.5155073659035257,-0.9501804779455227,1
-1.4399918697265661,0.7715308156211609,-0.6102961008291329,0.2079003033971988,-1.435440048422358,1.1250009247842319,0.3553638470015632,0.920307393868181,1.6432960600355222,0.06977187036042405,-0.026714465658928405,1.3322589027320104,-0.8641641562726733,-0.9501804779455227,1
0.5909678221910473,-1.2961245095504037,-0.41035821971320974,-0.5330885579981124,0.3268057901852488,0.7837074137549511,-0.8716054724762764,-1.0865934650343947,-0.4108240150088804,-0.8732935303490229,0.8637677229720243,1.3322589027320104,0.42927789576751335,-0.05859021713873188,0
-0.5695805731904461,0.7715308156211609,0.3394088344715023,0.94888916479251,0.4141898813558739,0.10112039169638974,-0.9782984567786973,0.920307393868181,-1.4378840525310816,-0.9911767054377038,-0.9171966542898811,0.1273735901836806,0.3430484256315009,-0.9501804779455227,1
-1.2465671371629838,-1.2961245095504037,0.9892069480982527,0.2079003033971988,-1.3771839876419412,-0.5814666303621717,0.9955217528160882,0.920307393868181,-0.4108240150088804,0.842561573719554,0.8637677229720243,-1.0775117223646489,-0.6054757458646359,-0.9501804779455227,0
1.0745296536000029,0.7715308156211609,-0.3103892791552481,-1.2740774193934234,1.2006467018915001,0.7837074137549511,-1.4050703939883806,-1.0865934650343947,0.6162360225133209,-1.2138449250496566,-1.8076788429208337,0.1273735901836806,-0.7779346861366608,1.7245903044748498,1
-0.6662929394722371,-1.2961245095504037,0.889238007540291,0.94888916479251,0.21029366862441531,-1.6053471634500138,0.462056831303984,0.920307393868181,-0.4108240150088804,0.18765504544910497,0.8637677229720243,-1.0775117223646489,0.17058948535947602,-0.9501804779455227,1
-0.0860187417814905,0.7715308156211609,-1.2600942144558833,0.94888916479251,0.6180860940873326,1.1250009247842319,-0.6048730117202243,-1.0865934650343947,1.6432960600355222,-0.6244290496062522,-0.026714465658928405,1.3322589027320104,-0.0018694549125488533,-0.05859021713873188,0
-1.5367042360083571,0.7715308156211609,-0.16043586831830572,0.2079003033971988,-1.450004063617462,-0.24017311933289098,1.3156007057233507,0.920307393868181,-0.4108240150088804,1.4974681019900034,0.8637677229720243,-1.0775117223646489,-0.9503936264086857,-0.9501804779455227,1
0.6876801884728384,-1.2961245095504037,1.7889584725619454,-1.2740774193934234,1.0258785195502498,1.4662944358135126,-1.2450309175347494,-1.0865934650343947,-1.4378840525310816,-1.1483542722226117,-0.9171966542898811,0.1273735901836806,-0.6917052160006484,1.7245903044748498,0
-0.9564300383176104,0.7715308156211609,-0.9102029225030177,-2.0150662807887345,-0.6635472430818359,-1.264053652420733,0.835482276362457,0.920307393868181,-0.4108240150088804,0.5282064401497385,0.8637677229720243,-1.0775117223646489,2.06763782835175,-0.05859021713873188,1
0.20411835706388284,-1.2961245095504037,-1.609985506408749,0.94888916479251,0.4433179117460823,-0.9227601413914523,0.6754427999088257,-1.0865934650343947,0.6162360225133209,0.8949540959811902,-1.8076788429208337,-1.0775117223646489,-0.17432839518457374,0.8330000436680589,1
-1.3432795034447749,0.7715308156211609,-0.8602184522240369,0.2079003033971988,-1.3917480028370453,-0.5814666303621717,-0.818258980325066,0.920307393868181,-0.4108240150088804,-0.833999138652796,0.8637677229720243,1.3322589027320104,-0.6917052160006484,-0.9501804779455227,0
0.8811049210364206,0.7715308156211609,-1.0101718630609793,-0.5330885579981124,0.3850618509656656,-1.6053471634500138,-1.0849914410811181,-1.0865934650343947,1.6432960600355222,-1.0566673582647486,-0.026714465658928405,0.1273735901836806,0.6017368360395382,-0.05859021713873188,1
-0.47286820690865494,-1.2961245095504037,-1.1101408036189409,0.94888916479251,0.18116563823420695,0.44241390272567044,1.2089077214209298,0.920307393868181,-0.4108240150088804,1.3533886657705048,0.8637677229720243,-1.0775117223646489,0.25681895549548844,-0.9501804779455227,0
-1.6334166022901482,0.7715308156211609,-1.4600320955718065,0.2079003033971988,-1.4645680788125663,1.1250009247842319,0.19532437054793192,0.920307393868181,-1.4378840525310816,-0.061209435293665806,-0.9171966542898811,1.3322589027320104,-1.1228525666807105,-0.9501804779455227,1
-0.1827311080632816,0.7715308156211609,-0.4603426899921905,0.94888916479251,0.5598300333069158,1.4662944358135126,-0.4981800274178035,-1.0865934650343947,-0.4108240150088804,-0.5720365273446163,0.8637677229720243,1.3322589027320104,0.25681895549548844,-0.05859021713873188,1
0.4942554559092562,-1.2961245095504037,-1.2101097441769024,0.94888916479251,0.26854972940483207,0.10112039169638974,-1.0316449489299078,-1.0865934650343947,1.6432960600355222,-1.0304710971339308,-0.026714465658928405,0.1273735901836806,-0.3467873354565986,0.8330000436680589,0
-1.0531424045994016,0.7715308156211609,0.2894243641925215,0.2079003033971988,-1.289799896471316,-0.24017311933289098,1.0488682449672986,0.920307393868181,-0.4108240150088804,1.02593540163528,0.8637677229720243,-1.0775117223646489,-0.26055786532058617,-0.9501804779455227,1
1.3646667524453762,0.7715308156211609,-0.21042033859728654,-1.2740774193934234,1.5210550361837922,0.7837074137549511,-1.5651098704420119,-1.0865934650343947,0.6162360225133209,-1.3186299695729284,-1.8076788429208337,0.1273735901836806,-1.036623096544698,1.7245903044748498,0
-0.8597176720358194,-1.2961245095504037,0.3394088344715023,0.94888916479251,0.06465351667337345,0.10112039169638974,1.3156007057233507,0.920307393868181,-0.4108240150088804,1.5891550159478665,0.8637677229720243,-1.0775117223646489,0.08436001522346359,-0.9501804779455227,1
0.010693624500300621,0.7715308156211609,0.08948648307659827,0.94888916479251,0.5889580636971242,-0.24017311933289098,0.4087103391527736,-1.0865934650343947,1.6432960600355222,0.1090662620566511,-0.026714465658928405,1.3322589027320104,-0.08809892504856129,-0.05859021713873188,1
-1.4399918697265661,0.7715308156211609,1.189144829214176,0.2079003033971988,-1.4208760332272536,-0.5814666303621717,-0.818258980325066,0.920307393868181,-0.4108240150088804,-0.8470972692182049,0.8637677229720243,1.3322589027320104,-0.7779346861366608,-0.9501804779455227,0
0.7843925547546295,-1.2961245095504037,1.8389429428409263,-0.5330885579981124,0.3559338205754572,1.4662944358135126,-0.9782984567786973,-1.0865934650343947,-1.4378840525310816,-1.0042748360031128,-0.9171966542898811,0.1273735901836806,0.5155073659035257,-0.05859021713873188,1
-0.7630053057540283,0.7715308156211609,-0.8102339819450561,-2.0150662807887345,-0.6344192126916276,0.44241390272567044,0.9421752606648778,0.920307393868181,-0.4108240150088804,0.8032671820233274,0.8637677229720243,-1.0775117223646489,2.06763782835175,-0.05859021713873188,0
1.0745296536000029,0.7715308156211609,1.5890205914460223,-1.2740774193934234,1.288030793062125,0.7837074137549511,-1.4050703939883806,-1.0865934650343947,0.6162360225133209,-1.2269430556150656,-1.8076788429208337,0.1273735901836806,-0.8641641562726733,1.7245903044748498,1
-0.5695805731904461,-1.2961245095504037,1.3890827103300991,0.94888916479251,0.2394216990146237,0.10112039169638974,0.5154033234551945,0.920307393868181,-0.4108240150088804,0.174556914883696,0.8637677229720243,-1.0775117223646489,0.17058948535947602,-0.9501804779455227,1
0.30083072334567396,0.7715308156211609,1.7389740022829647,0.94888916479251,0.2394216990146237,1.4662944358135126,-0.6048730117202243,-1.0865934650343947,1.6432960600355222,-0.6375271801716612,-0.026714465658928405,1.3322589027320104,-0.3467873354565986,0.8330000436680589,0
-1.3432795034447749,0.7715308156211609,-0.7602495116660754,0.2079003033971988,-1.4063120180321496,-1.6053471634500138,1.2622542135721402,0.920307393868181,-0.4108240150088804,1.4843699714245946,0.8637677229720243,-1.0775117223646489,-0.6917052160006484,-0.9501804779455227,1
0.9778172873182117,-1.2961245095504037,1.0891758886562142,-1.2740774193934234,1.1423906411110833,-1.6053471634500138,-1.2450309175347494,-1.0865934650343947,-1.4378840525310816,-1.1614524027880206,-0.9171966542898811,0.1273735901836806,-0.7779346861366608,1.7245903044748498,0
-0.3761558406268638,0.7715308156211609,-0.9102029225030177,0.94888916479251,0.4724459421362907,-1.264053652420733,0.7821357842112465,0.920307393868181,-0.4108240150088804,0.5151083095843294,0.8637677229720243,-1.0775117223646489,0.42927789576751335,-0.05859021713873188,1
-1.1498547708811926,-1.2961245095504037,1.5390361211670416,0.2079003033971988,-1.30436391166642,1.4662944358135126,0.6754427999088257,0.920307393868181,0.6162360225133209,0.881855965415781,-1.8076788429208337,-1.0775117223646489,-0.3467873354565986,-0.9501804779455227,1
0.10740599078209173,0.7715308156211609,0.6393156561453871,0.94888916479251,0.6763421548677493,-0.24017311933289098,-0.7649124881738556,-1.0865934650343947,-0.4108240150088804,-0.807802877521978,0.8637677229720243,1.3322589027320104,-0.0018694549125488533,-0.05859021713873188,0
-1.2465671371629838,0.7715308156211609,-0.2604048088762673,0.2079003033971988,-1.3771839876419412,-0.5814666303621717,-1.1383379332323285,0.920307393868181,1.6432960600355222,-1.0828636193955667,-0.026714465658928405,0.1273735901836806,-0.6054757458646359,-0.9501804779455227,1
0.8811049210364206,-1.2961245095504037,0.4393777750294639,-0.5330885579981124,0.4141898813558739,0.10112039169638974,1.1555612292697195,-1.0865934650343947,-0.4108240150088804,1.2878980129434598,0.8637677229720243,-1.0775117223646489,0.6017368360395382,-0.05859021713873188,0
-0.6662929394722371,0.7715308156211609,-1.609985506408749,-2.0150662807887345,-0.5761631519112108,-0.9227601413914523,0.19532437054793192,0.920307393868181,-1.4378840525310816,-0.07430756585907475,-0.9171966542898811,1.3322589027320104,2.2400967686237747,-0.05859021713873188,1
-0.2794434743450727,-1.2961245095504037,-0.010482457481363327,0.94888916479251,0.3850618509656656,-0.5814666303621717,-0.4448335352665931,0.920307393868181,-0.4108240150088804,-0.5065458745175714,0.8637677229720243,1.3322589027320104,0.08436001522346359,-0.9501804779455227,1
1.1712420198817939,0.7715308156211609,0.4393777750294639,-1.2740774193934234,1.3462868538425419,0.10112039169638974,-1.0316449489299078,-1.0865934650343947,1.6432960600355222,-1.0173729665685216,-0.026714465658928405,0.1273735901836806,-0.9503936264086857,1.7245903044748498,0
-1.0531424045994016,0.7715308156211609,0.7892690669823295,0.2079003033971988,-1.30436391166642,-1.6053471634500138,1.1022147371185091,0.920307393868181,-0.4108240150088804,1.0914260544623249,0.8637677229720243,-1.0775117223646489,-0.3467873354565986,-0.9501804779455227,1
0.39754308962746504,-1.2961245095504037,-0.11045139803932492,0.94888916479251,0.29767775979504046,0.10112039169638974,-1.5651098704420119,-1.0865934650343947,0.6162360225133209,-1.2531393167458833,-1.8076788429208337,0.1273735901836806,-0.26055786532058617,0.8330000436680589,0
-0.8597176720358194,0.7715308156211609,-0.4603426899921905,0.94888916479251,-0.022730574497251674,1.4662944358135126,1.368947197874561,0.920307393868181,-0.4108240150088804,1.6415475382095022,0.8637677229720243,-1.0775117223646489,0.5155073659035257,-0.9501804779455227,1
-1.4399918697265661,0.7715308156211609,-0.6102961008291329,0.2079003033971988,-1.435440048422358,1.1250009247842319,0.3553638470015632,0.920307393868181,1.6432960600355222,0.08287000092583299,-0.026714465658928405,1.3322589027320104,-0.8641641562726733,-0.9501804779455227,1
0.5909678221910473,-1.2961245095504037,-0.41035821971320974,-0.5330885579981124,0.3268057901852488,0.7837074137549511,-0.8716054724762764,-1.0865934650343947,-0.4108240150088804,-0.8601953997836138,0.8637677229720243,1.3322589027320104,0.42927789576751335,-0.05859021713873188,0
-0.5695805731904461,0.7715308156211609,0.3394088344715023,0.94888916479251,0.4141898813558739,0.10112039169638974,-0.9782984567786973,0.920307393868181,-1.4378840525310816,-0.9780785748722948,-0.9171966542898811,0.1273735901836806,0.3430484256315009,-0.9501804779455227,1
-1.2465671371629838,-1.2961245095504037,0.9892069480982527,0.2079003033971988,-1.3771839876419412,-0.5814666303621717,0.9955217528160882,0.920307393868181,-0.4108240150088804,0.8556597042849632,0.8637677229720243,-1.0775117223646489,-0.6054757458646359,-0.9501804779455227,0
1.0745296536000029,0.7715308156211609,-0.3103892791552481,-1.2740774193934234,1.2006467018915001,0.7837074137549511,-1.4050703939883806,-1.0865934650343947,0.6162360225133209,-1.2007467944842474,-1.8076788429208337,0.1273735901836806,-0.7779346861366608,1.7245903044748498,1
-0.6662929394722371,-1.2961245095504037,0.889238007540291,0.94888916479251,0.2394216990146237,-1.6053471634500138,0.462056831303984,0.920307393868181,-0.4108240150088804,0.2007531760145139,0.8637677229720243,-1.0775117223646489,0.25681895549548844,-0.9501804779455227,1
-0.0860187417814905,0.7715308156211609,-1.2600942144558833,0.94888916479251,0.6472141244775409,1.1250009247842319,-0.6048730117202243,-1.0865934650343947,1.6432960600355222,-0.6113309190408431,-0.026714465658928405,1.3322589027320104,-0.0018694549125488533,-0.05859021713873188,0
-1.5367042360083571,0.7715308156211609,-0.16043586831830572,0.2079003033971988,-1.450004063617462,-0.24017311933289098,1.3156007057233507,0.920307393868181,-0.4108240150088804,1.5105662325554123,0.8637677229720243,-1.0775117223646489,-0.9503936264086857,-0.9501804779455227,1
0.6876801884728384,-1.2961245095504037,1.7889584725619454,-1.2740774193934234,1.0550065499404582,1.4662944358135126,-1.2450309175347494,-1.0865934650343947,-1.4378840525310816,-1.1352561416572025,-0.9171966542898811,0.1273735901836806,-0.6917052160006484,1.7245903044748498,0
-0.9564300383176104,0.7715308156211609,-0.9102029225030177,-2.0150662807887345,-0.6344192126916276,-1.264053652420733,0.835482276362457,0.920307393868181,-0.4108240150088804,0.5413045707151477,0.8637677229720243,-1.0775117223646489,2.06763782835175,-0.05859021713873188,1
0.20411835706388284,-1.2961245095504037,-1.609985506408749,0.94888916479251,0.4724459421362907,-0.9227601413914523,0.6754427999088257,-1.0865934650343947,0.6162360225133209,0.9080522265465989,-1.8076788429208337,-1.0775117223646489,-0.17432839518457374,0.8330000436680589,1
-1.3432795034447749,0.7715308156211609,-0.8602184522240369,0.2079003033971988,-1.3917480028370453,-0.5814666303621717,-0.818258980325066,0.920307393868181,-0.4108240150088804,-0.820901008087387,0.8637677229720243,1.3322589027320104,-0.6917052160006484,-0.9501804779455227,0
0.8811049210364206,0.7715308156211609,-1.0101718630609793,-0.5330885579981124,0.4141898813558739,-1.6053471634500138,-1.0849914410811181,-1.0865934650343947,1.6432960600355222,-1.0435692276993398,-0.026714465658928405,0.1273735901836806,0.6017368360395382,-0.05859021713873188,1
-0.47286820690865494,-1.2961245095504037,-1.1101408036189409,0.94888916479251,0.21029366862441531,0.44241390272567044,1.2089077214209298,0.920307393868181,-0.4108240150088804,1.3664867963359133,0.8637677229720243,-1.0775117223646489,0.25681895549548844,-0.9501804779455227,0
-1.6334166022901482,0.7715308156211609,-1.4600320955718065,0.2079003033971988,-1.4645680788125663,1.1250009247842319,0.19532437054793192,0.920307393868181,-1.4378840525310816,-0.048111304728256865,-0.9171966542898811,1.3322589027320104,-1.1228525666807105,-0.9501804779455227,1
-0.1827311080632816,0.7715308156211609,-0.4603426899921905,0.94888916479251,0.5889580636971242,1.4662944358135126,-0.4981800274178035,-1.0865934650343947,-0.4108240150088804,-0.5589383967792073,0.8637677229720243,1.3322589027320104,0.25681895549548844,-0.05859021713873188,1
0.4942554559092562,-1.2961245095504037,-1.2101097441769024,0.94888916479251,0.29767775979504046,0.10112039169638974,-1.0316449489299078,-1.0865934650343947,1.6432960600355222,-1.0173729665685216,-0.026714465658928405,0.1273735901836806,-0.3467873354565986,0.8330000436680589,0
-1.0531424045994016,0.7715308156211609,0.2894243641925215,0.2079003033971988,-1.289799896471316,-0.24017311933289098,1.0488682449672986,0.920307393868181,-0.4108240150088804,1.0390335322006887,0.8637677229720243,-1.0775117223646489,-0.26055786532058617,-0.9501804779455227,1
1.3646667524453762,0.7715308156211609,-0.21042033859728654,-1.2740774193934234,1.5501830665740006,0.7837074137549511,-1.5651098704420119,-1.0865934650343947,0.6162360225133209,-1.3055318390075195,-1.8076788429208337,0.1273735901836806,-1.036623096544698,1.7245903044748498,0
-0.8597176720358194,-1.2961245095504037,0.3394088344715023,0.94888916479251,0.09378154706358183,0.10112039169638974,1.3156007057233507,0.920307393868181,-0.4108240150088804,1.6022531465132752,0.8637677229720243,-1.0775117223646489,0.08436001522346359,-0.9501804779455227,1
0.010693624500300621,0.7715308156211609,0.08948648307659827,0.94888916479251,0.6180860940873326,-0.24017311933289098,0.4087103391527736,-1.0865934650343947,1.6432960600355222,0.12216439262206004,-0.026714465658928405,1.3322589027320104,-0.08809892504856129,-0.05859021713873188,1
-1.4399918697265661,0.7715308156211609,1.189144829214176,0.2079003033971988,-1.4208760332272536,-0.5814666303621717,-0.818258980325066,0.920307393868181,-0.4108240150088804,-0.833999138652796,0.8637677229720243,1.3322589027320104,-0.7779346861366608,-0.9501804779455227,0
0.7843925547546295,-1.2961245095504037,1.8389429428409263,-0.5330885579981124,0.3850618509656656,1.4662944358135126,-0.9782984567786973,-1.0865934650343947,-1.4378840525310816,-0.9911767054377038,-0.9171966542898811,0.1273735901836806,0.5155073659035257,-0.05859021713873188,1
-0.7630053057540283,0.7715308156211609,-0.8102339819450561,-2.0150662807887345,-0.6052911823014192,0.44241390272567044,0.9421752606648778,0.920307393868181,-0.4108240150088804,0.8032671820233274,0.8637677229720243,-1.0775117223646489,2.06763782835175,-0.05859021713873188,0
1.0745296536000029,0.7715308156211609,1.5890205914460223,-1.2740774193934234,1.3171588234523335,0.7837074137549511,-1.4050703939883806,-1.0865934650343947,0.6162360225133209,-1.2138449250496566,-1.8076788429208337,0.1273735901836806,-0.8641641562726733,1.7245903044748498,1
-0.5695805731904461,-1.2961245095504037,1.3890827103300991,0.94888916479251,0.26854972940483207,0.10112039169638974,0.5154033234551945,0.920307393868181,-0.4108240150088804,0.18765504544910497,0.8637677229720243,-1.0775117223646489,0.17058948535947602,-0.9501804779455227,1
0.30083072334567396,0.7715308156211609,1.7389740022829647,0.94888916479251,0.26854972940483207,1.4662944358135126,-0.6048730117202243,-1.0865934650343947,1.6432960600355222,-0.6244290496062522,-0.026714465658928405,1.3322589027320104,-0.3467873354565986,0.8330000436680589,0
-1.3432795034447749,0.7715308156211609,-0.7602495116660754,0.2079003033971988,-1.4063120180321496,-1.6053471634500138,1.2622542135721402,0.920307393868181,-0.4108240150088804,1.4974681019900034,0.8637677229720243,-1.0775117223646489,-0.6917052160006484,-0.9501804779455227,1
0.9778172873182117,-1.2961245095504037,1.0891758886562142,-1.2740774193934234,1.1715186715012917,-1.6053471634500138,-1.2450309175347494,-1.0865934650343947,-1.4378840525310816,-1.1483542722226117,-0.9171966542898811,0.1273735901836806,-0.7779346861366608,1.7245903044748498,0
-0.3761558406268638,0.7715308156211609,-0.9102029225030177,0.94888916479251,0.501573972526499,-1.264053652420733,0.7821357842112465,0.920307393868181,-0.4108240150088804,0.5282064401497385,0.8637677229720243,-1.0775117223646489,0.42927789576751335,-0.05859021713873188,1
-1.1498547708811926,-1.2961245095504037,1.5390361211670416,0.2079003033971988,-1.30436391166642,1.4662944358135126,0.6754427999088257,0.920307393868181,0.6162360225133209,0.8949540959811902,-1.8076788429208337,-1.0775117223646489,-0.3467873354565986,-0.9501804779455227,1
0.10740599078209173,0.7715308156211609,0.6393156561453871,0.94888916479251,0.7054701852579577,-0.24017311933289098,-0.7649124881738556,-1.0865934650343947,-0.4108240150088804,-0.807802877521978,0.8637677229720243,1.3322589027320104,-0.0018694549125488533,-0.05859021713873188,0
-1.2465671371629838,0.7715308156211609,-0.2604048088762673,0.2079003033971988,-1.3771839876419412,-0.5814666303621717,-1.1383379332323285,0.920307393868181,1.6432960600355222,-1.0697654888301575,-0.026714465658928405,0.1273735901836806,-0.6054757458646359,-0.9501804779455227,1
0.8811049210364206,-1.2961245095504037,0.4393777750294639,-0.5330885579981124,0.4433179117460823,0.10112039169638974,1.1555612292697195,-1.0865934650343947,-0.4108240150088804,1.3009961435088684,0.8637677229720243,-1.0775117223646489,0.6017368360395382,-0.05859021713873188,0
-0.6662929394722371,0.7715308156211609,-1.609985506408749,-2.0150662807887345,-0.5470351215210024,-0.9227601413914523,0.19532437054793192,0.920307393868181,-1.4378840525310816,-0.061209435293665806,-0.9171966542898811,1.3322589027320104,2.2400967686237747,-0.05859021713873188,1
-0.2794434743450727,-1.2961245095504037,-0.010482457481363327,0.94888916479251,0.4141898813558739,-0.5814666303621717,-0.4448335352665931,0.920307393868181,-0.4108240150088804,-0.4934477439521624,0.8637677229720243,1.3322589027320104,0.08436001522346359,-0.9501804779455227,1
1.1712420198817939,0.7715308156211609,0.4393777750294639,-1.2740774193934234,1.3754148842327503,0.10112039169638974,-1.0316449489299078,-1.0865934650343947,1.6432960600355222,-1.0042748360031128,-0.026714465658928405,0.1273735901836806,-0.9503936264086857,1.7245903044748498,0
-1.0531424045994016,0.7715308156211609,0.7892690669823295,0.2079003033971988,-1.30436391166642,-1.6053471634500138,1.1022147371185091,0.920307393868181,-0.4108240150088804,1.1045241850277336,0.8637677229720243,-1.0775117223646489,-0.3467873354565986,-0.9501804779455227,1
0.39754308962746504,-1.2961245095504037,-0.11045139803932492,0.94888916479251,0.3268057901852488,0.10112039169638974,-1.5651098704420119,-1.0865934650343947,0.6162360225133209,-1.2400411861804745,-1.8076788429208337,0.1273735901836806,-0.26055786532058617,0.8330000436680589,0
-0.8597176720358194,0.7715308156211609,-0.4603426899921905,0.94888916479251,0.0063974558929567014,1.4662944358135126,1.368947197874561,0.920307393868181,-0.4108240150088804,1.6546456687749114,0.8637677229720243,-1.0775117223646489,0.5155073659035257,-0.9501804779455227,1
-1.4399918697265661,0.7715308156211609,-0.6102961008291329,0.2079003033971988,-1.435440048422358,1.1250009247842319,0.3553638470015632,0.920307393868181,1.6432960600355222,0.09596813149124192,-0.026714465658928405,1.3322589027320104,-0.8641641562726733,-0.9501804779455227,1
0.5909678221910473,-1.2961245095504037,-0.41035821971320974,-0.5330885579981124,0.3559338205754572,0.7837074137549511,-0.8716054724762764,-1.0865934650343947,-0.4108240150088804,-0.8470972692182049,0.8637677229720243,1.3322589027320104,0.42927789576751335,-0.05859021713873188,0
-0.5695805731904461,0.7715308156211609,0.3394088344715023,0.94888916479251,0.4433179117460823,0.10112039169638974,-0.9782984567786973,0.920307393868181,-1.4378840525310816,-0.9649804443068858,-0.9171966542898811,0.1273735901836806,0.3430484256315009,-0.9501804779455227,1
-1.2465671371629838,-1.2961245095504037,0.9892069480982527,0.2079003033971988,-1.3771839876419412,-0.5814666303621717,0.9955217528160882,0.920307393868181,-0.4108240150088804,0.8687578348503723,0.8637677229720243,-1.0775117223646489,-0.6054757458646359,-0.9501804779455227,0
1.0745296536000029,0.7715308156211609,-0.3103892791552481,-1.2740774193934234,1.2297747322817085,0.7837074137549511,-1.4050703939883806,-1.0865934650343947,0.6162360225133209,-1.1876486639188384,-1.8076788429208337,0.1273735901836806,-0.7779346861366608,1.7245903044748498,1
-0.6662929394722371,-1.2961245095504037,0.889238007540291,0.94888916479251,0.2394216990146237,-1.6053471634500138,0.462056831303984,0.920307393868181,-0.4108240150088804,0.21385130657992285,0.8637677229720243,-1.0775117223646489,0.25681895549548844,-0.9501804779455227,1
-0.0860187417814905,0.7715308156211609,-1.2600942144558833,0.94888916479251,0.6472141244775409,1.1250009247842319,-0.6048730117202243,-1.0865934650343947,1.6432960600355222,-0.5982327884754342,-0.026714465658928405,1.3322589027320104,-0.0018694549125488533,-0.05859021713873188,0
-1.5367042360083571,0.7715308156211609,-0.16043586831830572,0.2079003033971988,-1.450004063617462,-0.24017311933289098,1.3156007057233507,0.920307393868181,-0.4108240150088804,1.5236643631208215,0.8637677229720243,-1.0775117223646489,-0.9503936264086857,-0.9501804779455227,1
0.6876801884728384,-1.2961245095504037,1.7889584725619454,-1.2740774193934234,1.0550065499404582,1.4662944358135126,-1.2450309175347494,-1.0865934650343947,-1.4378840525310816,-1.1221580110917935,-0.9171966542898811,0.1273735901836806,-0.6917052160006484,1.7245903044748498,0
-0.9564300383176104,0.7715308156211609,-0.9102029225030177,-2.0150662807887345,-0.6344192126916276,-1.264053652420733,0.835482276362457,0.920307393868181,-0.4108240150088804,0.5544027012805564,0.8637677229720243,-1.0775117223646489,2.06763782835175,-0.05859021713873188,1
0.20411835706388284,-1.2961245095504037,-1.609985506408749,0.94888916479251,0.4724459421362907,-0.9227601413914523,0.6754427999088257,-1.0865934650343947,0.6162360225133209,0.9211503571120081,-1.8076788429208337,-1.0775117223646489,-0.17432839518457374,0.8330000436680589,1
-1.3432795034447749,0.7715308156211609,-0.8602184522240369,0.2079003033971988,-1.3917480028370453,-0.5814666303621717,-0.818258980325066,0.920307393868181,-0.4108240150088804,-0.807802877521978,0.8637677229720243,1.3322589027320104,-0.6917052160006484,-0.9501804779455227,0
0.8811049210364206,0.7715308156211609,-1.0101718630609793,-0.5330885579981124,0.4141898813558739,-1.6053471634500138,-1.0849914410811181,-1.0865934650343947,1.6432960600355222,-1.0304710971339308,-0.026714465658928405,0.1273735901836806,0.6017368360395382,-0.05859021713873188,1
-0.47286820690865494,-1.2961245095504037,-1.1101408036189409,0.94888916479251,0.21029366862441531,0.44241390272567044,1.2089077214209298,0.920307393868181,-0.4108240150088804,1.3795849269013225,0.8637677229720243,-1.0775117223646489,0.25681895549548844,-0.9501804779455227,0
-1.6334166022901482,0.7715308156211609,-1.4600320955718065,0.2079003033971988,-1.4645680788125663,1.1250009247842319,0.19532437054793192,0.920307393868181,-1.4378840525310816,-0.035013174162847924,-0.9171966542898811,1.3322589027320104,-1.1228525666807105,-0.9501804779455227,1
-0.1827311080632816,0.7715308156211609,-0.4603426899921905,0.94888916479251,0.5889580636971242,1.4662944358135126,-0.4981800274178035,-1.0865934650343947,-0.4108240150088804,-0.5458402662137981,0.8637677229720243,1.3322589027320104,0.25681895549548844,-0.05859021713873188,1
0.4942554559092562,-1.2961245095504037,-1.2101097441769024,0.94888916479251,0.29767775979504046,0.10112039169638974,-1.0316449489299078,-1.0865934650343947,1.6432960600355222,-1.0042748360031128,-0.026714465658928405,0.1273735901836806,-0.3467873354565986,0.8330000436680589,0
-1.0531424045994016,0.7715308156211609,0.2894243641925215,0.2079003033971988,-1.289799896471316,-0.24017311933289098,1.0488682449672986,0.920307393868181,-0.4108240150088804,1.052131662766098,0.8637677229720243,-1.0775117223646489,-0.26055786532058617,-0.9501804779455227,1
1.3646667524453762,0.7715308156211609,-0.21042033859728654,-1.2740774193934234,1.5501830665740006,0.7837074137549511,-1.5651098704420119,-1.0865934650343947,0.6162360225133209,-1.2924337084421105,-1.8076788429208337,0.1273735901836806,-1.036623096544698,1.7245903044748498,0
-0.8597176720358194,-1.2961245095504037,0.3394088344715023,0.94888916479251,0.09378154706358183,0.10112039169638974,1.3156007057233507,0.920307393868181,-0.4108240150088804,1.6153512770786844,0.8637677229720243,-1.0775117223646489,0.08436001522346359,-0.9501804779455227,1
0.010693624500300621,0.7715308156211609,0.08948648307659827,0.94888916479251,0.6180860940873326,-0.24017311933289098,0.4087103391527736,-1.0865934650343947,1.6432960600355222,0.13526252318746898,-0.026714465658928405,1.3322589027320104,-0.08809892504856129,-0.05859021713873188,1
-1.4399918697265661,0.7715308156211609,1.189144829214176,0.2079003033971988,-1.4208760332272536,-0.5814666303621717,-0.818258980325066,0.920307393868181,-0.4108240150088804,-0.820901008087387,0.8637677229720243,1.3322589027320104,-0.7779346861366608,-0.9501804779455227,0
0.7843925547546295,-1.2961245095504037,1.8389429428409263,-0.5330885579981124,0.3850618509656656,1.4662944358135126,-0.9782984567786973,-1.0865934650343947,-1.4378840525310816,-0.9780785748722948,-0.9171966542898811,0.1273735901836806,0.5155073659035257,-0.05859021713873188,1
-0.7630053057540283,0.7715308156211609,-0.8102339819450561,-2.0150662807887345,-0.6052911823014192,0.44241390272567044,0.9421752606648778,0.920307393868181,-0.4108240150088804,0.8163653125887361,0.8637677229720243,-1.0775117223646489,2.06763782835175,-0.05859021713873188,0
1.0745296536000029,0.7715308156211609,1.5890205914460223,-1.2740774193934234,1.3171588234523335,0.7837074137549511,-1.4050703939883806,-1.0865934650343947,0.6162360225133209,-1.2007467944842474,-1.8076788429208337,0.1273735901836806,-0.8641641562726733,1.7245903044748498,1
-0.5695805731904461,-1.2961245095504037,1.3890827103300991,0.94888916479251,0.26854972940483207,0.10112039169638974,0.5154033234551945,0.920307393868181,-0.4108240150088804,0.6984821375000554,0.8637677229720243,-1.0775117223646489,0.17058948535947602,-0.9501804779455227,1
0.30083072334567396,0.7715308156211609,1.7389740022829647,0.94888916479251,0.26854972940483207,1.4662944358135126,-0.7115659960226451,-1.0865934650343947,1.6432960600355222,-0.6899197024332971,-0.026714465658928405,1.3322589027320104,-0.3467873354565986,0.8330000436680589,0
-1.3432795034447749,0.7715308156211609,-0.7602495116660754,0.2079003033971988,-1.4063120180321496,-1.6053471634500138,1.1022147371185091,0.920307393868181,-0.4108240150088804,1.0914260544623249,0.8637677229720243,-1.0775117223646489,-0.6917052160006484,-0.9501804779455227,1
0.9778172873182117,-1.2961245095504037,1.0891758886562142,-1.2740774193934234,1.1715186715012917,-1.6053471634500138,-1.3517239018371703,-1.0865934650343947,-1.4378840525310816,-1.2007467944842474,-0.9171966542898811,0.1273735901836806,-0.7779346861366608,1.7245903044748498,0
-0.3761558406268638,0.7715308156211609,-0.9102029225030177,0.94888916479251,0.501573972526499,-1.264053652420733,1.368947197874561,0.920307393868181,-0.4108240150088804,1.4843699714245946,0.8637677229720243,-1.0775117223646489,0.42927789576751335,-0.05859021713873188,1
-1.1498547708811926,-1.2961245095504037,1.5390361211670416,0.2079003033971988,-1.30436391166642,1.4662944358135126,-0.4981800274178035,0.920307393868181,0.6162360225133209,-0.48034961338675325,-1.8076788429208337,1.3322589027320104,-0.3467873354565986,-0.9501804779455227,1
0.10740599078209173,0.7715308156211609,0.6393156561453871,0.94888916479251,0.7054701852579577,-0.24017311933289098,0.6754427999088257,-1.0865934650343947,-0.4108240150088804,0.8949540959811902,0.8637677229720243,-1.0775117223646489,-0.0018694549125488533,-0.05859021713873188,0
-1.2465671371629838,0.7715308156211609,-0.2604048088762673,0.2079003033971988,-1.3771839876419412,-0.5814666303621717,-0.5515265195690139,0.920307393868181,1.6432960600355222,-0.7161159635641151,-0.026714465658928405,0.1273735901836806,-0.6054757458646359,-0.9501804779455227,1
0.8811049210364206,-1.2961245095504037,0.4393777750294639,-0.5330885579981124,0.4433179117460823,0.10112039169638974,0.835482276362457,-1.0865934650343947,-0.4108240150088804,0.6853840069346463,0.8637677229720243,-1.0775117223646489,0.6017368360395382,-0.05859021713873188,0
-0.6662929394722371,0.7715308156211609,-1.609985506408749,-2.0150662807887345,-0.5470351215210024,-0.9227601413914523,-1.6184563625932222,0.920307393868181,-1.4378840525310816,-1.3710224918345644,-0.9171966542898811,0.1273735901836806,2.2400967686237747,-0.05859021713873188,1
-0.2794434743450727,-1.2961245095504037,-0.010482457481363327,0.94888916479251,0.4141898813558739,-0.5814666303621717,0.24867086269914235,0.920307393868181,-0.4108240150088804,0.4103232650610579,0.8637677229720243,-1.0775117223646489,0.08436001522346359,-0.9501804779455227,1
1.1712420198817939,0.7715308156211609,0.4393777750294639,-1.2740774193934234,1.3754148842327503,0.10112039169638974,-0.7649124881738556,-1.0865934650343947,1.6432960600355222,-0.8601953997836138,-0.026714465658928405,1.3322589027320104,-0.9503936264086857,1.7245903044748498,0
-1.0531424045994016,0.7715308156211609,0.7892690669823295,0.2079003033971988,-1.30436391166642,-1.6053471634500138,1.2089077214209298,0.920307393868181,-0.4108240150088804,1.2617017518126419,0.8637677229720243,-1.0775117223646489,-0.3467873354565986,-0.9501804779455227,1
0.39754308962746504,-1.2961245095504037,-0.11045139803932492,0.94888916479251,0.3268057901852488,0.10112039169638974,-1.2450309175347494,-1.0865934650343947,0.6162360225133209,-1.1352561416572025,-1.8076788429208337,0.1273735901836806,-0.26055786532058617,0.8330000436680589,0
-0.8597176720358194,0.7715308156211609,-0.4603426899921905,0.94888916479251,0.0063974558929567014,1.4662944358135126,1.368947197874561,0.920307393868181,-0.4108240150088804,1.6153512770786844,0.8637677229720243,-1.0775117223646489,0.5155073659035257,-0.9501804779455227,1
-1.4399918697265661,0.7715308156211609,-0.6102961008291329,0.2079003033971988,-1.435440048422358,1.1250009247842319,0.5687498156064048,0.920307393868181,1.6432960600355222,-0.24458326320939164,-0.026714465658928405,1.3322589027320104,-0.8641641562726733,-0.9501804779455227,1
0.5909678221910473,-1.2961245095504037,-0.41035821971320974,-0.5330885579981124,0.3559338205754572,0.7837074137549511,-0.6048730117202243,-1.0865934650343947,-0.4108240150088804,-0.5982327884754342,0.8637677229720243,1.3322589027320104,0.42927789576751335,-0.05859021713873188,0
-0.5695805731904461,0.7715308156211609,0.3394088344715023,0.94888916479251,0.4433179117460823,0.10112039169638974,-1.0849914410811181,0.920307393868181,-1.4378840525310816,-1.0697654888301575,-0.9171966542898811,0.1273735901836806,0.3430484256315009,-0.9501804779455227,1
-1.2465671371629838,-1.2961245095504037,0.9892069480982527,0.2079003033971988,-1.3771839876419412,-0.5814666303621717,1.0488682449672986,0.920307393868181,-0.4108240150088804,0.9211503571120081,0.8637677229720243,-1.0775117223646489,-0.6054757458646359,-0.9501804779455227,0
1.0745296536000029,0.7715308156211609,-0.3103892791552481,-1.2740774193934234,1.2297747322817085,0.7837074137549511,-1.5651098704420119,-1.0865934650343947,0.6162360225133209,-1.2793355778767015,-1.8076788429208337,0.1273735901836806,-0.7779346861366608,1.7245903044748498,1
-0.6662929394722371,-1.2961245095504037,0.889238007540291,0.94888916479251,0.2394216990146237,-1.6053471634500138,0.30201735485035275,0.920307393868181,-0.4108240150088804,-0.10050382698989285,0.8637677229720243,1.3322589027320104,0.25681895549548844,-0.9501804779455227,1
-0.0860187417814905,0.7715308156211609,-1.2600942144558833,0.94888916479251,0.6472141244775409,1.1250009247842319,-0.3381405509641722,-1.0865934650343947,1.6432960600355222,-0.45415335225593534,-0.026714465658928405,1.3322589027320104,-0.0018694549125488533,-0.05859021713873188,0
-1.5367042360083571,0.7715308156211609,-0.16043586831830572,0.2079003033971988,-1.450004063617462,-0.24017311933289098,1.4222936900257714,0.920307393868181,-0.4108240150088804,1.6415475382095022,0.8637677229720243,-1.0775117223646489,-0.9503936264086857,-0.9501804779455227,1
0.6876801884728384,-1.2961245095504037,1.7889584725619454,-1.2740774193934234,1.0550065499404582,1.4662944358135126,-1.2983774096859597,-1.0865934650343947,-1.4378840525310816,-1.2007467944842474,-0.9171966542898811,0.1273735901836806,-0.6917052160006484,1.7245903044748498,0
-0.9564300383176104,0.7715308156211609,-0.9102029225030177,-2.0150662807887345,-0.6344192126916276,-1.264053652420733,0.8888287685136673,0.920307393868181,-0.4108240150088804,0.5675008318459656,0.8637677229720243,-1.0775117223646489,2.06763782835175,-0.05859021713873188,1
0.20411835706388284,-1.2961245095504037,-1.609985506408749,0.94888916479251,0.4724459421362907,-0.9227601413914523,0.6220963077576153,-1.0865934650343947,0.6162360225133209,0.7508746597616912,-1.8076788429208337,-1.0775117223646489,-0.17432839518457374,0.8330000436680589,1
-1.3432795034447749,0.7715308156211609,-0.8602184522240369,0.2079003033971988,-1.3917480028370453,-0.5814666303621717,-0.7115659960226451,0.920307393868181,-0.4108240150088804,-0.768508485825751,0.8637677229720243,1.3322589027320104,-0.6917052160006484,-0.9501804779455227,0
0.8811049210364206,0.7715308156211609,-1.0101718630609793,-0.5330885579981124,0.4141898813558739,-1.6053471634500138,-1.3517239018371703,-1.0865934650343947,1.6432960600355222,-1.2269430556150656,-0.026714465658928405,0.1273735901836806,0.6017368360395382,-0.05859021713873188,1
-0.47286820690865494,-1.2961245095504037,-1.1101408036189409,0.94888916479251,0.21029366862441531,0.44241390272567044,1.2089077214209298,0.920307393868181,-0.4108240150088804,1.3140942740742776,0.8637677229720243,-1.0775117223646489,0.25681895549548844,-0.9501804779455227,0
-1.6334166022901482,0.7715308156211609,-1.4600320955718065,0.2079003033971988,-1.4645680788125663,1.1250009247842319,0.14197787839672152,0.920307393868181,-1.4378840525310816,0.004281217533379122,-0.9171966542898811,1.3322589027320104,-1.1228525666807105,-0.9501804779455227,1
-0.1827311080632816,0.7715308156211609,-0.4603426899921905,0.94888916479251,0.5889580636971242,1.4662944358135126,-0.5515265195690139,-1.0865934650343947,-0.4108240150088804,-0.5589383967792073,0.8637677229720243,1.3322589027320104,0.25681895549548844,-0.05859021713873188,1
0.4942554559092562,-1.2961245095504037,-1.2101097441769024,0.94888916479251,0.29767775979504046,0.10112039169638974,-1.191684425383539,-1.0865934650343947,1.6432960600355222,-1.0435692276993398,-0.026714465658928405,0.1273735901836806,-0.3467873354565986,0.8330000436680589,0
-1.0531424045994016,0.7715308156211609,0.2894243641925215,0.2079003033971988,-1.289799896471316,-0.24017311933289098,1.1022147371185091,0.920307393868181,-0.4108240150088804,1.052131662766098,0.8637677229720243,-1.0775117223646489,-0.26055786532058617,-0.9501804779455227,1
1.3646667524453762,0.7715308156211609,-0.21042033859728654,-1.2740774193934234,1.5501830665740006,0.7837074137549511,-1.6184563625932222,-1.0865934650343947,0.6162360225133209,-1.3186299695729284,-1.8076788429208337,0.1273735901836806,-1.036623096544698,1.7245903044748498,0
-0.8597176720358194,-1.2961245095504037,0.3394088344715023,0.94888916479251,0.09378154706358183,0.10112039169638974,1.3156007057233507,0.920307393868181,-0.4108240150088804,1.5498606242516395,0.8637677229720243,-1.0775117223646489,0.08436001522346359,-0.9501804779455227,1
0.010693624500300621,0.7715308156211609,0.08948648307659827,0.94888916479251,0.6180860940873326,-0.24017311933289098,0.4087103391527736,-1.0865934650343947,1.6432960600355222,0.26624382884155884,-0.026714465658928405,-1.0775117223646489,-0.08809892504856129,-0.05859021713873188,1
-1.4399918697265661,0.7715308156211609,1.189144829214176,0.2079003033971988,-1.4208760332272536,-0.5814666303621717,-0.7649124881738556,0.920307393868181,-0.4108240150088804,-0.820901008087387,0.8637677229720243,1.3322589027320104,-0.7779346861366608,-0.9501804779455227,0
0.7843925547546295,-1.2961245095504037,1.8389429428409263,-0.5330885579981124,0.3850618509656656,1.4662944358135126,-1.0316449489299078,-1.0865934650343947,-1.4378840525310816,-1.0042748360031128,-0.9171966542898811,0.1273735901836806,0.5155073659035257,-0.05859021713873188,1
-0.7630053057540283,0.7715308156211609,-0.8102339819450561,-2.0150662807887345,-0.6052911823014192,0.44241390272567044,0.9421752606648778,0.920307393868181,-0.4108240150088804,0.8294634431541453,0.8637677229720243,-1.0775117223646489,2.06763782835175,-0.05859021713873188,0
1.0745296536000029,0.7715308156211609,1.5890205914460223,-1.2740774193934234,1.3171588234523335,0.7837074137549511,-1.458416886139591,-1.0865934650343947,0.6162360225133209,-1.2400411861804745,-1.8076788429208337,0.1273735901836806,-0.8641641562726733,1.7245903044748498,1
-0.5695805731904461,-1.2961245095504037,1.3890827103300991,0.94888916479251,0.26854972940483207,0.10112039169638974,0.5154033234551945,0.920307393868181,-0.4108240150088804,0.16145878431828686,0.8637677229720243,1.3322589027320104,0.17058948535947602,-0.9501804779455227,1
0.30083072334567396,0.7715308156211609,1.7389740022829647,0.94888916479251,0.26854972940483207,1.4662944358135126,-0.5515265195690139,-1.0865934650343947,1.6432960600355222,-0.6506253107370701,-0.026714465658928405,1.3322589027320104,-0.3467873354565986,0.8330000436680589,0
-1.3432795034447749,0.7715308156211609,-0.7602495116660754,0.2079003033971988,-1.4063120180321496,-1.6053471634500138,1.2622542135721402,0.920307393868181,-0.4108240150088804,1.4843699714245946,0.8637677229720243,-1.0775117223646489,-0.6917052160006484,-0.9501804779455227,1
0.9778172873182117,-1.2961245095504037,1.0891758886562142,-1.2740774193934234,1.1715186715012917,-1.6053471634500138,-1.2450309175347494,-1.0865934650343947,-1.4378840525310816,-1.1614524027880206,-0.9171966542898811,0.1273735901836806,-0.7779346861366608,1.7245903044748498,0
-0.3761558406268638,0.7715308156211609,-0.9102029225030177,0.94888916479251,0.501573972526499,-1.264053652420733,0.7821357842112465,0.920307393868181,-0.4108240150088804,0.5020101790189206,0.8637677229720243,-1.0775117223646489,0.42927789576751335,-0.05859021713873188,1
-1.1498547708811926,-1.2961245095504037,1.5390361211670416,0.2079003033971988,-1.30436391166642,1.4662944358135126,0.6754427999088257,0.920307393868181,0.6162360225133209,0.8687578348503723,-1.8076788429208337,-1.0775117223646489,-0.3467873354565986,-0.9501804779455227,1
0.10740599078209173,0.7715308156211609,0.6393156561453871,0.94888916479251,0.7054701852579577,-0.24017311933289098,-0.7649124881738556,-1.0865934650343947,-0.4108240150088804,-0.7947047469565689,0.8637677229720243,1.3322589027320104,-0.0018694549125488533,-0.05859021713873188,0
-1.2465671371629838,0.7715308156211609,-0.2604048088762673,0.2079003033971988,-1.3771839876419412,-0.5814666303621717,-1.1383379332323285,0.920307393868181,1.6432960600355222,-1.0959617499609757,-0.026714465658928405,0.1273735901836806,-0.6054757458646359,-0.9501804779455227,1
0.8811049210364206,-1.2961245095504037,0.4393777750294639,-0.5330885579981124,0.4433179117460823,0.10112039169638974,1.1555612292697195,-1.0865934650343947,-0.4108240150088804,1.2747998823780506,0.8637677229720243,-1.0775117223646489,0.6017368360395382,-0.05859021713873188,0
-0.6662929394722371,0.7715308156211609,-1.609985506408749,-2.0150662807887345,-0.5470351215210024,-0.9227601413914523,0.19532437054793192,0.920307393868181,-1.4378840525310816,-0.07430756585907475,-0.9171966542898811,1.3322589027320104,2.2400967686237747,-0.05859021713873188,1
-0.2794434743450727,-1.2961245095504037,-0.010482457481363327,0.94888916479251,0.4141898813558739,-0.5814666303621717,-0.4448335352665931,0.920307393868181,-0.4108240150088804,-0.5196440050829803,0.8637677229720243,1.3322589027320104,0.08436001522346359,-0.9501804779455227,1
1.1712420198817939,0.7715308156211609,0.4393777750294639,-1.2740774193934234,1.3754148842327503,0.10112039169638974,-1.0316449489299078,-1.0865934650343947,1.6432960600355222,-1.0173729665685216,-0.026714465658928405,0.1273735901836806,-0.9503936264086857,1.7245903044748498,0
-1.0531424045994016,0.7715308156211609,0.7892690669823295,0.2079003033971988,-1.30436391166642,-1.6053471634500138,1.1022147371185091,0.920307393868181,-0.4108240150088804,1.078327923896916,0.8637677229720243,-1.0775117223646489,-0.3467873354565986,-0.9501804779455227,1
0.39754308962746504,-1.2961245095504037,-0.11045139803932492,0.94888916479251,0.3268057901852488,0.10112039169638974,-1.5651098704420119,-1.0865934650343947,0.6162360225133209,-1.2531393167458833,-1.8076788429208337,0.1273735901836806,-0.26055786532058617,0.8330000436680589,0
-0.8597176720358194,0.7715308156211609,-0.4603426899921905,0.94888916479251,0.0063974558929567014,1.4662944358135126,1.368947197874561,0.920307393868181,-0.4108240150088804,1.6284494076440932,0.8637677229720243,-1.0775117223646489,0.5155073659035257,-0.9501804779455227,1
-1.4399918697265661,0.7715308156211609,-0.6102961008291329,0.2079003033971988,-1.435440048422358,1.1250009247842319,0.3553638470015632,0.920307393868181,1.6432960600355222,0.06977187036042405,-0.026714465658928405,1.3322589027320104,-0.8641641562726733,-0.9501804779455227,1
0.5909678221910473,-1.2961245095504037,-0.41035821971320974,-0.5330885579981124,0.3559338205754572,0.7837074137549511,-0.8716054724762764,-1.0865934650343947,-0.4108240150088804,-0.8732935303490229,0.8637677229720243,1.3322589027320104,0.42927789576751335,-0.05859021713873188,0
-0.5695805731904461,0.7715308156211609,0.3394088344715023,0.94888916479251,0.4433179117460823,0.10112039169638974,-0.9782984567786973,0.920307393868181,-1.4378840525310816,-0.9911767054377038,-0.9171966542898811,0.1273735901836806,0.3430484256315009,-0.9501804779455227,1
-1.2465671371629838,-1.2961245095504037,0.9892069480982527,0.2079003033971988,-1.3771839876419412,-0.5814666303621717,0.9955217528160882,0.920307393868181,-0.4108240150088804,0.842561573719554,0.8637677229720243,-1.0775117223646489,-0.6054757458646359,-0.9501804779455227,0
1.0745296536000029,0.7715308156211609,-0.3103892791552481,-1.2740774193934234,1.2297747322817085,0.7837074137549511,-1.4050703939883806,-1.0865934650343947,0.6162360225133209,-1.2138449250496566,-1.8076788429208337,0.1273735901836806,-0.7779346861366608,1.7245903044748498,1
-0.6662929394722371,-1.2961245095504037,0.889238007540291,0.94888916479251,0.2394216990146237,-1.6053471634500138,0.462056831303984,0.920307393868181,-0.4108240150088804,0.18765504544910497,0.8637677229720243,-1.0775117223646489,0.25681895549548844,-0.9501804779455227,1
-0.0860187417814905,0.7715308156211609,-1.2600942144558833,0.94888916479251,0.6472141244775409,1.1250009247842319,-0.6048730117202243,-1.0865934650343947,1.6432960600355222,-0.6244290496062522,-0.026714465658928405,1.3322589027320104,-0.0018694549125488533,-0.05859021713873188,0
-1.5367042360083571,0.7715308156211609,-0.16043586831830572,0.2079003033971988,-1.450004063617462,-0.24017311933289098,1.3156007057233507,0.920307393868181,-0.4108240150088804,1.5105662325554123,0.8637677229720243,-1.0775117223646489,-0.9503936264086857,-0.9501804779455227,1
0.6876801884728384,-1.2961245095504037,1.7889584725619454,-1.2740774193934234,1.0550065499404582,1.4662944358135126,-1.2450309175347494,-1.0865934650343947,-1.4378840525310816,-1.1352561416572025,-0.9171966542898811,0.1273735901836806,-0.6917052160006484,1.7245903044748498,0
-0.9564300383176104,0.7715308156211609,-0.9102029225030177,-2.0150662807887345,-0.6344192126916276,-1.264053652420733,0.835482276362457,0.920307393868181,-0.4108240150088804,0.5413045707151477,0.8637677229720243,-1.0775117223646489,2.06763782835175,-0.05859021713873188,1
0.20411835706388284,-1.2961245095504037,-1.609985506408749,0.94888916479251,0.4724459421362907,-0.9227601413914523,0.6754427999088257,-1.0865934650343947,0.6162360225133209,0.9080522265465989,-1.8076788429208337,-1.0775117223646489,-0.17432839518457374,0.8330000436680589,1
-1.3432795034447749,0.7715308156211609,-0.8602184522240369,0.2079003033971988,-1.3917480028370453,-0.5814666303621717,-0.818258980325066,0.920307393868181,-0.4108240150088804,-0.7947047469565689,0.8637677229720243,1.3322589027320104,-0.6917052160006484,-0.9501804779455227,0
0.8811049210364206,0.7715308156211609,-1.0101718630609793,-0.5330885579981124,0.4141898813558739,-1.6053471634500138,-1.0849914410811181,-1.0865934650343947,1.6432960600355222,-1.0304710971339308,-0.026714465658928405,0.1273735901836806,0.6017368360395382,-0.05859021713873188,1
-0.47286820690865494,-1.2961245095504037,-1.1101408036189409,0.94888916479251,0.21029366862441531,0.44241390272567044,1.2089077214209298,0.920307393868181,-0.4108240150088804,1.3795849269013225,0.8637677229720243,-1.0775117223646489,0.25681895549548844,-0.9501804779455227,0
-1.6334166022901482,0.7715308156211609,-1.4600320955718065,0.2079003033971988,-1.4645680788125663,1.1250009247842319,0.19532437054793192,0.920307393868181,-1.4378840525310816,-0.035013174162847924,-0.9171966542898811,1.3322589027320104,-1.1228525666807105,-0.9501804779455227,1
-0.1827311080632816,0.7715308156211609,-0.4603426899921905,0.94888916479251,0.5889580636971242,1.4662944358135126,-0.4981800274178035,-1.0865934650343947,-0.4108240150088804,-0.5458402662137981,0.8637677229720243,1.3322589027320104,0.25681895549548844,-0.05859021713873188,1
0.4942554559092562,-1.2961245095504037,-1.2101097441769024,0.94888916479251,0.29767775979504046,0.10112039169638974,-1.0316449489299078,-1.0865934650343947,1.6432960600355222,-1.0042748360031128,-0.026714465658928405,0.1273735901836806,-0.3467873354565986,0.8330000436680589,0
-1.0531424045994016,0.7715308156211609,0.2894243641925215,0.2079003033971988,-1.289799896471316,-0.24017311933289098,1.0488682449672986,0.920307393868181,-0.4108240150088804,1.052131662766098,0.8637677229720243,-1.0775117223646489,-0.26055786532058617,-0.9501804779455227,1
1.3646667524453762,0.7715308156211609,-0.21042033859728654,-1.2740774193934234,1.5501830665740006,0.7837074137549511,-1.5651098704420119,-1.0865934650343947,0.6162360225133209,-1.2924337084421105,-1.8076788429208337,0.1273735901836806,-1.036623096544698,1.7245903044748498,0
-0.8597176720358194,-1.2961245095504037,0.3394088344715023,0.94888916479251,0.09378154706358183,0.10112039169638974,1.3156007057233507,0.920307393868181,-0.4108240150088804,1.6153512770786844,0.8637677229720243,-1.0775117223646489,0.08436001522346359,-0.9501804779455227,1
0.010693624500300621,0.7715308156211609,0.08948648307659827,0.94888916479251,0.6180860940873326,-0.24017311933289098,0.4087103391527736,-1.0865934650343947,1.6432960600355222,0.13526252318746898,-0.026714465658928405,1.3322589027320104,-0.08809892504856129,-0.05859021713873188,1
-1.4399918697265661,0.7715308156211609,1.189144829214176,0.2079003033971988,-1.4208760332272536,-0.5814666303621717,-0.818258980325066,0.920307393868181,-0.4108240150088804,-0.820901008087387,0.8637677229720243,1.3322589027320104,-0.7779346861366608,-0.9501804779455227,0
0.7843925547546295,-1.2961245095504037,1.8389429428409263,-0.5330885579981124,0.3850618509656656,1.4662944358135126,-0.9782984567786973,-1.0865934650343947,-1.4378840525310816,-0.9780785748722948,-0.9171966542898811,0.1273735901836806,0.5155073659035257,-0.05859021713873188,1
-0.7630053057540283,0.7715308156211609,-0.8102339819450561,-2.0150662807887345,-0.6052911823014192,0.44241390272567044,0.9421752606648778,0.920307393868181,-0.4108240150088804,0.8163653125887361,0.8637677229720243,-1.0775117223646489,2.06763782835175,-0.05859021713873188,0
1.0745296536000029,0.7715308156211609,1.5890205914460223,-1.2740774193934234,1.3171588234523335,0.7837074137549511,-1.4050703939883806,-1.0865934650343947,0.6162360225133209,-1.2007467944842474,-1.8076788429208337,0.1273735901836806,-0.8641641562726733,1.7245903044748498,1
-0.5695805731904461,-1.2961245095504037,1.3890827103300991,0.94888916479251,0.26854972940483207,0.10112039169638974,0.5154033234551945,0.920307393868181,-0.4108240150088804,0.2007531760145139,0.8637677229720243,-1.0775117223646489,0.17058948535947602,-0.9501804779455227,1
0.30083072334567396,0.7715308156211609,1.7389740022829647,0.94888916479251,0.26854972940483207,1.4662944358135126,-0.6048730117202243,-1.0865934650343947,1.6432960600355222,-0.6113309190408431,-0.026714465658928405,1.3322589027320104,-0.3467873354565986,0.8330000436680589,0
-1.3432795034447749,0.7715308156211609,-0.7602495116660754,0.2079003033971988,-1.4063120180321496,-1.6053471634500138,1.3156007057233507,0.920307393868181,-0.4108240150088804,1.5236643631208215,0.8637677229720243,-1.0775117223646489,-0.6917052160006484,-0.9501804779455227,1
0.9778172873182117,-1.2961245095504037,1.0891758886562142,-1.2740774193934234,1.1715186715012917,-1.6053471634500138,-1.2450309175347494,-1.0865934650343947,-1.4378840525310816,-1.1221580110917935,-0.9171966542898811,0.1273735901836806,-0.7779346861366608,1.7245903044748498,0
-0.3761558406268638,0.7715308156211609,-0.9102029225030177,0.94888916479251,0.501573972526499,-1.264053652420733,0.835482276362457,0.920307393868181,-0.4108240150088804,0.5544027012805564,0.8637677229720243,-1.0775117223646489,0.42927789576751335,-0.05859021713873188,1
-1.1498547708811926,-1.2961245095504037,1.5390361211670416,0.2079003033971988,-1.30436391166642,1.4662944358135126,0.6754427999088257,0.920307393868181,0.6162360225133209,0.9211503571120081,-1.8076788429208337,-1.0775117223646489,-0.3467873354565986,-0.9501804779455227,1
0.10740599078209173,0.7715308156211609,0.6393156561453871,0.94888916479251,0.7054701852579577,-0.24017311933289098,-0.818258980325066,-1.0865934650343947,-0.4108240150088804,-0.807802877521978,0.8637677229720243,1.3322589027320104,-0.0018694549125488533,-0.05859021713873188,0
-1.2465671371629838,0.7715308156211609,-0.2604048088762673,0.2079003033971988,-1.3771839876419412,-0.5814666303621717,-1.0849914410811181,0.920307393868181,1.6432960600355222,-1.0173729665685216,-0.026714465658928405,0.1273735901836806,-0.6054757458646359,-0.9501804779455227,1
0.8811049210364206,-1.2961245095504037,0.4393777750294639,-0.5330885579981124,0.4433179117460823,0.10112039169638974,1.2089077214209298,-1.0865934650343947,-0.4108240150088804,1.3926830574667317,0.8637677229720243,-1.0775117223646489,0.6017368360395382,-0.05859021713873188,0
-0.6662929394722371,0.7715308156211609,-1.609985506408749,-2.0150662807887345,-0.5470351215210024,-0.9227601413914523,0.19532437054793192,0.920307393868181,-1.4378840525310816,-0.021915043597438757,-0.9171966542898811,1.3322589027320104,2.2400967686237747,-0.05859021713873188,1
-0.2794434743450727,-1.2961245095504037,-0.010482457481363327,0.94888916479251,0.4141898813558739,-0.5814666303621717,-0.4981800274178035,0.920307393868181,-0.4108240150088804,-0.5327421356483892,0.8637677229720243,1.3322589027320104,0.08436001522346359,-0.9501804779455227,1
1.1712420198817939,0.7715308156211609,0.4393777750294639,-1.2740774193934234,1.3754148842327503,0.10112039169638974,-1.0316449489299078,-1.0865934650343947,1.6432960600355222,-0.9911767054377038,-0.026714465658928405,0.1273735901836806,-0.9503936264086857,1.7245903044748498,0
-1.0531424045994016,0.7715308156211609,0.7892690669823295,0.2079003033971988,-1.30436391166642,-1.6053471634500138,1.0488682449672986,0.920307393868181,-0.4108240150088804,1.0652297933315071,0.8637677229720243,-1.0775117223646489,-0.3467873354565986,-0.9501804779455227,1
0.39754308962746504,-1.2961245095504037,-0.11045139803932492,0.94888916479251,0.3268057901852488,0.10112039169638974,-1.5651098704420119,-1.0865934650343947,0.6162360225133209,-1.2793355778767015,-1.8076788429208337,0.1273735901836806,-0.26055786532058617,0.8330000436680589,0
-0.8597176720358194,0.7715308156211609,-0.4603426899921905,0.94888916479251,0.0063974558929567014,1.4662944358135126,1.3156007057233507,0.920307393868181,-0.4108240150088804,1.6284494076440932,0.8637677229720243,-1.0775117223646489,0.5155073659035257,-0.9501804779455227,1
-1.4399918697265661,0.7715308156211609,-0.6102961008291329,0.2079003033971988,-1.435440048422358,1.1250009247842319,0.4087103391527736,0.920307393868181,1.6432960600355222,0.1483606537528779,-0.026714465658928405,1.3322589027320104,-0.8641641562726733,-0.9501804779455227,1
0.5909678221910473,-1.2961245095504037,-0.41035821971320974,-0.5330885579981124,0.3559338205754572,0.7837074137549511,-0.818258980325066,-1.0865934650343947,-0.4108240150088804,-0.807802877521978,0.8637677229720243,1.3322589027320104,0.42927789576751335,-0.05859021713873188,0
-0.5695805731904461,0.7715308156211609,0.3394088344715023,0.94888916479251,0.4433179117460823,0.10112039169638974,-0.9782984567786973,0.920307393868181,-1.4378840525310816,-0.9649804443068858,-0.9171966542898811,0.1273735901836806,0.3430484256315009,-0.9501804779455227,1
-1.2465671371629838,-1.2961245095504037,0.9892069480982527,0.2079003033971988,-1.3771839876419412,-0.5814666303621717,0.9421752606648778,0.920307393868181,-0.4108240150088804,0.8294634431541453,0.8637677229720243,-1.0775117223646489,-0.6054757458646359,-0.9501804779455227,0
1.0745296536000029,0.7715308156211609,-0.3103892791552481,-1.2740774193934234,1.2297747322817085,0.7837074137549511,-1.4050703939883806,-1.0865934650343947,0.6162360225133209,-1.1876486639188384,-1.8076788429208337,0.1273735901836806,-0.7779346861366608,1.7245903044748498,1
-0.6662929394722371,-1.2961245095504037,0.889238007540291,0.94888916479251,0.26854972940483207,-1.6053471634500138,0.5154033234551945,0.920307393868181,-0.4108240150088804,0.7115802680654641,0.8637677229720243,-1.0775117223646489,0.25681895549548844,-0.9501804779455227,1
-0.0860187417814905,0.7715308156211609,-1.2600942144558833,0.94888916479251,0.6763421548677493,1.1250009247842319,-0.7115659960226451,-1.0865934650343947,1.6432960600355222,-0.676821571867888,-0.026714465658928405,1.3322589027320104,-0.0018694549125488533,-0.05859021713873188,0
-1.5367042360083571,0.7715308156211609,-0.16043586831830572,0.2079003033971988,-1.450004063617462,-0.24017311933289098,1.1022147371185091,0.920307393868181,-0.4108240150088804,1.1045241850277336,0.8637677229720243,-1.0775117223646489,-0.9503936264086857,-0.9501804779455227,1
0.6876801884728384,-1.2961245095504037,1.7889584725619454,-1.2740774193934234,1.0841345803306666,1.4662944358135126,-1.3517239018371703,-1.0865934650343947,-1.4378840525310816,-1.1876486639188384,-0.9171966542898811,0.1273735901836806,-0.6917052160006484,1.7245903044748498,0
-0.9564300383176104,0.7715308156211609,-0.9102029225030177,-2.0150662807887345,-0.6052911823014192,-1.264053652420733,1.368947197874561,0.920307393868181,-0.4108240150088804,1.4974681019900034,0.8637677229720243,-1.0775117223646489,2.06763782835175,-0.05859021713873188,1
0.20411835706388284,-1.2961245095504037,-1.609985506408749,0.94888916479251,0.501573972526499,-0.9227601413914523,-0.4981800274178035,-1.0865934650343947,0.6162360225133209,-0.4672514828213443,-1.8076788429208337,1.3322589027320104,-0.17432839518457374,0.8330000436680589,1
-1.3432795034447749,0.7715308156211609,-0.8602184522240369,0.2079003033971988,-1.3917480028370453,-0.5814666303621717,0.6754427999088257,0.920307393868181,-0.4108240150088804,0.9080522265465989,0.8637677229720243,-1.0775117223646489,-0.6917052160006484,-0.9501804779455227,0
0.8811049210364206,0.7715308156211609,-1.0101718630609793,-0.5330885579981124,0.4433179117460823,-1.6053471634500138,-0.5515265195690139,-1.0865934650343947,1.6432960600355222,-0.7030178329987061,-0.026714465658928405,0.1273735901836806,0.6017368360395382,-0.05859021713873188,1
-0.47286820690865494,-1.2961245095504037,-1.1101408036189409,0.94888916479251,0.2394216990146237,0.44241390272567044,0.835482276362457,0.920307393868181,-0.4108240150088804,0.6984821375000554,0.8637677229720243,-1.0775117223646489,0.25681895549548844,-0.9501804779455227,0
-1.6334166022901482,0.7715308156211609,-1.4600320955718065,0.2079003033971988,-1.4645680788125663,1.1250009247842319,-1.6184563625932222,0.920307393868181,-1.4378840525310816,-1.3579243612691554,-0.9171966542898811,0.1273735901836806,-1.1228525666807105,-0.9501804779455227,1
-0.1827311080632816,0.7715308156211609,-0.4603426899921905,0.94888916479251,0.6180860940873326,1.4662944358135126,0.24867086269914235,-1.0865934650343947,-0.4108240150088804,0.4234213956264666,0.8637677229720243,-1.0775117223646489,0.25681895549548844,-0.05859021713873188,1
0.4942554559092562,-1.2961245095504037,-1.2101097441769024,0.94888916479251,0.3268057901852488,0.10112039169638974,-0.7649124881738556,-1.0865934650343947,1.6432960600355222,-0.8470972692182049,-0.026714465658928405,1.3322589027320104,-0.3467873354565986,0.8330000436680589,0
-1.0531424045994016,0.7715308156211609,0.2894243641925215,0.2079003033971988,-1.289799896471316,-0.24017311933289098,1.2089077214209298,0.920307393868181,-0.4108240150088804,1.2747998823780506,0.8637677229720243,-1.0775117223646489,-0.26055786532058617,-0.9501804779455227,1
1.3646667524453762,0.7715308156211609,-0.21042033859728654,-1.2740774193934234,1.579311096964209,0.7837074137549511,-1.2450309175347494,-1.0865934650343947,0.6162360225133209,-1.1221580110917935,-1.8076788429208337,0.1273735901836806,-1.036623096544698,1.7245903044748498,0
-0.8597176720358194,-1.2961245095504037,0.3394088344715023,0.94888916479251,0.1229095774537902,0.10112039169638974,1.368947197874561,0.920307393868181,-0.4108240150088804,1.6284494076440932,0.8637677229720243,-1.0775117223646489,0.08436001522346359,-0.9501804779455227,1
0.010693624500300621,0.7715308156211609,0.08948648307659827,0.94888916479251,0.6472141244775409,-0.24017311933289098,0.5687498156064048,-1.0865934650343947,1.6432960600355222,-0.2314851326439827,-0.026714465658928405,1.3322589027320104,-0.08809892504856129,-0.05859021713873188,1
-1.4399918697265661,0.7715308156211609,1.189144829214176,0.2079003033971988,-1.4208760332272536,-0.5814666303621717,-0.6048730117202243,0.920307393868181,-0.4108240150088804,-0.5851346579100252,0.8637677229720243,1.3322589027320104,-0.7779346861366608,-0.9501804779455227,0
0.7843925547546295,-1.2961245095504037,1.8389429428409263,-0.5330885579981124,0.4141898813558739,1.4662944358135126,-1.0849914410811181,-1.0865934650343947,-1.4378840525310816,-1.0566673582647486,-0.9171966542898811,0.1273735901836806,0.5155073659035257,-0.05859021713873188,1
-0.7630053057540283,0.7715308156211609,-0.8102339819450561,-2.0150662807887345,-0.6052911823014192,0.44241390272567044,1.0488682449672986,0.920307393868181,-0.4108240150088804,0.9342484876774173,0.8637677229720243,-1.0775117223646489,2.06763782835175,-0.05859021713873188,0
1.0745296536000029,0.7715308156211609,1.5890205914460223,-1.2740774193934234,1.3462868538425419,0.7837074137549511,-1.5651098704420119,-1.0865934650343947,0.6162360225133209,-1.2662374473112923,-1.8076788429208337,0.1273735901836806,-0.8641641562726733,1.7245903044748498,1
-0.5695805731904461,-1.2961245095504037,1.3890827103300991,0.94888916479251,0.29767775979504046,0.10112039169638974,0.30201735485035275,0.920307393868181,-0.4108240150088804,-0.08740569642448368,0.8637677229720243,1.3322589027320104,0.17058948535947602,-0.9501804779455227,1
0.30083072334567396,0.7715308156211609,1.7389740022829647,0.94888916479251,0.29767775979504046,1.4662944358135126,-0.3381405509641722,-1.0865934650343947,1.6432960600355222,-0.4410552216905264,-0.026714465658928405,1.3322589027320104,-0.3467873354565986,0.8330000436680589,0
-1.3432795034447749,0.7715308156211609,-0.7602495116660754,0.2079003033971988,-1.4063120180321496,-1.6053471634500138,1.4222936900257714,0.920307393868181,-0.4108240150088804,1.6546456687749114,0.8637677229720243,-1.0775117223646489,-0.6917052160006484,-0.9501804779455227,1
0.9778172873182117,-1.2961245095504037,1.0891758886562142,-1.2740774193934234,1.2006467018915001,-1.6053471634500138,-1.2983774096859597,-1.0865934650343947,-1.4378840525310816,-1.1876486639188384,-0.9171966542898811,0.1273735901836806,-0.7779346861366608,1.7245903044748498,0
-0.3761558406268638,0.7715308156211609,-0.9102029225030177,0.94888916479251,0.5307020029167074,-1.264053652420733,0.8888287685136673,0.920307393868181,-0.4108240150088804,0.5805989624113743,0.8637677229720243,-1.0775117223646489,0.42927789576751335,-0.05859021713873188,1
-1.1498547708811926,-1.2961245095504037,1.5390361211670416,0.2079003033971988,-1.30436391166642,1.4662944358135126,0.6220963077576153,0.920307393868181,0.6162360225133209,0.7639727903271003,-1.8076788429208337,-1.0775117223646489,-0.3467873354565986,-0.9501804779455227,1
0.10740599078209173,0.7715308156211609,0.6393156561453871,0.94888916479251,0.7345982156481661,-0.24017311933289098,-0.7115659960226451,-1.0865934650343947,-0.4108240150088804,-0.7554103552603421,0.8637677229720243,1.3322589027320104,-0.0018694549125488533,-0.05859021713873188,0
-1.2465671371629838,0.7715308156211609,-0.2604048088762673,0.2079003033971988,-1.3771839876419412,-0.5814666303621717,-1.3517239018371703,0.920307393868181,1.6432960600355222,-1.2138449250496566,-0.026714465658928405,0.1273735901836806,-0.6054757458646359,-0.9501804779455227,1
0.8811049210364206,-1.2961245095504037,0.4393777750294639,-0.5330885579981124,0.4724459421362907,0.10112039169638974,1.2089077214209298,-1.0865934650343947,-0.4108240150088804,1.3271924046396868,0.8637677229720243,-1.0775117223646489,0.6017368360395382,-0.05859021713873188,0
-0.6662929394722371,0.7715308156211609,-1.609985506408749,-2.0150662807887345,-0.517907091130794,-0.9227601413914523,0.14197787839672152,0.920307393868181,-1.4378840525310816,0.01737934809878806,-0.9171966542898811,1.3322589027320104,2.2400967686237747,-0.05859021713873188,1
-0.2794434743450727,-1.2961245095504037,-0.010482457481363327,0.94888916479251,0.4433179117460823,-0.5814666303621717,-0.5515265195690139,0.920307393868181,-0.4108240150088804,-0.5458402662137981,0.8637677229720243,1.3322589027320104,0.08436001522346359,-0.9501804779455227,1
1.1712420198817939,0.7715308156211609,0.4393777750294639,-1.2740774193934234,1.4045429146229587,0.10112039169638974,-1.191684425383539,-1.0865934650343947,1.6432960600355222,-1.0304710971339308,-0.026714465658928405,0.1273735901836806,-0.9503936264086857,1.7245903044748498,0
-1.0531424045994016,0.7715308156211609,0.7892690669823295,0.2079003033971988,-1.30436391166642,-1.6053471634500138,1.1022147371185091,0.920307393868181,-0.4108240150088804,1.0652297933315071,0.8637677229720243,-1.0775117223646489,-0.3467873354565986,-0.9501804779455227,1
0.39754308962746504,-1.2961245095504037,-0.11045139803932492,0.94888916479251,0.3559338205754572,0.10112039169638974,-1.6184563625932222,-1.0865934650343947,0.6162360225133209,-1.3055318390075195,-1.8076788429208337,0.1273735901836806,-0.26055786532058617,0.8330000436680589,0
-0.8597176720358194,0.7715308156211609,-0.4603426899921905,0.94888916479251,0.03552548628316508,1.4662944358135126,1.3156007057233507,0.920307393868181,-0.4108240150088804,1.5629587548170483,0.8637677229720243,-1.0775117223646489,0.5155073659035257,-0.9501804779455227,1
-1.4399918697265661,0.7715308156211609,-0.6102961008291329,0.2079003033971988,-1.435440048422358,1.1250009247842319,0.4087103391527736,0.920307393868181,1.6432960600355222,0.279341959406968,-0.026714465658928405,-1.0775117223646489,-0.8641641562726733,-0.9501804779455227,1
0.5909678221910473,-1.2961245095504037,-0.41035821971320974,-0.5330885579981124,0.3850618509656656,0.7837074137549511,-0.7649124881738556,-1.0865934650343947,-0.4108240150088804,-0.807802877521978,0.8637677229720243,1.3322589027320104,0.42927789576751335,-0.05859021713873188,0
-0.5695805731904461,0.7715308156211609,0.3394088344715023,0.94888916479251,0.4724459421362907,0.10112039169638974,-1.0316449489299078,0.920307393868181,-1.4378840525310816,-0.9911767054377038,-0.9171966542898811,0.1273735901836806,0.3430484256315009,-0.9501804779455227,1
-1.2465671371629838,-1.2961245095504037,0.9892069480982527,0.2079003033971988,-1.3771839876419412,-0.5814666303621717,0.9421752606648778,0.920307393868181,-0.4108240150088804,0.842561573719554,0.8637677229720243,-1.0775117223646489,-0.6054757458646359,-0.9501804779455227,0
1.0745296536000029,0.7715308156211609,-0.3103892791552481,-1.2740774193934234,1.258902762671917,0.7837074137549511,-1.458416886139591,-1.0865934650343947,0.6162360225133209,-1.2269430556150656,-1.8076788429208337,0.1273735901836806,-0.7779346861366608,1.7245903044748498,1
-0.6662929394722371,-1.2961245095504037,0.889238007540291,0.94888916479251,0.26854972940483207,-1.6053471634500138,0.5154033234551945,0.920307393868181,-0.4108240150088804,0.174556914883696,0.8637677229720243,1.3322589027320104,0.25681895549548844,-0.9501804779455227,1
-0.0860187417814905,0.7715308156211609,-1.2600942144558833,0.94888916479251,0.6763421548677493,1.1250009247842319,-0.5515265195690139,-1.0865934650343947,1.6432960600355222,-0.6375271801716612,-0.026714465658928405,1.3322589027320104,-0.0018694549125488533,-0.05859021713873188,0
-1.5367042360083571,0.7715308156211609,-0.16043586831830572,0.2079003033971988,-1.450004063617462,-0.24017311933289098,1.2622542135721402,0.920307393868181,-0.4108240150088804,1.4974681019900034,0.8637677229720243,-1.0775117223646489,-0.9503936264086857,-0.9501804779455227,1
0.6876801884728384,-1.2961245095504037,1.7889584725619454,-1.2740774193934234,1.0841345803306666,1.4662944358135126,-1.2450309175347494,-1.0865934650343947,-1.4378840525310816,-1.1483542722226117,-0.9171966542898811,0.1273735901836806,-0.6917052160006484,1.7245903044748498,0
-0.9564300383176104,0.7715308156211609,-0.9102029225030177,-2.0150662807887345,-0.6052911823014192,-1.264053652420733,0.7821357842112465,0.920307393868181,-0.4108240150088804,0.5151083095843294,0.8637677229720243,-1.0775117223646489,2.06763782835175,-0.05859021713873188,1
0.20411835706388284,-1.2961245095504037,-1.609985506408749,0.94888916479251,0.501573972526499,-0.9227601413914523,0.6754427999088257,-1.0865934650343947,0.6162360225133209,0.881855965415781,-1.8076788429208337,-1.0775117223646489,-0.17432839518457374,0.8330000436680589,1
-1.3432795034447749,0.7715308156211609,-0.8602184522240369,0.2079003033971988,-1.3917480028370453,-0.5814666303621717,-0.7649124881738556,0.920307393868181,-0.4108240150088804,-0.78160661639116,0.8637677229720243,1.3322589027320104,-0.6917052160006484,-0.9501804779455227,0
0.8811049210364206,0.7715308156211609,-1.0101718630609793,-0.5330885579981124,0.4433179117460823,-1.6053471634500138,-1.1383379332323285,-1.0865934650343947,1.6432960600355222,-1.0828636193955667,-0.026714465658928405,0.1273735901836806,0.6017368360395382,-0.05859021713873188,1
-0.47286820690865494,-1.2961245095504037,-1.1101408036189409,0.94888916479251,0.2394216990146237,0.44241390272567044,1.1555612292697195,0.920307393868181,-0.4108240150088804,1.2878980129434598,0.8637677229720243,-1.0775117223646489,0.25681895549548844,-0.9501804779455227,0
-1.6334166022901482,0.7715308156211609,-1.4600320955718065,0.2079003033971988,-1.4645680788125663,1.1250009247842319,0.19532437054793192,0.920307393868181,-1.4378840525310816,-0.061209435293665806,-0.9171966542898811,1.3322589027320104,-1.1228525666807105,-0.9501804779455227,1
-0.1827311080632816,0.7715308156211609,-0.4603426899921905,0.94888916479251,0.6180860940873326,1.4662944358135126,-0.4448335352665931,-1.0865934650343947,-0.4108240150088804,-0.5065458745175714,0.8637677229720243,1.3322589027320104,0.25681895549548844,-0.05859021713873188,1
0.4942554559092562,-1.2961245095504037,-1.2101097441769024,0.94888916479251,0.3268057901852488,0.10112039169638974,-1.0316449489299078,-1.0865934650343947,1.6432960600355222,-1.0042748360031128,-0.026714465658928405,0.1273735901836806,-0.3467873354565986,0.8330000436680589,0
-1.0531424045994016,0.7715308156211609,0.2894243641925215,0.2079003033971988,-1.289799896471316,-0.24017311933289098,1.1022147371185091,0.920307393868181,-0.4108240150088804,1.0914260544623249,0.8637677229720243,-1.0775117223646489,-0.26055786532058617,-0.9501804779455227,1
1.3646667524453762,0.7715308156211609,-0.21042033859728654,-1.2740774193934234,1.579311096964209,0.7837074137549511,-1.5651098704420119,-1.0865934650343947,0.6162360225133209,-1.2400411861804745,-1.8076788429208337,0.1273735901836806,-1.036623096544698,1.7245903044748498,0
-0.8597176720358194,-1.2961245095504037,0.3394088344715023,0.94888916479251,0.1229095774537902,0.10112039169638974,1.368947197874561,0.920307393868181,-0.4108240150088804,1.6415475382095022,0.8637677229720243,-1.0775117223646489,0.08436001522346359,-0.9501804779455227,1
0.010693624500300621,0.7715308156211609,0.08948648307659827,0.94888916479251,0.6472141244775409,-0.24017311933289098,0.3553638470015632,-1.0865934650343947,1.6432960600355222,0.08287000092583299,-0.026714465658928405,1.3322589027320104,-0.08809892504856129,-0.05859021713873188,1
-1.4399918697265661,0.7715308156211609,1.189144829214176,0.2079003033971988,-1.4208760332272536,-0.5814666303621717,-0.8716054724762764,0.920307393868181,-0.4108240150088804,-0.8601953997836138,0.8637677229720243,1.3322589027320104,-0.7779346861366608,-0.9501804779455227,0
0.7843925547546295,-1.2961245095504037,1.8389429428409263,-0.5330885579981124,0.4141898813558739,1.4662944358135126,-0.9782984567786973,-1.0865934650343947,-1.4378840525310816,-0.9780785748722948,-0.9171966542898811,0.1273735901836806,0.5155073659035257,-0.05859021713873188,1
-0.7630053057540283,0.7715308156211609,-0.8102339819450561,-2.0150662807887345,-0.6052911823014192,0.44241390272567044,0.9955217528160882,0.920307393868181,-0.4108240150088804,0.8556597042849632,0.8637677229720243,-1.0775117223646489,2.06763782835175,-0.05859021713873188,0
1.0745296536000029,0.7715308156211609,1.5890205914460223,-1.2740774193934234,1.3462868538425419,0.7837074137549511,-1.4050703939883806,-1.0865934650343947,0.6162360225133209,-1.2007467944842474,-1.8076788429208337,0.1273735901836806,-0.8641641562726733,1.7245903044748498,1
-0.5695805731904461,-1.2961245095504037,1.3890827103300991,0.94888916479251,0.29767775979504046,0.10112039169638974,0.462056831303984,0.920307393868181,-0.4108240150088804,0.21385130657992285,0.8637677229720243,-1.0775117223646489,0.17058948535947602,-0.9501804779455227,1
0.30083072334567396,0.7715308156211609,1.7389740022829647,0.94888916479251,0.29767775979504046,1.4662944358135126,-0.6048730117202243,-1.0865934650343947,1.6432960600355222,-0.5982327884754342,-0.026714465658928405,1.3322589027320104,-0.3467873354565986,0.8330000436680589,0
-1.3432795034447749,0.7715308156211609,-0.7602495116660754,0.2079003033971988,-1.4063120180321496,-1.6053471634500138,1.3156007057233507,0.920307393868181,-0.4108240150088804,1.5236643631208215,0.8637677229720243,-1.0775117223646489,-0.6917052160006484,-0.9501804779455227,1
0.9778172873182117,-1.2961245095504037,1.0891758886562142,-1.2740774193934234,1.2006467018915001,-1.6053471634500138,-1.2450309175347494,-1.0865934650343947,-1.4378840525310816,-1.1221580110917935,-0.9171966542898811,0.1273735901836806,-0.7779346861366608,1.7245903044748498,0
-0.3761558406268638,0.7715308156211609,-0.9102029225030177,0.94888916479251,0.5307020029167074,-1.264053652420733,0.835482276362457,0.920307393868181,-0.4108240150088804,0.5544027012805564,0.8637677229720243,-1.0775117223646489,0.42927789576751335,-0.05859021713873188,1
-1.1498547708811926,-1.2961245095504037,1.5390361211670416,0.2079003033971988,-1.30436391166642,1.4662944358135126,0.6754427999088257,0.920307393868181,0.6162360225133209,0.9211503571120081,-1.8076788429208337,-1.0775117223646489,-0.3467873354565986,-0.9501804779455227,1
0.10740599078209173,0.7715308156211609,0.6393156561453871,0.94888916479251,0.7345982156481661,-0.24017311933289098,-0.818258980325066,-1.0865934650343947,-0.4108240150088804,-0.7947047469565689,0.8637677229720243,1.3322589027320104,-0.0018694549125488533,-0.05859021713873188,0
-1.2465671371629838,0.7715308156211609,-0.2604048088762673,0.2079003033971988,-1.3771839876419412,-0.5814666303621717,-1.0849914410811181,0.920307393868181,1.6432960600355222,-1.0173729665685216,-0.026714465658928405,0.1273735901836806,-0.6054757458646359,-0.9501804779455227,1
0.8811049210364206,-1.2961245095504037,0.4393777750294639,-0.5330885579981124,0.4724459421362907,0.10112039169638974,1.2089077214209298,-1.0865934650343947,-0.4108240150088804,1.3926830574667317,0.8637677229720243,-1.0775117223646489,0.6017368360395382,-0.05859021713873188,0
-0.6662929394722371,0.7715308156211609,-1.609985506408749,-2.0150662807887345,-0.517907091130794,-0.9227601413914523,0.19532437054793192,0.920307393868181,-1.4378840525310816,-0.021915043597438757,-0.9171966542898811,1.3322589027320104,2.2400967686237747,-0.05859021713873188,1
-0.2794434743450727,-1.2961245095504037,-0.010482457481363327,0.94888916479251,0.4433179117460823,-0.5814666303621717,-0.4981800274178035,0.920307393868181,-0.4108240150088804,-0.5327421356483892,0.8637677229720243,1.3322589027320104,0.08436001522346359,-0.9501804779455227,1
1.1712420198817939,0.7715308156211609,0.4393777750294639,-1.2740774193934234,1.4045429146229587,0.10112039169638974,-1.0316449489299078,-1.0865934650343947,1.6432960600355222,-0.9911767054377038,-0.026714465658928405,0.1273735901836806,-0.9503936264086857,1.7245903044748498,0
-1.0531424045994016,0.7715308156211609,0.7892690669823295,0.2079003033971988,-1.30436391166642,-1.6053471634500138,1.0488682449672986,0.920307393868181,-0.4108240150088804,1.0652297933315071,0.8637677229720243,-1.0775117223646489,-0.3467873354565986,-0.9501804779455227,1
0.39754308962746504,-1.2961245095504037,-0.11045139803932492,0.94888916479251,0.3559338205754572,0.10112039169638974,-1.5651098704420119,-1.0865934650343947,0.6162360225133209,-1.2793355778767015,-1.8076788429208337,0.1273735901836806,-0.26055786532058617,0.8330000436680589,0
-0.8597176720358194,0.7715308156211609,-0.4603426899921905,0.94888916479251,0.03552548628316508,1.4662944358135126,1.3156007057233507,0.920307393868181,-0.4108240150088804,1.6284494076440932,0.8637677229720243,-1.0775117223646489,0.5155073659035257,-0.9501804779455227,1
-1.4399918697265661,0.7715308156211609,-0.6102961008291329,0.2079003033971988,-1.435440048422358,1.1250009247842319,0.4087103391527736,0.920307393868181,1.6432960600355222,0.1483606537528779,-0.026714465658928405,1.3322589027320104,-0.8641641562726733,-0.9501804779455227,1
0.5909678221910473,-1.2961245095504037,-0.41035821971320974,-0.5330885579981124,0.3850618509656656,0.7837074137549511,-0.818258980325066,-1.0865934650343947,-0.4108240150088804,-0.807802877521978,0.8637677229720243,1.3322589027320104,0.42927789576751335,-0.05859021713873188,0
-0.5695805731904461,0.7715308156211609,0.3394088344715023,0.94888916479251,0.4724459421362907,0.10112039169638974,-0.9782984567786973,0.920307393868181,-1.4378840525310816,-0.9649804443068858,-0.9171966542898811,0.1273735901836806,0.3430484256315009,-0.9501804779455227,1
-1.2465671371629838,-1.2961245095504037,0.9892069480982527,0.2079003033971988,-1.3771839876419412,-0.5814666303621717,0.9421752606648778,0.920307393868181,-0.4108240150088804,0.8294634431541453,0.8637677229720243,-1.0775117223646489,-0.6054757458646359,-0.9501804779455227,0
1.0745296536000029,0.7715308156211609,-0.3103892791552481,-1.2740774193934234,1.258902762671917,0.7837074137549511,-1.4050703939883806,-1.0865934650343947,0.6162360225133209,-1.1876486639188384,-1.8076788429208337,0.1273735901836806,-0.7779346861366608,1.7245903044748498,1
-0.6662929394722371,-1.2961245095504037,0.889238007540291,0.94888916479251,0.26854972940483207,-1.6053471634500138,0.5154033234551945,0.920307393868181,-0.4108240150088804,0.7115802680654641,0.8637677229720243,-1.0775117223646489,0.25681895549548844,-0.9501804779455227,1
-0.0860187417814905,0.7715308156211609,-1.2600942144558833,0.94888916479251,0.6763421548677493,1.1250009247842319,-0.7115659960226451,-1.0865934650343947,1.6432960600355222,-0.676821571867888,-0.026714465658928405,1.3322589027320104,-0.0018694549125488533,-0.05859021713873188,0
-1.5367042360083571,0.7715308156211609,-0.16043586831830572,0.2079003033971988,-1.450004063617462,-0.24017311933289098,1.1022147371185091,0.920307393868181,-0.4108240150088804,1.1045241850277336,0.8637677229720243,-1.0775117223646489,-0.9503936264086857,-0.9501804779455227,1
0.6876801884728384,-1.2961245095504037,1.7889584725619454,-1.2740774193934234,1.0841345803306666,1.4662944358135126,-1.3517239018371703,-1.0865934650343947,-1.4378840525310816,-1.1876486639188384,-0.9171966542898811,0.1273735901836806,-0.6917052160006484,1.7245903044748498,0
-0.9564300383176104,0.7715308156211609,-0.9102029225030177,-2.0150662807887345,-0.6052911823014192,-1.264053652420733,1.368947197874561,0.920307393868181,-0.4108240150088804,1.4974681019900034,0.8637677229720243,-1.0775117223646489,2.06763782835175,-0.05859021713873188,1
0.20411835706388284,-1.2961245095504037,-1.609985506408749,0.94888916479251,0.501573972526499,-0.9227601413914523,-0.4981800274178035,-1.0865934650343947,0.6162360225133209,-0.4672514828213443,-1.8076788429208337,1.3322589027320104,-0.17432839518457374,0.8330000436680589,1
-1.3432795034447749,0.7715308156211609,-0.8602184522240369,0.2079003033971988,-1.3917480028370453,-0.5814666303621717,0.6754427999088257,0.920307393868181,-0.4108240150088804,0.9080522265465989,0.8637677229720243,-1.0775117223646489,-0.6917052160006484,-0.9501804779455227,0
0.8811049210364206,0.7715308156211609,-1.0101718630609793,-0.5330885579981124,0.4433179117460823,-1.6053471634500138,-0.5515265195690139,-1.0865934650343947,1.6432960600355222,-0.7030178329987061,-0.026714465658928405,0.1273735901836806,0.6017368360395382,-0.05859021713873188,1
-0.47286820690865494,-1.2961245095504037,-1.1101408036189409,0.94888916479251,0.2394216990146237,0.44241390272567044,0.835482276362457,0.920307393868181,-0.4108240150088804,0.6984821375000554,0.8637677229720243,-1.0775117223646489,0.25681895549548844,-0.9501804779455227,0
-1.6334166022901482,0.7715308156211609,-1.4600320955718065,0.2079003033971988,-1.4645680788125663,1.1250009247842319,-1.6184563625932222,0.920307393868181,-1.4378840525310816,-1.3579243612691554,-0.9171966542898811,0.1273735901836806,-1.1228525666807105,-0.9501804779455227,1
-0.1827311080632816,0.7715308156211609,-0.4603426899921905,0.94888916479251,0.6180860940873326,1.4662944358135126,0.24867086269914235,-1.0865934650343947,-0.4108240150088804,0.4234213956264666,0.8637677229720243,-1.0775117223646489,0.25681895549548844,-0.05859021713873188,1
0.4942554559092562,-1.2961245095504037,-1.2101097441769024,0.94888916479251,0.3268057901852488,0.10112039169638974,-0.7649124881738556,-1.0865934650343947,1.6432960600355222,-0.8470972692182049,-0.026714465658928405,1.3322589027320104,-0.3467873354565986,0.8330000436680589,0
-1.0531424045994016,0.7715308156211609,0.2894243641925215,0.2079003033971988,-1.289799896471316,-0.24017311933289098,1.2089077214209298,0.920307393868181,-0.4108240150088804,1.2747998823780506,0.8637677229720243,-1.0775117223646489,-0.26055786532058617,-0.9501804779455227,1
1.3646667524453762,0.7715308156211609,-0.21042033859728654,-1.2740774193934234,1.579311096964209,0.7837074137549511,-1.2450309175347494,-1.0865934650343947,0.6162360225133209,-1.1221580110917935,-1.8076788429208337,0.1273735901836806,-1.036623096544698,1.7245903044748498,0
-0.8597176720358194,-1.2961245095504037,0.3394088344715023,0.94888916479251,0.1229095774537902,0.10112039169638974,1.368947197874561,0.920307393868181,-0.4108240150088804,1.6284494076440932,0.8637677229720243,-1.0775117223646489,0.08436001522346359,-0.9501804779455227,1
0.010693624500300621,0.7715308156211609,0.08948648307659827,0.94888916479251,0.6472141244775409,-0.24017311933289098,0.5687498156064048,-1.0865934650343947,1.6432960600355222,-0.2314851326439827,-0.026714465658928405,1.3322589027320104,-0.08809892504856129,-0.05859021713873188,1
-1.4399918697265661,0.7715308156211609,1.189144829214176,0.2079003033971988,-1.4208760332272536,-0.5814666303621717,-0.6048730117202243,0.920307393868181,-0.4108240150088804,-0.5851346579100252,0.8637677229720243,1.3322589027320104,-0.7779346861366608,-0.9501804779455227,0
0.7843925547546295,-1.2961245095504037,1.8389429428409263,-0.5330885579981124,0.4141898813558739,1.4662944358135126,-1.0849914410811181,-1.0865934650343947,-1.4378840525310816,-1.0566673582647486,-0.9171966542898811,0.1273735901836806,0.5155073659035257,-0.05859021713873188,1
-0.7630053057540283,0.7715308156211609,-0.8102339819450561,-2.0150662807887345,-0.6052911823014192,0.44241390272567044,1.0488682449672986,0.920307393868181,-0.4108240150088804,0.9342484876774173,0.8637677229720243,-1.0775117223646489,2.06763782835175,-0.05859021713873188,0
1.0745296536000029,0.7715308156211609,1.5890205914460223,-1.2740774193934234,1.3462868538425419,0.7837074137549511,-1.5651098704420119,-1.0865934650343947,0.6162360225133209,-1.2662374473112923,-1.8076788429208337,0.1273735901836806,-0.8641641562726733,1.7245903044748498,1
-0.5695805731904461,-1.2961245095504037,1.3890827103300991,0.94888916479251,0.29767775979504046,0.10112039169638974,0.5154033234551945,0.920307393868181,-0.4108240150088804,0.7246783986308734,0.8637677229720243,-1.0775117223646489,0.17058948535947602,-0.9501804779455227,1
0.30083072334567396,0.7715308156211609,1.7389740022829647,0.94888916479251,0.29767775979504046,1.4662944358135126,-0.7115659960226451,-1.0865934650343947,1.6432960600355222,-0.6637234413024791,-0.026714465658928405,1.3322589027320104,-0.3467873354565986,0.8330000436680589,0
-1.3432795034447749,0.7715308156211609,-0.7602495116660754,0.2079003033971988,-1.4063120180321496,-1.6053471634500138,1.1022147371185091,0.920307393868181,-0.4108240150088804,1.1176223155931428,0.8637677229720243,-1.0775117223646489,-0.6917052160006484,-0.9501804779455227,1
0.9778172873182117,-1.2961245095504037,1.0891758886562142,-1.2740774193934234,1.2006467018915001,-1.6053471634500138,-1.3517239018371703,-1.0865934650343947,-1.4378840525310816,-1.1745505333534296,-0.9171966542898811,0.1273735901836806,-0.7779346861366608,1.7245903044748498,0
-0.3761558406268638,0.7715308156211609,-0.9102029225030177,0.94888916479251,0.5307020029167074,-1.264053652420733,1.368947197874561,0.920307393868181,-0.4108240150088804,1.5105662325554123,0.8637677229720243,-1.0775117223646489,0.42927789576751335,-0.05859021713873188,1
-1.1498547708811926,-1.2961245095504037,1.5390361211670416,0.2079003033971988,-1.30436391166642,1.4662944358135126,-0.4981800274178035,0.920307393868181,0.6162360225133209,-0.45415335225593534,-1.8076788429208337,1.3322589027320104,-0.3467873354565986,-0.9501804779455227,1
0.10740599078209173,0.7715308156211609,0.6393156561453871,0.94888916479251,0.7345982156481661,-0.24017311933289098,0.6754427999088257,-1.0865934650343947,-0.4108240150088804,0.9211503571120081,0.8637677229720243,-1.0775117223646489,-0.0018694549125488533,-0.05859021713873188,0
-1.2465671371629838,0.7715308156211609,-0.2604048088762673,0.2079003033971988,-1.3771839876419412,-0.5814666303621717,-0.5515265195690139,0.920307393868181,1.6432960600355222,-0.6899197024332971,-0.026714465658928405,0.1273735901836806,-0.6054757458646359,-0.9501804779455227,1
0.8811049210364206,-1.2961245095504037,0.4393777750294639,-0.5330885579981124,0.4724459421362907,0.10112039169638974,0.835482276362457,-1.0865934650343947,-0.4108240150088804,0.7115802680654641,0.8637677229720243,-1.0775117223646489,0.6017368360395382,-0.05859021713873188,0
-0.6662929394722371,0.7715308156211609,-1.609985506408749,-2.0150662807887345,-0.517907091130794,-0.9227601413914523,-1.6184563625932222,0.920307393868181,-1.4378840525310816,-1.3448262307037464,-0.9171966542898811,0.1273735901836806,2.2400967686237747,-0.05859021713873188,1
-0.2794434743450727,-1.2961245095504037,-0.010482457481363327,0.94888916479251,0.4433179117460823,-0.5814666303621717,0.24867086269914235,0.920307393868181,-0.4108240150088804,0.43651952619187573,0.8637677229720243,-1.0775117223646489,0.08436001522346359,-0.9501804779455227,1
1.1712420198817939,0.7715308156211609,0.4393777750294639,-1.2740774193934234,1.4045429146229587,0.10112039169638974,-0.7649124881738556,-1.0865934650343947,1.6432960600355222,-0.833999138652796,-0.026714465658928405,1.3322589027320104,-0.9503936264086857,1.7245903044748498,0
-1.0531424045994016,0.7715308156211609,0.7892690669823295,0.2079003033971988,-1.30436391166642,-1.6053471634500138,1.2089077214209298,0.920307393868181,-0.4108240150088804,1.2878980129434598,0.8637677229720243,-1.0775117223646489,-0.3467873354565986,-0.9501804779455227,1
0.39754308962746504,-1.2961245095504037,-0.11045139803932492,0.94888916479251,0.3559338205754572,0.10112039169638974,-1.2450309175347494,-1.0865934650343947,0.6162360225133209,-1.1090598805263847,-1.8076788429208337,0.1273735901836806,-0.26055786532058617,0.8330000436680589,0
-0.8597176720358194,0.7715308156211609,-0.4603426899921905,0.94888916479251,0.03552548628316508,1.4662944358135126,1.368947197874561,0.920307393868181,-0.4108240150088804,1.6415475382095022,0.8637677229720243,-1.0775117223646489,0.5155073659035257,-0.9501804779455227,1
-1.4399918697265661,0.7715308156211609,-0.6102961008291329,0.2079003033971988,-1.435440048422358,1.1250009247842319,0.5687498156064048,0.920307393868181,1.6432960600355222,-0.21838700207857353,-0.026714465658928405,1.3322589027320104,-0.8641641562726733,-0.9501804779455227,1
0.5909678221910473,-1.2961245095504037,-0.41035821971320974,-0.5330885579981124,0.3850618509656656,0.7837074137549511,-0.6048730117202243,-1.0865934650343947,-0.4108240150088804,-0.5720365273446163,0.8637677229720243,1.3322589027320104,0.42927789576751335,-0.05859021713873188,0
-0.5695805731904461,0.7715308156211609,0.3394088344715023,0.94888916479251,0.4724459421362907,0.10112039169638974,-1.0849914410811181,0.920307393868181,-1.4378840525310816,-1.0435692276993398,-0.9171966542898811,0.1273735901836806,0.3430484256315009,-0.9501804779455227,1
-1.2465671371629838,-1.2961245095504037,0.9892069480982527,0.2079003033971988,-1.3771839876419412,-0.5814666303621717,1.0488682449672986,0.920307393868181,-0.4108240150088804,0.947346618242826,0.8637677229720243,-1.0775117223646489,-0.6054757458646359,-0.9501804779455227,0
1.0745296536000029,0.7715308156211609,-0.3103892791552481,-1.2740774193934234,1.258902762671917,0.7837074137549511,-1.5651098704420119,-1.0865934650343947,0.6162360225133209,-1.2531393167458833,-1.8076788429208337,0.1273735901836806,-0.7779346861366608,1.7245903044748498,1
-0.6662929394722371,-1.2961245095504037,0.889238007540291,0.94888916479251,0.26854972940483207,-1.6053471634500138,0.30201735485035275,0.920307393868181,-0.4108240150088804,-0.07430756585907475,0.8637677229720243,1.3322589027320104,0.25681895549548844,-0.9501804779455227,1
-0.0860187417814905,0.7715308156211609,-1.2600942144558833,0.94888916479251,0.6763421548677493,1.1250009247842319,-0.3381405509641722,-1.0865934650343947,1.6432960600355222,-0.4279570911251175,-0.026714465658928405,1.3322589027320104,-0.0018694549125488533,-0.05859021713873188,0
-1.5367042360083571,0.7715308156211609,-0.16043586831830572,0.2079003033971988,-1.450004063617462,-0.24017311933289098,1.4222936900257714,0.920307393868181,-0.4108240150088804,1.6677437993403201,0.8637677229720243,-1.0775117223646489,-0.9503936264086857,-0.9501804779455227,1
0.6876801884728384,-1.2961245095504037,1.7889584725619454,-1.2740774193934234,1.0841345803306666,1.4662944358135126,-1.2983774096859597,-1.0865934650343947,-1.4378840525310816,-1.1745505333534296,-0.9171966542898811,0.1273735901836806,-0.6917052160006484,1.7245903044748498,0
-0.9564300383176104,0.7715308156211609,-0.9102029225030177,-2.0150662807887345,-0.6052911823014192,-1.264053652420733,0.8888287685136673,0.920307393868181,-0.4108240150088804,0.5936970929767834,0.8637677229720243,-1.0775117223646489,2.06763782835175,-0.05859021713873188,1
0.20411835706388284,-1.2961245095504037,-1.609985506408749,0.94888916479251,0.501573972526499,-0.9227601413914523,0.6220963077576153,-1.0865934650343947,0.6162360225133209,0.7770709208925091,-1.8076788429208337,-1.0775117223646489,-0.17432839518457374,0.8330000436680589,1
-1.3432795034447749,0.7715308156211609,-0.8602184522240369,0.2079003033971988,-1.3917480028370453,-0.5814666303621717,-0.7115659960226451,0.920307393868181,-0.4108240150088804,-0.742312224694933,0.8637677229720243,1.3322589027320104,-0.6917052160006484,-0.9501804779455227,0
0.8811049210364206,0.7715308156211609,-1.0101718630609793,-0.5330885579981124,0.4433179117460823,-1.6053471634500138,-1.3517239018371703,-1.0865934650343947,1.6432960600355222,-1.2007467944842474,-0.026714465658928405,0.1273735901836806,0.6017368360395382,-0.05859021713873188,1
-0.47286820690865494,-1.2961245095504037,-1.1101408036189409,0.94888916479251,0.2394216990146237,0.44241390272567044,1.2089077214209298,0.920307393868181,-0.4108240150088804,1.3402905352050956,0.8637677229720243,-1.0775117223646489,0.25681895549548844,-0.9501804779455227,0
-1.6334166022901482,0.7715308156211609,-1.4600320955718065,0.2079003033971988,-1.4645680788125663,1.1250009247842319,0.14197787839672152,0.920307393868181,-1.4378840525310816,0.030477478664197,-0.9171966542898811,1.3322589027320104,-1.1228525666807105,-0.9501804779455227,1
-0.1827311080632816,0.7715308156211609,-0.4603426899921905,0.94888916479251,0.6180860940873326,1.4662944358135126,-0.5515265195690139,-1.0865934650343947,-0.4108240150088804,-0.5327421356483892,0.8637677229720243,1.3322589027320104,0.25681895549548844,-0.05859021713873188,1
0.4942554559092562,-1.2961245095504037,-1.2101097441769024,0.94888916479251,0.3268057901852488,0.10112039169638974,-1.191684425383539,-1.0865934650343947,1.6432960600355222,-1.0173729665685216,-0.026714465658928405,0.1273735901836806,-0.3467873354565986,0.8330000436680589,0
-1.0531424045994016,0.7715308156211609,0.2894243641925215,0.2079003033971988,-1.289799896471316,-0.24017311933289098,1.1022147371185091,0.920307393868181,-0.4108240150088804,1.078327923896916,0.8637677229720243,-1.0775117223646489,-0.26055786532058617,-0.9501804779455227,1
1.3646667524453762,0.7715308156211609,-0.21042033859728654,-1.2740774193934234,1.579311096964209,0.7837074137549511,-1.6184563625932222,-1.0865934650343947,0.6162360225133209,-1.2924337084421105,-1.8076788429208337,0.1273735901836806,-1.036623096544698,1.7245903044748498,0
-0.8597176720358194,-1.2961245095504037,0.3394088344715023,0.94888916479251,0.1229095774537902,0.10112039169638974,1.3156007057233507,0.920307393868181,-0.4108240150088804,1.5760568853824573,0.8637677229720243,-1.0775117223646489,0.08436001522346359,-0.9501804779455227,1
0.010693624500300621,0.7715308156211609,0.08948648307659827,0.94888916479251,0.6472141244775409,-0.24017311933289098,0.4087103391527736,-1.0865934650343947,1.6432960600355222,0.2924400899723767,-0.026714465658928405,-1.0775117223646489,-0.08809892504856129,-0.05859021713873188,1
-1.4399918697265661,0.7715308156211609,1.189144829214176,0.2079003033971988,-1.4208760332272536,-0.5814666303621717,-0.7649124881738556,0.920307393868181,-0.4108240150088804,-0.7947047469565689,0.8637677229720243,1.3322589027320104,-0.7779346861366608,-0.9501804779455227,0
0.7843925547546295,-1.2961245095504037,1.8389429428409263,-0.5330885579981124,0.4141898813558739,1.4662944358135126,-1.0316449489299078,-1.0865934650343947,-1.4378840525310816,-0.9780785748722948,-0.9171966542898811,0.1273735901836806,0.5155073659035257,-0.05859021713873188,1
-0.7630053057540283,0.7715308156211609,-0.8102339819450561,-2.0150662807887345,-0.6052911823014192,0.44241390272567044,0.9421752606648778,0.920307393868181,-0.4108240150088804,0.8556597042849632,0.8637677229720243,-1.0775117223646489,2.06763782835175,-0.05859021713873188,0
1.0745296536000029,0.7715308156211609,1.5890205914460223,-1.2740774193934234,1.3462868538425419,0.7837074137549511,-1.458416886139591,-1.0865934650343947,0.6162360225133209,-1.2138449250496566,-1.8076788429208337,0.1273735901836806,-0.8641641562726733,1.7245903044748498,1
-0.5695805731904461,-1.2961245095504037,1.3890827103300991,0.94888916479251,0.29767775979504046,0.10112039169638974,0.5154033234551945,0.920307393868181,-0.4108240150088804,0.18765504544910497,0.8637677229720243,1.3322589027320104,0.17058948535947602,-0.9501804779455227,1
0.30083072334567396,0.7715308156211609,1.7389740022829647,0.94888916479251,0.29767775979504046,1.4662944358135126,-0.5515265195690139,-1.0865934650343947,1.6432960600355222,-0.6244290496062522,-0.026714465658928405,1.3322589027320104,-0.3467873354565986,0.8330000436680589,0
-1.3432795034447749,0.7715308156211609,-0.7602495116660754,0.2079003033971988,-1.4063120180321496,-1.6053471634500138,1.2622542135721402,0.920307393868181,-0.4108240150088804,1.5105662325554123,0.8637677229720243,-1.0775117223646489,-0.6917052160006484,-0.9501804779455227,1
0.9778172873182117,-1.2961245095504037,1.0891758886562142,-1.2740774193934234,1.2006467018915001,-1.6053471634500138,-1.2450309175347494,-1.0865934650343947,-1.4378840525310816,-1.1352561416572025,-0.9171966542898811,0.1273735901836806,-0.7779346861366608,1.7245903044748498,0
-0.3761558406268638,0.7715308156211609,-0.9102029225030177,0.94888916479251,0.5307020029167074,-1.264053652420733,0.7821357842112465,0.920307393868181,-0.4108240150088804,0.5282064401497385,0.8637677229720243,-1.0775117223646489,0.42927789576751335,-0.05859021713873188,1
-1.1498547708811926,-1.2961245095504037,1.5390361211670416,0.2079003033971988,-1.30436391166642,1.4662944358135126,0.6754427999088257,0.920307393868181,0.6162360225133209,0.8949540959811902,-1.8076788429208337,-1.0775117223646489,-0.3467873354565986,-0.9501804779455227,1
0.10740599078209173,0.7715308156211609,0.6393156561453871,0.94888916479251,0.7345982156481661,-0.24017311933289098,-0.7649124881738556,-1.0865934650343947,-0.4108240150088804,-0.768508485825751,0.8637677229720243,1.3322589027320104,-0.0018694549125488533,-0.05859021713873188,0
-1.2465671371629838,0.7715308156211609,-0.2604048088762673,0.2079003033971988,-1.3771839876419412,-0.5814666303621717,-1.1383379332323285,0.920307393868181,1.6432960600355222,-1.0697654888301575,-0.026714465658928405,0.1273735901836806,-0.6054757458646359,-0.9501804779455227,1
0.8811049210364206,-1.2961245095504037,0.4393777750294639,-0.5330885579981124,0.4724459421362907,0.10112039169638974,1.1555612292697195,-1.0865934650343947,-0.4108240150088804,1.3009961435088684,0.8637677229720243,-1.0775117223646489,0.6017368360395382,-0.05859021713873188,0
-0.6662929394722371,0.7715308156211609,-1.609985506408749,-2.0150662807887345,-0.517907091130794,-0.9227601413914523,0.19532437054793192,0.920307393868181,-1.4378840525310816,-0.048111304728256865,-0.9171966542898811,1.3322589027320104,2.2400967686237747,-0.05859021713873188,1
-0.2794434743450727,-1.2961245095504037,-0.010482457481363327,0.94888916479251,0.4433179117460823,-0.5814666303621717,-0.4448335352665931,0.920307393868181,-0.4108240150088804,-0.4934477439521624,0.8637677229720243,1.3322589027320104,0.08436001522346359,-0.9501804779455227,1
1.1712420198817939,0.7715308156211609,0.4393777750294639,-1.2740774193934234,1.4045429146229587,0.10112039169638974,-1.0316449489299078,-1.0865934650343947,1.6432960600355222,-0.9911767054377038,-0.026714465658928405,0.1273735901836806,-0.9503936264086857,1.7245903044748498,0
-1.0531424045994016,0.7715308156211609,0.7892690669823295,0.2079003033971988,-1.30436391166642,-1.6053471634500138,1.1022147371185091,0.920307393868181,-0.4108240150088804,1.1045241850277336,0.8637677229720243,-1.0775117223646489,-0.3467873354565986,-0.9501804779455227,1
0.39754308962746504,-1.2961245095504037,-0.11045139803932492,0.94888916479251,0.3559338205754572,0.10112039169638974,-1.5651098704420119,-1.0865934650343947,0.6162360225133209,-1.2269430556150656,-1.8076788429208337,0.1273735901836806,-0.26055786532058617,0.8330000436680589,0
-0.8597176720358194,0.7715308156211609,-0.4603426899921905,0.94888916479251,0.03552548628316508,1.4662944358135126,1.368947197874561,0.920307393868181,-0.4108240150088804,1.6546456687749114,0.8637677229720243,-1.0775117223646489,0.5155073659035257,-0.9501804779455227,1
-1.4399918697265661,0.7715308156211609,-0.6102961008291329,0.2079003033971988,-1.435440048422358,1.1250009247842319,0.3553638470015632,0.920307393868181,1.6432960600355222,0.09596813149124192,-0.026714465658928405,1.3322589027320104,-0.8641641562726733,-0.9501804779455227,1
0.5909678221910473,-1.2961245095504037,-0.41035821971320974,-0.5330885579981124,0.3850618509656656,0.7837074137549511,-0.8716054724762764,-1.0865934650343947,-0.4108240150088804,-0.8470972692182049,0.8637677229720243,1.3322589027320104,0.42927789576751335,-0.05859021713873188,0
-0.5695805731904461,0.7715308156211609,0.3394088344715023,0.94888916479251,0.4724459421362907,0.10112039169638974,-0.9782984567786973,0.920307393868181,-1.4378840525310816,-0.9649804443068858,-0.9171966542898811,0.1273735901836806,0.3430484256315009,-0.9501804779455227,1
-1.2465671371629838,-1.2961245095504037,0.9892069480982527,0.2079003033971988,-1.3771839876419412,-0.5814666303621717,0.9955217528160882,0.920307393868181,-0.4108240150088804,0.8687578348503723,0.8637677229720243,-1.0775117223646489,-0.6054757458646359,-0.9501804779455227,0
1.0745296536000029,0.7715308156211609,-0.3103892791552481,-1.2740774193934234,1.258902762671917,0.7837074137549511,-1.4050703939883806,-1.0865934650343947,0.6162360225133209,-1.1876486639188384,-1.8076788429208337,0.1273735901836806,-0.7779346861366608,1.7245903044748498,1
-0.6662929394722371,-1.2961245095504037,0.889238007540291,0.94888916479251,0.26854972940483207,-1.6053471634500138,0.462056831303984,0.920307393868181,-0.4108240150088804,0.22694943714533178,0.8637677229720243,-1.0775117223646489,0.25681895549548844,-0.9501804779455227,1
-0.0860187417814905,0.7715308156211609,-1.2600942144558833,0.94888916479251,0.6763421548677493,1.1250009247842319,-0.6048730117202243,-1.0865934650343947,1.6432960600355222,-0.5851346579100252,-0.026714465658928405,1.3322589027320104,-0.0018694549125488533,-0.05859021713873188,0
-1.5367042360083571,0.7715308156211609,-0.16043586831830572,0.2079003033971988,-1.450004063617462,-0.24017311933289098,1.3156007057233507,0.920307393868181,-0.4108240150088804,1.5367624936862303,0.8637677229720243,-1.0775117223646489,-0.9503936264086857,-0.9501804779455227,1
0.6876801884728384,-1.2961245095504037,1.7889584725619454,-1.2740774193934234,1.0841345803306666,1.4662944358135126,-1.2450309175347494,-1.0865934650343947,-1.4378840525310816,-1.1090598805263847,-0.9171966542898811,0.1273735901836806,-0.6917052160006484,1.7245903044748498,0
-0.9564300383176104,0.7715308156211609,-0.9102029225030177,-2.0150662807887345,-0.6052911823014192,-1.264053652420733,0.835482276362457,0.920307393868181,-0.4108240150088804,0.5675008318459656,0.8637677229720243,-1.0775117223646489,2.06763782835175,-0.05859021713873188,1
0.20411835706388284,-1.2961245095504037,-1.609985506408749,0.94888916479251,0.501573972526499,-0.9227601413914523,0.6754427999088257,-1.0865934650343947,0.6162360225133209,0.9342484876774173,-1.8076788429208337,-1.0775117223646489,-0.17432839518457374,0.8330000436680589,1
-1.3432795034447749,0.7715308156211609,-0.8602184522240369,0.2079003033971988,-1.3917480028370453,-0.5814666303621717,-0.818258980325066,0.920307393868181,-0.4108240150088804,-0.78160661639116,0.8637677229720243,1.3322589027320104,-0.6917052160006484,-0.9501804779455227,0
0.8811049210364206,0.7715308156211609,-1.0101718630609793,-0.5330885579981124,0.4433179117460823,-1.6053471634500138,-1.0849914410811181,-1.0865934650343947,1.6432960600355222,-1.0042748360031128,-0.026714465658928405,0.1273735901836806,0.6017368360395382,-0.05859021713873188,1
-0.47286820690865494,-1.2961245095504037,-1.1101408036189409,0.94888916479251,0.2394216990146237,0.44241390272567044,1.2089077214209298,0.920307393868181,-0.4108240150088804,1.4057811880321405,0.8637677229720243,-1.0775117223646489,0.25681895549548844,-0.9501804779455227,0
-1.6334166022901482,0.7715308156211609,-1.4600320955718065,0.2079003033971988,-1.4645680788125663,1.1250009247842319,0.19532437054793192,0.920307393868181,-1.4378840525310816,-0.008816913032029817,-0.9171966542898811,1.3322589027320104,-1.1228525666807105,-0.9501804779455227,1
-0.1827311080632816,0.7715308156211609,-0.4603426899921905,0.94888916479251,0.6180860940873326,1.4662944358135126,-0.4981800274178035,-1.0865934650343947,-0.4108240150088804,-0.5196440050829803,0.8637677229720243,1.3322589027320104,0.25681895549548844,-0.05859021713873188,1
0.4942554559092562,-1.2961245095504037,-1.2101097441769024,0.94888916479251,0.3268057901852488,0.10112039169638974,-1.0316449489299078,-1.0865934650343947,1.6432960600355222,-0.9780785748722948,-0.026714465658928405,0.1273735901836806,-0.3467873354565986,0.8330000436680589,0
-1.0531424045994016,0.7715308156211609,0.2894243641925215,0.2079003033971988,-1.289799896471316,-0.24017311933289098,1.0488682449672986,0.920307393868181,-0.4108240150088804,1.078327923896916,0.8637677229720243,-1.0775117223646489,-0.26055786532058617,-0.9501804779455227,1
1.3646667524453762,0.7715308156211609,-0.21042033859728654,-1.2740774193934234,1.579311096964209,0.7837074137549511,-1.5651098704420119,-1.0865934650343947,0.6162360225133209,-1.2662374473112923,-1.8076788429208337,0.1273735901836806,-1.036623096544698,1.7245903044748498,0
-0.8597176720358194,-1.2961245095504037,0.3394088344715023,0.94888916479251,0.1229095774537902,0.10112039169638974,1.3156007057233507,0.920307393868181,-0.4108240150088804,1.6415475382095022,0.8637677229720243,-1.0775117223646489,0.08436001522346359,-0.9501804779455227,1
0.010693624500300621,0.7715308156211609,0.08948648307659827,0.94888916479251,0.6472141244775409,-0.24017311933289098,0.4087103391527736,-1.0865934650343947,1.6432960600355222,0.16145878431828686,-0.026714465658928405,1.3322589027320104,-0.08809892504856129,-0.05859021713873188,1
-1.4399918697265661,0.7715308156211609,1.189144829214176,0.2079003033971988,-1.4208760332272536,-0.5814666303621717,-0.818258980325066,0.920307393868181,-0.4108240150088804,-0.7947047469565689,0.8637677229720243,1.3322589027320104,-0.7779346861366608,-0.9501804779455227,0
0.7843925547546295,-1.2961245095504037,1.8389429428409263,-0.5330885579981124,0.4141898813558739,1.4662944358135126,-0.9782984567786973,-1.0865934650343947,-1.4378840525310816,-0.9518823137414768,-0.9171966542898811,0.1273735901836806,0.5155073659035257,-0.05859021713873188,1
-0.7630053057540283,0.7715308156211609,-0.8102339819450561,-2.0150662807887345,-0.6052911823014192,0.44241390272567044,0.9421752606648778,0.920307393868181,-0.4108240150088804,0.842561573719554,0.8637677229720243,-1.0775117223646489,2.06763782835175,-0.05859021713873188,0
1.0745296536000029,0.7715308156211609,1.5890205914460223,-1.2740774193934234,1.3462868538425419,0.7837074137549511,-1.4050703939883806,-1.0865934650343947,0.6162360225133209,-1.1745505333534296,-1.8076788429208337,0.1273735901836806,-0.8641641562726733,1.7245903044748498,1
-0.5695805731904461,-1.2961245095504037,1.3890827103300991,0.94888916479251,0.29767775979504046,0.10112039169638974,0.5154033234551945,0.920307393868181,-0.4108240150088804,0.7246783986308734,0.8637677229720243,-1.0775117223646489,0.17058948535947602,-0.9501804779455227,1
0.30083072334567396,0.7715308156211609,1.7389740022829647,0.94888916479251,0.29767775979504046,1.4662944358135126,-0.7115659960226451,-1.0865934650343947,1.6432960600355222,-0.6637234413024791,-0.026714465658928405,1.3322589027320104,-0.3467873354565986,0.8330000436680589,0
-1.3432795034447749,0.7715308156211609,-0.7602495116660754,0.2079003033971988,-1.4063120180321496,-1.6053471634500138,1.1022147371185091,0.920307393868181,-0.4108240150088804,1.1176223155931428,0.8637677229720243,-1.0775117223646489,-0.6917052160006484,-0.9501804779455227,1
0.9778172873182117,-1.2961245095504037,1.0891758886562142,-1.2740774193934234,1.2006467018915001,-1.6053471634500138,-1.3517239018371703,-1.0865934650343947,-1.4378840525310816,-1.1745505333534296,-0.9171966542898811,0.1273735901836806,-0.7779346861366608,1.7245903044748498,0
-0.3761558406268638,0.7715308156211609,-0.9102029225030177,0.94888916479251,0.5307020029167074,-1.264053652420733,1.368947197874561,0.920307393868181,-0.4108240150088804,1.5105662325554123,0.8637677229720243,-1.0775117223646489,0.42927789576751335,-0.05859021713873188,1
-1.1498547708811926,-1.2961245095504037,1.5390361211670416,0.2079003033971988,-1.30436391166642,1.4662944358135126,-0.4981800274178035,0.920307393868181,0.6162360225133209,-0.45415335225593534,-1.8076788429208337,1.3322589027320104,-0.3467873354565986,-0.9501804779455227,1
0.10740599078209173,0.7715308156211609,0.6393156561453871,0.94888916479251,0.7345982156481661,-0.24017311933289098,0.6754427999088257,-1.0865934650343947,-0.4108240150088804,0.9211503571120081,0.8637677229720243,-1.0775117223646489,-0.0018694549125488533,-0.05859021713873188,0
-1.2465671371629838,0.7715308156211609,-0.2604048088762673,0.2079003033971988,-1.3771839876419412,-0.5814666303621717,-0.5515265195690139,0.920307393868181,1.6432960600355222,-0.6899197024332971,-0.026714465658928405,0.1273735901836806,-0.6054757458646359,-0.9501804779455227,1
0.8811049210364206,-1.2961245095504037,0.4393777750294639,-0.5330885579981124,0.4724459421362907,0.10112039169638974,0.835482276362457,-1.0865934650343947,-0.4108240150088804,0.7115802680654641,0.8637677229720243,-1.0775117223646489,0.6017368360395382,-0.05859021713873188,0
-0.6662929394722371,0.7715308156211609,-1.609985506408749,-2.0150662807887345,-0.517907091130794,-0.9227601413914523,-1.6184563625932222,0.920307393868181,-1.4378840525310816,-1.3448262307037464,-0.9171966542898811,0.1273735901836806,2.2400967686237747,-0.05859021713873188,1
-0.2794434743450727,-1.2961245095504037,-0.010482457481363327,0.94888916479251,0.4433179117460823,-0.5814666303621717,0.24867086269914235,0.920307393868181,-0.4108240150088804,0.43651952619187573,0.8637677229720243,-1.0775117223646489,0.08436001522346359,-0.9501804779455227,1
1.1712420198817939,0.7715308156211609,0.4393777750294639,-1.2740774193934234,1.4045429146229587,0.10112039169638974,-0.7649124881738556,-1.0865934650343947,1.6432960600355222,-0.833999138652796,-0.026714465658928405,1.3322589027320104,-0.9503936264086857,1.7245903044748498,0
-1.0531424045994016,0.7715308156211609,0.7892690669823295,0.2079003033971988,-1.30436391166642,-1.6053471634500138,1.2089077214209298,0.920307393868181,-0.4108240150088804,1.2878980129434598,0.8637677229720243,-1.0775117223646489,-0.3467873354565986,-0.9501804779455227,1
0.39754308962746504,-1.2961245095504037,-0.11045139803932492,0.94888916479251,0.3559338205754572,0.10112039169638974,-1.2450309175347494,-1.0865934650343947,0.6162360225133209,-1.1090598805263847,-1.8076788429208337,0.1273735901836806,-0.26055786532058617,0.8330000436680589,0
-0.8597176720358194,0.7715308156211609,-0.4603426899921905,0.94888916479251,0.03552548628316508,1.4662944358135126,1.368947197874561,0.920307393868181,-0.4108240150088804,1.6415475382095022,0.8637677229720243,-1.0775117223646489,0.5155073659035257,-0.9501804779455227,1
-1.4399918697265661,0.7715308156211609,-0.6102961008291329,0.2079003033971988,-1.435440048422358,1.1250009247842319,0.5687498156064048,0.920307393868181,1.6432960600355222,-0.21838700207857353,-0.026714465658928405,1.3322589027320104,-0.8641641562726733,-0.9501804779455227,1
0.5909678221910473,-1.2961245095504037,-0.41035821971320974,-0.5330885579981124,0.3850618509656656,0.7837074137549511,-0.6048730117202243,-1.0865934650343947,-0.4108240150088804,-0.5720365273446163,0.8637677229720243,1.3322589027320104,0.42927789576751335,-0.05859021713873188,0
-0.5695805731904461,0.7715308156211609,0.3394088344715023,0.94888916479251,0.4724459421362907,0.10112039169638974,-1.0849914410811181,0.920307393868181,-1.4378840525310816,-1.0435692276993398,-0.9171966542898811,0.1273735901836806,0.3430484256315009,-0.9501804779455227,1
-1.2465671371629838,-1.2961245095504037,0.9892069480982527,0.2079003033971988,-1.3771839876419412,-0.5814666303621717,1.0488682449672986,0.920307393868181,-0.4108240150088804,0.947346618242826,0.8637677229720243,-1.0775117223646489,-0.6054757458646359,-0.9501804779455227,0
1.0745296536000029,0.7715308156211609,-0.3103892791552481,-1.2740774193934234,1.258902762671917,0.7837074137549511,-1.5651098704420119,-1.0865934650343947,0.6162360225133209,-1.2531393167458833,-1.8076788429208337,0.1273735901836806,-0.7779346861366608,1.7245903044748498,1
-0.5695805731904461,-1.2961245095504037,0.889238007540291,0.94888916479251,0.29767775979504046,-1.6053471634500138,0.30201735485035275,0.920307393868181,-0.4108240150088804,-0.07430756585907475,0.8637677229720243,1.3322589027320104,0.3430484256315009,-0.9501804779455227,1
0.010693624500300621,0.7715308156211609,-1.2600942144558833,0.94888916479251,0.7054701852579577,1.1250009247842319,-0.3381405509641722,-1.0865934650343947,1.6432960600355222,-0.4279570911251175,-0.026714465658928405,1.3322589027320104,0.08436001522346359,-0.05859021713873188,0
-1.4399918697265661,0.7715308156211609,-0.16043586831830572,0.2079003033971988,-1.435440048422358,-0.24017311933289098,1.4222936900257714,0.920307393868181,-0.4108240150088804,1.6677437993403201,0.8637677229720243,-1.0775117223646489,-0.8641641562726733,-0.9501804779455227,1
0.7843925547546295,-1.2961245095504037,1.7889584725619454,-1.2740774193934234,1.113262610720875,1.4662944358135126,-1.2983774096859597,-1.0865934650343947,-1.4378840525310816,-1.1745505333534296,-0.9171966542898811,0.1273735901836806,-0.6054757458646359,1.7245903044748498,0
-0.8597176720358194,0.7715308156211609,-0.9102029225030177,-2.0150662807887345,-0.5761631519112108,-1.264053652420733,0.8888287685136673,0.920307393868181,-0.4108240150088804,0.5936970929767834,0.8637677229720243,-1.0775117223646489,2.153867298487762,-0.05859021713873188,1
0.30083072334567396,-1.2961245095504037,-1.609985506408749,0.94888916479251,0.5307020029167074,-0.9227601413914523,0.6220963077576153,-1.0865934650343947,0.6162360225133209,0.7770709208925091,-1.8076788429208337,-1.0775117223646489,-0.08809892504856129,0.8330000436680589,1
-1.2465671371629838,0.7715308156211609,-0.8602184522240369,0.2079003033971988,-1.3771839876419412,-0.5814666303621717,-0.7115659960226451,0.920307393868181,-0.4108240150088804,-0.742312224694933,0.8637677229720243,1.3322589027320104,-0.6054757458646359,-0.9501804779455227,0
0.9778172873182117,0.7715308156211609,-1.0101718630609793,-0.5330885579981124,0.4724459421362907,-1.6053471634500138,-1.3517239018371703,-1.0865934650343947,1.6432960600355222,-1.2007467944842474,-0.026714465658928405,0.1273735901836806,0.6879663061755507,-0.05859021713873188,1
-0.3761558406268638,-1.2961245095504037,-1.1101408036189409,0.94888916479251,0.26854972940483207,0.44241390272567044,1.2089077214209298,0.920307393868181,-0.4108240150088804,1.3402905352050956,0.8637677229720243,-1.0775117223646489,0.3430484256315009,-0.9501804779455227,0
-1.5367042360083571,0.7715308156211609,-1.4600320955718065,0.2079003033971988,-1.450004063617462,1.1250009247842319,0.14197787839672152,0.920307393868181,-1.4378840525310816,0.030477478664197,-0.9171966542898811,1.3322589027320104,-1.036623096544698,-0.9501804779455227,1
-0.0860187417814905,0.7715308156211609,-0.4603426899921905,0.94888916479251,0.6472141244775409,1.4662944358135126,-0.5515265195690139,-1.0865934650343947,-0.4108240150088804,-0.5327421356483892,0.8637677229720243,1.3322589027320104,0.3430484256315009,-0.05859021713873188,1
0.5909678221910473,-1.2961245095504037,-1.2101097441769024,0.94888916479251,0.3559338205754572,0.10112039169638974,-1.191684425383539,-1.0865934650343947,1.6432960600355222,-1.0173729665685216,-0.026714465658928405,0.1273735901836806,-0.26055786532058617,0.8330000436680589,0
-0.9564300383176104,0.7715308156211609,0.2894243641925215,0.2079003033971988,-1.275235881276212,-0.24017311933289098,1.1022147371185091,0.920307393868181,-0.4108240150088804,1.078327923896916,0.8637677229720243,-1.0775117223646489,-0.17432839518457374,-0.9501804779455227,1
1.4613791187271672,0.7715308156211609,-0.21042033859728654,-1.2740774193934234,1.6084391273544174,0.7837074137549511,-1.6184563625932222,-1.0865934650343947,0.6162360225133209,-1.2924337084421105,-1.8076788429208337,0.1273735901836806,-0.9503936264086857,1.7245903044748498,0
-0.7630053057540283,-1.2961245095504037,0.3394088344715023,0.94888916479251,0.15203760784399858,0.10112039169638974,1.3156007057233507,0.920307393868181,-0.4108240150088804,1.5760568853824573,0.8637677229720243,-1.0775117223646489,0.17058948535947602,-0.9501804779455227,1
0.10740599078209173,0.7715308156211609,0.08948648307659827,0.94888916479251,0.6763421548677493,-0.24017311933289098,0.4087103391527736,-1.0865934650343947,1.6432960600355222,0.2924400899723767,-0.026714465658928405,-1.0775117223646489,-0.0018694549125488533,-0.05859021713873188,1
-1.3432795034447749,0.7715308156211609,1.189144829214176,0.2079003033971988,-1.4063120180321496,-0.5814666303621717,-0.7649124881738556,0.920307393868181,-0.4108240150088804,-0.7947047469565689,0.8637677229720243,1.3322589027320104,-0.6917052160006484,-0.9501804779455227,0
0.8811049210364206,-1.2961245095504037,1.8389429428409263,-0.5330885579981124,0.4433179117460823,1.4662944358135126,-1.0316449489299078,-1.0865934650343947,-1.4378840525310816,-0.9780785748722948,-0.9171966542898811,0.1273735901836806,0.6017368360395382,-0.05859021713873188,1
-0.6662929394722371,0.7715308156211609,-0.8102339819450561,-2.0150662807887345,-0.5470351215210024,0.44241390272567044,0.9421752606648778,0.920307393868181,-0.4108240150088804,0.8556597042849632,0.8637677229720243,-1.0775117223646489,2.153867298487762,-0.05859021713873188,0
1.1712420198817939,0.7715308156211609,1.5890205914460223,-1.2740774193934234,1.3754148842327503,0.7837074137549511,-1.458416886139591,-1.0865934650343947,0.6162360225133209,-1.2138449250496566,-1.8076788429208337,0.1273735901836806,-0.7779346861366608,1.7245903044748498,1
-0.47286820690865494,-1.2961245095504037,1.3890827103300991,0.94888916479251,0.3268057901852488,0.10112039169638974,0.5154033234551945,0.920307393868181,-0.4108240150088804,0.18765504544910497,0.8637677229720243,1.3322589027320104,0.25681895549548844,-0.9501804779455227,1
0.39754308962746504,0.7715308156211609,1.7389740022829647,0.94888916479251,0.3268057901852488,1.4662944358135126,-0.5515265195690139,-1.0865934650343947,1.6432960600355222,-0.6244290496062522,-0.026714465658928405,1.3322589027320104,-0.26055786532058617,0.8330000436680589,0
-1.2465671371629838,0.7715308156211609,-0.7602495116660754,0.2079003033971988,-1.3917480028370453,-1.6053471634500138,1.2622542135721402,0.920307393868181,-0.4108240150088804,1.5105662325554123,0.8637677229720243,-1.0775117223646489,-0.6054757458646359,-0.9501804779455227,1
1.0745296536000029,-1.2961245095504037,1.0891758886562142,-1.2740774193934234,1.2297747322817085,-1.6053471634500138,-1.2450309175347494,-1.0865934650343947,-1.4378840525310816,-1.1352561416572025,-0.9171966542898811,0.1273735901836806,-0.6917052160006484,1.7245903044748498,0
-0.2794434743450727,0.7715308156211609,-0.9102029225030177,0.94888916479251,0.5598300333069158,-1.264053652420733,0.7821357842112465,0.920307393868181,-0.4108240150088804,0.5282064401497385,0.8637677229720243,-1.0775117223646489,0.5155073659035257,-0.05859021713873188,1
-1.0531424045994016,-1.2961245095504037,1.5390361211670416,0.2079003033971988,-1.289799896471316,1.4662944358135126,0.6754427999088257,0.920307393868181,0.6162360225133209,0.8949540959811902,-1.8076788429208337,-1.0775117223646489,-0.26055786532058617,-0.9501804779455227,1
0.20411835706388284,0.7715308156211609,0.6393156561453871,0.94888916479251,0.7637262460383745,-0.24017311933289098,-0.7649124881738556,-1.0865934650343947,-0.4108240150088804,-0.768508485825751,0.8637677229720243,1.3322589027320104,0.08436001522346359,-0.05859021713873188,0
-1.1498547708811926,0.7715308156211609,-0.2604048088762673,0.2079003033971988,-1.3626199724468369,-0.5814666303621717,-1.1383379332323285,0.920307393868181,1.6432960600355222,-1.0697654888301575,-0.026714465658928405,0.1273735901836806,-0.5192462757286235,-0.9501804779455227,1
0.9778172873182117,-1.2961245095504037,0.4393777750294639,-0.5330885579981124,0.501573972526499,0.10112039169638974,1.1555612292697195,-1.0865934650343947,-0.4108240150088804,1.3009961435088684,0.8637677229720243,-1.0775117223646489,0.6879663061755507,-0.05859021713873188,0
-0.5695805731904461,0.7715308156211609,-1.609985506408749,-2.0150662807887345,-0.4887790607405857,-0.9227601413914523,0.19532437054793192,0.920307393868181,-1.4378840525310816,-0.048111304728256865,-0.9171966542898811,1.3322589027320104,2.326326238759787,-0.05859021713873188,1
-0.1827311080632816,-1.2961245095504037,-0.010482457481363327,0.94888916479251,0.4724459421362907,-0.5814666303621717,-0.4448335352665931,0.920307393868181,-0.4108240150088804,-0.4934477439521624,0.8637677229720243,1.3322589027320104,0.17058948535947602,-0.9501804779455227,1
1.2679543861635851,0.7715308156211609,0.4393777750294639,-1.2740774193934234,1.433670945013167,0.10112039169638974,-1.0316449489299078,-1.0865934650343947,1.6432960600355222,-0.9911767054377038,-0.026714465658928405,0.1273735901836806,-0.8641641562726733,1.7245903044748498,0
-0.9564300383176104,0.7715308156211609,0.7892690669823295,0.2079003033971988,-1.289799896471316,-1.6053471634500138,1.1022147371185091,0.920307393868181,-0.4108240150088804,1.1045241850277336,0.8637677229720243,-1.0775117223646489,-0.26055786532058617,-0.9501804779455227,1
0.4942554559092562,-1.2961245095504037,-0.11045139803932492,0.94888916479251,0.3850618509656656,0.10112039169638974,-1.5651098704420119,-1.0865934650343947,0.6162360225133209,-1.2269430556150656,-1.8076788429208337,0.1273735901836806,-0.17432839518457374,0.8330000436680589,0
-0.7630053057540283,0.7715308156211609,-0.4603426899921905,0.94888916479251,0.06465351667337345,1.4662944358135126,1.368947197874561,0.920307393868181,-0.4108240150088804,1.6546456687749114,0.8637677229720243,-1.0775117223646489,0.6017368360395382,-0.9501804779455227,1
-1.3432795034447749,0.7715308156211609,-0.6102961008291329,0.2079003033971988,-1.4208760332272536,1.1250009247842319,0.3553638470015632,0.920307393868181,1.6432960600355222,0.09596813149124192,-0.026714465658928405,1.3322589027320104,-0.7779346861366608,-0.9501804779455227,1
0.6876801884728384,-1.2961245095504037,-0.41035821971320974,-0.5330885579981124,0.4141898813558739,0.7837074137549511,-0.8716054724762764,-1.0865934650343947,-0.4108240150088804,-0.8470972692182049,0.8637677229720243,1.3322589027320104,0.5155073659035257,-0.05859021713873188,0
-0.47286820690865494,0.7715308156211609,0.3394088344715023,0.94888916479251,0.501573972526499,0.10112039169638974,-0.9782984567786973,0.920307393868181,-1.4378840525310816,-0.9649804443068858,-0.9171966542898811,0.1273735901836806,0.42927789576751335,-0.9501804779455227,1
-1.1498547708811926,-1.2961245095504037,0.9892069480982527,0.2079003033971988,-1.3626199724468369,-0.5814666303621717,0.9955217528160882,0.920307393868181,-0.4108240150088804,0.8687578348503723,0.8637677229720243,-1.0775117223646489,-0.5192462757286235,-0.9501804779455227,0
1.1712420198817939,0.7715308156211609,-0.3103892791552481,-1.2740774193934234,1.288030793062125,0.7837074137549511,-1.4050703939883806,-1.0865934650343947,0.6162360225133209,-1.1876486639188384,-1.8076788429208337,0.1273735901836806,-0.6917052160006484,1.7245903044748498,1
-0.5695805731904461,-1.2961245095504037,0.889238007540291,0.94888916479251,0.29767775979504046,-1.6053471634500138,0.462056831303984,0.920307393868181,-0.4108240150088804,0.22694943714533178,0.8637677229720243,-1.0775117223646489,0.3430484256315009,-0.9501804779455227,1
0.010693624500300621,0.7715308156211609,-1.2600942144558833,0.94888916479251,0.7054701852579577,1.1250009247842319,-0.6048730117202243,-1.0865934650343947,1.6432960600355222,-0.5851346579100252,-0.026714465658928405,1.3322589027320104,0.08436001522346359,-0.05859021713873188,0
-1.4399918697265661,0.7715308156211609,-0.16043586831830572,0.2079003033971988,-1.435440048422358,-0.24017311933289098,1.3156007057233507,0.920307393868181,-0.4108240150088804,1.5367624936862303,0.8637677229720243,-1.0775117223646489,-0.8641641562726733,-0.9501804779455227,1
0.7843925547546295,-1.2961245095504037,1.7889584725619454,-1.2740774193934234,1.113262610720875,1.4662944358135126,-1.2450309175347494,-1.0865934650343947,-1.4378840525310816,-1.1090598805263847,-0.9171966542898811,0.1273735901836806,-0.6054757458646359,1.7245903044748498,0
-0.8597176720358194,0.7715308156211609,-0.9102029225030177,-2.0150662807887345,-0.5761631519112108,-1.264053652420733,0.835482276362457,0.920307393868181,-0.4108240150088804,0.5675008318459656,0.8637677229720243,-1.0775117223646489,2.153867298487762,-0.05859021713873188,1
0.30083072334567396,-1.2961245095504037,-1.609985506408749,0.94888916479251,0.5307020029167074,-0.9227601413914523,0.6754427999088257,-1.0865934650343947,0.6162360225133209,0.9342484876774173,-1.8076788429208337,-1.0775117223646489,-0.08809892504856129,0.8330000436680589,1
-1.2465671371629838,0.7715308156211609,-0.8602184522240369,0.2079003033971988,-1.3771839876419412,-0.5814666303621717,-0.818258980325066,0.920307393868181,-0.4108240150088804,-0.78160661639116,0.8637677229720243,1.3322589027320104,-0.6054757458646359,-0.9501804779455227,0
0.9778172873182117,0.7715308156211609,-1.0101718630609793,-0.5330885579981124,0.4724459421362907,-1.6053471634500138,-1.0849914410811181,-1.0865934650343947,1.6432960600355222,-1.0042748360031128,-0.026714465658928405,0.1273735901836806,0.6879663061755507,-0.05859021713873188,1
-0.3761558406268638,-1.2961245095504037,-1.1101408036189409,0.94888916479251,0.26854972940483207,0.44241390272567044,1.2089077214209298,0.920307393868181,-0.4108240150088804,1.4057811880321405,0.8637677229720243,-1.0775117223646489,0.3430484256315009,-0.9501804779455227,0
-1.5367042360083571,0.7715308156211609,-1.4600320955718065,0.2079003033971988,-1.450004063617462,1.1250009247842319,0.19532437054793192,0.920307393868181,-1.4378840525310816,-0.008816913032029817,-0.9171966542898811,1.3322589027320104,-1.036623096544698,-0.9501804779455227,1
-0.0860187417814905,0.7715308156211609,-0.4603426899921905,0.94888916479251,0.6472141244775409,1.4662944358135126,-0.4981800274178035,-1.0865934650343947,-0.4108240150088804,-0.5196440050829803,0.8637677229720243,1.3322589027320104,0.3430484256315009,-0.05859021713873188,1
0.5909678221910473,-1.2961245095504037,-1.2101097441769024,0.94888916479251,0.3559338205754572,0.10112039169638974,-1.0316449489299078,-1.0865934650343947,1.6432960600355222,-0.9780785748722948,-0.026714465658928405,0.1273735901836806,-0.26055786532058617,0.8330000436680589,0
-0.9564300383176104,0.7715308156211609,0.2894243641925215,0.2079003033971988,-1.275235881276212,-0.24017311933289098,1.0488682449672986,0.920307393868181,-0.4108240150088804,1.078327923896916,0.8637677229720243,-1.0775117223646489,-0.17432839518457374,-0.9501804779455227,1
1.4613791187271672,0.7715308156211609,-0.21042033859728654,-1.2740774193934234,1.6084391273544174,0.7837074137549511,-1.5651098704420119,-1.0865934650343947,0.6162360225133209,-1.2662374473112923,-1.8076788429208337,0.1273735901836806,-0.9503936264086857,1.7245903044748498,0
-0.7630053057540283,-1.2961245095504037,0.3394088344715023,0.94888916479251,0.15203760784399858,0.10112039169638974,1.3156007057233507,0.920307393868181,-0.4108240150088804,1.6415475382095022,0.8637677229720243,-1.0775117223646489,0.17058948535947602,-0.9501804779455227,1
0.10740599078209173,0.7715308156211609,0.08948648307659827,0.94888916479251,0.6763421548677493,-0.24017311933289098,0.4087103391527736,-1.0865934650343947,1.6432960600355222,0.16145878431828686,-0.026714465658928405,1.3322589027320104,-0.0018694549125488533,-0.05859021713873188,1
-1.3432795034447749,0.7715308156211609,1.189144829214176,0.2079003033971988,-1.4063120180321496,-0.5814666303621717,-0.818258980325066,0.920307393868181,-0.4108240150088804,-0.7947047469565689,0.8637677229720243,1.3322589027320104,-0.6917052160006484,-0.9501804779455227,0
0.8811049210364206,-1.2961245095504037,1.8389429428409263,-0.5330885579981124,0.4433179117460823,1.4662944358135126,-0.9782984567786973,-1.0865934650343947,-1.4378840525310816,-0.9518823137414768,-0.9171966542898811,0.1273735901836806,0.6017368360395382,-0.05859021713873188,1
-0.6662929394722371,0.7715308156211609,-0.8102339819450561,-2.0150662807887345,-0.5470351215210024,0.44241390272567044,0.9421752606648778,0.920307393868181,-0.4108240150088804,0.842561573719554,0.8637677229720243,-1.0775117223646489,2.153867298487762,-0.05859021713873188,0
1.1712420198817939,0.7715308156211609,1.5890205914460223,-1.2740774193934234,1.3754148842327503,0.7837074137549511,-1.4050703939883806,-1.0865934650343947,0.6162360225133209,-1.1745505333534296,-1.8076788429208337,0.1273735901836806,-0.7779346861366608,1.7245903044748498,1
-0.47286820690865494,-1.2961245095504037,1.3890827103300991,0.94888916479251,0.3268057901852488,0.10112039169638974,0.5154033234551945,0.920307393868181,-0.4108240150088804,0.7246783986308734,0.8637677229720243,-1.0775117223646489,0.25681895549548844,-0.9501804779455227,1
0.39754308962746504,0.7715308156211609,1.7389740022829647,0.94888916479251,0.3268057901852488,1.4662944358135126,-0.7115659960226451,-1.0865934650343947,1.6432960600355222,-0.6637234413024791,-0.026714465658928405,1.3322589027320104,-0.26055786532058617,0.8330000436680589,0
-1.2465671371629838,0.7715308156211609,-0.7602495116660754,0.2079003033971988,-1.3917480028370453,-1.6053471634500138,1.1022147371185091,0.920307393868181,-0.4108240150088804,1.1176223155931428,0.8637677229720243,-1.0775117223646489,-0.6054757458646359,-0.9501804779455227,1
1.0745296536000029,-1.2961245095504037,1.0891758886562142,-1.2740774193934234,1.2297747322817085,-1.6053471634500138,-1.3517239018371703,-1.0865934650343947,-1.4378840525310816,-1.1745505333534296,-0.9171966542898811,0.1273735901836806,-0.6917052160006484,1.7245903044748498,0
-0.2794434743450727,0.7715308156211609,-0.9102029225030177,0.94888916479251,0.5598300333069158,-1.264053652420733,1.368947197874561,0.920307393868181,-0.4108240150088804,1.5105662325554123,0.8637677229720243,-1.0775117223646489,0.5155073659035257,-0.05859021713873188,1
-1.0531424045994016,-1.2961245095504037,1.5390361211670416,0.2079003033971988,-1.289799896471316,1.4662944358135126,-0.4981800274178035,0.920307393868181,0.6162360225133209,-0.45415335225593534,-1.8076788429208337,1.3322589027320104,-0.26055786532058617,-0.9501804779455227,1
0.20411835706388284,0.7715308156211609,0.6393156561453871,0.94888916479251,0.7637262460383745,-0.24017311933289098,0.6754427999088257,-1.0865934650343947,-0.4108240150088804,0.9211503571120081,0.8637677229720243,-1.0775117223646489,0.08436001522346359,-0.05859021713873188,0
-1.1498547708811926,0.7715308156211609,-0.2604048088762673,0.2079003033971988,-1.3626199724468369,-0.5814666303621717,-0.5515265195690139,0.920307393868181,1.6432960600355222,-0.6899197024332971,-0.026714465658928405,0.1273735901836806,-0.5192462757286235,-0.9501804779455227,1
0.9778172873182117,-1.2961245095504037,0.4393777750294639,-0.5330885579981124,0.501573972526499,0.10112039169638974,0.835482276362457,-1.0865934650343947,-0.4108240150088804,0.7115802680654641,0.8637677229720243,-1.0775117223646489,0.6879663061755507,-0.05859021713873188,0
-0.5695805731904461,0.7715308156211609,-1.609985506408749,-2.0150662807887345,-0.4887790607405857,-0.9227601413914523,-1.6184563625932222,0.920307393868181,-1.4378840525310816,-1.3448262307037464,-0.9171966542898811,0.1273735901836806,2.326326238759787,-0.05859021713873188,1
-0.1827311080632816,-1.2961245095504037,-0.010482457481363327,0.94888916479251,0.4724459421362907,-0.5814666303621717,0.24867086269914235,0.920307393868181,-0.4108240150088804,0.43651952619187573,0.8637677229720243,-1.0775117223646489,0.17058948535947602,-0.9501804779455227,1
1.2679543861635851,0.7715308156211609,0.4393777750294639,-1.2740774193934234,1.433670945013167,0.10112039169638974,-0.7649124881738556,-1.0865934650343947,1.6432960600355222,-0.833999138652796,-0.026714465658928405,1.3322589027320104,-0.8641641562726733,1.7245903044748498,0
-0.9564300383176104,0.7715308156211609,0.7892690669823295,0.2079003033971988,-1.289799896471316,-1.6053471634500138,1.2089077214209298,0.920307393868181,-0.4108240150088804,1.2878980129434598,0.8637677229720243,-1.0775117223646489,-0.26055786532058617,-0.9501804779455227,1
0.4942554559092562,-1.2961245095504037,-0.11045139803932492,0.94888916479251,0.3850618509656656,0.10112039169638974,-1.2450309175347494,-1.0865934650343947,0.6162360225133209,-1.1090598805263847,-1.8076788429208337,0.1273735901836806,-0.17432839518457374,0.8330000436680589,0
-0.7630053057540283,0.7715308156211609,-0.4603426899921905,0.94888916479251,0.06465351667337345,1.4662944358135126,1.368947197874561,0.920307393868181,-0.4108240150088804,1.6415475382095022,0.8637677229720243,-1.0775117223646489,0.6017368360395382,-0.9501804779455227,1
-1.3432795034447749,0.7715308156211609,-0.6102961008291329,0.2079003033971988,-1.4208760332272536,1.1250009247842319,0.5687498156064048,0.920307393868181,1.6432960600355222,-0.21838700207857353,-0.026714465658928405,1.3322589027320104,-0.7779346861366608,-0.9501804779455227,1
0.6876801884728384,-1.2961245095504037,-0.41035821971320974,-0.5330885579981124,0.4141898813558739,0.7837074137549511,-0.6048730117202243,-1.0865934650343947,-0.4108240150088804,-0.5720365273446163,0.8637677229720243,1.3322589027320104,0.5155073659035257,-0.05859021713873188,0
-0.47286820690865494,0.7715308156211609,0.3394088344715023,0.94888916479251,0.501573972526499,0.10112039169638974,-1.0849914410811181,0.920307393868181,-1.4378840525310816,-1.0435692276993398,-0.9171966542898811,0.1273735901836806,0.42927789576751335,-0.9501804779455227,1
-1.1498547708811926,-1.2961245095504037,0.9892069480982527,0.2079003033971988,-1.3626199724468369,-0.5814666303621717,1.0488682449672986,0.920307393868181,-0.4108240150088804,0.947346618242826,0.8637677229720243,-1.0775117223646489,-0.5192462757286235,-0.9501804779455227,0
1.1712420198817939,0.7715308156211609,-0.3103892791552481,-1.2740774193934234,1.288030793062125,0.7837074137549511,-1.5651098704420119,-1.0865934650343947,0.6162360225133209,-1.2531393167458833,-1.8076788429208337,0.1273735901836806,-0.6917052160006484,1.7245903044748498,1
-0.5695805731904461,-1.2961245095504037,0.889238007540291,0.94888916479251,0.29767775979504046,-1.6053471634500138,0.30201735485035275,0.920307393868181,-0.4108240150088804,-0.07430756585907475,0.8637677229720243,1.3322589027320104,0.3430484256315009,-0.9501804779455227,1
0.010693624500300621,0.7715308156211609,-1.2600942144558833,0.94888916479251,0.7054701852579577,1.1250009247842319,-0.3381405509641722,-1.0865934650343947,1.6432960600355222,-0.4279570911251175,-0.026714465658928405,1.3322589027320104,0.08436001522346359,-0.05859021713873188,0
-1.4399918697265661,0.7715308156211609,-0.16043586831830572,0.2079003033971988,-1.435440048422358,-0.24017311933289098,1.4222936900257714,0.920307393868181,-0.4108240150088804,1.6677437993403201,0.8637677229720243,-1.0775117223646489,-0.8641641562726733,-0.9501804779455227,1
0.7843925547546295,-1.2961245095504037,1.7889584725619454,-1.2740774193934234,1.113262610720875,1.4662944358135126,-1.2983774096859597,-1.0865934650343947,-1.4378840525310816,-1.1745505333534296,-0.9171966542898811,0.1273735901836806,-0.6054757458646359,1.7245903044748498,0
-0.8597176720358194,0.7715308156211609,-0.9102029225030177,-2.0150662807887345,-0.5761631519112108,-1.264053652420733,0.8888287685136673,0.920307393868181,-0.4108240150088804,0.5936970929767834,0.8637677229720243,-1.0775117223646489,2.153867298487762,-0.05859021713873188,1
0.30083072334567396,-1.2961245095504037,-1.609985506408749,0.94888916479251,0.5307020029167074,-0.9227601413914523,0.6220963077576153,-1.0865934650343947,0.6162360225133209,0.7770709208925091,-1.8076788429208337,-1.0775117223646489,-0.08809892504856129,0.8330000436680589,1
-1.2465671371629838,0.7715308156211609,-0.8602184522240369,0.2079003033971988,-1.3771839876419412,-0.5814666303621717,-0.7115659960226451,0.920307393868181,-0.4108240150088804,-0.742312224694933,0.8637677229720243,1.3322589027320104,-0.6054757458646359,-0.9501804779455227,0
0.9778172873182117,0.7715308156211609,-1.0101718630609793,-0.5330885579981124,0.4724459421362907,-1.6053471634500138,-1.3517239018371703,-1.0865934650343947,1.6432960600355222,-1.2007467944842474,-0.026714465658928405,0.1273735901836806,0.6879663061755507,-0.05859021713873188,1
-0.3761558406268638,-1.2961245095504037,-1.1101408036189409,0.94888916479251,0.26854972940483207,0.44241390272567044,1.2089077214209298,0.920307393868181,-0.4108240150088804,1.3402905352050956,0.8637677229720243,-1.0775117223646489,0.3430484256315009,-0.9501804779455227,0
-1.5367042360083571,0.7715308156211609,-1.4600320955718065,0.2079003033971988,-1.450004063617462,1.1250009247842319,0.14197787839672152,0.920307393868181,-1.4378840525310816,0.030477478664197,-0.9171966542898811,1.3322589027320104,-1.036623096544698,-0.9501804779455227,1
-0.0860187417814905,0.7715308156211609,-0.4603426899921905,0.94888916479251,0.6472141244775409,1.4662944358135126,-0.5515265195690139,-1.0865934650343947,-0.4108240150088804,-0.5327421356483892,0.8637677229720243,1.3322589027320104,0.3430484256315009,-0.05859021713873188,1
0.5909678221910473,-1.2961245095504037,-1.2101097441769024,0.94888916479251,0.3559338205754572,0.10112039169638974,-1.191684425383539,-1.0865934650343947,1.6432960600355222,-1.0173729665685216,-0.026714465658928405,0.1273735901836806,-0.26055786532058617,0.8330000436680589,0
-0.9564300383176104,0.7715308156211609,0.2894243641925215,0.2079003033971988,-1.275235881276212,-0.24017311933289098,1.1022147371185091,0.920307393868181,-0.4108240150088804,1.078327923896916,0.8637677229720243,-1.0775117223646489,-0.17432839518457374,-0.9501804779455227,1
1.4613791187271672,0.7715308156211609,-0.21042033859728654,-1.2740774193934234,1.6084391273544174,0.7837074137549511,-1.6184563625932222,-1.0865934650343947,0.6162360225133209,-1.2924337084421105,-1.8076788429208337,0.1273735901836806,-0.9503936264086857,1.7245903044748498,0
-0.7630053057540283,-1.2961245095504037,0.3394088344715023,0.94888916479251,0.15203760784399858,0.10112039169638974,1.3156007057233507,0.920307393868181,-0.4108240150088804,1.5760568853824573,0.8637677229720243,-1.0775117223646489,0.17058948535947602,-0.9501804779455227,1
0.10740599078209173,0.7715308156211609,0.08948648307659827,0.94888916479251,0.6763421548677493,-0.24017311933289098,0.4087103391527736,-1.0865934650343947,1.6432960600355222,0.2924400899723767,-0.026714465658928405,-1.0775117223646489,-0.0018694549125488533,-0.05859021713873188,1
-1.3432795034447749,0.7715308156211609,1.189144829214176,0.2079003033971988,-1.4063120180321496,-0.5814666303621717,-0.7649124881738556,0.920307393868181,-0.4108240150088804,-0.7947047469565689,0.8637677229720243,1.3322589027320104,-0.6917052160006484,-0.9501804779455227,0
0.8811049210364206,-1.2961245095504037,1.8389429428409263,-0.5330885579981124,0.4433179117460823,1.4662944358135126,-1.0316449489299078,-1.0865934650343947,-1.4378840525310816,-0.9780785748722948,-0.9171966542898811,0.1273735901836806,0.6017368360395382,-0.05859021713873188,1
-0.6662929394722371,0.7715308156211609,-0.8102339819450561,-2.0150662807887345,-0.5470351215210024,0.44241390272567044,0.9421752606648778,0.920307393868181,-0.4108240150088804,0.8556597042849632,0.8637677229720243,-1.0775117223646489,2.153867298487762,-0.05859021713873188,0
1.1712420198817939,0.7715308156211609,1.5890205914460223,-1.2740774193934234,1.3754148842327503,0.7837074137549511,-1.458416886139591,-1.0865934650343947,0.6162360225133209,-1.2138449250496566,-1.8076788429208337,0.1273735901836806,-0.7779346861366608,1.7245903044748498,1
-0.47286820690865494,-1.2961245095504037,1.3890827103300991,0.94888916479251,0.3268057901852488,0.10112039169638974,0.5687498156064048,0.920307393868181,-0.4108240150088804,0.7639727903271003,0.8637677229720243,-1.0775117223646489,0.25681895549548844,-0.9501804779455227,1
0.39754308962746504,0.7715308156211609,1.7389740022829647,0.94888916479251,0.3268057901852488,1.4662944358135126,-0.6582195038714348,-1.0865934650343947,1.6432960600355222,-0.6506253107370701,-0.026714465658928405,1.3322589027320104,-0.26055786532058617,0.8330000436680589,0
-1.2465671371629838,0.7715308156211609,-0.7602495116660754,0.2079003033971988,-1.3917480028370453,-1.6053471634500138,1.1555612292697195,0.920307393868181,-0.4108240150088804,1.130720446158552,0.8637677229720243,-1.0775117223646489,-0.6054757458646359,-0.9501804779455227,1
1.0745296536000029,-1.2961245095504037,1.0891758886562142,-1.2740774193934234,1.2297747322817085,-1.6053471634500138,-1.2983774096859597,-1.0865934650343947,-1.4378840525310816,-1.1614524027880206,-0.9171966542898811,0.1273735901836806,-0.6917052160006484,1.7245903044748498,0
-0.2794434743450727,0.7715308156211609,-0.9102029225030177,0.94888916479251,0.5598300333069158,-1.264053652420733,1.4222936900257714,0.920307393868181,-0.4108240150088804,1.5236643631208215,0.8637677229720243,-1.0775117223646489,0.5155073659035257,-0.05859021713873188,1
-1.0531424045994016,-1.2961245095504037,1.5390361211670416,0.2079003033971988,-1.289799896471316,1.4662944358135126,-0.4448335352665931,0.920307393868181,0.6162360225133209,-0.4410552216905264,-1.8076788429208337,1.3322589027320104,-0.26055786532058617,-0.9501804779455227,1
0.20411835706388284,0.7715308156211609,0.6393156561453871,0.94888916479251,0.7637262460383745,-0.24017311933289098,0.7287892920600361,-1.0865934650343947,-0.4108240150088804,0.947346618242826,0.8637677229720243,-1.0775117223646489,0.08436001522346359,-0.05859021713873188,0
-1.1498547708811926,0.7715308156211609,-0.2604048088762673,0.2079003033971988,-1.3626199724468369,-0.5814666303621717,-0.4981800274178035,0.920307393868181,1.6432960600355222,-0.676821571867888,-0.026714465658928405,0.1273735901836806,-0.5192462757286235,-0.9501804779455227,1
0.9778172873182117,-1.2961245095504037,0.4393777750294639,-0.5330885579981124,0.501573972526499,0.10112039169638974,0.8888287685136673,-1.0865934650343947,-0.4108240150088804,0.7246783986308734,0.8637677229720243,-1.0775117223646489,0.6879663061755507,-0.05859021713873188,0
-0.5695805731904461,0.7715308156211609,-1.609985506408749,-2.0150662807887345,-0.4887790607405857,-0.9227601413914523,-1.5651098704420119,0.920307393868181,-1.4378840525310816,-1.3317281001383372,-0.9171966542898811,0.1273735901836806,2.326326238759787,-0.05859021713873188,1
-0.1827311080632816,-1.2961245095504037,-0.010482457481363327,0.94888916479251,0.4724459421362907,-0.5814666303621717,0.30201735485035275,0.920307393868181,-0.4108240150088804,0.44961765675728443,0.8637677229720243,-1.0775117223646489,0.17058948535947602,-0.9501804779455227,1
1.2679543861635851,0.7715308156211609,0.4393777750294639,-1.2740774193934234,1.433670945013167,0.10112039169638974,-0.7115659960226451,-1.0865934650343947,1.6432960600355222,-0.820901008087387,-0.026714465658928405,1.3322589027320104,-0.8641641562726733,1.7245903044748498,0
-0.9564300383176104,0.7715308156211609,0.7892690669823295,0.2079003033971988,-1.289799896471316,-1.6053471634500138,1.2622542135721402,0.920307393868181,-0.4108240150088804,1.3009961435088684,0.8637677229720243,-1.0775117223646489,-0.26055786532058617,-0.9501804779455227,1
0.4942554559092562,-1.2961245095504037,-0.11045139803932492,0.94888916479251,0.3850618509656656,0.10112039169638974,-1.191684425383539,-1.0865934650343947,0.6162360225133209,-1.0959617499609757,-1.8076788429208337,0.1273735901836806,-0.17432839518457374,0.8330000436680589,0
-0.7630053057540283,0.7715308156211609,-0.4603426899921905,0.94888916479251,0.06465351667337345,1.4662944358135126,1.4222936900257714,0.920307393868181,-0.4108240150088804,1.6677437993403201,0.8637677229720243,-1.0775117223646489,0.6017368360395382,-0.9501804779455227,1
-1.3432795034447749,0.7715308156211609,-0.6102961008291329,0.2079003033971988,-1.4208760332272536,1.1250009247842319,0.6220963077576153,0.920307393868181,1.6432960600355222,-0.2052888715131646,-0.026714465658928405,1.3322589027320104,-0.7779346861366608,-0.9501804779455227,1
0.6876801884728384,-1.2961245095504037,-0.41035821971320974,-0.5330885579981124,0.4141898813558739,0.7837074137549511,-0.5515265195690139,-1.0865934650343947,-0.4108240150088804,-0.5589383967792073,0.8637677229720243,1.3322589027320104,0.5155073659035257,-0.05859021713873188,0
-0.47286820690865494,0.7715308156211609,0.3394088344715023,0.94888916479251,0.501573972526499,0.10112039169638974,-1.0316449489299078,0.920307393868181,-1.4378840525310816,-1.0304710971339308,-0.9171966542898811,0.1273735901836806,0.42927789576751335,-0.9501804779455227,1
-1.1498547708811926,-1.2961245095504037,0.9892069480982527,0.2079003033971988,-1.3626199724468369,-0.5814666303621717,1.1022147371185091,0.920307393868181,-0.4108240150088804,0.9604447488082352,0.8637677229720243,-1.0775117223646489,-0.5192462757286235,-0.9501804779455227,0
1.1712420198817939,0.7715308156211609,-0.3103892791552481,-1.2740774193934234,1.288030793062125,0.7837074137549511,-1.5117633782908015,-1.0865934650343947,0.6162360225133209,-1.2400411861804745,-1.8076788429208337,0.1273735901836806,-0.6917052160006484,1.7245903044748498,1
-0.5695805731904461,-1.2961245095504037,0.889238007540291,0.94888916479251,0.29767775979504046,-1.6053471634500138,0.3553638470015632,0.920307393868181,-0.4108240150088804,-0.061209435293665806,0.8637677229720243,1.3322589027320104,0.3430484256315009,-0.9501804779455227,1
0.010693624500300621,0.7715308156211609,-1.2600942144558833,0.94888916479251,0.7054701852579577,1.1250009247842319,-0.2847940588129618,-1.0865934650343947,1.6432960600355222,-0.41485896055970833,-0.026714465658928405,1.3322589027320104,0.08436001522346359,-0.05859021713873188,0
-1.4399918697265661,0.7715308156211609,-0.16043586831830572,0.2079003033971988,-1.435440048422358,-0.24017311933289098,1.4222936900257714,0.920307393868181,-0.4108240150088804,1.6808419299057293,0.8637677229720243,-1.0775117223646489,-0.8641641562726733,-0.9501804779455227,1
0.7843925547546295,-1.2961245095504037,1.7889584725619454,-1.2740774193934234,1.113262610720875,1.4662944358135126,-1.2450309175347494,-1.0865934650343947,-1.4378840525310816,-1.1614524027880206,-0.9171966542898811,0.1273735901836806,-0.6054757458646359,1.7245903044748498,0
-0.8597176720358194,0.7715308156211609,-0.9102029225030177,-2.0150662807887345,-0.5761631519112108,-1.264053652420733,0.9421752606648778,0.920307393868181,-0.4108240150088804,0.6067952235421926,0.8637677229720243,-1.0775117223646489,2.153867298487762,-0.05859021713873188,1
0.30083072334567396,-1.2961245095504037,-1.609985506408749,0.94888916479251,0.5307020029167074,-0.9227601413914523,0.6754427999088257,-1.0865934650343947,0.6162360225133209,0.7901690514579183,-1.8076788429208337,-1.0775117223646489,-0.08809892504856129,0.8330000436680589,1
-1.2465671371629838,0.7715308156211609,-0.8602184522240369,0.2079003033971988,-1.3771839876419412,-0.5814666303621717,-0.6582195038714348,0.920307393868181,-0.4108240150088804,-0.729214094129524,0.8637677229720243,1.3322589027320104,-0.6054757458646359,-0.9501804779455227,0
0.9778172873182117,0.7715308156211609,-1.0101718630609793,-0.5330885579981124,0.4724459421362907,-1.6053471634500138,-1.2983774096859597,-1.0865934650343947,1.6432960600355222,-1.1876486639188384,-0.026714465658928405,0.1273735901836806,0.6879663061755507,-0.05859021713873188,1
-0.3761558406268638,-1.2961245095504037,-1.1101408036189409,0.94888916479251,0.26854972940483207,0.44241390272567044,1.2622542135721402,0.920307393868181,-0.4108240150088804,1.3533886657705048,0.8637677229720243,-1.0775117223646489,0.3430484256315009,-0.9501804779455227,0
-1.5367042360083571,0.7715308156211609,-1.4600320955718065,0.2079003033971988,-1.450004063617462,1.1250009247842319,0.19532437054793192,0.920307393868181,-1.4378840525310816,0.04357560922960617,-0.9171966542898811,1.3322589027320104,-1.036623096544698,-0.9501804779455227,1
-0.0860187417814905,0.7715308156211609,-0.4603426899921905,0.94888916479251,0.6472141244775409,1.4662944358135126,-0.4981800274178035,-1.0865934650343947,-0.4108240150088804,-0.5196440050829803,0.8637677229720243,1.3322589027320104,0.3430484256315009,-0.05859021713873188,1
0.5909678221910473,-1.2961245095504037,-1.2101097441769024,0.94888916479251,0.3559338205754572,0.10112039169638974,-1.1383379332323285,-1.0865934650343947,1.6432960600355222,-1.0042748360031128,-0.026714465658928405,0.1273735901836806,-0.26055786532058617,0.8330000436680589,0
-0.9564300383176104,0.7715308156211609,0.2894243641925215,0.2079003033971988,-1.275235881276212,-0.24017311933289098,1.1555612292697195,0.920307393868181,-0.4108240150088804,1.0914260544623249,0.8637677229720243,-1.0775117223646489,-0.17432839518457374,-0.9501804779455227,1
1.4613791187271672,0.7715308156211609,-0.21042033859728654,-1.2740774193934234,1.6084391273544174,0.7837074137549511,-1.5651098704420119,-1.0865934650343947,0.6162360225133209,-1.2793355778767015,-1.8076788429208337,0.1273735901836806,-0.9503936264086857,1.7245903044748498,0
-0.7630053057540283,-1.2961245095504037,0.3394088344715023,0.94888916479251,0.15203760784399858,0.10112039169638974,1.368947197874561,0.920307393868181,-0.4108240150088804,1.5891550159478665,0.8637677229720243,-1.0775117223646489,0.17058948535947602,-0.9501804779455227,1
0.10740599078209173,0.7715308156211609,0.08948648307659827,0.94888916479251,0.6763421548677493,-0.24017311933289098,0.462056831303984,-1.0865934650343947,1.6432960600355222,0.3055382205377859,-0.026714465658928405,-1.0775117223646489,-0.0018694549125488533,-0.05859021713873188,1
-1.3432795034447749,0.7715308156211609,1.189144829214176,0.2079003033971988,-1.4063120180321496,-0.5814666303621717,-0.7115659960226451,0.920307393868181,-0.4108240150088804,-0.78160661639116,0.8637677229720243,1.3322589027320104,-0.6917052160006484,-0.9501804779455227,0
0.8811049210364206,-1.2961245095504037,1.8389429428409263,-0.5330885579981124,0.4433179117460823,1.4662944358135126,-0.9782984567786973,-1.0865934650343947,-1.4378840525310816,-0.9649804443068858,-0.9171966542898811,0.1273735901836806,0.6017368360395382,-0.05859021713873188,1
-0.6662929394722371,0.7715308156211609,-0.8102339819450561,-2.0150662807887345,-0.5470351215210024,0.44241390272567044,0.9955217528160882,0.920307393868181,-0.4108240150088804,0.8687578348503723,0.8637677229720243,-1.0775117223646489,2.153867298487762,-0.05859021713873188,0
1.1712420198817939,0.7715308156211609,1.5890205914460223,-1.2740774193934234,1.3754148842327503,0.7837074137549511,-1.4050703939883806,-1.0865934650343947,0.6162360225133209,-1.2007467944842474,-1.8076788429208337,0.1273735901836806,-0.7779346861366608,1.7245903044748498,1
-0.47286820690865494,-1.2961245095504037,1.3890827103300991,0.94888916479251,0.3268057901852488,0.10112039169638974,0.5687498156064048,0.920307393868181,-0.4108240150088804,0.2007531760145139,0.8637677229720243,1.3322589027320104,0.25681895549548844,-0.9501804779455227,1
0.39754308962746504,0.7715308156211609,1.7389740022829647,0.94888916479251,0.3268057901852488,1.4662944358135126,-0.4981800274178035,-1.0865934650343947,1.6432960600355222,-0.6113309190408431,-0.026714465658928405,1.3322589027320104,-0.26055786532058617,0.8330000436680589,0
-1.2465671371629838,0.7715308156211609,-0.7602495116660754,0.2079003033971988,-1.3917480028370453,-1.6053471634500138,1.3156007057233507,0.920307393868181,-0.4108240150088804,1.5367624936862303,0.8637677229720243,-1.0775117223646489,-0.6054757458646359,-0.9501804779455227,1
1.0745296536000029,-1.2961245095504037,1.0891758886562142,-1.2740774193934234,1.2297747322817085,-1.6053471634500138,-1.191684425383539,-1.0865934650343947,-1.4378840525310816,-1.1221580110917935,-0.9171966542898811,0.1273735901836806,-0.6917052160006484,1.7245903044748498,0
-0.2794434743450727,0.7715308156211609,-0.9102029225030177,0.94888916479251,0.5598300333069158,-1.264053652420733,0.835482276362457,0.920307393868181,-0.4108240150088804,0.5413045707151477,0.8637677229720243,-1.0775117223646489,0.5155073659035257,-0.05859021713873188,1
-1.0531424045994016,-1.2961245095504037,1.5390361211670416,0.2079003033971988,-1.289799896471316,1.4662944358135126,0.7287892920600361,0.920307393868181,0.6162360225133209,0.9080522265465989,-1.8076788429208337,-1.0775117223646489,-0.26055786532058617,-0.9501804779455227,1
0.20411835706388284,0.7715308156211609,0.6393156561453871,0.94888916479251,0.7637262460383745,-0.24017311933289098,-0.7115659960226451,-1.0865934650343947,-0.4108240150088804,-0.7554103552603421,0.8637677229720243,1.3322589027320104,0.08436001522346359,-0.05859021713873188,0
-1.1498547708811926,0.7715308156211609,-0.2604048088762673,0.2079003033971988,-1.3626199724468369,-0.5814666303621717,-1.0849914410811181,0.920307393868181,1.6432960600355222,-1.0566673582647486,-0.026714465658928405,0.1273735901836806,-0.5192462757286235,-0.9501804779455227,1
0.9778172873182117,-1.2961245095504037,0.4393777750294639,-0.5330885579981124,0.501573972526499,0.10112039169638974,1.2089077214209298,-1.0865934650343947,-0.4108240150088804,1.3140942740742776,0.8637677229720243,-1.0775117223646489,0.6879663061755507,-0.05859021713873188,0
-0.5695805731904461,0.7715308156211609,-1.609985506408749,-2.0150662807887345,-0.4887790607405857,-0.9227601413914523,0.24867086269914235,0.920307393868181,-1.4378840525310816,-0.035013174162847924,-0.9171966542898811,1.3322589027320104,2.326326238759787,-0.05859021713873188,1
-0.1827311080632816,-1.2961245095504037,-0.010482457481363327,0.94888916479251,0.4724459421362907,-0.5814666303621717,-0.3914870431153827,0.920307393868181,-0.4108240150088804,-0.48034961338675325,0.8637677229720243,1.3322589027320104,0.17058948535947602,-0.9501804779455227,1
1.2679543861635851,0.7715308156211609,0.4393777750294639,-1.2740774193934234,1.433670945013167,0.10112039169638974,-0.9782984567786973,-1.0865934650343947,1.6432960600355222,-0.9780785748722948,-0.026714465658928405,0.1273735901836806,-0.8641641562726733,1.7245903044748498,0
-0.9564300383176104,0.7715308156211609,0.7892690669823295,0.2079003033971988,-1.289799896471316,-1.6053471634500138,1.1555612292697195,0.920307393868181,-0.4108240150088804,1.1176223155931428,0.8637677229720243,-1.0775117223646489,-0.26055786532058617,-0.9501804779455227,1
0.4942554559092562,-1.2961245095504037,-0.11045139803932492,0.94888916479251,0.3850618509656656,0.10112039169638974,-1.5117633782908015,-1.0865934650343947,0.6162360225133209,-1.2138449250496566,-1.8076788429208337,0.1273735901836806,-0.17432839518457374,0.8330000436680589,0
-0.7630053057540283,0.7715308156211609,-0.4603426899921905,0.94888916479251,0.06465351667337345,1.4662944358135126,1.4222936900257714,0.920307393868181,-0.4108240150088804,1.6808419299057293,0.8637677229720243,-1.0775117223646489,0.6017368360395382,-0.9501804779455227,1
-1.3432795034447749,0.7715308156211609,-0.6102961008291329,0.2079003033971988,-1.4208760332272536,1.1250009247842319,0.4087103391527736,0.920307393868181,1.6432960600355222,0.1090662620566511,-0.026714465658928405,1.3322589027320104,-0.7779346861366608,-0.9501804779455227,1
0.6876801884728384,-1.2961245095504037,-0.41035821971320974,-0.5330885579981124,0.4141898813558739,0.7837074137549511,-0.818258980325066,-1.0865934650343947,-0.4108240150088804,-0.833999138652796,0.8637677229720243,1.3322589027320104,0.5155073659035257,-0.05859021713873188,0
-0.47286820690865494,0.7715308156211609,0.3394088344715023,0.94888916479251,0.501573972526499,0.10112039169638974,-0.9249519646274869,0.920307393868181,-1.4378840525310816,-0.9518823137414768,-0.9171966542898811,0.1273735901836806,0.42927789576751335,-0.9501804779455227,1
-1.1498547708811926,-1.2961245095504037,0.9892069480982527,0.2079003033971988,-1.3626199724468369,-0.5814666303621717,1.0488682449672986,0.920307393868181,-0.4108240150088804,0.8949540959811902,0.8637677229720243,-1.0775117223646489,-0.5192462757286235,-0.9501804779455227,0
1.1712420198817939,0.7715308156211609,-0.3103892791552481,-1.2740774193934234,1.288030793062125,0.7837074137549511,-1.3517239018371703,-1.0865934650343947,0.6162360225133209,-1.1745505333534296,-1.8076788429208337,0.1273735901836806,-0.6917052160006484,1.7245903044748498,1
-0.5695805731904461,-1.2961245095504037,0.889238007540291,0.94888916479251,0.29767775979504046,-1.6053471634500138,0.5154033234551945,0.920307393868181,-0.4108240150088804,0.7377765291962824,0.8637677229720243,-1.0775117223646489,0.3430484256315009,-0.9501804779455227,1
0.010693624500300621,0.7715308156211609,-1.2600942144558833,0.94888916479251,0.7054701852579577,1.1250009247842319,-0.6582195038714348,-1.0865934650343947,1.6432960600355222,-0.6375271801716612,-0.026714465658928405,1.3322589027320104,0.08436001522346359,-0.05859021713873188,0
-1.4399918697265661,0.7715308156211609,-0.16043586831830572,0.2079003033971988,-1.435440048422358,-0.24017311933289098,1.1555612292697195,0.920307393868181,-0.4108240150088804,1.1438185767239608,0.8637677229720243,-1.0775117223646489,-0.8641641562726733,-0.9501804779455227,1
0.7843925547546295,-1.2961245095504037,1.7889584725619454,-1.2740774193934234,1.113262610720875,1.4662944358135126,-1.2983774096859597,-1.0865934650343947,-1.4378840525310816,-1.1483542722226117,-0.9171966542898811,0.1273735901836806,-0.6054757458646359,1.7245903044748498,0
-0.8597176720358194,0.7715308156211609,-0.9102029225030177,-2.0150662807887345,-0.5761631519112108,-1.264053652420733,1.4222936900257714,0.920307393868181,-0.4108240150088804,1.5367624936862303,0.8637677229720243,-1.0775117223646489,2.153867298487762,-0.05859021713873188,1
0.30083072334567396,-1.2961245095504037,-1.609985506408749,0.94888916479251,0.5307020029167074,-0.9227601413914523,-0.4448335352665931,-1.0865934650343947,0.6162360225133209,-0.4279570911251175,-1.8076788429208337,1.3322589027320104,-0.08809892504856129,0.8330000436680589,1
-1.2465671371629838,0.7715308156211609,-0.8602184522240369,0.2079003033971988,-1.3771839876419412,-0.5814666303621717,0.7287892920600361,0.920307393868181,-0.4108240150088804,0.9604447488082352,0.8637677229720243,-1.0775117223646489,-0.6054757458646359,-0.9501804779455227,0
0.9778172873182117,0.7715308156211609,-1.0101718630609793,-0.5330885579981124,0.4724459421362907,-1.6053471634500138,-0.4981800274178035,-1.0865934650343947,1.6432960600355222,-0.6637234413024791,-0.026714465658928405,0.1273735901836806,0.6879663061755507,-0.05859021713873188,1
-0.3761558406268638,-1.2961245095504037,-1.1101408036189409,0.94888916479251,0.26854972940483207,0.44241390272567044,0.8888287685136673,0.920307393868181,-0.4108240150088804,0.7377765291962824,0.8637677229720243,-1.0775117223646489,0.3430484256315009,-0.9501804779455227,0
-1.5367042360083571,0.7715308156211609,-1.4600320955718065,0.2079003033971988,-1.450004063617462,1.1250009247842319,-1.5651098704420119,0.920307393868181,-1.4378840525310816,-1.3186299695729284,-0.9171966542898811,0.1273735901836806,-1.036623096544698,-0.9501804779455227,1
-0.0860187417814905,0.7715308156211609,-0.4603426899921905,0.94888916479251,0.6472141244775409,1.4662944358135126,0.30201735485035275,-1.0865934650343947,-0.4108240150088804,0.4627157873226936,0.8637677229720243,-1.0775117223646489,0.3430484256315009,-0.05859021713873188,1
0.5909678221910473,-1.2961245095504037,-1.2101097441769024,0.94888916479251,0.3559338205754572,0.10112039169638974,-0.7115659960226451,-1.0865934650343947,1.6432960600355222,-0.807802877521978,-0.026714465658928405,1.3322589027320104,-0.26055786532058617,0.8330000436680589,0
-0.9564300383176104,0.7715308156211609,0.2894243641925215,0.2079003033971988,-1.275235881276212,-0.24017311933289098,1.2622542135721402,0.920307393868181,-0.4108240150088804,1.3140942740742776,0.8637677229720243,-1.0775117223646489,-0.17432839518457374,-0.9501804779455227,1
1.4613791187271672,0.7715308156211609,-0.21042033859728654,-1.2740774193934234,1.6084391273544174,0.7837074137549511,-1.191684425383539,-1.0865934650343947,0.6162360225133209,-1.0828636193955667,-1.8076788429208337,0.1273735901836806,-0.9503936264086857,1.7245903044748498,0
-0.7630053057540283,-1.2961245095504037,0.3394088344715023,0.94888916479251,0.15203760784399858,0.10112039169638974,1.4222936900257714,0.920307393868181,-0.4108240150088804,1.6808419299057293,0.8637677229720243,-1.0775117223646489,0.17058948535947602,-0.9501804779455227,1
0.10740599078209173,0.7715308156211609,0.08948648307659827,0.94888916479251,0.6763421548677493,-0.24017311933289098,0.6220963077576153,-1.0865934650343947,1.6432960600355222,-0.19219074094775565,-0.026714465658928405,1.3322589027320104,-0.0018694549125488533,-0.05859021713873188,1
-1.3432795034447749,0.7715308156211609,1.189144829214176,0.2079003033971988,-1.4063120180321496,-0.5814666303621717,-0.5515265195690139,0.920307393868181,-0.4108240150088804,-0.5458402662137981,0.8637677229720243,1.3322589027320104,-0.6917052160006484,-0.9501804779455227,0
0.8811049210364206,-1.2961245095504037,1.8389429428409263,-0.5330885579981124,0.4433179117460823,1.4662944358135126,-1.0316449489299078,-1.0865934650343947,-1.4378840525310816,-1.0173729665685216,-0.9171966542898811,0.1273735901836806,0.6017368360395382,-0.05859021713873188,1
-0.6662929394722371,0.7715308156211609,-0.8102339819450561,-2.0150662807887345,-0.5470351215210024,0.44241390272567044,1.1022147371185091,0.920307393868181,-0.4108240150088804,0.9735428793736438,0.8637677229720243,-1.0775117223646489,2.153867298487762,-0.05859021713873188,0
1.1712420198817939,0.7715308156211609,1.5890205914460223,-1.2740774193934234,1.3754148842327503,0.7837074137549511,-1.5117633782908015,-1.0865934650343947,0.6162360225133209,-1.2269430556150656,-1.8076788429208337,0.1273735901836806,-0.7779346861366608,1.7245903044748498,1
-0.47286820690865494,-1.2961245095504037,1.3890827103300991,0.94888916479251,0.3268057901852488,0.10112039169638974,0.3553638470015632,0.920307393868181,-0.4108240150088804,-0.048111304728256865,0.8637677229720243,1.3322589027320104,0.25681895549548844,-0.9501804779455227,1
0.39754308962746504,0.7715308156211609,1.7389740022829647,0.94888916479251,0.3268057901852488,1.4662944358135126,-0.2847940588129618,-1.0865934650343947,1.6432960600355222,-0.40176082999429935,-0.026714465658928405,1.3322589027320104,-0.26055786532058617,0.8330000436680589,0
-1.2465671371629838,0.7715308156211609,-0.7602495116660754,0.2079003033971988,-1.3917480028370453,-1.6053471634500138,1.4222936900257714,0.920307393868181,-0.4108240150088804,1.693940060471138,0.8637677229720243,-1.0775117223646489,-0.6054757458646359,-0.9501804779455227,1
1.0745296536000029,-1.2961245095504037,1.0891758886562142,-1.2740774193934234,1.2297747322817085,-1.6053471634500138,-1.2450309175347494,-1.0865934650343947,-1.4378840525310816,-1.1483542722226117,-0.9171966542898811,0.1273735901836806,-0.6917052160006484,1.7245903044748498,0
-0.2794434743450727,0.7715308156211609,-0.9102029225030177,0.94888916479251,0.5598300333069158,-1.264053652420733,0.9421752606648778,0.920307393868181,-0.4108240150088804,0.6198933541076014,0.8637677229720243,-1.0775117223646489,0.5155073659035257,-0.05859021713873188,1
-1.0531424045994016,-1.2961245095504037,1.5390361211670416,0.2079003033971988,-1.289799896471316,1.4662944358135126,0.6754427999088257,0.920307393868181,0.6162360225133209,0.8032671820233274,-1.8076788429208337,-1.0775117223646489,-0.26055786532058617,-0.9501804779455227,1
0.20411835706388284,0.7715308156211609,0.6393156561453871,0.94888916479251,0.7637262460383745,-0.24017311933289098,-0.6582195038714348,-1.0865934650343947,-0.4108240150088804,-0.7161159635641151,0.8637677229720243,1.3322589027320104,0.08436001522346359,-0.05859021713873188,0
-1.1498547708811926,0.7715308156211609,-0.2604048088762673,0.2079003033971988,-1.3626199724468369,-0.5814666303621717,-1.2983774096859597,0.920307393868181,1.6432960600355222,-1.1745505333534296,-0.026714465658928405,0.1273735901836806,-0.5192462757286235,-0.9501804779455227,1
0.9778172873182117,-1.2961245095504037,0.4393777750294639,-0.5330885579981124,0.501573972526499,0.10112039169638974,1.2622542135721402,-1.0865934650343947,-0.4108240150088804,1.3664867963359133,0.8637677229720243,-1.0775117223646489,0.6879663061755507,-0.05859021713873188,0
-0.5695805731904461,0.7715308156211609,-1.609985506408749,-2.0150662807887345,-0.4887790607405857,-0.9227601413914523,0.19532437054793192,0.920307393868181,-1.4378840525310816,0.05667373979501511,-0.9171966542898811,1.3322589027320104,2.326326238759787,-0.05859021713873188,1
-0.1827311080632816,-1.2961245095504037,-0.010482457481363327,0.94888916479251,0.4724459421362907,-0.5814666303621717,-0.4981800274178035,0.920307393868181,-0.4108240150088804,-0.5065458745175714,0.8637677229720243,1.3322589027320104,0.17058948535947602,-0.9501804779455227,1
1.2679543861635851,0.7715308156211609,0.4393777750294639,-1.2740774193934234,1.433670945013167,0.10112039169638974,-1.1383379332323285,-1.0865934650343947,1.6432960600355222,-0.9911767054377038,-0.026714465658928405,0.1273735901836806,-0.8641641562726733,1.7245903044748498,0
-0.9564300383176104,0.7715308156211609,0.7892690669823295,0.2079003033971988,-1.289799896471316,-1.6053471634500138,1.1555612292697195,0.920307393868181,-0.4108240150088804,1.1045241850277336,0.8637677229720243,-1.0775117223646489,-0.26055786532058617,-0.9501804779455227,1
0.4942554559092562,-1.2961245095504037,-0.11045139803932492,0.94888916479251,0.3850618509656656,0.10112039169638974,-1.5651098704420119,-1.0865934650343947,0.6162360225133209,-1.2662374473112923,-1.8076788429208337,0.1273735901836806,-0.17432839518457374,0.8330000436680589,0
-0.7630053057540283,0.7715308156211609,-0.4603426899921905,0.94888916479251,0.06465351667337345,1.4662944358135126,1.368947197874561,0.920307393868181,-0.4108240150088804,1.6022531465132752,0.8637677229720243,-1.0775117223646489,0.6017368360395382,-0.9501804779455227,1
-1.3432795034447749,0.7715308156211609,-0.6102961008291329,0.2079003033971988,-1.4208760332272536,1.1250009247842319,0.462056831303984,0.920307393868181,1.6432960600355222,0.3186363511031946,-0.026714465658928405,-1.0775117223646489,-0.7779346861366608,-0.9501804779455227,1
0.6876801884728384,-1.2961245095504037,-0.41035821971320974,-0.5330885579981124,0.4141898813558739,0.7837074137549511,-0.7115659960226451,-1.0865934650343947,-0.4108240150088804,-0.768508485825751,0.8637677229720243,1.3322589027320104,0.5155073659035257,-0.05859021713873188,0
-0.47286820690865494,0.7715308156211609,0.3394088344715023,0.94888916479251,0.501573972526499,0.10112039169638974,-0.9782984567786973,0.920307393868181,-1.4378840525310816,-0.9518823137414768,-0.9171966542898811,0.1273735901836806,0.42927789576751335,-0.9501804779455227,1
-1.1498547708811926,-1.2961245095504037,0.9892069480982527,0.2079003033971988,-1.3626199724468369,-0.5814666303621717,0.9955217528160882,0.920307393868181,-0.4108240150088804,0.881855965415781,0.8637677229720243,-1.0775117223646489,-0.5192462757286235,-0.9501804779455227,0
1.1712420198817939,0.7715308156211609,-0.3103892791552481,-1.2740774193934234,1.288030793062125,0.7837074137549511,-1.4050703939883806,-1.0865934650343947,0.6162360225133209,-1.1876486639188384,-1.8076788429208337,0.1273735901836806,-0.6917052160006484,1.7245903044748498,1
-0.6662929394722371,-1.2961245095504037,0.889238007540291,0.94888916479251,0.31224177499014466,-1.6053471634500138,0.5687498156064048,0.920307393868181,-0.4108240150088804,0.21385130657992285,0.8637677229720243,1.3322589027320104,0.3861631606995071,-0.9501804779455227,1
0.10740599078209173,0.7715308156211609,-1.2600942144558833,0.94888916479251,0.7345982156481661,1.1250009247842319,-0.4981800274178035,-1.0865934650343947,1.6432960600355222,-0.5982327884754342,-0.026714465658928405,1.3322589027320104,0.12747475029146982,-0.05859021713873188,0
-1.4399918697265661,0.7715308156211609,-0.16043586831830572,0.2079003033971988,-1.432527245383337,-0.24017311933289098,1.3156007057233507,0.920307393868181,-0.4108240150088804,1.5498606242516395,0.8637677229720243,-1.0775117223646489,-0.8210494212046671,-0.9501804779455227,1
0.8811049210364206,-1.2961245095504037,1.7889584725619454,-1.2740774193934234,1.1423906411110833,1.4662944358135126,-1.191684425383539,-1.0865934650343947,-1.4378840525310816,-1.1090598805263847,-0.9171966542898811,0.1273735901836806,-0.5623610107966297,1.7245903044748498,0
-0.8597176720358194,0.7715308156211609,-0.9102029225030177,-2.0150662807887345,-0.5470351215210024,-1.264053652420733,0.835482276362457,0.920307393868181,-0.4108240150088804,0.5544027012805564,0.8637677229720243,-1.0775117223646489,2.2400967686237747,-0.05859021713873188,1
0.39754308962746504,-1.2961245095504037,-1.609985506408749,0.94888916479251,0.5598300333069158,-0.9227601413914523,0.7287892920600361,-1.0865934650343947,0.6162360225133209,0.9211503571120081,-1.8076788429208337,-1.0775117223646489,-0.044984189980555075,0.8330000436680589,1
-1.2465671371629838,0.7715308156211609,-0.8602184522240369,0.2079003033971988,-1.3684455785248786,-0.5814666303621717,-0.7115659960226451,0.920307393868181,-0.4108240150088804,-0.742312224694933,0.8637677229720243,1.3322589027320104,-0.5623610107966297,-0.9501804779455227,0
1.0745296536000029,0.7715308156211609,-1.0101718630609793,-0.5330885579981124,0.4870099573313949,-1.6053471634500138,-1.0849914410811181,-1.0865934650343947,1.6432960600355222,-1.0435692276993398,-0.026714465658928405,0.1273735901836806,0.7310810412435569,-0.05859021713873188,1
-0.3761558406268638,-1.2961245095504037,-1.1101408036189409,0.94888916479251,0.28311374459993627,0.44241390272567044,1.2089077214209298,0.920307393868181,-0.4108240150088804,1.3271924046396868,0.8637677229720243,-1.0775117223646489,0.3861631606995071,-0.9501804779455227,0
-1.5367042360083571,0.7715308156211609,-1.4600320955718065,0.2079003033971988,-1.4441784575394203,1.1250009247842319,0.24867086269914235,0.920307393868181,-1.4378840525310816,-0.021915043597438757,-0.9171966542898811,1.3322589027320104,-0.993508361476692,-0.9501804779455227,1
0.010693624500300621,0.7715308156211609,-0.4603426899921905,0.94888916479251,0.6617781396726451,1.4662944358135126,-0.3914870431153827,-1.0865934650343947,-0.4108240150088804,-0.4672514828213443,0.8637677229720243,1.3322589027320104,0.3861631606995071,-0.05859021713873188,1
0.6876801884728384,-1.2961245095504037,-1.2101097441769024,0.94888916479251,0.3850618509656656,0.10112039169638974,-0.9782984567786973,-1.0865934650343947,1.6432960600355222,-0.9649804443068858,-0.026714465658928405,0.1273735901836806,-0.21744313025257994,0.8330000436680589,0
-0.9564300383176104,0.7715308156211609,0.2894243641925215,0.2079003033971988,-1.2694102751981702,-0.24017311933289098,1.1555612292697195,0.920307393868181,-0.4108240150088804,1.130720446158552,0.8637677229720243,-1.0775117223646489,-0.13121366011656752,-0.9501804779455227,1
1.4613791187271672,0.7715308156211609,-0.21042033859728654,-1.2740774193934234,1.6375671577446258,0.7837074137549511,-1.5117633782908015,-1.0865934650343947,0.6162360225133209,-1.2007467944842474,-1.8076788429208337,0.1273735901836806,-0.9072788913406795,1.7245903044748498,0
-0.7630053057540283,-1.2961245095504037,0.3394088344715023,0.94888916479251,0.16660162303910275,0.10112039169638974,1.4222936900257714,0.920307393868181,-0.4108240150088804,1.693940060471138,0.8637677229720243,-1.0775117223646489,0.21370422042748224,-0.9501804779455227,1
0.20411835706388284,0.7715308156211609,0.08948648307659827,0.94888916479251,0.7054701852579577,-0.24017311933289098,0.4087103391527736,-1.0865934650343947,1.6432960600355222,0.12216439262206004,-0.026714465658928405,1.3322589027320104,0.041245280155457364,-0.05859021713873188,1
-1.3432795034447749,0.7715308156211609,1.189144829214176,0.2079003033971988,-1.4004864119541078,-0.5814666303621717,-0.818258980325066,0.920307393868181,-0.4108240150088804,-0.820901008087387,0.8637677229720243,1.3322589027320104,-0.6485904809326422,-0.9501804779455227,0
0.9778172873182117,-1.2961245095504037,1.8389429428409263,-0.5330885579981124,0.4578819269411865,1.4662944358135126,-0.9249519646274869,-1.0865934650343947,-1.4378840525310816,-0.9387841831760678,-0.9171966542898811,0.1273735901836806,0.6448515711075444,-0.05859021713873188,1
-0.6662929394722371,0.7715308156211609,-0.8102339819450561,-2.0150662807887345,-0.517907091130794,0.44241390272567044,1.0488682449672986,0.920307393868181,-0.4108240150088804,0.9080522265465989,0.8637677229720243,-1.0775117223646489,2.2400967686237747,-0.05859021713873188,0
1.2679543861635851,0.7715308156211609,1.5890205914460223,-1.2740774193934234,1.4045429146229587,0.7837074137549511,-1.3517239018371703,-1.0865934650343947,0.6162360225133209,-1.1614524027880206,-1.8076788429208337,0.1273735901836806,-0.7348199510686546,1.7245903044748498,1
-0.47286820690865494,-1.2961245095504037,1.3890827103300991,0.94888916479251,0.3559338205754572,0.10112039169638974,0.5154033234551945,0.920307393868181,-0.4108240150088804,0.7508746597616912,0.8637677229720243,-1.0775117223646489,0.29993369056349467,-0.9501804779455227,1
0.4942554559092562,0.7715308156211609,1.7389740022829647,0.94888916479251,0.3559338205754572,1.4662944358135126,-0.6582195038714348,-1.0865934650343947,1.6432960600355222,-0.6244290496062522,-0.026714465658928405,1.3322589027320104,-0.21744313025257994,0.8330000436680589,0
-1.2465671371629838,0.7715308156211609,-0.7602495116660754,0.2079003033971988,-1.3859223967590035,-1.6053471634500138,1.1555612292697195,0.920307393868181,-0.4108240150088804,1.15691670728937,0.8637677229720243,-1.0775117223646489,-0.5623610107966297,-0.9501804779455227,1
1.1712420198817939,-1.2961245095504037,1.0891758886562142,-1.2740774193934234,1.258902762671917,-1.6053471634500138,-1.2983774096859597,-1.0865934650343947,-1.4378840525310816,-1.1352561416572025,-0.9171966542898811,0.1273735901836806,-0.6485904809326422,1.7245903044748498,0
-0.1827311080632816,0.7715308156211609,-0.9102029225030177,0.94888916479251,0.5889580636971242,-1.264053652420733,1.4222936900257714,0.920307393868181,-0.4108240150088804,1.5498606242516395,0.8637677229720243,-1.0775117223646489,0.558622100971532,-0.05859021713873188,1
-1.0531424045994016,-1.2961245095504037,1.5390361211670416,0.2079003033971988,-1.2810614873542534,1.4662944358135126,-0.4448335352665931,0.920307393868181,0.6162360225133209,-0.41485896055970833,-1.8076788429208337,1.3322589027320104,-0.21744313025257994,-0.9501804779455227,1
0.30083072334567396,0.7715308156211609,0.6393156561453871,0.94888916479251,0.7928542764285829,-0.24017311933289098,0.7287892920600361,-1.0865934650343947,-0.4108240150088804,0.9735428793736438,0.8637677229720243,-1.0775117223646489,0.12747475029146982,-0.05859021713873188,0
-1.1498547708811926,0.7715308156211609,-0.2604048088762673,0.2079003033971988,-1.3567943663687954,-0.5814666303621717,-0.4981800274178035,0.920307393868181,1.6432960600355222,-0.6506253107370701,-0.026714465658928405,0.1273735901836806,-0.47613154066061725,-0.9501804779455227,1
1.0745296536000029,-1.2961245095504037,0.4393777750294639,-0.5330885579981124,0.5307020029167074,0.10112039169638974,0.8888287685136673,-1.0865934650343947,-0.4108240150088804,0.7508746597616912,0.8637677229720243,-1.0775117223646489,0.7310810412435569,-0.05859021713873188,0
-0.5695805731904461,0.7715308156211609,-1.609985506408749,-2.0150662807887345,-0.4596510303503773,-0.9227601413914523,-1.5651098704420119,0.920307393868181,-1.4378840525310816,-1.3055318390075195,-0.9171966542898811,0.1273735901836806,2.4125557088957996,-0.05859021713873188,1
-0.0860187417814905,-1.2961245095504037,-0.010482457481363327,0.94888916479251,0.501573972526499,-0.5814666303621717,0.30201735485035275,0.920307393868181,-0.4108240150088804,0.4758139178881028,0.8637677229720243,-1.0775117223646489,0.21370422042748224,-0.9501804779455227,1
1.3646667524453762,0.7715308156211609,0.4393777750294639,-1.2740774193934234,1.4627989754033754,0.10112039169638974,-0.7115659960226451,-1.0865934650343947,1.6432960600355222,-0.7947047469565689,-0.026714465658928405,1.3322589027320104,-0.8210494212046671,1.7245903044748498,0
-0.8597176720358194,0.7715308156211609,0.7892690669823295,0.2079003033971988,-1.2810614873542534,-1.6053471634500138,1.2622542135721402,0.920307393868181,-0.4108240150088804,1.3271924046396868,0.8637677229720243,-1.0775117223646489,-0.21744313025257994,-0.9501804779455227,1
0.5909678221910473,-1.2961245095504037,-0.11045139803932492,0.94888916479251,0.4141898813558739,0.10112039169638974,-1.191684425383539,-1.0865934650343947,0.6162360225133209,-1.0697654888301575,-1.8076788429208337,0.1273735901836806,-0.13121366011656752,0.8330000436680589,0
-0.6662929394722371,0.7715308156211609,-0.4603426899921905,0.94888916479251,0.09378154706358183,1.4662944358135126,1.4222936900257714,0.920307393868181,-0.4108240150088804,1.693940060471138,0.8637677229720243,-1.0775117223646489,0.6879663061755507,-0.9501804779455227,1
-1.3432795034447749,0.7715308156211609,-0.6102961008291329,0.2079003033971988,-1.415050427149212,1.1250009247842319,0.6220963077576153,0.920307393868181,1.6432960600355222,-0.17909261038234672,-0.026714465658928405,1.3322589027320104,-0.7348199510686546,-0.9501804779455227,1
0.7843925547546295,-1.2961245095504037,-0.41035821971320974,-0.5330885579981124,0.4433179117460823,0.7837074137549511,-0.5515265195690139,-1.0865934650343947,-0.4108240150088804,-0.5327421356483892,0.8637677229720243,1.3322589027320104,0.558622100971532,-0.05859021713873188,0
-0.3761558406268638,0.7715308156211609,0.3394088344715023,0.94888916479251,0.5307020029167074,0.10112039169638974,-1.0316449489299078,0.920307393868181,-1.4378840525310816,-1.0042748360031128,-0.9171966542898811,0.1273735901836806,0.4723926308355196,-0.9501804779455227,1
-1.1498547708811926,-1.2961245095504037,0.9892069480982527,0.2079003033971988,-1.3538815633297745,-0.5814666303621717,1.1022147371185091,0.920307393868181,-0.4108240150088804,0.986641009939053,0.8637677229720243,-1.0775117223646489,-0.47613154066061725,-0.9501804779455227,0
1.2679543861635851,0.7715308156211609,-0.3103892791552481,-1.2740774193934234,1.3171588234523335,0.7837074137549511,-1.5117633782908015,-1.0865934650343947,0.6162360225133209,-1.2138449250496566,-1.8076788429208337,0.1273735901836806,-0.6485904809326422,1.7245903044748498,1
-0.6662929394722371,-1.2961245095504037,0.889238007540291,0.94888916479251,0.31224177499014466,-1.6053471634500138,0.3553638470015632,0.920307393868181,-0.4108240150088804,-0.035013174162847924,0.8637677229720243,1.3322589027320104,0.3861631606995071,-0.9501804779455227,1
0.10740599078209173,0.7715308156211609,-1.2600942144558833,0.94888916479251,0.7345982156481661,1.1250009247842319,-0.2847940588129618,-1.0865934650343947,1.6432960600355222,-0.3886626994288904,-0.026714465658928405,1.3322589027320104,0.12747475029146982,-0.05859021713873188,0
-1.4399918697265661,0.7715308156211609,-0.16043586831830572,0.2079003033971988,-1.432527245383337,-0.24017311933289098,1.4222936900257714,0.920307393868181,-0.4108240150088804,1.7070381910365473,0.8637677229720243,-1.0775117223646489,-0.8210494212046671,-0.9501804779455227,1
0.8811049210364206,-1.2961245095504037,1.7889584725619454,-1.2740774193934234,1.1423906411110833,1.4662944358135126,-1.2450309175347494,-1.0865934650343947,-1.4378840525310816,-1.1352561416572025,-0.9171966542898811,0.1273735901836806,-0.5623610107966297,1.7245903044748498,0
-0.8597176720358194,0.7715308156211609,-0.9102029225030177,-2.0150662807887345,-0.5470351215210024,-1.264053652420733,0.9421752606648778,0.920307393868181,-0.4108240150088804,0.6329914846730105,0.8637677229720243,-1.0775117223646489,2.2400967686237747,-0.05859021713873188,1
0.39754308962746504,-1.2961245095504037,-1.609985506408749,0.94888916479251,0.5598300333069158,-0.9227601413914523,0.6754427999088257,-1.0865934650343947,0.6162360225133209,0.8163653125887361,-1.8076788429208337,-1.0775117223646489,-0.044984189980555075,0.8330000436680589,1
-1.2465671371629838,0.7715308156211609,-0.8602184522240369,0.2079003033971988,-1.3684455785248786,-0.5814666303621717,-0.6582195038714348,0.920307393868181,-0.4108240150088804,-0.7030178329987061,0.8637677229720243,1.3322589027320104,-0.5623610107966297,-0.9501804779455227,0
1.0745296536000029,0.7715308156211609,-1.0101718630609793,-0.5330885579981124,0.4870099573313949,-1.6053471634500138,-1.2983774096859597,-1.0865934650343947,1.6432960600355222,-1.1614524027880206,-0.026714465658928405,0.1273735901836806,0.7310810412435569,-0.05859021713873188,1
-0.3761558406268638,-1.2961245095504037,-1.1101408036189409,0.94888916479251,0.28311374459993627,0.44241390272567044,1.2622542135721402,0.920307393868181,-0.4108240150088804,1.3795849269013225,0.8637677229720243,-1.0775117223646489,0.3861631606995071,-0.9501804779455227,0
-1.5367042360083571,0.7715308156211609,-1.4600320955718065,0.2079003033971988,-1.4441784575394203,1.1250009247842319,0.19532437054793192,0.920307393868181,-1.4378840525310816,0.06977187036042405,-0.9171966542898811,1.3322589027320104,-0.993508361476692,-0.9501804779455227,1
0.010693624500300621,0.7715308156211609,-0.4603426899921905,0.94888916479251,0.6617781396726451,1.4662944358135126,-0.4981800274178035,-1.0865934650343947,-0.4108240150088804,-0.4934477439521624,0.8637677229720243,1.3322589027320104,0.3861631606995071,-0.05859021713873188,1
0.6876801884728384,-1.2961245095504037,-1.2101097441769024,0.94888916479251,0.3850618509656656,0.10112039169638974,-1.1383379332323285,-1.0865934650343947,1.6432960600355222,-0.9780785748722948,-0.026714465658928405,0.1273735901836806,-0.21744313025257994,0.8330000436680589,0
-0.9564300383176104,0.7715308156211609,0.2894243641925215,0.2079003033971988,-1.2694102751981702,-0.24017311933289098,1.1555612292697195,0.920307393868181,-0.4108240150088804,1.1176223155931428,0.8637677229720243,-1.0775117223646489,-0.13121366011656752,-0.9501804779455227,1
1.4613791187271672,0.7715308156211609,-0.21042033859728654,-1.2740774193934234,1.6375671577446258,0.7837074137549511,-1.5651098704420119,-1.0865934650343947,0.6162360225133209,-1.2531393167458833,-1.8076788429208337,0.1273735901836806,-0.9072788913406795,1.7245903044748498,0
-0.7630053057540283,-1.2961245095504037,0.3394088344715023,0.94888916479251,0.16660162303910275,0.10112039169638974,1.368947197874561,0.920307393868181,-0.4108240150088804,1.6153512770786844,0.8637677229720243,-1.0775117223646489,0.21370422042748224,-0.9501804779455227,1
0.20411835706388284,0.7715308156211609,0.08948648307659827,0.94888916479251,0.7054701852579577,-0.24017311933289098,0.462056831303984,-1.0865934650343947,1.6432960600355222,0.33173448166860375,-0.026714465658928405,-1.0775117223646489,0.041245280155457364,-0.05859021713873188,1
-1.3432795034447749,0.7715308156211609,1.189144829214176,0.2079003033971988,-1.4004864119541078,-0.5814666303621717,-0.7115659960226451,0.920307393868181,-0.4108240150088804,-0.7554103552603421,0.8637677229720243,1.3322589027320104,-0.6485904809326422,-0.9501804779455227,0
0.9778172873182117,-1.2961245095504037,1.8389429428409263,-0.5330885579981124,0.4578819269411865,1.4662944358135126,-0.9782984567786973,-1.0865934650343947,-1.4378840525310816,-0.9387841831760678,-0.9171966542898811,0.1273735901836806,0.6448515711075444,-0.05859021713873188,1
-0.6662929394722371,0.7715308156211609,-0.8102339819450561,-2.0150662807887345,-0.517907091130794,0.44241390272567044,0.9955217528160882,0.920307393868181,-0.4108240150088804,0.8949540959811902,0.8637677229720243,-1.0775117223646489,2.2400967686237747,-0.05859021713873188,0
1.2679543861635851,0.7715308156211609,1.5890205914460223,-1.2740774193934234,1.4045429146229587,0.7837074137549511,-1.4050703939883806,-1.0865934650343947,0.6162360225133209,-1.1745505333534296,-1.8076788429208337,0.1273735901836806,-0.7348199510686546,1.7245903044748498,1
-0.47286820690865494,-1.2961245095504037,1.3890827103300991,0.94888916479251,0.3559338205754572,0.10112039169638974,0.5687498156064048,0.920307393868181,-0.4108240150088804,0.22694943714533178,0.8637677229720243,1.3322589027320104,0.29993369056349467,-0.9501804779455227,1
0.4942554559092562,0.7715308156211609,1.7389740022829647,0.94888916479251,0.3559338205754572,1.4662944358135126,-0.4981800274178035,-1.0865934650343947,1.6432960600355222,-0.5851346579100252,-0.026714465658928405,1.3322589027320104,-0.21744313025257994,0.8330000436680589,0
-1.2465671371629838,0.7715308156211609,-0.7602495116660754,0.2079003033971988,-1.3859223967590035,-1.6053471634500138,1.3156007057233507,0.920307393868181,-0.4108240150088804,1.5629587548170483,0.8637677229720243,-1.0775117223646489,-0.5623610107966297,-0.9501804779455227,1
1.1712420198817939,-1.2961245095504037,1.0891758886562142,-1.2740774193934234,1.258902762671917,-1.6053471634500138,-1.191684425383539,-1.0865934650343947,-1.4378840525310816,-1.0959617499609757,-0.9171966542898811,0.1273735901836806,-0.6485904809326422,1.7245903044748498,0
-0.1827311080632816,0.7715308156211609,-0.9102029225030177,0.94888916479251,0.5889580636971242,-1.264053652420733,0.835482276362457,0.920307393868181,-0.4108240150088804,0.5675008318459656,0.8637677229720243,-1.0775117223646489,0.558622100971532,-0.05859021713873188,1
-1.0531424045994016,-1.2961245095504037,1.5390361211670416,0.2079003033971988,-1.2810614873542534,1.4662944358135126,0.7287892920600361,0.920307393868181,0.6162360225133209,0.9342484876774173,-1.8076788429208337,-1.0775117223646489,-0.21744313025257994,-0.9501804779455227,1
0.30083072334567396,0.7715308156211609,0.6393156561453871,0.94888916479251,0.7928542764285829,-0.24017311933289098,-0.7115659960226451,-1.0865934650343947,-0.4108240150088804,-0.729214094129524,0.8637677229720243,1.3322589027320104,0.12747475029146982,-0.05859021713873188,0
-1.1498547708811926,0.7715308156211609,-0.2604048088762673,0.2079003033971988,-1.3567943663687954,-0.5814666303621717,-1.0849914410811181,0.920307393868181,1.6432960600355222,-1.0304710971339308,-0.026714465658928405,0.1273735901836806,-0.47613154066061725,-0.9501804779455227,1
1.0745296536000029,-1.2961245095504037,0.4393777750294639,-0.5330885579981124,0.5307020029167074,0.10112039169638974,1.2089077214209298,-1.0865934650343947,-0.4108240150088804,1.3402905352050956,0.8637677229720243,-1.0775117223646489,0.7310810412435569,-0.05859021713873188,0
-0.5695805731904461,0.7715308156211609,-1.609985506408749,-2.0150662807887345,-0.4596510303503773,-0.9227601413914523,0.24867086269914235,0.920307393868181,-1.4378840525310816,-0.008816913032029817,-0.9171966542898811,1.3322589027320104,2.4125557088957996,-0.05859021713873188,1
-0.0860187417814905,-1.2961245095504037,-0.010482457481363327,0.94888916479251,0.501573972526499,-0.5814666303621717,-0.3914870431153827,0.920307393868181,-0.4108240150088804,-0.45415335225593534,0.8637677229720243,1.3322589027320104,0.21370422042748224,-0.9501804779455227,1
1.3646667524453762,0.7715308156211609,0.4393777750294639,-1.2740774193934234,1.4627989754033754,0.10112039169638974,-0.9782984567786973,-1.0865934650343947,1.6432960600355222,-0.9518823137414768,-0.026714465658928405,0.1273735901836806,-0.8210494212046671,1.7245903044748498,0
-0.8597176720358194,0.7715308156211609,0.7892690669823295,0.2079003033971988,-1.2810614873542534,-1.6053471634500138,1.1555612292697195,0.920307393868181,-0.4108240150088804,1.1438185767239608,0.8637677229720243,-1.0775117223646489,-0.21744313025257994,-0.9501804779455227,1
0.5909678221910473,-1.2961245095504037,-0.11045139803932492,0.94888916479251,0.4141898813558739,0.10112039169638974,-1.5117633782908015,-1.0865934650343947,0.6162360225133209,-1.1876486639188384,-1.8076788429208337,0.1273735901836806,-0.13121366011656752,0.8330000436680589,0
-0.6662929394722371,0.7715308156211609,-0.4603426899921905,0.94888916479251,0.09378154706358183,1.4662944358135126,1.4222936900257714,0.920307393868181,-0.4108240150088804,1.7070381910365473,0.8637677229720243,-1.0775117223646489,0.6879663061755507,-0.9501804779455227,1
-1.3432795034447749,0.7715308156211609,-0.6102961008291329,0.2079003033971988,-1.415050427149212,1.1250009247842319,0.4087103391527736,0.920307393868181,1.6432960600355222,0.13526252318746898,-0.026714465658928405,1.3322589027320104,-0.7348199510686546,-0.9501804779455227,1
0.7843925547546295,-1.2961245095504037,-0.41035821971320974,-0.5330885579981124,0.4433179117460823,0.7837074137549511,-0.818258980325066,-1.0865934650343947,-0.4108240150088804,-0.807802877521978,0.8637677229720243,1.3322589027320104,0.558622100971532,-0.05859021713873188,0
-0.3761558406268638,0.7715308156211609,0.3394088344715023,0.94888916479251,0.5307020029167074,0.10112039169638974,-0.9249519646274869,0.920307393868181,-1.4378840525310816,-0.9256860526106587,-0.9171966542898811,0.1273735901836806,0.4723926308355196,-0.9501804779455227,1
-1.1498547708811926,-1.2961245095504037,0.9892069480982527,0.2079003033971988,-1.3538815633297745,-0.5814666303621717,1.0488682449672986,0.920307393868181,-0.4108240150088804,0.9211503571120081,0.8637677229720243,-1.0775117223646489,-0.47613154066061725,-0.9501804779455227,0
1.2679543861635851,0.7715308156211609,-0.3103892791552481,-1.2740774193934234,1.3171588234523335,0.7837074137549511,-1.3517239018371703,-1.0865934650343947,0.6162360225133209,-1.1483542722226117,-1.8076788429208337,0.1273735901836806,-0.6485904809326422,1.7245903044748498,1
-0.6662929394722371,-1.2961245095504037,0.889238007540291,0.94888916479251,0.31224177499014466,-1.6053471634500138,0.5154033234551945,0.920307393868181,-0.4108240150088804,0.7639727903271003,0.8637677229720243,-1.0775117223646489,0.3861631606995071,-0.9501804779455227,1
0.10740599078209173,0.7715308156211609,-1.2600942144558833,0.94888916479251,0.7345982156481661,1.1250009247842319,-0.6582195038714348,-1.0865934650343947,1.6432960600355222,-0.6113309190408431,-0.026714465658928405,1.3322589027320104,0.12747475029146982,-0.05859021713873188,0
-1.4399918697265661,0.7715308156211609,-0.16043586831830572,0.2079003033971988,-1.432527245383337,-0.24017311933289098,1.1555612292697195,0.920307393868181,-0.4108240150088804,1.1700148378547786,0.8637677229720243,-1.0775117223646489,-0.8210494212046671,-0.9501804779455227,1
0.8811049210364206,-1.2961245095504037,1.7889584725619454,-1.2740774193934234,1.1423906411110833,1.4662944358135126,-1.2983774096859597,-1.0865934650343947,-1.4378840525310816,-1.1221580110917935,-0.9171966542898811,0.1273735901836806,-0.5623610107966297,1.7245903044748498,0
-0.8597176720358194,0.7715308156211609,-0.9102029225030177,-2.0150662807887345,-0.5470351215210024,-1.264053652420733,1.4222936900257714,0.920307393868181,-0.4108240150088804,1.5629587548170483,0.8637677229720243,-1.0775117223646489,2.2400967686237747,-0.05859021713873188,1
0.39754308962746504,-1.2961245095504037,-1.609985506408749,0.94888916479251,0.5598300333069158,-0.9227601413914523,-0.4448335352665931,-1.0865934650343947,0.6162360225133209,-0.40176082999429935,-1.8076788429208337,1.3322589027320104,-0.044984189980555075,0.8330000436680589,1
-1.2465671371629838,0.7715308156211609,-0.8602184522240369,0.2079003033971988,-1.3684455785248786,-0.5814666303621717,0.7287892920600361,0.920307393868181,-0.4108240150088804,0.986641009939053,0.8637677229720243,-1.0775117223646489,-0.5623610107966297,-0.9501804779455227,0
1.0745296536000029,0.7715308156211609,-1.0101718630609793,-0.5330885579981124,0.4870099573313949,-1.6053471634500138,-0.4981800274178035,-1.0865934650343947,1.6432960600355222,-0.6375271801716612,-0.026714465658928405,0.1273735901836806,0.7310810412435569,-0.05859021713873188,1
-0.3761558406268638,-1.2961245095504037,-1.1101408036189409,0.94888916479251,0.28311374459993627,0.44241390272567044,0.8888287685136673,0.920307393868181,-0.4108240150088804,0.7639727903271003,0.8637677229720243,-1.0775117223646489,0.3861631606995071,-0.9501804779455227,0
-1.5367042360083571,0.7715308156211609,-1.4600320955718065,0.2079003033971988,-1.4441784575394203,1.1250009247842319,-1.5651098704420119,0.920307393868181,-1.4378840525310816,-1.2924337084421105,-0.9171966542898811,0.1273735901836806,-0.993508361476692,-0.9501804779455227,1
0.010693624500300621,0.7715308156211609,-0.4603426899921905,0.94888916479251,0.6617781396726451,1.4662944358135126,0.30201735485035275,-1.0865934650343947,-0.4108240150088804,0.4889120484535115,0.8637677229720243,-1.0775117223646489,0.3861631606995071,-0.05859021713873188,1
0.6876801884728384,-1.2961245095504037,-1.2101097441769024,0.94888916479251,0.3850618509656656,0.10112039169638974,-0.7115659960226451,-1.0865934650343947,1.6432960600355222,-0.78160661639116,-0.026714465658928405,1.3322589027320104,-0.21744313025257994,0.8330000436680589,0
-0.9564300383176104,0.7715308156211609,0.2894243641925215,0.2079003033971988,-1.2694102751981702,-0.24017311933289098,1.2622542135721402,0.920307393868181,-0.4108240150088804,1.3402905352050956,0.8637677229720243,-1.0775117223646489,-0.13121366011656752,-0.9501804779455227,1
1.4613791187271672,0.7715308156211609,-0.21042033859728654,-1.2740774193934234,1.6375671577446258,0.7837074137549511,-1.191684425383539,-1.0865934650343947,0.6162360225133209,-1.0566673582647486,-1.8076788429208337,0.1273735901836806,-0.9072788913406795,1.7245903044748498,0
-0.7630053057540283,-1.2961245095504037,0.3394088344715023,0.94888916479251,0.16660162303910275,0.10112039169638974,1.4222936900257714,0.920307393868181,-0.4108240150088804,1.7070381910365473,0.8637677229720243,-1.0775117223646489,0.21370422042748224,-0.9501804779455227,1
0.20411835706388284,0.7715308156211609,0.08948648307659827,0.94888916479251,0.7054701852579577,-0.24017311933289098,0.6220963077576153,-1.0865934650343947,1.6432960600355222,-0.16599447981693777,-0.026714465658928405,1.3322589027320104,0.041245280155457364,-0.05859021713873188,1
-1.3432795034447749,0.7715308156211609,1.189144829214176,0.2079003033971988,-1.4004864119541078,-0.5814666303621717,-0.5515265195690139,0.920307393868181,-0.4108240150088804,-0.5196440050829803,0.8637677229720243,1.3322589027320104,-0.6485904809326422,-0.9501804779455227,0
0.9778172873182117,-1.2961245095504037,1.8389429428409263,-0.5330885579981124,0.4578819269411865,1.4662944358135126,-1.0316449489299078,-1.0865934650343947,-1.4378840525310816,-0.9911767054377038,-0.9171966542898811,0.1273735901836806,0.6448515711075444,-0.05859021713873188,1
-0.6662929394722371,0.7715308156211609,-0.8102339819450561,-2.0150662807887345,-0.517907091130794,0.44241390272567044,1.1022147371185091,0.920307393868181,-0.4108240150088804,0.9997391405044622,0.8637677229720243,-1.0775117223646489,2.2400967686237747,-0.05859021713873188,0
1.2679543861635851,0.7715308156211609,1.5890205914460223,-1.2740774193934234,1.4045429146229587,0.7837074137549511,-1.5117633782908015,-1.0865934650343947,0.6162360225133209,-1.2007467944842474,-1.8076788429208337,0.1273735901836806,-0.7348199510686546,1.7245903044748498,1
-0.47286820690865494,-1.2961245095504037,1.3890827103300991,0.94888916479251,0.3559338205754572,0.10112039169638974,0.5687498156064048,0.920307393868181,-0.4108240150088804,0.7770709208925091,0.8637677229720243,-1.0775117223646489,0.29993369056349467,-0.9501804779455227,1
0.4942554559092562,0.7715308156211609,1.7389740022829647,0.94888916479251,0.3559338205754572,1.4662944358135126,-0.6582195038714348,-1.0865934650343947,1.6432960600355222,-0.5982327884754342,-0.026714465658928405,1.3322589027320104,-0.21744313025257994,0.8330000436680589,0
-1.2465671371629838,0.7715308156211609,-0.7602495116660754,0.2079003033971988,-1.3859223967590035,-1.6053471634500138,1.1555612292697195,0.920307393868181,-0.4108240150088804,1.1831129684201878,0.8637677229720243,-1.0775117223646489,-0.5623610107966297,-0.9501804779455227,1
1.1712420198817939,-1.2961245095504037,1.0891758886562142,-1.2740774193934234,1.258902762671917,-1.6053471634500138,-1.2983774096859597,-1.0865934650343947,-1.4378840525310816,-1.1090598805263847,-0.9171966542898811,0.1273735901836806,-0.6485904809326422,1.7245903044748498,0
-0.1827311080632816,0.7715308156211609,-0.9102029225030177,0.94888916479251,0.5889580636971242,-1.264053652420733,1.4222936900257714,0.920307393868181,-0.4108240150088804,1.5760568853824573,0.8637677229720243,-1.0775117223646489,0.558622100971532,-0.05859021713873188,1
-1.0531424045994016,-1.2961245095504037,1.5390361211670416,0.2079003033971988,-1.2810614873542534,1.4662944358135126,-0.4448335352665931,0.920307393868181,0.6162360225133209,-0.3886626994288904,-1.8076788429208337,1.3322589027320104,-0.21744313025257994,-0.9501804779455227,1
0.30083072334567396,0.7715308156211609,0.6393156561453871,0.94888916479251,0.7928542764285829,-0.24017311933289098,0.7287892920600361,-1.0865934650343947,-0.4108240150088804,0.9997391405044622,0.8637677229720243,-1.0775117223646489,0.12747475029146982,-0.05859021713873188,0
-1.1498547708811926,0.7715308156211609,-0.2604048088762673,0.2079003033971988,-1.3567943663687954,-0.5814666303621717,-0.4981800274178035,0.920307393868181,1.6432960600355222,-0.6244290496062522,-0.026714465658928405,0.1273735901836806,-0.47613154066061725,-0.9501804779455227,1
1.0745296536000029,-1.2961245095504037,0.4393777750294639,-0.5330885579981124,0.5307020029167074,0.10112039169638974,0.8888287685136673,-1.0865934650343947,-0.4108240150088804,0.7770709208925091,0.8637677229720243,-1.0775117223646489,0.7310810412435569,-0.05859021713873188,0
-0.5695805731904461,0.7715308156211609,-1.609985506408749,-2.0150662807887345,-0.4596510303503773,-0.9227601413914523,-1.5651098704420119,0.920307393868181,-1.4378840525310816,-1.2793355778767015,-0.9171966542898811,0.1273735901836806,2.4125557088957996,-0.05859021713873188,1
-0.0860187417814905,-1.2961245095504037,-0.010482457481363327,0.94888916479251,0.501573972526499,-0.5814666303621717,0.30201735485035275,0.920307393868181,-0.4108240150088804,0.5020101790189206,0.8637677229720243,-1.0775117223646489,0.21370422042748224,-0.9501804779455227,1
1.3646667524453762,0.7715308156211609,0.4393777750294639,-1.2740774193934234,1.4627989754033754,0.10112039169638974,-0.7115659960226451,-1.0865934650343947,1.6432960600355222,-0.768508485825751,-0.026714465658928405,1.3322589027320104,-0.8210494212046671,1.7245903044748498,0
-0.8597176720358194,0.7715308156211609,0.7892690669823295,0.2079003033971988,-1.2810614873542534,-1.6053471634500138,1.2622542135721402,0.920307393868181,-0.4108240150088804,1.3533886657705048,0.8637677229720243,-1.0775117223646489,-0.21744313025257994,-0.9501804779455227,1
0.5909678221910473,-1.2961245095504037,-0.11045139803932492,0.94888916479251,0.4141898813558739,0.10112039169638974,-1.191684425383539,-1.0865934650343947,0.6162360225133209,-1.0435692276993398,-1.8076788429208337,0.1273735901836806,-0.13121366011656752,0.8330000436680589,0
-0.6662929394722371,0.7715308156211609,-0.4603426899921905,0.94888916479251,0.09378154706358183,1.4662944358135126,1.4222936900257714,0.920307393868181,-0.4108240150088804,1.7201363216019563,0.8637677229720243,-1.0775117223646489,0.6879663061755507,-0.9501804779455227,1
-1.3432795034447749,0.7715308156211609,-0.6102961008291329,0.2079003033971988,-1.415050427149212,1.1250009247842319,0.6220963077576153,0.920307393868181,1.6432960600355222,-0.15289634925152862,-0.026714465658928405,1.3322589027320104,-0.7348199510686546,-0.9501804779455227,1
0.7843925547546295,-1.2961245095504037,-0.41035821971320974,-0.5330885579981124,0.4433179117460823,0.7837074137549511,-0.5515265195690139,-1.0865934650343947,-0.4108240150088804,-0.5065458745175714,0.8637677229720243,1.3322589027320104,0.558622100971532,-0.05859021713873188,0
-0.3761558406268638,0.7715308156211609,0.3394088344715023,0.94888916479251,0.5307020029167074,0.10112039169638974,-1.0316449489299078,0.920307393868181,-1.4378840525310816,-0.9780785748722948,-0.9171966542898811,0.1273735901836806,0.4723926308355196,-0.9501804779455227,1
-1.1498547708811926,-1.2961245095504037,0.9892069480982527,0.2079003033971988,-1.3538815633297745,-0.5814666303621717,1.1022147371185091,0.920307393868181,-0.4108240150088804,1.012837271069871,0.8637677229720243,-1.0775117223646489,-0.47613154066061725,-0.9501804779455227,0
1.2679543861635851,0.7715308156211609,-0.3103892791552481,-1.2740774193934234,1.3171588234523335,0.7837074137549511,-1.5117633782908015,-1.0865934650343947,0.6162360225133209,-1.1876486639188384,-1.8076788429208337,0.1273735901836806,-0.6485904809326422,1.7245903044748498,1
-0.6662929394722371,-1.2961245095504037,0.889238007540291,0.94888916479251,0.31224177499014466,-1.6053471634500138,0.3553638470015632,0.920307393868181,-0.4108240150088804,-0.021915043597438757,0.8637677229720243,1.3322589027320104,0.3861631606995071,-0.9501804779455227,1
0.10740599078209173,0.7715308156211609,-1.2600942144558833,0.94888916479251,0.7345982156481661,1.1250009247842319,-0.2847940588129618,-1.0865934650343947,1.6432960600355222,-0.3755645688634815,-0.026714465658928405,1.3322589027320104,0.12747475029146982,-0.05859021713873188,0
-1.4399918697265661,0.7715308156211609,-0.16043586831830572,0.2079003033971988,-1.432527245383337,-0.24017311933289098,1.4222936900257714,0.920307393868181,-0.4108240150088804,1.7201363216019563,0.8637677229720243,-1.0775117223646489,-0.8210494212046671,-0.9501804779455227,1
0.8811049210364206,-1.2961245095504037,1.7889584725619454,-1.2740774193934234,1.1423906411110833,1.4662944358135126,-1.2450309175347494,-1.0865934650343947,-1.4378840525310816,-1.1221580110917935,-0.9171966542898811,0.1273735901836806,-0.5623610107966297,1.7245903044748498,0
-0.8597176720358194,0.7715308156211609,-0.9102029225030177,-2.0150662807887345,-0.5470351215210024,-1.264053652420733,0.9421752606648778,0.920307393868181,-0.4108240150088804,0.6460896152384192,0.8637677229720243,-1.0775117223646489,2.2400967686237747,-0.05859021713873188,1
0.39754308962746504,-1.2961245095504037,-1.609985506408749,0.94888916479251,0.5598300333069158,-0.9227601413914523,0.6754427999088257,-1.0865934650343947,0.6162360225133209,0.8294634431541453,-1.8076788429208337,-1.0775117223646489,-0.044984189980555075,0.8330000436680589,1
-1.2465671371629838,0.7715308156211609,-0.8602184522240369,0.2079003033971988,-1.3684455785248786,-0.5814666303621717,-0.6582195038714348,0.920307393868181,-0.4108240150088804,-0.6899197024332971,0.8637677229720243,1.3322589027320104,-0.5623610107966297,-0.9501804779455227,0
1.0745296536000029,0.7715308156211609,-1.0101718630609793,-0.5330885579981124,0.4870099573313949,-1.6053471634500138,-1.2983774096859597,-1.0865934650343947,1.6432960600355222,-1.1483542722226117,-0.026714465658928405,0.1273735901836806,0.7310810412435569,-0.05859021713873188,1
-0.3761558406268638,-1.2961245095504037,-1.1101408036189409,0.94888916479251,0.28311374459993627,0.44241390272567044,1.2622542135721402,0.920307393868181,-0.4108240150088804,1.3926830574667317,0.8637677229720243,-1.0775117223646489,0.3861631606995071,-0.9501804779455227,0
-1.5367042360083571,0.7715308156211609,-1.4600320955718065,0.2079003033971988,-1.4441784575394203,1.1250009247842319,0.19532437054793192,0.920307393868181,-1.4378840525310816,0.08287000092583299,-0.9171966542898811,1.3322589027320104,-0.993508361476692,-0.9501804779455227,1
0.010693624500300621,0.7715308156211609,-0.4603426899921905,0.94888916479251,0.6617781396726451,1.4662944358135126,-0.4981800274178035,-1.0865934650343947,-0.4108240150088804,-0.48034961338675325,0.8637677229720243,1.3322589027320104,0.3861631606995071,-0.05859021713873188,1
0.6876801884728384,-1.2961245095504037,-1.2101097441769024,0.94888916479251,0.3850618509656656,0.10112039169638974,-1.1383379332323285,-1.0865934650343947,1.6432960600355222,-0.9649804443068858,-0.026714465658928405,0.1273735901836806,-0.21744313025257994,0.8330000436680589,0
-0.9564300383176104,0.7715308156211609,0.2894243641925215,0.2079003033971988,-1.2694102751981702,-0.24017311933289098,1.1555612292697195,0.920307393868181,-0.4108240150088804,1.130720446158552,0.8637677229720243,-1.0775117223646489,-0.13121366011656752,-0.9501804779455227,1
1.4613791187271672,0.7715308156211609,-0.21042033859728654,-1.2740774193934234,1.6375671577446258,0.7837074137549511,-1.5651098704420119,-1.0865934650343947,0.6162360225133209,-1.2400411861804745,-1.8076788429208337,0.1273735901836806,-0.9072788913406795,1.7245903044748498,0
-0.7630053057540283,-1.2961245095504037,0.3394088344715023,0.94888916479251,0.16660162303910275,0.10112039169638974,1.368947197874561,0.920307393868181,-0.4108240150088804,1.6284494076440932,0.8637677229720243,-1.0775117223646489,0.21370422042748224,-0.9501804779455227,1
0.20411835706388284,0.7715308156211609,0.08948648307659827,0.94888916479251,0.7054701852579577,-0.24017311933289098,0.462056831303984,-1.0865934650343947,1.6432960600355222,0.3448326122340129,-0.026714465658928405,-1.0775117223646489,0.041245280155457364,-0.05859021713873188,1
-1.3432795034447749,0.7715308156211609,1.189144829214176,0.2079003033971988,-1.4004864119541078,-0.5814666303621717,-0.7115659960226451,0.920307393868181,-0.4108240150088804,-0.742312224694933,0.8637677229720243,1.3322589027320104,-0.6485904809326422,-0.9501804779455227,0
0.9778172873182117,-1.2961245095504037,1.8389429428409263,-0.5330885579981124,0.4578819269411865,1.4662944358135126,-0.9782984567786973,-1.0865934650343947,-1.4378840525310816,-0.9256860526106587,-0.9171966542898811,0.1273735901836806,0.6448515711075444,-0.05859021713873188,1
-0.6662929394722371,0.7715308156211609,-0.8102339819450561,-2.0150662807887345,-0.517907091130794,0.44241390272567044,0.9955217528160882,0.920307393868181,-0.4108240150088804,0.9080522265465989,0.8637677229720243,-1.0775117223646489,2.2400967686237747,-0.05859021713873188,0
1.2679543861635851,0.7715308156211609,1.5890205914460223,-1.2740774193934234,1.4045429146229587,0.7837074137549511,-1.4050703939883806,-1.0865934650343947,0.6162360225133209,-1.1614524027880206,-1.8076788429208337,0.1273735901836806,-0.7348199510686546,1.7245903044748498,1
-0.47286820690865494,-1.2961245095504037,1.3890827103300991,0.94888916479251,0.3559338205754572,0.10112039169638974,0.5687498156064048,0.920307393868181,-0.4108240150088804,0.24004756771074096,0.8637677229720243,1.3322589027320104,0.29993369056349467,-0.9501804779455227,1
0.4942554559092562,0.7715308156211609,1.7389740022829647,0.94888916479251,0.3559338205754572,1.4662944358135126,-0.4981800274178035,-1.0865934650343947,1.6432960600355222,-0.5720365273446163,-0.026714465658928405,1.3322589027320104,-0.21744313025257994,0.8330000436680589,0
-1.2465671371629838,0.7715308156211609,-0.7602495116660754,0.2079003033971988,-1.3859223967590035,-1.6053471634500138,1.3156007057233507,0.920307393868181,-0.4108240150088804,1.5760568853824573,0.8637677229720243,-1.0775117223646489,-0.5623610107966297,-0.9501804779455227,1
1.1712420198817939,-1.2961245095504037,1.0891758886562142,-1.2740774193934234,1.258902762671917,-1.6053471634500138,-1.191684425383539,-1.0865934650343947,-1.4378840525310816,-1.0828636193955667,-0.9171966542898811,0.1273735901836806,-0.6485904809326422,1.7245903044748498,0
-0.1827311080632816,0.7715308156211609,-0.9102029225030177,0.94888916479251,0.5889580636971242,-1.264053652420733,0.835482276362457,0.920307393868181,-0.4108240150088804,0.5805989624113743,0.8637677229720243,-1.0775117223646489,0.558622100971532,-0.05859021713873188,1
-1.0531424045994016,-1.2961245095504037,1.5390361211670416,0.2079003033971988,-1.2810614873542534,1.4662944358135126,0.7287892920600361,0.920307393868181,0.6162360225133209,0.947346618242826,-1.8076788429208337,-1.0775117223646489,-0.21744313025257994,-0.9501804779455227,1
0.30083072334567396,0.7715308156211609,0.6393156561453871,0.94888916479251,0.7928542764285829,-0.24017311933289098,-0.7115659960226451,-1.0865934650343947,-0.4108240150088804,-0.7161159635641151,0.8637677229720243,1.3322589027320104,0.12747475029146982,-0.05859021713873188,0
-1.1498547708811926,0.7715308156211609,-0.2604048088762673,0.2079003033971988,-1.3567943663687954,-0.5814666303621717,-1.0849914410811181,0.920307393868181,1.6432960600355222,-1.0173729665685216,-0.026714465658928405,0.1273735901836806,-0.47613154066061725,-0.9501804779455227,1
1.0745296536000029,-1.2961245095504037,0.4393777750294639,-0.5330885579981124,0.5307020029167074,0.10112039169638974,1.2089077214209298,-1.0865934650343947,-0.4108240150088804,1.3533886657705048,0.8637677229720243,-1.0775117223646489,0.7310810412435569,-0.05859021713873188,0
-0.5695805731904461,0.7715308156211609,-1.609985506408749,-2.0150662807887345,-0.4596510303503773,-0.9227601413914523,0.24867086269914235,0.920307393868181,-1.4378840525310816,0.004281217533379122,-0.9171966542898811,1.3322589027320104,2.4125557088957996,-0.05859021713873188,1
-0.0860187417814905,-1.2961245095504037,-0.010482457481363327,0.94888916479251,0.501573972526499,-0.5814666303621717,-0.3914870431153827,0.920307393868181,-0.4108240150088804,-0.4410552216905264,0.8637677229720243,1.3322589027320104,0.21370422042748224,-0.9501804779455227,1
1.3646667524453762,0.7715308156211609,0.4393777750294639,-1.2740774193934234,1.4627989754033754,0.10112039169638974,-0.9782984567786973,-1.0865934650343947,1.6432960600355222,-0.9387841831760678,-0.026714465658928405,0.1273735901836806,-0.8210494212046671,1.7245903044748498,0
-0.8597176720358194,0.7715308156211609,0.7892690669823295,0.2079003033971988,-1.2810614873542534,-1.6053471634500138,1.1555612292697195,0.920307393868181,-0.4108240150088804,1.15691670728937,0.8637677229720243,-1.0775117223646489,-0.21744313025257994,-0.9501804779455227,1
0.5909678221910473,-1.2961245095504037,-0.11045139803932492,0.94888916479251,0.4141898813558739,0.10112039169638974,-1.5117633782908015,-1.0865934650343947,0.6162360225133209,-1.1745505333534296,-1.8076788429208337,0.1273735901836806,-0.13121366011656752,0.8330000436680589,0
-0.6662929394722371,0.7715308156211609,-0.4603426899921905,0.94888916479251,0.09378154706358183,1.4662944358135126,1.4222936900257714,0.920307393868181,-0.4108240150088804,1.733234452167365,0.8637677229720243,-1.0775117223646489,0.6879663061755507,-0.9501804779455227,1
-1.3432795034447749,0.7715308156211609,-0.6102961008291329,0.2079003033971988,-1.415050427149212,1.1250009247842319,0.4087103391527736,0.920307393868181,1.6432960600355222,0.1483606537528779,-0.026714465658928405,1.3322589027320104,-0.7348199510686546,-0.9501804779455227,1
0.7843925547546295,-1.2961245095504037,-0.41035821971320974,-0.5330885579981124,0.4433179117460823,0.7837074137549511,-0.818258980325066,-1.0865934650343947,-0.4108240150088804,-0.7947047469565689,0.8637677229720243,1.3322589027320104,0.558622100971532,-0.05859021713873188,0
-0.3761558406268638,0.7715308156211609,0.3394088344715023,0.94888916479251,0.5307020029167074,0.10112039169638974,-0.9249519646274869,0.920307393868181,-1.4378840525310816,-0.9125879220452499,-0.9171966542898811,0.1273735901836806,0.4723926308355196,-0.9501804779455227,1
-1.1498547708811926,-1.2961245095504037,0.9892069480982527,0.2079003033971988,-1.3538815633297745,-0.5814666303621717,1.0488682449672986,0.920307393868181,-0.4108240150088804,0.9342484876774173,0.8637677229720243,-1.0775117223646489,-0.47613154066061725,-0.9501804779455227,0
1.2679543861635851,0.7715308156211609,-0.3103892791552481,-1.2740774193934234,1.3171588234523335,0.7837074137549511,-1.3517239018371703,-1.0865934650343947,0.6162360225133209,-1.1352561416572025,-1.8076788429208337,0.1273735901836806,-0.6485904809326422,1.7245903044748498,1
-0.6662929394722371,-1.2961245095504037,0.889238007540291,0.94888916479251,0.31224177499014466,-1.6053471634500138,0.5154033234551945,0.920307393868181,-0.4108240150088804,0.7770709208925091,0.8637677229720243,-1.0775117223646489,0.3861631606995071,-0.9501804779455227,1
0.10740599078209173,0.7715308156211609,-1.2600942144558833,0.94888916479251,0.7345982156481661,1.1250009247842319,-0.6582195038714348,-1.0865934650343947,1.6432960600355222,-0.5982327884754342,-0.026714465658928405,1.3322589027320104,0.12747475029146982,-0.05859021713873188,0
-1.4399918697265661,0.7715308156211609,-0.16043586831830572,0.2079003033971988,-1.432527245383337,-0.24017311933289098,1.1555612292697195,0.920307393868181,-0.4108240150088804,1.1831129684201878,0.8637677229720243,-1.0775117223646489,-0.8210494212046671,-0.9501804779455227,1
0.8811049210364206,-1.2961245095504037,1.7889584725619454,-1.2740774193934234,1.1423906411110833,1.4662944358135126,-1.2983774096859597,-1.0865934650343947,-1.4378840525310816,-1.1090598805263847,-0.9171966542898811,0.1273735901836806,-0.5623610107966297,1.7245903044748498,0
-0.8597176720358194,0.7715308156211609,-0.9102029225030177,-2.0150662807887345,-0.5470351215210024,-1.264053652420733,1.4222936900257714,0.920307393868181,-0.4108240150088804,1.5760568853824573,0.8637677229720243,-1.0775117223646489,2.2400967686237747,-0.05859021713873188,1
0.39754308962746504,-1.2961245095504037,-1.609985506408749,0.94888916479251,0.5598300333069158,-0.9227601413914523,-0.4448335352665931,-1.0865934650343947,0.6162360225133209,-0.3886626994288904,-1.8076788429208337,1.3322589027320104,-0.044984189980555075,0.8330000436680589,1
-1.2465671371629838,0.7715308156211609,-0.8602184522240369,0.2079003033971988,-1.3684455785248786,-0.5814666303621717,0.7287892920600361,0.920307393868181,-0.4108240150088804,0.9997391405044622,0.8637677229720243,-1.0775117223646489,-0.5623610107966297,-0.9501804779455227,0
1.0745296536000029,0.7715308156211609,-1.0101718630609793,-0.5330885579981124,0.4870099573313949,-1.6053471634500138,-0.4981800274178035,-1.0865934650343947,1.6432960600355222,-0.6244290496062522,-0.026714465658928405,0.1273735901836806,0.7310810412435569,-0.05859021713873188,1
-0.3761558406268638,-1.2961245095504037,-1.1101408036189409,0.94888916479251,0.28311374459993627,0.44241390272567044,0.8888287685136673,0.920307393868181,-0.4108240150088804,0.7770709208925091,0.8637677229720243,-1.0775117223646489,0.3861631606995071,-0.9501804779455227,0
-1.5367042360083571,0.7715308156211609,-1.4600320955718065,0.2079003033971988,-1.4441784575394203,1.1250009247842319,-1.5651098704420119,0.920307393868181,-1.4378840525310816,-1.2793355778767015,-0.9171966542898811,0.1273735901836806,-0.993508361476692,-0.9501804779455227,1
0.010693624500300621,0.7715308156211609,-0.4603426899921905,0.94888916479251,0.6617781396726451,1.4662944358135126,0.30201735485035275,-1.0865934650343947,-0.4108240150088804,0.5020101790189206,0.8637677229720243,-1.0775117223646489,0.3861631606995071,-0.05859021713873188,1
0.6876801884728384,-1.2961245095504037,-1.2101097441769024,0.94888916479251,0.3850618509656656,0.10112039169638974,-0.7115659960226451,-1.0865934650343947,1.6432960600355222,-0.768508485825751,-0.026714465658928405,1.3322589027320104,-0.21744313025257994,0.8330000436680589,0
-0.9564300383176104,0.7715308156211609,0.2894243641925215,0.2079003033971988,-1.2694102751981702,-0.24017311933289098,1.2622542135721402,0.920307393868181,-0.4108240150088804,1.3533886657705048,0.8637677229720243,-1.0775117223646489,-0.13121366011656752,-0.9501804779455227,1
1.4613791187271672,0.7715308156211609,-0.21042033859728654,-1.2740774193934234,1.6375671577446258,0.7837074137549511,-1.191684425383539,-1.0865934650343947,0.6162360225133209,-1.0435692276993398,-1.8076788429208337,0.1273735901836806,-0.9072788913406795,1.7245903044748498,0
-0.7630053057540283,-1.2961245095504037,0.3394088344715023,0.94888916479251,0.16660162303910275,0.10112039169638974,1.4222936900257714,0.920307393868181,-0.4108240150088804,1.7201363216019563,0.8637677229720243,-1.0775117223646489,0.21370422042748224,-0.9501804779455227,1
0.20411835706388284,0.7715308156211609,0.08948648307659827,0.94888916479251,0.7054701852579577,-0.24017311933289098,0.6220963077576153,-1.0865934650343947,1.6432960600355222,-0.15289634925152862,-0.026714465658928405,1.3322589027320104,0.041245280155457364,-0.05859021713873188,1
-1.3432795034447749,0.7715308156211609,1.189144829214176,0.2079003033971988,-1.4004864119541078,-0.5814666303621717,-0.5515265195690139,0.920307393868181,-0.4108240150088804,-0.5065458745175714,0.8637677229720243,1.3322589027320104,-0.6485904809326422,-0.9501804779455227,0
0.9778172873182117,-1.2961245095504037,1.8389429428409263,-0.5330885579981124,0.4578819269411865,1.4662944358135126,-1.0316449489299078,-1.0865934650343947,-1.4378840525310816,-0.9780785748722948,-0.9171966542898811,0.1273735901836806,0.6448515711075444,-0.05859021713873188,1
-0.6662929394722371,0.7715308156211609,-0.8102339819450561,-2.0150662807887345,-0.517907091130794,0.44241390272567044,1.1022147371185091,0.920307393868181,-0.4108240150088804,1.012837271069871,0.8637677229720243,-1.0775117223646489,2.2400967686237747,-0.05859021713873188,0
1.2679543861635851,0.7715308156211609,1.5890205914460223,-1.2740774193934234,1.4045429146229587,0.7837074137549511,-1.5117633782908015,-1.0865934650343947,0.6162360225133209,-1.1876486639188384,-1.8076788429208337,0.1273735901836806,-0.7348199510686546,1.7245903044748498,1
-0.47286820690865494,-1.2961245095504037,1.3890827103300991,0.94888916479251,0.3559338205754572,0.10112039169638974,0.3553638470015632,0.920307393868181,-0.4108240150088804,-0.021915043597438757,0.8637677229720243,1.3322589027320104,0.29993369056349467,-0.9501804779455227,1
0.4942554559092562,0.7715308156211609,1.7389740022829647,0.94888916479251,0.3559338205754572,1.4662944358135126,-0.2847940588129618,-1.0865934650343947,1.6432960600355222,-0.3755645688634815,-0.026714465658928405,1.3322589027320104,-0.21744313025257994,0.8330000436680589,0
-1.2465671371629838,0.7715308156211609,-0.7602495116660754,0.2079003033971988,-1.3859223967590035,-1.6053471634500138,1.4222936900257714,0.920307393868181,-0.4108240150088804,1.7201363216019563,0.8637677229720243,-1.0775117223646489,-0.5623610107966297,-0.9501804779455227,1
1.1712420198817939,-1.2961245095504037,1.0891758886562142,-1.2740774193934234,1.258902762671917,-1.6053471634500138,-1.2450309175347494,-1.0865934650343947,-1.4378840525310816,-1.1221580110917935,-0.9171966542898811,0.1273735901836806,-0.6485904809326422,1.7245903044748498,0
-0.1827311080632816,0.7715308156211609,-0.9102029225030177,0.94888916479251,0.5889580636971242,-1.264053652420733,0.9421752606648778,0.920307393868181,-0.4108240150088804,0.6460896152384192,0.8637677229720243,-1.0775117223646489,0.558622100971532,-0.05859021713873188,1
-1.0531424045994016,-1.2961245095504037,1.5390361211670416,0.2079003033971988,-1.2810614873542534,1.4662944358135126,0.6754427999088257,0.920307393868181,0.6162360225133209,0.8294634431541453,-1.8076788429208337,-1.0775117223646489,-0.21744313025257994,-0.9501804779455227,1
0.30083072334567396,0.7715308156211609,0.6393156561453871,0.94888916479251,0.7928542764285829,-0.24017311933289098,-0.6582195038714348,-1.0865934650343947,-0.4108240150088804,-0.6899197024332971,0.8637677229720243,1.3322589027320104,0.12747475029146982,-0.05859021713873188,0
-1.1498547708811926,0.7715308156211609,-0.2604048088762673,0.2079003033971988,-1.3567943663687954,-0.5814666303621717,-1.2983774096859597,0.920307393868181,1.6432960600355222,-1.1483542722226117,-0.026714465658928405,0.1273735901836806,-0.47613154066061725,-0.9501804779455227,1
1.0745296536000029,-1.2961245095504037,0.4393777750294639,-0.5330885579981124,0.5307020029167074,0.10112039169638974,1.2622542135721402,-1.0865934650343947,-0.4108240150088804,1.3926830574667317,0.8637677229720243,-1.0775117223646489,0.7310810412435569,-0.05859021713873188,0
-0.5695805731904461,0.7715308156211609,-1.609985506408749,-2.0150662807887345,-0.4596510303503773,-0.9227601413914523,0.19532437054793192,0.920307393868181,-1.4378840525310816,0.08287000092583299,-0.9171966542898811,1.3322589027320104,2.4125557088957996,-0.05859021713873188,1
-0.0860187417814905,-1.2961245095504037,-0.010482457481363327,0.94888916479251,0.501573972526499,-0.5814666303621717,-0.4981800274178035,0.920307393868181,-0.4108240150088804,-0.48034961338675325,0.8637677229720243,1.3322589027320104,0.21370422042748224,-0.9501804779455227,1
1.3646667524453762,0.7715308156211609,0.4393777750294639,-1.2740774193934234,1.4627989754033754,0.10112039169638974,-1.1383379332323285,-1.0865934650343947,1.6432960600355222,-0.9649804443068858,-0.026714465658928405,0.1273735901836806,-0.8210494212046671,1.7245903044748498,0
-0.8597176720358194,0.7715308156211609,0.7892690669823295,0.2079003033971988,-1.2810614873542534,-1.6053471634500138,1.1555612292697195,0.920307393868181,-0.4108240150088804,1.130720446158552,0.8637677229720243,-1.0775117223646489,-0.21744313025257994,-0.9501804779455227,1
0.5909678221910473,-1.2961245095504037,-0.11045139803932492,0.94888916479251,0.4141898813558739,0.10112039169638974,-1.5651098704420119,-1.0865934650343947,0.6162360225133209,-1.2400411861804745,-1.8076788429208337,0.1273735901836806,-0.13121366011656752,0.8330000436680589,0
-0.6662929394722371,0.7715308156211609,-0.4603426899921905,0.94888916479251,0.09378154706358183,1.4662944358135126,1.368947197874561,0.920307393868181,-0.4108240150088804,1.6284494076440932,0.8637677229720243,-1.0775117223646489,0.6879663061755507,-0.9501804779455227,1
-1.3432795034447749,0.7715308156211609,-0.6102961008291329,0.2079003033971988,-1.415050427149212,1.1250009247842319,0.462056831303984,0.920307393868181,1.6432960600355222,0.3448326122340129,-0.026714465658928405,-1.0775117223646489,-0.7348199510686546,-0.9501804779455227,1
0.7843925547546295,-1.2961245095504037,-0.41035821971320974,-0.5330885579981124,0.4433179117460823,0.7837074137549511,-0.7115659960226451,-1.0865934650343947,-0.4108240150088804,-0.742312224694933,0.8637677229720243,1.3322589027320104,0.558622100971532,-0.05859021713873188,0
-0.3761558406268638,0.7715308156211609,0.3394088344715023,0.94888916479251,0.5307020029167074,0.10112039169638974,-0.9782984567786973,0.920307393868181,-1.4378840525310816,-0.9256860526106587,-0.9171966542898811,0.1273735901836806,0.4723926308355196,-0.9501804779455227,1
-1.1498547708811926,-1.2961245095504037,0.9892069480982527,0.2079003033971988,-1.3538815633297745,-0.5814666303621717,0.9955217528160882,0.920307393868181,-0.4108240150088804,0.9080522265465989,0.8637677229720243,-1.0775117223646489,-0.47613154066061725,-0.9501804779455227,0
1.2679543861635851,0.7715308156211609,-0.3103892791552481,-1.2740774193934234,1.3171588234523335,0.7837074137549511,-1.4050703939883806,-1.0865934650343947,0.6162360225133209,-1.1614524027880206,-1.8076788429208337,0.1273735901836806,-0.6485904809326422,1.7245903044748498,1
-0.5695805731904461,-1.2961245095504037,0.889238007540291,0.94888916479251,0.3326313962632905,-1.6053471634500138,0.5687498156064048,0.920307393868181,-0.4108240150088804,0.24004756771074096,0.8637677229720243,1.3322589027320104,0.42927789576751335,-0.9501804779455227,1
0.20411835706388284,0.7715308156211609,-1.2600942144558833,0.94888916479251,0.7782902612334787,1.1250009247842319,-0.4981800274178035,-1.0865934650343947,1.6432960600355222,-0.5720365273446163,-0.026714465658928405,1.3322589027320104,0.17058948535947602,-0.05859021713873188,0
-1.4399918697265661,0.7715308156211609,-0.16043586831830572,0.2079003033971988,-1.4267016393052954,-0.24017311933289098,1.3156007057233507,0.920307393868181,-0.4108240150088804,1.5760568853824573,0.8637677229720243,-1.0775117223646489,-0.7779346861366608,-0.9501804779455227,1
0.9778172873182117,-1.2961245095504037,1.7889584725619454,-1.2740774193934234,1.1860826866963958,1.4662944358135126,-1.191684425383539,-1.0865934650343947,-1.4378840525310816,-1.0828636193955667,-0.9171966542898811,0.1273735901836806,-0.5192462757286235,1.7245903044748498,0
-0.8597176720358194,0.7715308156211609,-0.9102029225030177,-2.0150662807887345,-0.5033430759356898,-1.264053652420733,0.835482276362457,0.920307393868181,-0.4108240150088804,0.5805989624113743,0.8637677229720243,-1.0775117223646489,2.326326238759787,-0.05859021713873188,1
0.4942554559092562,-1.2961245095504037,-1.609985506408749,0.94888916479251,0.5947836697751658,-0.9227601413914523,0.7287892920600361,-1.0865934650343947,0.6162360225133209,0.947346618242826,-1.8076788429208337,-1.0775117223646489,-0.0018694549125488533,0.8330000436680589,1
-1.2465671371629838,0.7715308156211609,-0.8602184522240369,0.2079003033971988,-1.3655327754858577,-0.5814666303621717,-0.7115659960226451,0.920307393868181,-0.4108240150088804,-0.7161159635641151,0.8637677229720243,1.3322589027320104,-0.5192462757286235,-0.9501804779455227,0
1.1712420198817939,0.7715308156211609,-1.0101718630609793,-0.5330885579981124,0.5073995786045408,-1.6053471634500138,-1.0849914410811181,-1.0865934650343947,1.6432960600355222,-1.0173729665685216,-0.026714465658928405,0.1273735901836806,0.7741957763115631,-0.05859021713873188,1
-0.2794434743450727,-1.2961245095504037,-1.1101408036189409,0.94888916479251,0.30350336587308213,0.44241390272567044,1.2089077214209298,0.920307393868181,-0.4108240150088804,1.3533886657705048,0.8637677229720243,-1.0775117223646489,0.42927789576751335,-0.9501804779455227,0
-1.5367042360083571,0.7715308156211609,-1.4600320955718065,0.2079003033971988,-1.4412656545003995,1.1250009247842319,0.24867086269914235,0.920307393868181,-1.4378840525310816,0.004281217533379122,-0.9171966542898811,1.3322589027320104,-0.9503936264086857,-0.9501804779455227,1
0.10740599078209173,0.7715308156211609,-0.4603426899921905,0.94888916479251,0.682167760945791,1.4662944358135126,-0.3914870431153827,-1.0865934650343947,-0.4108240150088804,-0.4410552216905264,0.8637677229720243,1.3322589027320104,0.42927789576751335,-0.05859021713873188,1
0.7843925547546295,-1.2961245095504037,-1.2101097441769024,0.94888916479251,0.42001548743391565,0.10112039169638974,-0.9782984567786973,-1.0865934650343947,1.6432960600355222,-0.9387841831760678,-0.026714465658928405,0.1273735901836806,-0.17432839518457374,0.8330000436680589,0
-0.9564300383176104,0.7715308156211609,0.2894243641925215,0.2079003033971988,-1.2606718660811076,-0.24017311933289098,1.1555612292697195,0.920307393868181,-0.4108240150088804,1.15691670728937,0.8637677229720243,-1.0775117223646489,-0.08809892504856129,-0.9501804779455227,1
1.5580914850089584,0.7715308156211609,-0.21042033859728654,-1.2740774193934234,1.666695188134834,0.7837074137549511,-1.5117633782908015,-1.0865934650343947,0.6162360225133209,-1.1745505333534296,-1.8076788429208337,0.1273735901836806,-0.8641641562726733,1.7245903044748498,0
-0.7630053057540283,-1.2961245095504037,0.3394088344715023,0.94888916479251,0.19572965342931115,0.10112039169638974,1.4222936900257714,0.920307393868181,-0.4108240150088804,1.733234452167365,0.8637677229720243,-1.0775117223646489,0.25681895549548844,-0.9501804779455227,1
0.30083072334567396,0.7715308156211609,0.08948648307659827,0.94888916479251,0.7404238217262078,-0.24017311933289098,0.4087103391527736,-1.0865934650343947,1.6432960600355222,0.1483606537528779,-0.026714465658928405,1.3322589027320104,0.08436001522346359,-0.05859021713873188,1
-1.3432795034447749,0.7715308156211609,1.189144829214176,0.2079003033971988,-1.3946608058760661,-0.5814666303621717,-0.818258980325066,0.920307393868181,-0.4108240150088804,-0.7947047469565689,0.8637677229720243,1.3322589027320104,-0.6054757458646359,-0.9501804779455227,0
1.0745296536000029,-1.2961245095504037,1.8389429428409263,-0.5330885579981124,0.4870099573313949,1.4662944358135126,-0.9249519646274869,-1.0865934650343947,-1.4378840525310816,-0.9125879220452499,-0.9171966542898811,0.1273735901836806,0.6879663061755507,-0.05859021713873188,1
-0.5695805731904461,0.7715308156211609,-0.8102339819450561,-2.0150662807887345,-0.4742150455454815,0.44241390272567044,1.0488682449672986,0.920307393868181,-0.4108240150088804,0.9342484876774173,0.8637677229720243,-1.0775117223646489,2.326326238759787,-0.05859021713873188,0
1.3646667524453762,0.7715308156211609,1.5890205914460223,-1.2740774193934234,1.4482349602082714,0.7837074137549511,-1.3517239018371703,-1.0865934650343947,0.6162360225133209,-1.1352561416572025,-1.8076788429208337,0.1273735901836806,-0.6917052160006484,1.7245903044748498,1
-0.3761558406268638,-1.2961245095504037,1.3890827103300991,0.94888916479251,0.39088745704370725,0.10112039169638974,0.5154033234551945,0.920307393868181,-0.4108240150088804,0.7770709208925091,0.8637677229720243,-1.0775117223646489,0.3430484256315009,-0.9501804779455227,1
0.5909678221910473,0.7715308156211609,1.7389740022829647,0.94888916479251,0.39088745704370725,1.4662944358135126,-0.6582195038714348,-1.0865934650343947,1.6432960600355222,-0.5982327884754342,-0.026714465658928405,1.3322589027320104,-0.17432839518457374,0.8330000436680589,0
-1.2465671371629838,0.7715308156211609,-0.7602495116660754,0.2079003033971988,-1.380096790680962,-1.6053471634500138,1.1555612292697195,0.920307393868181,-0.4108240150088804,1.1831129684201878,0.8637677229720243,-1.0775117223646489,-0.5192462757286235,-0.9501804779455227,1
1.2679543861635851,-1.2961245095504037,1.0891758886562142,-1.2740774193934234,1.3025948082572294,-1.6053471634500138,-1.2983774096859597,-1.0865934650343947,-1.4378840525310816,-1.1090598805263847,-0.9171966542898811,0.1273735901836806,-0.6054757458646359,1.7245903044748498,0
-0.0860187417814905,0.7715308156211609,-0.9102029225030177,0.94888916479251,0.6239117001653742,-1.264053652420733,1.4222936900257714,0.920307393868181,-0.4108240150088804,1.5760568853824573,0.8637677229720243,-1.0775117223646489,0.6017368360395382,-0.05859021713873188,1
-1.0531424045994016,-1.2961245095504037,1.5390361211670416,0.2079003033971988,-1.275235881276212,1.4662944358135126,-0.4448335352665931,0.920307393868181,0.6162360225133209,-0.3886626994288904,-1.8076788429208337,1.3322589027320104,-0.17432839518457374,-0.9501804779455227,1
0.39754308962746504,0.7715308156211609,0.6393156561453871,0.94888916479251,0.8278079128968329,-0.24017311933289098,0.7287892920600361,-1.0865934650343947,-0.4108240150088804,0.9997391405044622,0.8637677229720243,-1.0775117223646489,0.17058948535947602,-0.05859021713873188,0
-1.1498547708811926,0.7715308156211609,-0.2604048088762673,0.2079003033971988,-1.3509687602907536,-0.5814666303621717,-0.4981800274178035,0.920307393868181,1.6432960600355222,-0.6244290496062522,-0.026714465658928405,0.1273735901836806,-0.4330168055926111,-0.9501804779455227,1
1.1712420198817939,-1.2961245095504037,0.4393777750294639,-0.5330885579981124,0.5656556393849576,0.10112039169638974,0.8888287685136673,-1.0865934650343947,-0.4108240150088804,0.7770709208925091,0.8637677229720243,-1.0775117223646489,0.7741957763115631,-0.05859021713873188,0
-0.47286820690865494,0.7715308156211609,-1.609985506408749,-2.0150662807887345,-0.4305229999601689,-0.9227601413914523,-1.5651098704420119,0.920307393868181,-1.4378840525310816,-1.2793355778767015,-0.9171966542898811,0.1273735901836806,2.498785179031812,-0.05859021713873188,1
0.010693624500300621,-1.2961245095504037,-0.010482457481363327,0.94888916479251,0.5365276089947492,-0.5814666303621717,0.30201735485035275,0.920307393868181,-0.4108240150088804,0.5020101790189206,0.8637677229720243,-1.0775117223646489,0.25681895549548844,-0.9501804779455227,1
1.4613791187271672,0.7715308156211609,0.4393777750294639,-1.2740774193934234,1.4919270057935838,0.10112039169638974,-0.7115659960226451,-1.0865934650343947,1.6432960600355222,-0.768508485825751,-0.026714465658928405,1.3322589027320104,-0.7779346861366608,1.7245903044748498,0
-0.8597176720358194,0.7715308156211609,0.7892690669823295,0.2079003033971988,-1.275235881276212,-1.6053471634500138,1.2622542135721402,0.920307393868181,-0.4108240150088804,1.3533886657705048,0.8637677229720243,-1.0775117223646489,-0.17432839518457374,-0.9501804779455227,1
0.6876801884728384,-1.2961245095504037,-0.11045139803932492,0.94888916479251,0.449143517824124,0.10112039169638974,-1.191684425383539,-1.0865934650343947,0.6162360225133209,-1.0435692276993398,-1.8076788429208337,0.1273735901836806,-0.08809892504856129,0.8330000436680589,0
-0.6662929394722371,0.7715308156211609,-0.4603426899921905,0.94888916479251,0.1287351835318319,1.4662944358135126,1.4222936900257714,0.920307393868181,-0.4108240150088804,1.7201363216019563,0.8637677229720243,-1.0775117223646489,0.7741957763115631,-0.9501804779455227,1
-1.3432795034447749,0.7715308156211609,-0.6102961008291329,0.2079003033971988,-1.4092248210711704,1.1250009247842319,0.6220963077576153,0.920307393868181,1.6432960600355222,-0.15289634925152862,-0.026714465658928405,1.3322589027320104,-0.6917052160006484,-0.9501804779455227,1
0.8811049210364206,-1.2961245095504037,-0.41035821971320974,-0.5330885579981124,0.4782715482143324,0.7837074137549511,-0.5515265195690139,-1.0865934650343947,-0.4108240150088804,-0.5065458745175714,0.8637677229720243,1.3322589027320104,0.6017368360395382,-0.05859021713873188,0
-0.2794434743450727,0.7715308156211609,0.3394088344715023,0.94888916479251,0.5656556393849576,0.10112039169638974,-1.0316449489299078,0.920307393868181,-1.4378840525310816,-0.9780785748722948,-0.9171966542898811,0.1273735901836806,0.5155073659035257,-0.9501804779455227,1
-1.1498547708811926,-1.2961245095504037,0.9892069480982527,0.2079003033971988,-1.3480559572517328,-0.5814666303621717,1.1022147371185091,0.920307393868181,-0.4108240150088804,1.012837271069871,0.8637677229720243,-1.0775117223646489,-0.4330168055926111,-0.9501804779455227,0
1.3646667524453762,0.7715308156211609,-0.3103892791552481,-1.2740774193934234,1.3608508690376462,0.7837074137549511,-1.5117633782908015,-1.0865934650343947,0.6162360225133209,-1.1876486639188384,-1.8076788429208337,0.1273735901836806,-0.6054757458646359,1.7245903044748498,1
-0.5695805731904461,-1.2961245095504037,0.889238007540291,0.94888916479251,0.3384570023413322,-1.6053471634500138,0.3553638470015632,0.920307393868181,-0.4108240150088804,-0.021915043597438757,0.8637677229720243,1.3322589027320104,0.44652378979471585,-0.9501804779455227,1
0.20411835706388284,0.7715308156211609,-1.2600942144558833,0.94888916479251,0.7870286703505411,1.1250009247842319,-0.2847940588129618,-1.0865934650343947,1.6432960600355222,-0.3755645688634815,-0.026714465658928405,1.3322589027320104,0.18783537938667852,-0.05859021713873188,0
-1.4399918697265661,0.7715308156211609,-0.16043586831830572,0.2079003033971988,-1.4237888362662745,-0.24017311933289098,1.4222936900257714,0.920307393868181,-0.4108240150088804,1.7201363216019563,0.8637677229720243,-1.0775117223646489,-0.7606887921094583,-0.9501804779455227,1
0.9778172873182117,-1.2961245095504037,1.7889584725619454,-1.2740774193934234,1.1948210958134584,1.4662944358135126,-1.2450309175347494,-1.0865934650343947,-1.4378840525310816,-1.1221580110917935,-0.9171966542898811,0.1273735901836806,-0.502000381701421,1.7245903044748498,0
-0.8597176720358194,0.7715308156211609,-0.9102029225030177,-2.0150662807887345,-0.49460466681862736,-1.264053652420733,0.9421752606648778,0.920307393868181,-0.4108240150088804,0.6460896152384192,0.8637677229720243,-1.0775117223646489,2.369440973827793,-0.05859021713873188,1
0.4942554559092562,-1.2961245095504037,-1.609985506408749,0.94888916479251,0.6035220788922284,-0.9227601413914523,0.6754427999088257,-1.0865934650343947,0.6162360225133209,0.8294634431541453,-1.8076788429208337,-1.0775117223646489,0.015376439114653634,0.8330000436680589,1
-1.2465671371629838,0.7715308156211609,-0.8602184522240369,0.2079003033971988,-1.3626199724468369,-0.5814666303621717,-0.6582195038714348,0.920307393868181,-0.4108240150088804,-0.6899197024332971,0.8637677229720243,1.3322589027320104,-0.502000381701421,-0.9501804779455227,0
1.1712420198817939,0.7715308156211609,-1.0101718630609793,-0.5330885579981124,0.5161379877216032,-1.6053471634500138,-1.2983774096859597,-1.0865934650343947,1.6432960600355222,-1.1483542722226117,-0.026714465658928405,0.1273735901836806,0.7914416703387656,-0.05859021713873188,1
-0.2794434743450727,-1.2961245095504037,-1.1101408036189409,0.94888916479251,0.31224177499014466,0.44241390272567044,1.2622542135721402,0.920307393868181,-0.4108240150088804,1.3926830574667317,0.8637677229720243,-1.0775117223646489,0.44652378979471585,-0.9501804779455227,0
-1.5367042360083571,0.7715308156211609,-1.4600320955718065,0.2079003033971988,-1.4383528514613786,1.1250009247842319,0.19532437054793192,0.920307393868181,-1.4378840525310816,0.08287000092583299,-0.9171966542898811,1.3322589027320104,-0.9331477323814832,-0.9501804779455227,1
0.10740599078209173,0.7715308156211609,-0.4603426899921905,0.94888916479251,0.6909061700628535,1.4662944358135126,-0.4981800274178035,-1.0865934650343947,-0.4108240150088804,-0.48034961338675325,0.8637677229720243,1.3322589027320104,0.44652378979471585,-0.05859021713873188,1
0.7843925547546295,-1.2961245095504037,-1.2101097441769024,0.94888916479251,0.4287538965509781,0.10112039169638974,-1.1383379332323285,-1.0865934650343947,1.6432960600355222,-0.9649804443068858,-0.026714465658928405,0.1273735901836806,-0.15708250115737124,0.8330000436680589,0
-0.9564300383176104,0.7715308156211609,0.2894243641925215,0.2079003033971988,-1.2577590630420867,-0.24017311933289098,1.1555612292697195,0.920307393868181,-0.4108240150088804,1.130720446158552,0.8637677229720243,-1.0775117223646489,-0.0708530310213588,-0.9501804779455227,1
1.5580914850089584,0.7715308156211609,-0.21042033859728654,-1.2740774193934234,1.6812592033299383,0.7837074137549511,-1.5651098704420119,-1.0865934650343947,0.6162360225133209,-1.2400411861804745,-1.8076788429208337,0.1273735901836806,-0.8469182622454707,1.7245903044748498,0
-0.7630053057540283,-1.2961245095504037,0.3394088344715023,0.94888916479251,0.20446806254637365,0.10112039169638974,1.368947197874561,0.920307393868181,-0.4108240150088804,1.6284494076440932,0.8637677229720243,-1.0775117223646489,0.27406484952269095,-0.9501804779455227,1
0.30083072334567396,0.7715308156211609,0.08948648307659827,0.94888916479251,0.7491622308432703,-0.24017311933289098,0.462056831303984,-1.0865934650343947,1.6432960600355222,0.3448326122340129,-0.026714465658928405,-1.0775117223646489,0.10160590925066608,-0.05859021713873188,1
-1.3432795034447749,0.7715308156211609,1.189144829214176,0.2079003033971988,-1.3917480028370453,-0.5814666303621717,-0.7115659960226451,0.920307393868181,-0.4108240150088804,-0.742312224694933,0.8637677229720243,1.3322589027320104,-0.5882298518374335,-0.9501804779455227,0
1.0745296536000029,-1.2961245095504037,1.8389429428409263,-0.5330885579981124,0.4957483664484574,1.4662944358135126,-0.9782984567786973,-1.0865934650343947,-1.4378840525310816,-0.9256860526106587,-0.9171966542898811,0.1273735901836806,0.7052122002027531,-0.05859021713873188,1
-0.5695805731904461,0.7715308156211609,-0.8102339819450561,-2.0150662807887345,-0.46547663642841897,0.44241390272567044,0.9955217528160882,0.920307393868181,-0.4108240150088804,0.9080522265465989,0.8637677229720243,-1.0775117223646489,2.369440973827793,-0.05859021713873188,0
1.3646667524453762,0.7715308156211609,1.5890205914460223,-1.2740774193934234,1.4569733693253337,0.7837074137549511,-1.4050703939883806,-1.0865934650343947,0.6162360225133209,-1.1614524027880206,-1.8076788429208337,0.1273735901836806,-0.6744593219734459,1.7245903044748498,1
-0.3761558406268638,-1.2961245095504037,1.3890827103300991,0.94888916479251,0.3996258661607698,0.10112039169638974,0.5687498156064048,0.920307393868181,-0.4108240150088804,0.24004756771074096,0.8637677229720243,1.3322589027320104,0.3602943196587034,-0.9501804779455227,1
0.5909678221910473,0.7715308156211609,1.7389740022829647,0.94888916479251,0.3996258661607698,1.4662944358135126,-0.4981800274178035,-1.0865934650343947,1.6432960600355222,-0.5720365273446163,-0.026714465658928405,1.3322589027320104,-0.15708250115737124,0.8330000436680589,0
-1.2465671371629838,0.7715308156211609,-0.7602495116660754,0.2079003033971988,-1.3771839876419412,-1.6053471634500138,1.3156007057233507,0.920307393868181,-0.4108240150088804,1.5760568853824573,0.8637677229720243,-1.0775117223646489,-0.502000381701421,-0.9501804779455227,1
1.2679543861635851,-1.2961245095504037,1.0891758886562142,-1.2740774193934234,1.311333217374292,-1.6053471634500138,-1.191684425383539,-1.0865934650343947,-1.4378840525310816,-1.0828636193955667,-0.9171966542898811,0.1273735901836806,-0.5882298518374335,1.7245903044748498,0
-0.0860187417814905,0.7715308156211609,-0.9102029225030177,0.94888916479251,0.6326501092824368,-1.264053652420733,0.835482276362457,0.920307393868181,-0.4108240150088804,0.5805989624113743,0.8637677229720243,-1.0775117223646489,0.6189827300667408,-0.05859021713873188,1
-1.0531424045994016,-1.2961245095504037,1.5390361211670416,0.2079003033971988,-1.272323078237191,1.4662944358135126,0.7287892920600361,0.920307393868181,0.6162360225133209,0.947346618242826,-1.8076788429208337,-1.0775117223646489,-0.15708250115737124,-0.9501804779455227,1
0.39754308962746504,0.7715308156211609,0.6393156561453871,0.94888916479251,0.8365463220138953,-0.24017311933289098,-0.7115659960226451,-1.0865934650343947,-0.4108240150088804,-0.7161159635641151,0.8637677229720243,1.3322589027320104,0.18783537938667852,-0.05859021713873188,0
-1.1498547708811926,0.7715308156211609,-0.2604048088762673,0.2079003033971988,-1.3480559572517328,-0.5814666303621717,-1.0849914410811181,0.920307393868181,1.6432960600355222,-1.0173729665685216,-0.026714465658928405,0.1273735901836806,-0.4157709115654086,-0.9501804779455227,1
1.1712420198817939,-1.2961245095504037,0.4393777750294639,-0.5330885579981124,0.57439404850202,0.10112039169638974,1.2089077214209298,-1.0865934650343947,-0.4108240150088804,1.3533886657705048,0.8637677229720243,-1.0775117223646489,0.7914416703387656,-0.05859021713873188,0
-0.47286820690865494,0.7715308156211609,-1.609985506408749,-2.0150662807887345,-0.4159589847650647,-0.9227601413914523,0.24867086269914235,0.920307393868181,-1.4378840525310816,0.004281217533379122,-0.9171966542898811,1.3322589027320104,2.541899914099818,-0.05859021713873188,1
0.010693624500300621,-1.2961245095504037,-0.010482457481363327,0.94888916479251,0.5452660181118116,-0.5814666303621717,-0.3914870431153827,0.920307393868181,-0.4108240150088804,-0.4410552216905264,0.8637677229720243,1.3322589027320104,0.27406484952269095,-0.9501804779455227,1
1.4613791187271672,0.7715308156211609,0.4393777750294639,-1.2740774193934234,1.506491020988688,0.10112039169638974,-0.9782984567786973,-1.0865934650343947,1.6432960600355222,-0.9387841831760678,-0.026714465658928405,0.1273735901836806,-0.7606887921094583,1.7245903044748498,0
-0.8597176720358194,0.7715308156211609,0.7892690669823295,0.2079003033971988,-1.272323078237191,-1.6053471634500138,1.1555612292697195,0.920307393868181,-0.4108240150088804,1.15691670728937,0.8637677229720243,-1.0775117223646489,-0.15708250115737124,-0.9501804779455227,1
0.6876801884728384,-1.2961245095504037,-0.11045139803932492,0.94888916479251,0.4578819269411865,0.10112039169638974,-1.5117633782908015,-1.0865934650343947,0.6162360225133209,-1.1745505333534296,-1.8076788429208337,0.1273735901836806,-0.0708530310213588,0.8330000436680589,0
-0.6662929394722371,0.7715308156211609,-0.4603426899921905,0.94888916479251,0.1374735926488944,1.4662944358135126,1.4222936900257714,0.920307393868181,-0.4108240150088804,1.733234452167365,0.8637677229720243,-1.0775117223646489,0.7914416703387656,-0.9501804779455227,1
-1.3432795034447749,0.7715308156211609,-0.6102961008291329,0.2079003033971988,-1.4063120180321496,1.1250009247842319,0.4087103391527736,0.920307393868181,1.6432960600355222,0.1483606537528779,-0.026714465658928405,1.3322589027320104,-0.6744593219734459,-0.9501804779455227,1
0.8811049210364206,-1.2961245095504037,-0.41035821971320974,-0.5330885579981124,0.4870099573313949,0.7837074137549511,-0.818258980325066,-1.0865934650343947,-0.4108240150088804,-0.7947047469565689,0.8637677229720243,1.3322589027320104,0.6189827300667408,-0.05859021713873188,0
-0.2794434743450727,0.7715308156211609,0.3394088344715023,0.94888916479251,0.57439404850202,0.10112039169638974,-0.9249519646274869,0.920307393868181,-1.4378840525310816,-0.9125879220452499,-0.9171966542898811,0.1273735901836806,0.5327532599307283,-0.9501804779455227,1
-1.1498547708811926,-1.2961245095504037,0.9892069480982527,0.2079003033971988,-1.345143154212712,-0.5814666303621717,1.0488682449672986,0.920307393868181,-0.4108240150088804,0.9342484876774173,0.8637677229720243,-1.0775117223646489,-0.4157709115654086,-0.9501804779455227,0
1.3646667524453762,0.7715308156211609,-0.3103892791552481,-1.2740774193934234,1.3695892781547085,0.7837074137549511,-1.3517239018371703,-1.0865934650343947,0.6162360225133209,-1.1352561416572025,-1.8076788429208337,0.1273735901836806,-0.5882298518374335,1.7245903044748498,1
-0.5695805731904461,-1.2961245095504037,0.889238007540291,0.94888916479251,0.34428260841937386,-1.6053471634500138,0.5154033234551945,0.920307393868181,-0.4108240150088804,0.7770709208925091,0.8637677229720243,-1.0775117223646489,0.4637696838219183,-0.9501804779455227,1
0.20411835706388284,0.7715308156211609,-1.2600942144558833,0.94888916479251,0.7928542764285829,1.1250009247842319,-0.6582195038714348,-1.0865934650343947,1.6432960600355222,-0.5982327884754342,-0.026714465658928405,1.3322589027320104,0.205081273413881,-0.05859021713873188,0
-1.4399918697265661,0.7715308156211609,-0.16043586831830572,0.2079003033971988,-1.4208760332272536,-0.24017311933289098,1.1555612292697195,0.920307393868181,-0.4108240150088804,1.1831129684201878,0.8637677229720243,-1.0775117223646489,-0.7434428980822558,-0.9501804779455227,1
0.9778172873182117,-1.2961245095504037,1.7889584725619454,-1.2740774193934234,1.2006467018915001,1.4662944358135126,-1.2983774096859597,-1.0865934650343947,-1.4378840525310816,-1.1090598805263847,-0.9171966542898811,0.1273735901836806,-0.4847544876742185,1.7245903044748498,0
-0.8597176720358194,0.7715308156211609,-0.9102029225030177,-2.0150662807887345,-0.4887790607405857,-1.264053652420733,1.4222936900257714,0.920307393868181,-0.4108240150088804,1.5760568853824573,0.8637677229720243,-1.0775117223646489,2.4125557088957996,-0.05859021713873188,1
0.4942554559092562,-1.2961245095504037,-1.609985506408749,0.94888916479251,0.6122604880092909,-0.9227601413914523,-0.4448335352665931,-1.0865934650343947,0.6162360225133209,-0.3886626994288904,-1.8076788429208337,1.3322589027320104,0.03262233314185612,0.8330000436680589,1
-1.2465671371629838,0.7715308156211609,-0.8602184522240369,0.2079003033971988,-1.359707169407816,-0.5814666303621717,0.7287892920600361,0.920307393868181,-0.4108240150088804,0.9997391405044622,0.8637677229720243,-1.0775117223646489,-0.4847544876742185,-0.9501804779455227,0
1.1712420198817939,0.7715308156211609,-1.0101718630609793,-0.5330885579981124,0.5248763968386658,-1.6053471634500138,-0.4981800274178035,-1.0865934650343947,1.6432960600355222,-0.6244290496062522,-0.026714465658928405,0.1273735901836806,0.8086875643659681,-0.05859021713873188,1
-0.2794434743450727,-1.2961245095504037,-1.1101408036189409,0.94888916479251,0.32098018410720713,0.44241390272567044,0.8888287685136673,0.920307393868181,-0.4108240150088804,0.7770709208925091,0.8637677229720243,-1.0775117223646489,0.4637696838219183,-0.9501804779455227,0
-1.5367042360083571,0.7715308156211609,-1.4600320955718065,0.2079003033971988,-1.435440048422358,1.1250009247842319,-1.5651098704420119,0.920307393868181,-1.4378840525310816,-1.2793355778767015,-0.9171966542898811,0.1273735901836806,-0.9159018383542807,-0.9501804779455227,1
0.10740599078209173,0.7715308156211609,-0.4603426899921905,0.94888916479251,0.6996445791799161,1.4662944358135126,0.30201735485035275,-1.0865934650343947,-0.4108240150088804,0.5020101790189206,0.8637677229720243,-1.0775117223646489,0.4637696838219183,-0.05859021713873188,1
0.7843925547546295,-1.2961245095504037,-1.2101097441769024,0.94888916479251,0.43749230566804065,0.10112039169638974,-0.7115659960226451,-1.0865934650343947,1.6432960600355222,-0.768508485825751,-0.026714465658928405,1.3322589027320104,-0.13983660713016877,0.8330000436680589,0
-0.9564300383176104,0.7715308156211609,0.2894243641925215,0.2079003033971988,-1.2548462600030659,-0.24017311933289098,1.2622542135721402,0.920307393868181,-0.4108240150088804,1.3533886657705048,0.8637677229720243,-1.0775117223646489,-0.05360713699415632,-0.9501804779455227,1
1.5580914850089584,0.7715308156211609,-0.21042033859728654,-1.2740774193934234,1.6958232185250424,0.7837074137549511,-1.191684425383539,-1.0865934650343947,0.6162360225133209,-1.0435692276993398,-1.8076788429208337,0.1273735901836806,-0.8296723682182683,1.7245903044748498,0
-0.7630053057540283,-1.2961245095504037,0.3394088344715023,0.94888916479251,0.21029366862441531,0.10112039169638974,1.4222936900257714,0.920307393868181,-0.4108240150088804,1.7201363216019563,0.8637677229720243,-1.0775117223646489,0.29131074354989345,-0.9501804779455227,1
0.30083072334567396,0.7715308156211609,0.08948648307659827,0.94888916479251,0.7579006399603327,-0.24017311933289098,0.6220963077576153,-1.0865934650343947,1.6432960600355222,-0.15289634925152862,-0.026714465658928405,1.3322589027320104,0.11885180327786857,-0.05859021713873188,1
-1.3432795034447749,0.7715308156211609,1.189144829214176,0.2079003033971988,-1.3888351997980244,-0.5814666303621717,-0.5515265195690139,0.920307393868181,-0.4108240150088804,-0.5065458745175714,0.8637677229720243,1.3322589027320104,-0.5709839578102309,-0.9501804779455227,0
1.0745296536000029,-1.2961245095504037,1.8389429428409263,-0.5330885579981124,0.501573972526499,1.4662944358135126,-1.0316449489299078,-1.0865934650343947,-1.4378840525310816,-0.9780785748722948,-0.9171966542898811,0.1273735901836806,0.7224580942299557,-0.05859021713873188,1
-0.5695805731904461,0.7715308156211609,-0.8102339819450561,-2.0150662807887345,-0.4596510303503773,0.44241390272567044,1.1022147371185091,0.920307393868181,-0.4108240150088804,1.012837271069871,0.8637677229720243,-1.0775117223646489,2.4125557088957996,-0.05859021713873188,0
1.3646667524453762,0.7715308156211609,1.5890205914460223,-1.2740774193934234,1.4627989754033754,0.7837074137549511,-1.5117633782908015,-1.0865934650343947,0.6162360225133209,-1.1876486639188384,-1.8076788429208337,0.1273735901836806,-0.6572134279462434,1.7245903044748498,1
-0.3761558406268638,-1.2961245095504037,1.3890827103300991,0.94888916479251,0.40836427527783226,0.10112039169638974,0.5687498156064048,0.920307393868181,-0.4108240150088804,0.8032671820233274,0.8637677229720243,-1.0775117223646489,0.3775402136859059,-0.9501804779455227,1
0.5909678221910473,0.7715308156211609,1.7389740022829647,0.94888916479251,0.40836427527783226,1.4662944358135126,-0.6048730117202243,-1.0865934650343947,1.6432960600355222,-0.5851346579100252,-0.026714465658928405,1.3322589027320104,-0.13983660713016877,0.8330000436680589,0
-1.2465671371629838,0.7715308156211609,-0.7602495116660754,0.2079003033971988,-1.3742711846029203,-1.6053471634500138,1.2089077214209298,0.920307393868181,-0.4108240150088804,1.2093092295510057,0.8637677229720243,-1.0775117223646489,-0.4847544876742185,-0.9501804779455227,1
1.2679543861635851,-1.2961245095504037,1.0891758886562142,-1.2740774193934234,1.3171588234523335,-1.6053471634500138,-1.2983774096859597,-1.0865934650343947,-1.4378840525310816,-1.0959617499609757,-0.9171966542898811,0.1273735901836806,-0.5709839578102309,1.7245903044748498,0
-0.0860187417814905,0.7715308156211609,-0.9102029225030177,0.94888916479251,0.6413885183994993,-1.264053652420733,1.4222936900257714,0.920307393868181,-0.4108240150088804,1.6022531465132752,0.8637677229720243,-1.0775117223646489,0.6362286240939432,-0.05859021713873188,1
-1.0531424045994016,-1.2961245095504037,1.5390361211670416,0.2079003033971988,-1.2694102751981702,1.4662944358135126,-0.3914870431153827,0.920307393868181,0.6162360225133209,-0.36246643829807257,-1.8076788429208337,1.3322589027320104,-0.13983660713016877,-0.9501804779455227,1
0.39754308962746504,0.7715308156211609,0.6393156561453871,0.94888916479251,0.8452847311309579,-0.24017311933289098,0.7821357842112465,-1.0865934650343947,-0.4108240150088804,1.02593540163528,0.8637677229720243,-1.0775117223646489,0.205081273413881,-0.05859021713873188,0
-1.1498547708811926,0.7715308156211609,-0.2604048088762673,0.2079003033971988,-1.345143154212712,-0.5814666303621717,-0.4448335352665931,0.920307393868181,1.6432960600355222,-0.6113309190408431,-0.026714465658928405,0.1273735901836806,-0.39852501753820607,-0.9501804779455227,1
1.1712420198817939,-1.2961245095504037,0.4393777750294639,-0.5330885579981124,0.5831324576190825,0.10112039169638974,0.9421752606648778,-1.0865934650343947,-0.4108240150088804,0.8032671820233274,0.8637677229720243,-1.0775117223646489,0.8086875643659681,-0.05859021713873188,0
-0.47286820690865494,0.7715308156211609,-1.609985506408749,-2.0150662807887345,-0.40722057564800224,-0.9227601413914523,-1.5651098704420119,0.920307393868181,-1.4378840525310816,-1.2662374473112923,-0.9171966542898811,0.1273735901836806,2.5850146491678245,-0.05859021713873188,1
0.010693624500300621,-1.2961245095504037,-0.010482457481363327,0.94888916479251,0.5540044272288741,-0.5814666303621717,0.3553638470015632,0.920307393868181,-0.4108240150088804,0.5282064401497385,0.8637677229720243,-1.0775117223646489,0.29131074354989345,-0.9501804779455227,1
1.4613791187271672,0.7715308156211609,0.4393777750294639,-1.2740774193934234,1.5210550361837922,0.10112039169638974,-0.6582195038714348,-1.0865934650343947,1.6432960600355222,-0.7554103552603421,-0.026714465658928405,1.3322589027320104,-0.7434428980822558,1.7245903044748498,0
-0.8597176720358194,0.7715308156211609,0.7892690669823295,0.2079003033971988,-1.2694102751981702,-1.6053471634500138,1.3156007057233507,0.920307393868181,-0.4108240150088804,1.3795849269013225,0.8637677229720243,-1.0775117223646489,-0.13983660713016877,-0.9501804779455227,1
0.6876801884728384,-1.2961245095504037,-0.11045139803932492,0.94888916479251,0.46662033605824904,0.10112039169638974,-1.191684425383539,-1.0865934650343947,0.6162360225133209,-1.0304710971339308,-1.8076788429208337,0.1273735901836806,-0.05360713699415632,0.8330000436680589,0
-0.6662929394722371,0.7715308156211609,-0.4603426899921905,0.94888916479251,0.1462120017659569,1.4662944358135126,1.4222936900257714,0.920307393868181,-0.4108240150088804,1.7463325827327743,0.8637677229720243,-1.0775117223646489,0.8086875643659681,-0.9501804779455227,1
-1.3432795034447749,0.7715308156211609,-0.6102961008291329,0.2079003033971988,-1.4033992149931287,1.1250009247842319,0.6754427999088257,0.920307393868181,1.6432960600355222,-0.13979821868611966,-0.026714465658928405,1.3322589027320104,-0.6572134279462434,-0.9501804779455227,1
0.8811049210364206,-1.2961245095504037,-0.41035821971320974,-0.5330885579981124,0.4957483664484574,0.7837074137549511,-0.4981800274178035,-1.0865934650343947,-0.4108240150088804,-0.4934477439521624,0.8637677229720243,1.3322589027320104,0.6362286240939432,-0.05859021713873188,0
-0.2794434743450727,0.7715308156211609,0.3394088344715023,0.94888916479251,0.5831324576190825,0.10112039169638974,-0.9782984567786973,0.920307393868181,-1.4378840525310816,-0.9649804443068858,-0.9171966542898811,0.1273735901836806,0.5499991539579308,-0.9501804779455227,1
-1.1498547708811926,-1.2961245095504037,0.9892069480982527,0.2079003033971988,-1.342230351173691,-0.5814666303621717,1.1555612292697195,0.920307393868181,-0.4108240150088804,1.0390335322006887,0.8637677229720243,-1.0775117223646489,-0.39852501753820607,-0.9501804779455227,0
1.3646667524453762,0.7715308156211609,-0.3103892791552481,-1.2740774193934234,1.3754148842327503,0.7837074137549511,-1.5117633782908015,-1.0865934650343947,0.6162360225133209,-1.1745505333534296,-1.8076788429208337,0.1273735901836806,-0.5709839578102309,1.7245903044748498,1
-0.5695805731904461,-1.2961245095504037,0.889238007540291,0.94888916479251,0.3501082144974155,-1.6053471634500138,0.4087103391527736,0.920307393868181,-0.4108240150088804,0.004281217533379122,0.8637677229720243,1.3322589027320104,0.4810155778491208,-0.9501804779455227,1
0.20411835706388284,0.7715308156211609,-1.2600942144558833,0.94888916479251,0.7986798825066245,1.1250009247842319,-0.23144756666175142,-1.0865934650343947,1.6432960600355222,-0.34936830773266336,-0.026714465658928405,1.3322589027320104,0.2223271674410835,-0.05859021713873188,0
-1.4399918697265661,0.7715308156211609,-0.16043586831830572,0.2079003033971988,-1.4179632301882328,-0.24017311933289098,1.4222936900257714,0.920307393868181,-0.4108240150088804,1.7463325827327743,0.8637677229720243,-1.0775117223646489,-0.7261970040550534,-0.9501804779455227,1
0.9778172873182117,-1.2961245095504037,1.7889584725619454,-1.2740774193934234,1.2064723079695419,1.4662944358135126,-1.2450309175347494,-1.0865934650343947,-1.4378840525310816,-1.1090598805263847,-0.9171966542898811,0.1273735901836806,-0.467508593647016,1.7245903044748498,0
-0.8597176720358194,0.7715308156211609,-0.9102029225030177,-2.0150662807887345,-0.482953454662544,-1.264053652420733,0.9955217528160882,0.920307393868181,-0.4108240150088804,0.6722858763692375,0.8637677229720243,-1.0775117223646489,2.4556704439638057,-0.05859021713873188,1
0.4942554559092562,-1.2961245095504037,-1.609985506408749,0.94888916479251,0.6180860940873326,-0.9227601413914523,0.7287892920600361,-1.0865934650343947,0.6162360225133209,0.8556597042849632,-1.8076788429208337,-1.0775117223646489,0.04986822716905861,0.8330000436680589,1
-1.2465671371629838,0.7715308156211609,-0.8602184522240369,0.2079003033971988,-1.3567943663687954,-0.5814666303621717,-0.6048730117202243,0.920307393868181,-0.4108240150088804,-0.676821571867888,0.8637677229720243,1.3322589027320104,-0.467508593647016,-0.9501804779455227,0
1.1712420198817939,0.7715308156211609,-1.0101718630609793,-0.5330885579981124,0.5307020029167074,-1.6053471634500138,-1.2983774096859597,-1.0865934650343947,1.6432960600355222,-1.1352561416572025,-0.026714465658928405,0.1273735901836806,0.8259334583931706,-0.05859021713873188,1
-0.2794434743450727,-1.2961245095504037,-1.1101408036189409,0.94888916479251,0.3268057901852488,0.44241390272567044,1.3156007057233507,0.920307393868181,-0.4108240150088804,1.4188793185975497,0.8637677229720243,-1.0775117223646489,0.4810155778491208,-0.9501804779455227,0
-1.5367042360083571,0.7715308156211609,-1.4600320955718065,0.2079003033971988,-1.432527245383337,1.1250009247842319,0.24867086269914235,0.920307393868181,-1.4378840525310816,0.1090662620566511,-0.9171966542898811,1.3322589027320104,-0.8986559443270782,-0.9501804779455227,1
0.10740599078209173,0.7715308156211609,-0.4603426899921905,0.94888916479251,0.7054701852579577,1.4662944358135126,-0.4448335352665931,-1.0865934650343947,-0.4108240150088804,-0.45415335225593534,0.8637677229720243,1.3322589027320104,0.4810155778491208,-0.05859021713873188,1
0.7843925547546295,-1.2961245095504037,-1.2101097441769024,0.94888916479251,0.4433179117460823,0.10112039169638974,-1.0849914410811181,-1.0865934650343947,1.6432960600355222,-0.9518823137414768,-0.026714465658928405,0.1273735901836806,-0.12259071310296626,0.8330000436680589,0
-0.9564300383176104,0.7715308156211609,0.2894243641925215,0.2079003033971988,-1.251933456964045,-0.24017311933289098,1.2089077214209298,0.920307393868181,-0.4108240150088804,1.15691670728937,0.8637677229720243,-1.0775117223646489,-0.03636124296695383,-0.9501804779455227,1
1.5580914850089584,0.7715308156211609,-0.21042033859728654,-1.2740774193934234,1.7103872337201467,0.7837074137549511,-1.5651098704420119,-1.0865934650343947,0.6162360225133209,-1.2269430556150656,-1.8076788429208337,0.1273735901836806,-0.8124264741910658,1.7245903044748498,0
-0.7630053057540283,-1.2961245095504037,0.3394088344715023,0.94888916479251,0.216119274702457,0.10112039169638974,1.368947197874561,0.920307393868181,-0.4108240150088804,1.6546456687749114,0.8637677229720243,-1.0775117223646489,0.30855663757709595,-0.9501804779455227,1
0.30083072334567396,0.7715308156211609,0.08948648307659827,0.94888916479251,0.7637262460383745,-0.24017311933289098,0.5154033234551945,-1.0865934650343947,1.6432960600355222,0.3710288733648308,-0.026714465658928405,-1.0775117223646489,0.13609769730507104,-0.05859021713873188,1
-1.3432795034447749,0.7715308156211609,1.189144829214176,0.2079003033971988,-1.3859223967590035,-0.5814666303621717,-0.6582195038714348,0.920307393868181,-0.4108240150088804,-0.729214094129524,0.8637677229720243,1.3322589027320104,-0.5537380637830285,-0.9501804779455227,0
1.0745296536000029,-1.2961245095504037,1.8389429428409263,-0.5330885579981124,0.5073995786045408,1.4662944358135126,-0.9249519646274869,-1.0865934650343947,-1.4378840525310816,-0.9125879220452499,-0.9171966542898811,0.1273735901836806,0.7397039882571581,-0.05859021713873188,1
-0.5695805731904461,0.7715308156211609,-0.8102339819450561,-2.0150662807887345,-0.45382542427233563,0.44241390272567044,1.0488682449672986,0.920307393868181,-0.4108240150088804,0.9342484876774173,0.8637677229720243,-1.0775117223646489,2.4556704439638057,-0.05859021713873188,0
1.3646667524453762,0.7715308156211609,1.5890205914460223,-1.2740774193934234,1.4773629905984795,0.7837074137549511,-1.3517239018371703,-1.0865934650343947,0.6162360225133209,-1.1483542722226117,-1.8076788429208337,0.1273735901836806,-0.6399675339190409,1.7245903044748498,1
-0.3761558406268638,-1.2961245095504037,1.3890827103300991,0.94888916479251,0.4141898813558739,0.10112039169638974,0.6220963077576153,0.920307393868181,-0.4108240150088804,0.26624382884155884,0.8637677229720243,1.3322589027320104,0.39478610771310835,-0.9501804779455227,1
0.5909678221910473,0.7715308156211609,1.7389740022829647,0.94888916479251,0.4141898813558739,1.4662944358135126,-0.4448335352665931,-1.0865934650343947,1.6432960600355222,-0.5589383967792073,-0.026714465658928405,1.3322589027320104,-0.12259071310296626,0.8330000436680589,0
-1.2465671371629838,0.7715308156211609,-0.7602495116660754,0.2079003033971988,-1.3713583815638994,-1.6053471634500138,1.368947197874561,0.920307393868181,-0.4108240150088804,1.6022531465132752,0.8637677229720243,-1.0775117223646489,-0.467508593647016,-0.9501804779455227,1
1.2679543861635851,-1.2961245095504037,1.0891758886562142,-1.2740774193934234,1.3317228386474378,-1.6053471634500138,-1.1383379332323285,-1.0865934650343947,-1.4378840525310816,-1.0697654888301575,-0.9171966542898811,0.1273735901836806,-0.5537380637830285,1.7245903044748498,0
-0.0860187417814905,0.7715308156211609,-0.9102029225030177,0.94888916479251,0.6472141244775409,-1.264053652420733,0.8888287685136673,0.920307393868181,-0.4108240150088804,0.6067952235421926,0.8637677229720243,-1.0775117223646489,0.6534745181211457,-0.05859021713873188,1
-1.0531424045994016,-1.2961245095504037,1.5390361211670416,0.2079003033971988,-1.2664974721591493,1.4662944358135126,0.7821357842112465,0.920307393868181,0.6162360225133209,0.9735428793736438,-1.8076788429208337,-1.0775117223646489,-0.12259071310296626,-0.9501804779455227,1
0.39754308962746504,0.7715308156211609,0.6393156561453871,0.94888916479251,0.8511103372089995,-0.24017311933289098,-0.6582195038714348,-1.0865934650343947,-0.4108240150088804,-0.7030178329987061,0.8637677229720243,1.3322589027320104,0.2223271674410835,-0.05859021713873188,0
-1.1498547708811926,0.7715308156211609,-0.2604048088762673,0.2079003033971988,-1.342230351173691,-0.5814666303621717,-1.0316449489299078,0.920307393868181,1.6432960600355222,-1.0042748360031128,-0.026714465658928405,0.1273735901836806,-0.38127912351100357,-0.9501804779455227,1
1.1712420198817939,-1.2961245095504037,0.4393777750294639,-0.5330885579981124,0.5889580636971242,0.10112039169638974,1.2622542135721402,-1.0865934650343947,-0.4108240150088804,1.3795849269013225,0.8637677229720243,-1.0775117223646489,0.8259334583931706,-0.05859021713873188,0
-0.47286820690865494,0.7715308156211609,-1.609985506408749,-2.0150662807887345,-0.40139496956996057,-0.9227601413914523,0.30201735485035275,0.920307393868181,-1.4378840525310816,0.030477478664197,-0.9171966542898811,1.3322589027320104,2.6281293842358306,-0.05859021713873188,1
0.010693624500300621,-1.2961245095504037,-0.010482457481363327,0.94888916479251,0.5598300333069158,-0.5814666303621717,-0.3381405509641722,0.920307393868181,-0.4108240150088804,-0.41485896055970833,0.8637677229720243,1.3322589027320104,0.30855663757709595,-0.9501804779455227,1
1.4613791187271672,0.7715308156211609,0.4393777750294639,-1.2740774193934234,1.5356190513788963,0.10112039169638974,-0.9249519646274869,-1.0865934650343947,1.6432960600355222,-0.9256860526106587,-0.026714465658928405,0.1273735901836806,-0.7261970040550534,1.7245903044748498,0
-0.8597176720358194,0.7715308156211609,0.7892690669823295,0.2079003033971988,-1.2664974721591493,-1.6053471634500138,1.2089077214209298,0.920307393868181,-0.4108240150088804,1.1831129684201878,0.8637677229720243,-1.0775117223646489,-0.12259071310296626,-0.9501804779455227,1
0.6876801884728384,-1.2961245095504037,-0.11045139803932492,0.94888916479251,0.4724459421362907,0.10112039169638974,-1.458416886139591,-1.0865934650343947,0.6162360225133209,-1.1614524027880206,-1.8076788429208337,0.1273735901836806,-0.03636124296695383,0.8330000436680589,0
-0.6662929394722371,0.7715308156211609,-0.4603426899921905,0.94888916479251,0.15203760784399858,1.4662944358135126,1.4222936900257714,0.920307393868181,-0.4108240150088804,1.759430713298183,0.8637677229720243,-1.0775117223646489,0.8259334583931706,-0.9501804779455227,1
-1.3432795034447749,0.7715308156211609,-0.6102961008291329,0.2079003033971988,-1.4004864119541078,1.1250009247842319,0.462056831303984,0.920307393868181,1.6432960600355222,0.174556914883696,-0.026714465658928405,1.3322589027320104,-0.6399675339190409,-0.9501804779455227,1
0.8811049210364206,-1.2961245095504037,-0.41035821971320974,-0.5330885579981124,0.501573972526499,0.7837074137549511,-0.7649124881738556,-1.0865934650343947,-0.4108240150088804,-0.78160661639116,0.8637677229720243,1.3322589027320104,0.6534745181211457,-0.05859021713873188,0
-0.2794434743450727,0.7715308156211609,0.3394088344715023,0.94888916479251,0.5889580636971242,0.10112039169638974,-0.8716054724762764,0.920307393868181,-1.4378840525310816,-0.8863916609144319,-0.9171966542898811,0.1273735901836806,0.5672450479851332,-0.9501804779455227,1
-1.1498547708811926,-1.2961245095504037,0.9892069480982527,0.2079003033971988,-1.3393175481346702,-0.5814666303621717,1.1022147371185091,0.920307393868181,-0.4108240150088804,0.9604447488082352,0.8637677229720243,-1.0775117223646489,-0.38127912351100357,-0.9501804779455227,0
1.3646667524453762,0.7715308156211609,-0.3103892791552481,-1.2740774193934234,1.3899788994278546,0.7837074137549511,-1.2983774096859597,-1.0865934650343947,0.6162360225133209,-1.1221580110917935,-1.8076788429208337,0.1273735901836806,-0.5537380637830285,1.7245903044748498,1
-0.5695805731904461,-1.2961245095504037,0.889238007540291,0.94888916479251,0.3559338205754572,-1.6053471634500138,0.5687498156064048,0.920307393868181,-0.4108240150088804,0.8032671820233274,0.8637677229720243,-1.0775117223646489,0.4982614718763233,-0.9501804779455227,1
0.20411835706388284,0.7715308156211609,-1.2600942144558833,0.94888916479251,0.8074182916236871,1.1250009247842319,-0.6048730117202243,-1.0865934650343947,1.6432960600355222,-0.5851346579100252,-0.026714465658928405,1.3322589027320104,0.23957306146828597,-0.05859021713873188,0
-1.4399918697265661,0.7715308156211609,-0.16043586831830572,0.2079003033971988,-1.415050427149212,-0.24017311933289098,1.2089077214209298,0.920307393868181,-0.4108240150088804,1.2093092295510057,0.8637677229720243,-1.0775117223646489,-0.7089511100278508,-0.9501804779455227,1
0.9778172873182117,-1.2961245095504037,1.7889584725619454,-1.2740774193934234,1.2152107170866042,1.4662944358135126,-1.2983774096859597,-1.0865934650343947,-1.4378840525310816,-1.0959617499609757,-0.9171966542898811,0.1273735901836806,-0.4502626996198135,1.7245903044748498,0
-0.8597176720358194,0.7715308156211609,-0.9102029225030177,-2.0150662807887345,-0.4742150455454815,-1.264053652420733,1.4222936900257714,0.920307393868181,-0.4108240150088804,1.6022531465132752,0.8637677229720243,-1.0775117223646489,2.498785179031812,-0.05859021713873188,1
0.4942554559092562,-1.2961245095504037,-1.609985506408749,0.94888916479251,0.6239117001653742,-0.9227601413914523,-0.3914870431153827,-1.0865934650343947,0.6162360225133209,-0.36246643829807257,-1.8076788429208337,1.3322589027320104,0.0671141211962611,0.8330000436680589,1
-1.2465671371629838,0.7715308156211609,-0.8602184522240369,0.2079003033971988,-1.3538815633297745,-0.5814666303621717,0.7821357842112465,0.920307393868181,-0.4108240150088804,1.02593540163528,0.8637677229720243,-1.0775117223646489,-0.4502626996198135,-0.9501804779455227,0
1.1712420198817939,0.7715308156211609,-1.0101718630609793,-0.5330885579981124,0.5365276089947492,-1.6053471634500138,-0.4448335352665931,-1.0865934650343947,1.6432960600355222,-0.6113309190408431,-0.026714465658928405,0.1273735901836806,0.843179352420373,-0.05859021713873188,1
-0.2794434743450727,-1.2961245095504037,-1.1101408036189409,0.94888916479251,0.3326313962632905,0.44241390272567044,0.9421752606648778,0.920307393868181,-0.4108240150088804,0.8032671820233274,0.8637677229720243,-1.0775117223646489,0.4982614718763233,-0.9501804779455227,0
-1.5367042360083571,0.7715308156211609,-1.4600320955718065,0.2079003033971988,-1.4296144423443162,1.1250009247842319,-1.5651098704420119,0.920307393868181,-1.4378840525310816,-1.2662374473112923,-0.9171966542898811,0.1273735901836806,-0.8814100502998757,-0.9501804779455227,1
0.10740599078209173,0.7715308156211609,-0.4603426899921905,0.94888916479251,0.7112957913359994,1.4662944358135126,0.3553638470015632,-1.0865934650343947,-0.4108240150088804,0.5282064401497385,0.8637677229720243,-1.0775117223646489,0.4982614718763233,-0.05859021713873188,1
0.7843925547546295,-1.2961245095504037,-1.2101097441769024,0.94888916479251,0.449143517824124,0.10112039169638974,-0.6582195038714348,-1.0865934650343947,1.6432960600355222,-0.7554103552603421,-0.026714465658928405,1.3322589027320104,-0.10534481907576378,0.8330000436680589,0
-0.9564300383176104,0.7715308156211609,0.2894243641925215,0.2079003033971988,-1.2490206539250241,-0.24017311933289098,1.3156007057233507,0.920307393868181,-0.4108240150088804,1.3795849269013225,0.8637677229720243,-1.0775117223646489,-0.01911534893975134,-0.9501804779455227,1
1.5580914850089584,0.7715308156211609,-0.21042033859728654,-1.2740774193934234,1.7249512489152508,0.7837074137549511,-1.191684425383539,-1.0865934650343947,0.6162360225133209,-1.0304710971339308,-1.8076788429208337,0.1273735901836806,-0.7951805801638633,1.7245903044748498,0
-0.7630053057540283,-1.2961245095504037,0.3394088344715023,0.94888916479251,0.2248576838195195,0.10112039169638974,1.4222936900257714,0.920307393868181,-0.4108240150088804,1.7463325827327743,0.8637677229720243,-1.0775117223646489,0.3258025316042984,-0.9501804779455227,1
0.30083072334567396,0.7715308156211609,0.08948648307659827,0.94888916479251,0.7695518521164161,-0.24017311933289098,0.6754427999088257,-1.0865934650343947,1.6432960600355222,-0.13979821868611966,-0.026714465658928405,1.3322589027320104,0.15334359133227354,-0.05859021713873188,1
-1.3432795034447749,0.7715308156211609,1.189144829214176,0.2079003033971988,-1.3830095937199829,-0.5814666303621717,-0.4981800274178035,0.920307393868181,-0.4108240150088804,-0.4934477439521624,0.8637677229720243,1.3322589027320104,-0.536492169755826,-0.9501804779455227,0
1.0745296536000029,-1.2961245095504037,1.8389429428409263,-0.5330885579981124,0.5161379877216032,1.4662944358135126,-0.9782984567786973,-1.0865934650343947,-1.4378840525310816,-0.9649804443068858,-0.9171966542898811,0.1273735901836806,0.7569498822843607,-0.05859021713873188,1
-0.5695805731904461,0.7715308156211609,-0.8102339819450561,-2.0150662807887345,-0.4450870151552731,0.44241390272567044,1.1555612292697195,0.920307393868181,-0.4108240150088804,1.0390335322006887,0.8637677229720243,-1.0775117223646489,2.498785179031812,-0.05859021713873188,0
1.3646667524453762,0.7715308156211609,1.5890205914460223,-1.2740774193934234,1.4919270057935838,0.7837074137549511,-1.5117633782908015,-1.0865934650343947,0.6162360225133209,-1.1745505333534296,-1.8076788429208337,0.1273735901836806,-0.6227216398918384,1.7245903044748498,1
-0.3761558406268638,-1.2961245095504037,1.3890827103300991,0.94888916479251,0.42001548743391565,0.10112039169638974,0.4087103391527736,0.920307393868181,-0.4108240150088804,0.004281217533379122,0.8637677229720243,1.3322589027320104,0.41203200174031085,-0.9501804779455227,1
0.5909678221910473,0.7715308156211609,1.7389740022829647,0.94888916479251,0.42001548743391565,1.4662944358135126,-0.23144756666175142,-1.0865934650343947,1.6432960600355222,-0.34936830773266336,-0.026714465658928405,1.3322589027320104,-0.10534481907576378,0.8330000436680589,0
-1.2465671371629838,0.7715308156211609,-0.7602495116660754,0.2079003033971988,-1.3684455785248786,-1.6053471634500138,1.4222936900257714,0.920307393868181,-0.4108240150088804,1.7463325827327743,0.8637677229720243,-1.0775117223646489,-0.4502626996198135,-0.9501804779455227,1
1.2679543861635851,-1.2961245095504037,1.0891758886562142,-1.2740774193934234,1.3462868538425419,-1.6053471634500138,-1.2450309175347494,-1.0865934650343947,-1.4378840525310816,-1.1090598805263847,-0.9171966542898811,0.1273735901836806,-0.536492169755826,1.7245903044748498,0
-0.0860187417814905,0.7715308156211609,-0.9102029225030177,0.94888916479251,0.6530397305555826,-1.264053652420733,0.9955217528160882,0.920307393868181,-0.4108240150088804,0.6722858763692375,0.8637677229720243,-1.0775117223646489,0.6707204121483482,-0.05859021713873188,1
-1.0531424045994016,-1.2961245095504037,1.5390361211670416,0.2079003033971988,-1.2635846691201285,1.4662944358135126,0.7287892920600361,0.920307393868181,0.6162360225133209,0.8556597042849632,-1.8076788429208337,-1.0775117223646489,-0.10534481907576378,-0.9501804779455227,1
0.39754308962746504,0.7715308156211609,0.6393156561453871,0.94888916479251,0.8569359432870413,-0.24017311933289098,-0.6048730117202243,-1.0865934650343947,-0.4108240150088804,-0.676821571867888,0.8637677229720243,1.3322589027320104,0.23957306146828597,-0.05859021713873188,0
-1.1498547708811926,0.7715308156211609,-0.2604048088762673,0.2079003033971988,-1.3393175481346702,-0.5814666303621717,-1.2983774096859597,0.920307393868181,1.6432960600355222,-1.1352561416572025,-0.026714465658928405,0.1273735901836806,-0.3640332294838011,-0.9501804779455227,1
1.1712420198817939,-1.2961245095504037,0.4393777750294639,-0.5330885579981124,0.5947836697751658,0.10112039169638974,1.3156007057233507,-1.0865934650343947,-0.4108240150088804,1.4188793185975497,0.8637677229720243,-1.0775117223646489,0.843179352420373,-0.05859021713873188,0
-0.47286820690865494,0.7715308156211609,-1.609985506408749,-2.0150662807887345,-0.39556936349191885,-0.9227601413914523,0.24867086269914235,0.920307393868181,-1.4378840525310816,0.1090662620566511,-0.9171966542898811,1.3322589027320104,2.6712441193038368,-0.05859021713873188,1
0.010693624500300621,-1.2961245095504037,-0.010482457481363327,0.94888916479251,0.5656556393849576,-0.5814666303621717,-0.4448335352665931,0.920307393868181,-0.4108240150088804,-0.45415335225593534,0.8637677229720243,1.3322589027320104,0.3258025316042984,-0.9501804779455227,1
1.4613791187271672,0.7715308156211609,0.4393777750294639,-1.2740774193934234,1.5501830665740006,0.10112039169638974,-1.0849914410811181,-1.0865934650343947,1.6432960600355222,-0.9518823137414768,-0.026714465658928405,0.1273735901836806,-0.7089511100278508,1.7245903044748498,0
-0.8597176720358194,0.7715308156211609,0.7892690669823295,0.2079003033971988,-1.2635846691201285,-1.6053471634500138,1.2089077214209298,0.920307393868181,-0.4108240150088804,1.15691670728937,0.8637677229720243,-1.0775117223646489,-0.10534481907576378,-0.9501804779455227,1
0.6876801884728384,-1.2961245095504037,-0.11045139803932492,0.94888916479251,0.4782715482143324,0.10112039169638974,-1.5651098704420119,-1.0865934650343947,0.6162360225133209,-1.2269430556150656,-1.8076788429208337,0.1273735901836806,-0.01911534893975134,0.8330000436680589,0
-0.6662929394722371,0.7715308156211609,-0.4603426899921905,0.94888916479251,0.15786321392204025,1.4662944358135126,1.368947197874561,0.920307393868181,-0.4108240150088804,1.6546456687749114,0.8637677229720243,-1.0775117223646489,0.843179352420373,-0.9501804779455227,1
-1.3432795034447749,0.7715308156211609,-0.6102961008291329,0.2079003033971988,-1.397573608915087,1.1250009247842319,0.5154033234551945,0.920307393868181,1.6432960600355222,0.3710288733648308,-0.026714465658928405,-1.0775117223646489,-0.6227216398918384,-0.9501804779455227,1
0.8811049210364206,-1.2961245095504037,-0.41035821971320974,-0.5330885579981124,0.5073995786045408,0.7837074137549511,-0.6582195038714348,-1.0865934650343947,-0.4108240150088804,-0.729214094129524,0.8637677229720243,1.3322589027320104,0.6707204121483482,-0.05859021713873188,0
-0.2794434743450727,0.7715308156211609,0.3394088344715023,0.94888916479251,0.5947836697751658,0.10112039169638974,-0.9249519646274869,0.920307393868181,-1.4378840525310816,-0.9125879220452499,-0.9171966542898811,0.1273735901836806,0.5844909420123358,-0.9501804779455227,1
-1.1498547708811926,-1.2961245095504037,0.9892069480982527,0.2079003033971988,-1.3364047450956493,-0.5814666303621717,1.0488682449672986,0.920307393868181,-0.4108240150088804,0.9342484876774173,0.8637677229720243,-1.0775117223646489,-0.3640332294838011,-0.9501804779455227,0
1.3646667524453762,0.7715308156211609,-0.3103892791552481,-1.2740774193934234,1.4045429146229587,0.7837074137549511,-1.3517239018371703,-1.0865934650343947,0.6162360225133209,-1.1483542722226117,-1.8076788429208337,0.1273735901836806,-0.536492169755826,1.7245903044748498,1
-0.47286820690865494,-1.2961245095504037,0.889238007540291,0.94888916479251,0.3704978357705614,-1.6053471634500138,0.6220963077576153,0.920307393868181,-0.4108240150088804,0.26624382884155884,0.8637677229720243,1.3322589027320104,0.5155073659035257,-0.9501804779455227,1
0.30083072334567396,0.7715308156211609,-1.2600942144558833,0.94888916479251,0.8278079128968329,1.1250009247842319,-0.4448335352665931,-1.0865934650343947,1.6432960600355222,-0.5589383967792073,-0.026714465658928405,1.3322589027320104,0.25681895549548844,-0.05859021713873188,0
-1.3432795034447749,0.7715308156211609,-0.16043586831830572,0.2079003033971988,-1.4092248210711704,-0.24017311933289098,1.368947197874561,0.920307393868181,-0.4108240150088804,1.6022531465132752,0.8637677229720243,-1.0775117223646489,-0.6917052160006484,-0.9501804779455227,1
1.0745296536000029,-1.2961245095504037,1.7889584725619454,-1.2740774193934234,1.2297747322817085,1.4662944358135126,-1.1383379332323285,-1.0865934650343947,-1.4378840525310816,-1.0697654888301575,-0.9171966542898811,0.1273735901836806,-0.4330168055926111,1.7245903044748498,0
-0.7630053057540283,0.7715308156211609,-0.9102029225030177,-2.0150662807887345,-0.4305229999601689,-1.264053652420733,0.8888287685136673,0.920307393868181,-0.4108240150088804,0.6067952235421926,0.8637677229720243,-1.0775117223646489,2.5850146491678245,-0.05859021713873188,1
0.5909678221910473,-1.2961245095504037,-1.609985506408749,0.94888916479251,0.6472141244775409,-0.9227601413914523,0.7821357842112465,-1.0865934650343947,0.6162360225133209,0.9735428793736438,-1.8076788429208337,-1.0775117223646489,0.08436001522346359,0.8330000436680589,1
-1.1498547708811926,0.7715308156211609,-0.8602184522240369,0.2079003033971988,-1.3509687602907536,-0.5814666303621717,-0.6582195038714348,0.920307393868181,-0.4108240150088804,-0.7030178329987061,0.8637677229720243,1.3322589027320104,-0.4330168055926111,-0.9501804779455227,0
1.2679543861635851,0.7715308156211609,-1.0101718630609793,-0.5330885579981124,0.5598300333069158,-1.6053471634500138,-1.0316449489299078,-1.0865934650343947,1.6432960600355222,-1.0042748360031128,-0.026714465658928405,0.1273735901836806,0.8604252464475756,-0.05859021713873188,1
-0.1827311080632816,-1.2961245095504037,-1.1101408036189409,0.94888916479251,0.3559338205754572,0.44241390272567044,1.2622542135721402,0.920307393868181,-0.4108240150088804,1.3795849269013225,0.8637677229720243,-1.0775117223646489,0.5155073659035257,-0.9501804779455227,0
-1.4399918697265661,0.7715308156211609,-1.4600320955718065,0.2079003033971988,-1.4267016393052954,1.1250009247842319,0.30201735485035275,0.920307393868181,-1.4378840525310816,0.030477478664197,-0.9171966542898811,1.3322589027320104,-0.8641641562726733,-0.9501804779455227,1
0.20411835706388284,0.7715308156211609,-0.4603426899921905,0.94888916479251,0.7345982156481661,1.4662944358135126,-0.3381405509641722,-1.0865934650343947,-0.4108240150088804,-0.41485896055970833,0.8637677229720243,1.3322589027320104,0.5155073659035257,-0.05859021713873188,1
0.8811049210364206,-1.2961245095504037,-1.2101097441769024,0.94888916479251,0.4724459421362907,0.10112039169638974,-0.9249519646274869,-1.0865934650343947,1.6432960600355222,-0.9256860526106587,-0.026714465658928405,0.1273735901836806,-0.08809892504856129,0.8330000436680589,0
-0.8597176720358194,0.7715308156211609,0.2894243641925215,0.2079003033971988,-1.2461078508860035,-0.24017311933289098,1.2089077214209298,0.920307393868181,-0.4108240150088804,1.1831129684201878,0.8637677229720243,-1.0775117223646489,-0.0018694549125488533,-0.9501804779455227,1
1.6548038512907495,0.7715308156211609,-0.21042033859728654,-1.2740774193934234,1.7540792793054591,0.7837074137549511,-1.458416886139591,-1.0865934650343947,0.6162360225133209,-1.1614524027880206,-1.8076788429208337,0.1273735901836806,-0.7779346861366608,1.7245903044748498,0
-0.6662929394722371,-1.2961245095504037,0.3394088344715023,0.94888916479251,0.2394216990146237,0.10112039169638974,1.4222936900257714,0.920307393868181,-0.4108240150088804,1.759430713298183,0.8637677229720243,-1.0775117223646489,0.3430484256315009,-0.9501804779455227,1
0.39754308962746504,0.7715308156211609,0.08948648307659827,0.94888916479251,0.7928542764285829,-0.24017311933289098,0.462056831303984,-1.0865934650343947,1.6432960600355222,0.174556914883696,-0.026714465658928405,1.3322589027320104,0.17058948535947602,-0.05859021713873188,1
-1.2465671371629838,0.7715308156211609,1.189144829214176,0.2079003033971988,-1.3771839876419412,-0.5814666303621717,-0.7649124881738556,0.920307393868181,-0.4108240150088804,-0.78160661639116,0.8637677229720243,1.3322589027320104,-0.5192462757286235,-0.9501804779455227,0
1.1712420198817939,-1.2961245095504037,1.8389429428409263,-0.5330885579981124,0.5307020029167074,1.4662944358135126,-0.8716054724762764,-1.0865934650343947,-1.4378840525310816,-0.8863916609144319,-0.9171966542898811,0.1273735901836806,0.7741957763115631,-0.05859021713873188,1
-0.47286820690865494,0.7715308156211609,-0.8102339819450561,-2.0150662807887345,-0.40139496956996057,0.44241390272567044,1.1022147371185091,0.920307393868181,-0.4108240150088804,0.9604447488082352,0.8637677229720243,-1.0775117223646489,2.6712441193038368,-0.05859021713873188,0
1.4613791187271672,0.7715308156211609,1.5890205914460223,-1.2740774193934234,1.5210550361837922,0.7837074137549511,-1.2983774096859597,-1.0865934650343947,0.6162360225133209,-1.1221580110917935,-1.8076788429208337,0.1273735901836806,-0.6054757458646359,1.7245903044748498,1
-0.2794434743450727,-1.2961245095504037,1.3890827103300991,0.94888916479251,0.4433179117460823,0.10112039169638974,0.5687498156064048,0.920307393868181,-0.4108240150088804,0.8032671820233274,0.8637677229720243,-1.0775117223646489,0.42927789576751335,-0.9501804779455227,1
0.6876801884728384,0.7715308156211609,1.7389740022829647,0.94888916479251,0.4433179117460823,1.4662944358135126,-0.6048730117202243,-1.0865934650343947,1.6432960600355222,-0.5851346579100252,-0.026714465658928405,1.3322589027320104,-0.08809892504856129,0.8330000436680589,0
-1.1498547708811926,0.7715308156211609,-0.7602495116660754,0.2079003033971988,-1.3655327754858577,-1.6053471634500138,1.2089077214209298,0.920307393868181,-0.4108240150088804,1.2093092295510057,0.8637677229720243,-1.0775117223646489,-0.4330168055926111,-0.9501804779455227,1
1.3646667524453762,-1.2961245095504037,1.0891758886562142,-1.2740774193934234,1.3754148842327503,-1.6053471634500138,-1.2983774096859597,-1.0865934650343947,-1.4378840525310816,-1.0959617499609757,-0.9171966542898811,0.1273735901836806,-0.5192462757286235,1.7245903044748498,0
0.010693624500300621,0.7715308156211609,-0.9102029225030177,0.94888916479251,0.6763421548677493,-1.264053652420733,1.4222936900257714,0.920307393868181,-0.4108240150088804,1.6022531465132752,0.8637677229720243,-1.0775117223646489,0.6879663061755507,-0.05859021713873188,1
-0.9564300383176104,-1.2961245095504037,1.5390361211670416,0.2079003033971988,-1.2577590630420867,1.4662944358135126,-0.3914870431153827,0.920307393868181,0.6162360225133209,-0.36246643829807257,-1.8076788429208337,1.3322589027320104,-0.08809892504856129,-0.9501804779455227,1
0.4942554559092562,0.7715308156211609,0.6393156561453871,0.94888916479251,0.8802383675992079,-0.24017311933289098,0.7821357842112465,-1.0865934650343947,-0.4108240150088804,1.02593540163528,0.8637677229720243,-1.0775117223646489,0.25681895549548844,-0.05859021713873188,0
-1.0531424045994016,0.7715308156211609,-0.2604048088762673,0.2079003033971988,-1.3334919420566285,-0.5814666303621717,-0.4448335352665931,0.920307393868181,1.6432960600355222,-0.6113309190408431,-0.026714465658928405,0.1273735901836806,-0.3467873354565986,-0.9501804779455227,1
1.2679543861635851,-1.2961245095504037,0.4393777750294639,-0.5330885579981124,0.6180860940873326,0.10112039169638974,0.9421752606648778,-1.0865934650343947,-0.4108240150088804,0.8032671820233274,0.8637677229720243,-1.0775117223646489,0.8604252464475756,-0.05859021713873188,0
-0.3761558406268638,0.7715308156211609,-1.609985506408749,-2.0150662807887345,-0.3722669391797522,-0.9227601413914523,-1.5651098704420119,0.920307393868181,-1.4378840525310816,-1.2662374473112923,-0.9171966542898811,0.1273735901836806,2.7574735894398494,-0.05859021713873188,1
0.10740599078209173,-1.2961245095504037,-0.010482457481363327,0.94888916479251,0.5889580636971242,-0.5814666303621717,0.3553638470015632,0.920307393868181,-0.4108240150088804,0.5282064401497385,0.8637677229720243,-1.0775117223646489,0.3430484256315009,-0.9501804779455227,1
1.5580914850089584,0.7715308156211609,0.4393777750294639,-1.2740774193934234,1.579311096964209,0.10112039169638974,-0.6582195038714348,-1.0865934650343947,1.6432960600355222,-0.7554103552603421,-0.026714465658928405,1.3322589027320104,-0.6917052160006484,1.7245903044748498,0
-0.7630053057540283,0.7715308156211609,0.7892690669823295,0.2079003033971988,-1.2577590630420867,-1.6053471634500138,1.3156007057233507,0.920307393868181,-0.4108240150088804,1.3795849269013225,0.8637677229720243,-1.0775117223646489,-0.08809892504856129,-0.9501804779455227,1
0.7843925547546295,-1.2961245095504037,-0.11045139803932492,0.94888916479251,0.501573972526499,0.10112039169638974,-1.191684425383539,-1.0865934650343947,0.6162360225133209,-1.0304710971339308,-1.8076788429208337,0.1273735901836806,-0.0018694549125488533,0.8330000436680589,0
-0.5695805731904461,0.7715308156211609,-0.4603426899921905,0.94888916479251,0.18116563823420695,1.4662944358135126,1.4222936900257714,0.920307393868181,-0.4108240150088804,1.7463325827327743,0.8637677229720243,-1.0775117223646489,0.8604252464475756,-0.9501804779455227,1
-1.2465671371629838,0.7715308156211609,-0.6102961008291329,0.2079003033971988,-1.3917480028370453,1.1250009247842319,0.6754427999088257,0.920307393868181,1.6432960600355222,-0.13979821868611966,-0.026714465658928405,1.3322589027320104,-0.6054757458646359,-0.9501804779455227,1
0.9778172873182117,-1.2961245095504037,-0.41035821971320974,-0.5330885579981124,0.5307020029167074,0.7837074137549511,-0.4981800274178035,-1.0865934650343947,-0.4108240150088804,-0.4934477439521624,0.8637677229720243,1.3322589027320104,0.6879663061755507,-0.05859021713873188,0
-0.1827311080632816,0.7715308156211609,0.3394088344715023,0.94888916479251,0.6180860940873326,0.10112039169638974,-0.9782984567786973,0.920307393868181,-1.4378840525310816,-0.9649804443068858,-0.9171966542898811,0.1273735901836806,0.6017368360395382,-0.9501804779455227,1
-1.0531424045994016,-1.2961245095504037,0.9892069480982527,0.2079003033971988,-1.327666335978587,-0.5814666303621717,1.1555612292697195,0.920307393868181,-0.4108240150088804,1.0390335322006887,0.8637677229720243,-1.0775117223646489,-0.3467873354565986,-0.9501804779455227,0
1.4613791187271672,0.7715308156211609,-0.3103892791552481,-1.2740774193934234,1.433670945013167,0.7837074137549511,-1.5117633782908015,-1.0865934650343947,0.6162360225133209,-1.1745505333534296,-1.8076788429208337,0.1273735901836806,-0.5192462757286235,1.7245903044748498,1
-0.47286820690865494,-1.2961245095504037,0.889238007540291,0.94888916479251,0.3792362448876239,-1.6053471634500138,0.4087103391527736,0.920307393868181,-0.4108240150088804,0.004281217533379122,0.8637677229720243,1.3322589027320104,0.5327532599307283,-0.9501804779455227,1
0.30083072334567396,0.7715308156211609,-1.2600942144558833,0.94888916479251,0.8365463220138953,1.1250009247842319,-0.23144756666175142,-1.0865934650343947,1.6432960600355222,-0.34936830773266336,-0.026714465658928405,1.3322589027320104,0.27406484952269095,-0.05859021713873188,0
-1.3432795034447749,0.7715308156211609,-0.16043586831830572,0.2079003033971988,-1.4063120180321496,-0.24017311933289098,1.4222936900257714,0.920307393868181,-0.4108240150088804,1.7463325827327743,0.8637677229720243,-1.0775117223646489,-0.6744593219734459,-0.9501804779455227,1
1.0745296536000029,-1.2961245095504037,1.7889584725619454,-1.2740774193934234,1.238513141398771,1.4662944358135126,-1.2450309175347494,-1.0865934650343947,-1.4378840525310816,-1.1090598805263847,-0.9171966542898811,0.1273735901836806,-0.4157709115654086,1.7245903044748498,0
-0.7630053057540283,0.7715308156211609,-0.9102029225030177,-2.0150662807887345,-0.4159589847650647,-1.264053652420733,0.9955217528160882,0.920307393868181,-0.4108240150088804,0.6722858763692375,0.8637677229720243,-1.0775117223646489,2.602260543195027,-0.05859021713873188,1
0.5909678221910473,-1.2961245095504037,-1.609985506408749,0.94888916479251,0.6559525335946035,-0.9227601413914523,0.7287892920600361,-1.0865934650343947,0.6162360225133209,0.8556597042849632,-1.8076788429208337,-1.0775117223646489,0.10160590925066608,0.8330000436680589,1
-1.1498547708811926,0.7715308156211609,-0.8602184522240369,0.2079003033971988,-1.3480559572517328,-0.5814666303621717,-0.6048730117202243,0.920307393868181,-0.4108240150088804,-0.676821571867888,0.8637677229720243,1.3322589027320104,-0.4157709115654086,-0.9501804779455227,0
1.2679543861635851,0.7715308156211609,-1.0101718630609793,-0.5330885579981124,0.5685684424239783,-1.6053471634500138,-1.2983774096859597,-1.0865934650343947,1.6432960600355222,-1.1352561416572025,-0.026714465658928405,0.1273735901836806,0.877671140474778,-0.05859021713873188,1
-0.1827311080632816,-1.2961245095504037,-1.1101408036189409,0.94888916479251,0.3646722296925197,0.44241390272567044,1.3156007057233507,0.920307393868181,-0.4108240150088804,1.4188793185975497,0.8637677229720243,-1.0775117223646489,0.5327532599307283,-0.9501804779455227,0
-1.4399918697265661,0.7715308156211609,-1.4600320955718065,0.2079003033971988,-1.4237888362662745,1.1250009247842319,0.24867086269914235,0.920307393868181,-1.4378840525310816,0.1090662620566511,-0.9171966542898811,1.3322589027320104,-0.8469182622454707,-0.9501804779455227,1
0.20411835706388284,0.7715308156211609,-0.4603426899921905,0.94888916479251,0.7433366247652285,1.4662944358135126,-0.4448335352665931,-1.0865934650343947,-0.4108240150088804,-0.45415335225593534,0.8637677229720243,1.3322589027320104,0.5327532599307283,-0.05859021713873188,1
0.8811049210364206,-1.2961245095504037,-1.2101097441769024,0.94888916479251,0.48118435125335324,0.10112039169638974,-1.0849914410811181,-1.0865934650343947,1.6432960600355222,-0.9518823137414768,-0.026714465658928405,0.1273735901836806,-0.0708530310213588,0.8330000436680589,0
-0.8597176720358194,0.7715308156211609,0.2894243641925215,0.2079003033971988,-1.2431950478469826,-0.24017311933289098,1.2089077214209298,0.920307393868181,-0.4108240150088804,1.15691670728937,0.8637677229720243,-1.0775117223646489,0.015376439114653634,-0.9501804779455227,1
1.6548038512907495,0.7715308156211609,-0.21042033859728654,-1.2740774193934234,1.7686432945005635,0.7837074137549511,-1.5651098704420119,-1.0865934650343947,0.6162360225133209,-1.2269430556150656,-1.8076788429208337,0.1273735901836806,-0.7606887921094583,1.7245903044748498,0
-0.6662929394722371,-1.2961245095504037,0.3394088344715023,0.94888916479251,0.2481601081316862,0.10112039169638974,1.368947197874561,0.920307393868181,-0.4108240150088804,1.6546456687749114,0.8637677229720243,-1.0775117223646489,0.3602943196587034,-0.9501804779455227,1
0.39754308962746504,0.7715308156211609,0.08948648307659827,0.94888916479251,0.8015926855456453,-0.24017311933289098,0.5154033234551945,-1.0865934650343947,1.6432960600355222,0.3710288733648308,-0.026714465658928405,-1.0775117223646489,0.18783537938667852,-0.05859021713873188,1
-1.2465671371629838,0.7715308156211609,1.189144829214176,0.2079003033971988,-1.3742711846029203,-0.5814666303621717,-0.6582195038714348,0.920307393868181,-0.4108240150088804,-0.729214094129524,0.8637677229720243,1.3322589027320104,-0.502000381701421,-0.9501804779455227,0
1.1712420198817939,-1.2961245095504037,1.8389429428409263,-0.5330885579981124,0.5394404120337699,1.4662944358135126,-0.9249519646274869,-1.0865934650343947,-1.4378840525310816,-0.9125879220452499,-0.9171966542898811,0.1273735901836806,0.7914416703387656,-0.05859021713873188,1
-0.47286820690865494,0.7715308156211609,-0.8102339819450561,-2.0150662807887345,-0.3868309543748564,0.44241390272567044,1.0488682449672986,0.920307393868181,-0.4108240150088804,0.9342484876774173,0.8637677229720243,-1.0775117223646489,2.688490013331039,-0.05859021713873188,0
1.4613791187271672,0.7715308156211609,1.5890205914460223,-1.2740774193934234,1.5356190513788963,0.7837074137549511,-1.3517239018371703,-1.0865934650343947,0.6162360225133209,-1.1483542722226117,-1.8076788429208337,0.1273735901836806,-0.5882298518374335,1.7245903044748498,1
-0.2794434743450727,-1.2961245095504037,1.3890827103300991,0.94888916479251,0.45205632086314484,0.10112039169638974,0.6220963077576153,0.920307393868181,-0.4108240150088804,0.26624382884155884,0.8637677229720243,1.3322589027320104,0.44652378979471585,-0.9501804779455227,1
0.6876801884728384,0.7715308156211609,1.7389740022829647,0.94888916479251,0.45205632086314484,1.4662944358135126,-0.4448335352665931,-1.0865934650343947,1.6432960600355222,-0.5589383967792073,-0.026714465658928405,1.3322589027320104,-0.0708530310213588,0.8330000436680589,0
-1.1498547708811926,0.7715308156211609,-0.7602495116660754,0.2079003033971988,-1.3626199724468369,-1.6053471634500138,1.368947197874561,0.920307393868181,-0.4108240150088804,1.6022531465132752,0.8637677229720243,-1.0775117223646489,-0.4157709115654086,-0.9501804779455227,1
1.3646667524453762,-1.2961245095504037,1.0891758886562142,-1.2740774193934234,1.3899788994278546,-1.6053471634500138,-1.1383379332323285,-1.0865934650343947,-1.4378840525310816,-1.0697654888301575,-0.9171966542898811,0.1273735901836806,-0.502000381701421,1.7245903044748498,0
0.010693624500300621,0.7715308156211609,-0.9102029225030177,0.94888916479251,0.6850805639848119,-1.264053652420733,0.8888287685136673,0.920307393868181,-0.4108240150088804,0.6067952235421926,0.8637677229720243,-1.0775117223646489,0.7052122002027531,-0.05859021713873188,1
-0.9564300383176104,-1.2961245095504037,1.5390361211670416,0.2079003033971988,-1.2548462600030659,1.4662944358135126,0.7821357842112465,0.920307393868181,0.6162360225133209,0.9735428793736438,-1.8076788429208337,-1.0775117223646489,-0.0708530310213588,-0.9501804779455227,1
0.4942554559092562,0.7715308156211609,0.6393156561453871,0.94888916479251,0.8889767767162705,-0.24017311933289098,-0.6582195038714348,-1.0865934650343947,-0.4108240150088804,-0.7030178329987061,0.8637677229720243,1.3322589027320104,0.27406484952269095,-0.05859021713873188,0
-1.0531424045994016,0.7715308156211609,-0.2604048088762673,0.2079003033971988,-1.3305791390176076,-0.5814666303621717,-1.0316449489299078,0.920307393868181,1.6432960600355222,-1.0042748360031128,-0.026714465658928405,0.1273735901836806,-0.3295414414293961,-0.9501804779455227,1
1.2679543861635851,-1.2961245095504037,0.4393777750294639,-0.5330885579981124,0.6268245032043951,0.10112039169638974,1.2622542135721402,-1.0865934650343947,-0.4108240150088804,1.3795849269013225,0.8637677229720243,-1.0775117223646489,0.877671140474778,-0.05859021713873188,0
-0.3761558406268638,0.7715308156211609,-1.609985506408749,-2.0150662807887345,-0.357702923984648,-0.9227601413914523,0.30201735485035275,0.920307393868181,-1.4378840525310816,0.030477478664197,-0.9171966542898811,1.3322589027320104,2.774719483467052,-0.05859021713873188,1
0.10740599078209173,-1.2961245095504037,-0.010482457481363327,0.94888916479251,0.5976964728141867,-0.5814666303621717,-0.3381405509641722,0.920307393868181,-0.4108240150088804,-0.41485896055970833,0.8637677229720243,1.3322589027320104,0.3602943196587034,-0.9501804779455227,1
1.5580914850089584,0.7715308156211609,0.4393777750294639,-1.2740774193934234,1.593875112159313,0.10112039169638974,-0.9249519646274869,-1.0865934650343947,1.6432960600355222,-0.9256860526106587,-0.026714465658928405,0.1273735901836806,-0.6744593219734459,1.7245903044748498,0
-0.7630053057540283,0.7715308156211609,0.7892690669823295,0.2079003033971988,-1.2548462600030659,-1.6053471634500138,1.2089077214209298,0.920307393868181,-0.4108240150088804,1.1831129684201878,0.8637677229720243,-1.0775117223646489,-0.0708530310213588,-0.9501804779455227,1
0.7843925547546295,-1.2961245095504037,-0.11045139803932492,0.94888916479251,0.5103123816435616,0.10112039169638974,-1.458416886139591,-1.0865934650343947,0.6162360225133209,-1.1614524027880206,-1.8076788429208337,0.1273735901836806,0.015376439114653634,0.8330000436680589,0
-0.5695805731904461,0.7715308156211609,-0.4603426899921905,0.94888916479251,0.18990404735126945,1.4662944358135126,1.4222936900257714,0.920307393868181,-0.4108240150088804,1.759430713298183,0.8637677229720243,-1.0775117223646489,0.877671140474778,-0.9501804779455227,1
-1.2465671371629838,0.7715308156211609,-0.6102961008291329,0.2079003033971988,-1.3888351997980244,1.1250009247842319,0.462056831303984,0.920307393868181,1.6432960600355222,0.174556914883696,-0.026714465658928405,1.3322589027320104,-0.5882298518374335,-0.9501804779455227,1
0.9778172873182117,-1.2961245095504037,-0.41035821971320974,-0.5330885579981124,0.5394404120337699,0.7837074137549511,-0.7649124881738556,-1.0865934650343947,-0.4108240150088804,-0.78160661639116,0.8637677229720243,1.3322589027320104,0.7052122002027531,-0.05859021713873188,0
-0.1827311080632816,0.7715308156211609,0.3394088344715023,0.94888916479251,0.6268245032043951,0.10112039169638974,-0.8716054724762764,0.920307393868181,-1.4378840525310816,-0.8863916609144319,-0.9171966542898811,0.1273735901836806,0.6189827300667408,-0.9501804779455227,1
-1.0531424045994016,-1.2961245095504037,0.9892069480982527,0.2079003033971988,-1.324753532939566,-0.5814666303621717,1.1022147371185091,0.920307393868181,-0.4108240150088804,0.9604447488082352,0.8637677229720243,-1.0775117223646489,-0.3295414414293961,-0.9501804779455227,0
1.4613791187271672,0.7715308156211609,-0.3103892791552481,-1.2740774193934234,1.4482349602082714,0.7837074137549511,-1.2983774096859597,-1.0865934650343947,0.6162360225133209,-1.1221580110917935,-1.8076788429208337,0.1273735901836806,-0.502000381701421,1.7245903044748498,1
-0.47286820690865494,-1.2961245095504037,0.889238007540291,0.94888916479251,0.3850618509656656,-1.6053471634500138,0.5687498156064048,0.920307393868181,-0.4108240150088804,0.8032671820233274,0.8637677229720243,-1.0775117223646489,0.5499991539579308,-0.9501804779455227,1
0.30083072334567396,0.7715308156211609,-1.2600942144558833,0.94888916479251,0.8452847311309579,1.1250009247842319,-0.6048730117202243,-1.0865934650343947,1.6432960600355222,-0.5851346579100252,-0.026714465658928405,1.3322589027320104,0.29131074354989345,-0.05859021713873188,0
-1.3432795034447749,0.7715308156211609,-0.16043586831830572,0.2079003033971988,-1.4033992149931287,-0.24017311933289098,1.2089077214209298,0.920307393868181,-0.4108240150088804,1.2093092295510057,0.8637677229720243,-1.0775117223646489,-0.6572134279462434,-0.9501804779455227,1
1.0745296536000029,-1.2961245095504037,1.7889584725619454,-1.2740774193934234,1.2472515505158335,1.4662944358135126,-1.2983774096859597,-1.0865934650343947,-1.4378840525310816,-1.0959617499609757,-0.9171966542898811,0.1273735901836806,-0.39852501753820607,1.7245903044748498,0
-0.7630053057540283,0.7715308156211609,-0.9102029225030177,-2.0150662807887345,-0.40722057564800224,-1.264053652420733,1.4222936900257714,0.920307393868181,-0.4108240150088804,1.6022531465132752,0.8637677229720243,-1.0775117223646489,2.6195064372222294,-0.05859021713873188,1
0.5909678221910473,-1.2961245095504037,-1.609985506408749,0.94888916479251,0.664690942711666,-0.9227601413914523,-0.3914870431153827,-1.0865934650343947,0.6162360225133209,-0.36246643829807257,-1.8076788429208337,1.3322589027320104,0.11885180327786857,0.8330000436680589,1
-1.1498547708811926,0.7715308156211609,-0.8602184522240369,0.2079003033971988,-1.345143154212712,-0.5814666303621717,0.7821357842112465,0.920307393868181,-0.4108240150088804,1.02593540163528,0.8637677229720243,-1.0775117223646489,-0.39852501753820607,-0.9501804779455227,0
1.2679543861635851,0.7715308156211609,-1.0101718630609793,-0.5330885579981124,0.5773068515410409,-1.6053471634500138,-0.4448335352665931,-1.0865934650343947,1.6432960600355222,-0.6113309190408431,-0.026714465658928405,0.1273735901836806,0.8949170345019806,-0.05859021713873188,1
-0.1827311080632816,-1.2961245095504037,-1.1101408036189409,0.94888916479251,0.37341063880958225,0.44241390272567044,0.9421752606648778,0.920307393868181,-0.4108240150088804,0.8032671820233274,0.8637677229720243,-1.0775117223646489,0.5499991539579308,-0.9501804779455227,0
-1.4399918697265661,0.7715308156211609,-1.4600320955718065,0.2079003033971988,-1.4208760332272536,1.1250009247842319,-1.5651098704420119,0.920307393868181,-1.4378840525310816,-1.2662374473112923,-0.9171966542898811,0.1273735901836806,-0.8296723682182683,-0.9501804779455227,1
0.20411835706388284,0.7715308156211609,-0.4603426899921905,0.94888916479251,0.7520750338822911,1.4662944358135126,0.3553638470015632,-1.0865934650343947,-0.4108240150088804,0.5282064401497385,0.8637677229720243,-1.0775117223646489,0.5499991539579308,-0.05859021713873188,1
0.8811049210364206,-1.2961245095504037,-1.2101097441769024,0.94888916479251,0.4899227603704157,0.10112039169638974,-0.6582195038714348,-1.0865934650343947,1.6432960600355222,-0.7554103552603421,-0.026714465658928405,1.3322589027320104,-0.05360713699415632,0.8330000436680589,0
-0.8597176720358194,0.7715308156211609,0.2894243641925215,0.2079003033971988,-1.2402822448079618,-0.24017311933289098,1.3156007057233507,0.920307393868181,-0.4108240150088804,1.3795849269013225,0.8637677229720243,-1.0775117223646489,0.03262233314185612,-0.9501804779455227,1
1.6548038512907495,0.7715308156211609,-0.21042033859728654,-1.2740774193934234,1.7832073096956675,0.7837074137549511,-1.191684425383539,-1.0865934650343947,0.6162360225133209,-1.0304710971339308,-1.8076788429208337,0.1273735901836806,-0.7434428980822558,1.7245903044748498,0
-0.6662929394722371,-1.2961245095504037,0.3394088344715023,0.94888916479251,0.25689851724874874,0.10112039169638974,1.4222936900257714,0.920307393868181,-0.4108240150088804,1.7463325827327743,0.8637677229720243,-1.0775117223646489,0.3775402136859059,-0.9501804779455227,1
0.39754308962746504,0.7715308156211609,0.08948648307659827,0.94888916479251,0.8103310946627078,-0.24017311933289098,0.6754427999088257,-1.0865934650343947,1.6432960600355222,-0.13979821868611966,-0.026714465658928405,1.3322589027320104,0.205081273413881,-0.05859021713873188,1
-1.2465671371629838,0.7715308156211609,1.189144829214176,0.2079003033971988,-1.3713583815638994,-0.5814666303621717,-0.4981800274178035,0.920307393868181,-0.4108240150088804,-0.4934477439521624,0.8637677229720243,1.3322589027320104,-0.4847544876742185,-0.9501804779455227,0
1.1712420198817939,-1.2961245095504037,1.8389429428409263,-0.5330885579981124,0.5481788211508325,1.4662944358135126,-0.9782984567786973,-1.0865934650343947,-1.4378840525310816,-0.9649804443068858,-0.9171966542898811,0.1273735901836806,0.8086875643659681,-0.05859021713873188,1
-0.47286820690865494,0.7715308156211609,-0.8102339819450561,-2.0150662807887345,-0.37809254525779384,0.44241390272567044,1.1555612292697195,0.920307393868181,-0.4108240150088804,1.0390335322006887,0.8637677229720243,-1.0775117223646489,2.7057359073582417,-0.05859021713873188,0
1.4613791187271672,0.7715308156211609,1.5890205914460223,-1.2740774193934234,1.5501830665740006,0.7837074137549511,-1.5117633782908015,-1.0865934650343947,0.6162360225133209,-1.1745505333534296,-1.8076788429208337,0.1273735901836806,-0.5709839578102309,1.7245903044748498,1
-0.2794434743450727,-1.2961245095504037,1.3890827103300991,0.94888916479251,0.4607947299802074,0.10112039169638974,0.6220963077576153,0.920307393868181,-0.4108240150088804,0.8294634431541453,0.8637677229720243,-1.0775117223646489,0.4637696838219183,-0.9501804779455227,1
0.6876801884728384,0.7715308156211609,1.7389740022829647,0.94888916479251,0.4607947299802074,1.4662944358135126,-0.6048730117202243,-1.0865934650343947,1.6432960600355222,-0.5589383967792073,-0.026714465658928405,1.3322589027320104,-0.05360713699415632,0.8330000436680589,0
-1.1498547708811926,0.7715308156211609,-0.7602495116660754,0.2079003033971988,-1.359707169407816,-1.6053471634500138,1.2089077214209298,0.920307393868181,-0.4108240150088804,1.2355054906818235,0.8637677229720243,-1.0775117223646489,-0.39852501753820607,-0.9501804779455227,1
1.3646667524453762,-1.2961245095504037,1.0891758886562142,-1.2740774193934234,1.4045429146229587,-1.6053471634500138,-1.2450309175347494,-1.0865934650343947,-1.4378840525310816,-1.0828636193955667,-0.9171966542898811,0.1273735901836806,-0.4847544876742185,1.7245903044748498,0
0.010693624500300621,0.7715308156211609,-0.9102029225030177,0.94888916479251,0.6938189731018743,-1.264053652420733,1.4222936900257714,0.920307393868181,-0.4108240150088804,1.6284494076440932,0.8637677229720243,-1.0775117223646489,0.7224580942299557,-0.05859021713873188,1
-0.9564300383176104,-1.2961245095504037,1.5390361211670416,0.2079003033971988,-1.251933456964045,1.4662944358135126,-0.3914870431153827,0.920307393868181,0.6162360225133209,-0.34936830773266336,-1.8076788429208337,1.3322589027320104,-0.05360713699415632,-0.9501804779455227,1
0.4942554559092562,0.7715308156211609,0.6393156561453871,0.94888916479251,0.897715185833333,-0.24017311933289098,0.7821357842112465,-1.0865934650343947,-0.4108240150088804,1.052131662766098,0.8637677229720243,-1.0775117223646489,0.29131074354989345,-0.05859021713873188,0
-1.0531424045994016,0.7715308156211609,-0.2604048088762673,0.2079003033971988,-1.327666335978587,-0.5814666303621717,-0.4448335352665931,0.920307393868181,1.6432960600355222,-0.5851346579100252,-0.026714465658928405,0.1273735901836806,-0.3122955474021936,-0.9501804779455227,1
1.2679543861635851,-1.2961245095504037,0.4393777750294639,-0.5330885579981124,0.6355629123214576,0.10112039169638974,0.9421752606648778,-1.0865934650343947,-0.4108240150088804,0.8294634431541453,0.8637677229720243,-1.0775117223646489,0.8949170345019806,-0.05859021713873188,0
-0.3761558406268638,0.7715308156211609,-1.609985506408749,-2.0150662807887345,-0.34896451486758545,-0.9227601413914523,-1.5117633782908015,0.920307393868181,-1.4378840525310816,-1.2531393167458833,-0.9171966542898811,0.1273735901836806,2.7919653774942543,-0.05859021713873188,1
0.10740599078209173,-1.2961245095504037,-0.010482457481363327,0.94888916479251,0.6064348819312492,-0.5814666303621717,0.3553638470015632,0.920307393868181,-0.4108240150088804,0.5544027012805564,0.8637677229720243,-1.0775117223646489,0.3775402136859059,-0.9501804779455227,1
1.5580914850089584,0.7715308156211609,0.4393777750294639,-1.2740774193934234,1.6084391273544174,0.10112039169638974,-0.6582195038714348,-1.0865934650343947,1.6432960600355222,-0.729214094129524,-0.026714465658928405,1.3322589027320104,-0.6572134279462434,1.7245903044748498,0
-0.7630053057540283,0.7715308156211609,0.7892690669823295,0.2079003033971988,-1.251933456964045,-1.6053471634500138,1.3156007057233507,0.920307393868181,-0.4108240150088804,1.4057811880321405,0.8637677229720243,-1.0775117223646489,-0.05360713699415632,-0.9501804779455227,1
0.7843925547546295,-1.2961245095504037,-0.11045139803932492,0.94888916479251,0.5190507907606241,0.10112039169638974,-1.1383379332323285,-1.0865934650343947,0.6162360225133209,-1.0173729665685216,-1.8076788429208337,0.1273735901836806,0.03262233314185612,0.8330000436680589,0
-0.5695805731904461,0.7715308156211609,-0.4603426899921905,0.94888916479251,0.19864245646833198,1.4662944358135126,1.4222936900257714,0.920307393868181,-0.4108240150088804,1.7725288438635922,0.8637677229720243,-1.0775117223646489,0.8949170345019806,-0.9501804779455227,1
-1.2465671371629838,0.7715308156211609,-0.6102961008291329,0.2079003033971988,-1.3859223967590035,1.1250009247842319,0.6754427999088257,0.920307393868181,1.6432960600355222,-0.1136019575553018,-0.026714465658928405,1.3322589027320104,-0.5709839578102309,-0.9501804779455227,1
0.9778172873182117,-1.2961245095504037,-0.41035821971320974,-0.5330885579981124,0.5481788211508325,0.7837074137549511,-0.4981800274178035,-1.0865934650343947,-0.4108240150088804,-0.4672514828213443,0.8637677229720243,1.3322589027320104,0.7224580942299557,-0.05859021713873188,0
-0.1827311080632816,0.7715308156211609,0.3394088344715023,0.94888916479251,0.6355629123214576,0.10112039169638974,-0.9782984567786973,0.920307393868181,-1.4378840525310816,-0.9387841831760678,-0.9171966542898811,0.1273735901836806,0.6362286240939432,-0.9501804779455227,1
-1.0531424045994016,-1.2961245095504037,0.9892069480982527,0.2079003033971988,-1.3218407299005452,-0.5814666303621717,1.1555612292697195,0.920307393868181,-0.4108240150088804,1.0652297933315071,0.8637677229720243,-1.0775117223646489,-0.3122955474021936,-0.9501804779455227,0
1.4613791187271672,0.7715308156211609,-0.3103892791552481,-1.2740774193934234,1.4627989754033754,0.7837074137549511,-1.458416886139591,-1.0865934650343947,0.6162360225133209,-1.1614524027880206,-1.8076788429208337,0.1273735901836806,-0.4847544876742185,1.7245903044748498,1
-0.47286820690865494,-1.2961245095504037,0.889238007540291,0.94888916479251,0.3938002600827281,-1.6053471634500138,0.4087103391527736,0.920307393868181,-0.4108240150088804,0.030477478664197,0.8637677229720243,1.3322589027320104,0.5672450479851332,-0.9501804779455227,1
0.30083072334567396,0.7715308156211609,-1.2600942144558833,0.94888916479251,0.8540231402480204,1.1250009247842319,-0.23144756666175142,-1.0865934650343947,1.6432960600355222,-0.3231720466018455,-0.026714465658928405,1.3322589027320104,0.30855663757709595,-0.05859021713873188,0
-1.3432795034447749,0.7715308156211609,-0.16043586831830572,0.2079003033971988,-1.4004864119541078,-0.24017311933289098,1.4222936900257714,0.920307393868181,-0.4108240150088804,1.7725288438635922,0.8637677229720243,-1.0775117223646489,-0.6399675339190409,-0.9501804779455227,1
1.0745296536000029,-1.2961245095504037,1.7889584725619454,-1.2740774193934234,1.255989959632896,1.4662944358135126,-1.191684425383539,-1.0865934650343947,-1.4378840525310816,-1.0828636193955667,-0.9171966542898811,0.1273735901836806,-0.38127912351100357,1.7245903044748498,0
-0.7630053057540283,0.7715308156211609,-0.9102029225030177,-2.0150662807887345,-0.40139496956996057,-1.264053652420733,0.9955217528160882,0.920307393868181,-0.4108240150088804,0.6984821375000554,0.8637677229720243,-1.0775117223646489,2.636752331249432,-0.05859021713873188,1
0.5909678221910473,-1.2961245095504037,-1.609985506408749,0.94888916479251,0.6734293518287285,-0.9227601413914523,0.7287892920600361,-1.0865934650343947,0.6162360225133209,0.881855965415781,-1.8076788429208337,-1.0775117223646489,0.13609769730507104,0.8330000436680589,1
-1.1498547708811926,0.7715308156211609,-0.8602184522240369,0.2079003033971988,-1.342230351173691,-0.5814666303621717,-0.6048730117202243,0.920307393868181,-0.4108240150088804,-0.6506253107370701,0.8637677229720243,1.3322589027320104,-0.38127912351100357,-0.9501804779455227,0
1.2679543861635851,0.7715308156211609,-1.0101718630609793,-0.5330885579981124,0.5860452606581034,-1.6053471634500138,-1.2450309175347494,-1.0865934650343947,1.6432960600355222,-1.1221580110917935,-0.026714465658928405,0.1273735901836806,0.912162928529183,-0.05859021713873188,1
-0.1827311080632816,-1.2961245095504037,-1.1101408036189409,0.94888916479251,0.3821490479266447,0.44241390272567044,1.3156007057233507,0.920307393868181,-0.4108240150088804,1.4450755797283674,0.8637677229720243,-1.0775117223646489,0.5672450479851332,-0.9501804779455227,0
-1.4399918697265661,0.7715308156211609,-1.4600320955718065,0.2079003033971988,-1.4179632301882328,1.1250009247842319,0.24867086269914235,0.920307393868181,-1.4378840525310816,0.13526252318746898,-0.9171966542898811,1.3322589027320104,-0.8124264741910658,-0.9501804779455227,1
0.20411835706388284,0.7715308156211609,-0.4603426899921905,0.94888916479251,0.7608134429993536,1.4662944358135126,-0.4448335352665931,-1.0865934650343947,-0.4108240150088804,-0.4279570911251175,0.8637677229720243,1.3322589027320104,0.5672450479851332,-0.05859021713873188,1
0.8811049210364206,-1.2961245095504037,-1.2101097441769024,0.94888916479251,0.49866116948747824,0.10112039169638974,-1.0849914410811181,-1.0865934650343947,1.6432960600355222,-0.9387841831760678,-0.026714465658928405,0.1273735901836806,-0.03636124296695383,0.8330000436680589,0
-0.8597176720358194,0.7715308156211609,0.2894243641925215,0.2079003033971988,-1.237369441768941,-0.24017311933289098,1.2089077214209298,0.920307393868181,-0.4108240150088804,1.1831129684201878,0.8637677229720243,-1.0775117223646489,0.04986822716905861,-0.9501804779455227,1
1.6548038512907495,0.7715308156211609,-0.21042033859728654,-1.2740774193934234,1.7977713248907718,0.7837074137549511,-1.5117633782908015,-1.0865934650343947,0.6162360225133209,-1.2138449250496566,-1.8076788429208337,0.1273735901836806,-0.7261970040550534,1.7245903044748498,0
-0.6662929394722371,-1.2961245095504037,0.3394088344715023,0.94888916479251,0.26563692636581127,0.10112039169638974,1.368947197874561,0.920307393868181,-0.4108240150088804,1.6808419299057293,0.8637677229720243,-1.0775117223646489,0.39478610771310835,-0.9501804779455227,1
0.39754308962746504,0.7715308156211609,0.08948648307659827,0.94888916479251,0.8190695037797704,-0.24017311933289098,0.5154033234551945,-1.0865934650343947,1.6432960600355222,0.39722513449564867,-0.026714465658928405,-1.0775117223646489,0.2223271674410835,-0.05859021713873188,1
-1.2465671371629838,0.7715308156211609,1.189144829214176,0.2079003033971988,-1.3684455785248786,-0.5814666303621717,-0.6582195038714348,0.920307393868181,-0.4108240150088804,-0.7030178329987061,0.8637677229720243,1.3322589027320104,-0.467508593647016,-0.9501804779455227,0
1.1712420198817939,-1.2961245095504037,1.8389429428409263,-0.5330885579981124,0.556917230267895,1.4662944358135126,-0.9249519646274869,-1.0865934650343947,-1.4378840525310816,-0.8994897914798409,-0.9171966542898811,0.1273735901836806,0.8259334583931706,-0.05859021713873188,1
-0.47286820690865494,0.7715308156211609,-0.8102339819450561,-2.0150662807887345,-0.3722669391797522,0.44241390272567044,1.0488682449672986,0.920307393868181,-0.4108240150088804,0.9604447488082352,0.8637677229720243,-1.0775117223646489,2.722981801385444,-0.05859021713873188,0
1.4613791187271672,0.7715308156211609,1.5890205914460223,-1.2740774193934234,1.5647470817691047,0.7837074137549511,-1.2983774096859597,-1.0865934650343947,0.6162360225133209,-1.1352561416572025,-1.8076788429208337,0.1273735901836806,-0.5537380637830285,1.7245903044748498,1
-0.2794434743450727,-1.2961245095504037,1.3890827103300991,0.94888916479251,0.46953313909726985,0.10112039169638974,0.6220963077576153,0.920307393868181,-0.4108240150088804,0.2924400899723767,0.8637677229720243,1.3322589027320104,0.4810155778491208,-0.9501804779455227,1
0.6876801884728384,0.7715308156211609,1.7389740022829647,0.94888916479251,0.46953313909726985,1.4662944358135126,-0.4448335352665931,-1.0865934650343947,1.6432960600355222,-0.5327421356483892,-0.026714465658928405,1.3322589027320104,-0.03636124296695383,0.8330000436680589,0
-1.1498547708811926,0.7715308156211609,-0.7602495116660754,0.2079003033971988,-1.3567943663687954,-1.6053471634500138,1.368947197874561,0.920307393868181,-0.4108240150088804,1.6284494076440932,0.8637677229720243,-1.0775117223646489,-0.38127912351100357,-0.9501804779455227,1
1.3646667524453762,-1.2961245095504037,1.0891758886562142,-1.2740774193934234,1.419106929818063,-1.6053471634500138,-1.1383379332323285,-1.0865934650343947,-1.4378840525310816,-1.0566673582647486,-0.9171966542898811,0.1273735901836806,-0.467508593647016,1.7245903044748498,0
0.010693624500300621,0.7715308156211609,-0.9102029225030177,0.94888916479251,0.7025573822189368,-1.264053652420733,0.8888287685136673,0.920307393868181,-0.4108240150088804,0.6329914846730105,0.8637677229720243,-1.0775117223646489,0.7397039882571581,-0.05859021713873188,1
-0.9564300383176104,-1.2961245095504037,1.5390361211670416,0.2079003033971988,-1.2490206539250241,1.4662944358135126,0.7821357842112465,0.920307393868181,0.6162360225133209,0.9997391405044622,-1.8076788429208337,-1.0775117223646489,-0.03636124296695383,-0.9501804779455227,1
0.4942554559092562,0.7715308156211609,0.6393156561453871,0.94888916479251,0.9064535949503955,-0.24017311933289098,-0.6048730117202243,-1.0865934650343947,-0.4108240150088804,-0.676821571867888,0.8637677229720243,1.3322589027320104,0.30855663757709595,-0.05859021713873188,0
-1.0531424045994016,0.7715308156211609,-0.2604048088762673,0.2079003033971988,-1.324753532939566,-0.5814666303621717,-1.0316449489299078,0.920307393868181,1.6432960600355222,-0.9911767054377038,-0.026714465658928405,0.1273735901836806,-0.29504965337499117,-0.9501804779455227,1
1.2679543861635851,-1.2961245095504037,0.4393777750294639,-0.5330885579981124,0.6443013214385201,0.10112039169638974,1.2622542135721402,-1.0865934650343947,-0.4108240150088804,1.4057811880321405,0.8637677229720243,-1.0775117223646489,0.912162928529183,-0.05859021713873188,0
-0.3761558406268638,0.7715308156211609,-1.609985506408749,-2.0150662807887345,-0.3431389087895438,-0.9227601413914523,0.30201735485035275,0.920307393868181,-1.4378840525310816,0.05667373979501511,-0.9171966542898811,1.3322589027320104,2.8092112715214568,-0.05859021713873188,1
0.10740599078209173,-1.2961245095504037,-0.010482457481363327,0.94888916479251,0.6151732910483118,-0.5814666303621717,-0.3381405509641722,0.920307393868181,-0.4108240150088804,-0.3886626994288904,0.8637677229720243,1.3322589027320104,0.39478610771310835,-0.9501804779455227,1
1.5580914850089584,0.7715308156211609,0.4393777750294639,-1.2740774193934234,1.6230031425495215,0.10112039169638974,-0.9249519646274869,-1.0865934650343947,1.6432960600355222,-0.9125879220452499,-0.026714465658928405,0.1273735901836806,-0.6399675339190409,1.7245903044748498,0
-0.7630053057540283,0.7715308156211609,0.7892690669823295,0.2079003033971988,-1.2490206539250241,-1.6053471634500138,1.2089077214209298,0.920307393868181,-0.4108240150088804,1.2093092295510057,0.8637677229720243,-1.0775117223646489,-0.03636124296695383,-0.9501804779455227,1
0.7843925547546295,-1.2961245095504037,-0.11045139803932492,0.94888916479251,0.5277891998776866,0.10112039169638974,-1.458416886139591,-1.0865934650343947,0.6162360225133209,-1.1483542722226117,-1.8076788429208337,0.1273735901836806,0.04986822716905861,0.8330000436680589,0
-0.5695805731904461,0.7715308156211609,-0.4603426899921905,0.94888916479251,0.20738086558539448,1.4662944358135126,1.4222936900257714,0.920307393868181,-0.4108240150088804,1.7856269744290012,0.8637677229720243,-1.0775117223646489,0.912162928529183,-0.9501804779455227,1
-1.2465671371629838,0.7715308156211609,-0.6102961008291329,0.2079003033971988,-1.3830095937199829,1.1250009247842319,0.462056831303984,0.920307393868181,1.6432960600355222,0.2007531760145139,-0.026714465658928405,1.3322589027320104,-0.5537380637830285,-0.9501804779455227,1
0.9778172873182117,-1.2961245095504037,-0.41035821971320974,-0.5330885579981124,0.556917230267895,0.7837074137549511,-0.7649124881738556,-1.0865934650343947,-0.4108240150088804,-0.7554103552603421,0.8637677229720243,1.3322589027320104,0.7397039882571581,-0.05859021713873188,0
-0.1827311080632816,0.7715308156211609,0.3394088344715023,0.94888916479251,0.6443013214385201,0.10112039169638974,-0.8716054724762764,0.920307393868181,-1.4378840525310816,-0.8732935303490229,-0.9171966542898811,0.1273735901836806,0.6534745181211457,-0.9501804779455227,1
-1.0531424045994016,-1.2961245095504037,0.9892069480982527,0.2079003033971988,-1.3189279268615244,-0.5814666303621717,1.1022147371185091,0.920307393868181,-0.4108240150088804,0.986641009939053,0.8637677229720243,-1.0775117223646489,-0.29504965337499117,-0.9501804779455227,0
1.4613791187271672,0.7715308156211609,-0.3103892791552481,-1.2740774193934234,1.4773629905984795,0.7837074137549511,-1.2983774096859597,-1.0865934650343947,0.6162360225133209,-1.1090598805263847,-1.8076788429208337,0.1273735901836806,-0.467508593647016,1.7245903044748498,1
-0.47286820690865494,-1.2961245095504037,0.889238007540291,0.94888916479251,0.4025386691997906,-1.6053471634500138,0.6220963077576153,0.920307393868181,-0.4108240150088804,0.8294634431541453,0.8637677229720243,-1.0775117223646489,0.5844909420123358,-0.9501804779455227,1
0.30083072334567396,0.7715308156211609,-1.2600942144558833,0.94888916479251,0.862761549365083,1.1250009247842319,-0.6048730117202243,-1.0865934650343947,1.6432960600355222,-0.5589383967792073,-0.026714465658928405,1.3322589027320104,0.3258025316042984,-0.05859021713873188,0
-1.3432795034447749,0.7715308156211609,-0.16043586831830572,0.2079003033971988,-1.397573608915087,-0.24017311933289098,1.2089077214209298,0.920307393868181,-0.4108240150088804,1.2355054906818235,0.8637677229720243,-1.0775117223646489,-0.6227216398918384,-0.9501804779455227,1
1.0745296536000029,-1.2961245095504037,1.7889584725619454,-1.2740774193934234,1.2647283687499584,1.4662944358135126,-1.2450309175347494,-1.0865934650343947,-1.4378840525310816,-1.0828636193955667,-0.9171966542898811,0.1273735901836806,-0.3640332294838011,1.7245903044748498,0
-0.7630053057540283,0.7715308156211609,-0.9102029225030177,-2.0150662807887345,-0.39556936349191885,-1.264053652420733,1.4222936900257714,0.920307393868181,-0.4108240150088804,1.6284494076440932,0.8637677229720243,-1.0775117223646489,2.6539982252766343,-0.05859021713873188,1
0.5909678221910473,-1.2961245095504037,-1.609985506408749,0.94888916479251,0.682167760945791,-0.9227601413914523,-0.3914870431153827,-1.0865934650343947,0.6162360225133209,-0.34936830773266336,-1.8076788429208337,1.3322589027320104,0.15334359133227354,0.8330000436680589,1
-1.1498547708811926,0.7715308156211609,-0.8602184522240369,0.2079003033971988,-1.3393175481346702,-0.5814666303621717,0.7821357842112465,0.920307393868181,-0.4108240150088804,1.052131662766098,0.8637677229720243,-1.0775117223646489,-0.3640332294838011,-0.9501804779455227,0
1.2679543861635851,0.7715308156211609,-1.0101718630609793,-0.5330885579981124,0.5947836697751658,-1.6053471634500138,-0.4448335352665931,-1.0865934650343947,1.6432960600355222,-0.5851346579100252,-0.026714465658928405,0.1273735901836806,0.9294088225563855,-0.05859021713873188,1
-0.1827311080632816,-1.2961245095504037,-1.1101408036189409,0.94888916479251,0.39088745704370725,0.44241390272567044,0.9421752606648778,0.920307393868181,-0.4108240150088804,0.8294634431541453,0.8637677229720243,-1.0775117223646489,0.5844909420123358,-0.9501804779455227,0
-1.4399918697265661,0.7715308156211609,-1.4600320955718065,0.2079003033971988,-1.415050427149212,1.1250009247842319,-1.5117633782908015,0.920307393868181,-1.4378840525310816,-1.2531393167458833,-0.9171966542898811,0.1273735901836806,-0.7951805801638633,-0.9501804779455227,1
0.20411835706388284,0.7715308156211609,-0.4603426899921905,0.94888916479251,0.7695518521164161,1.4662944358135126,0.3553638470015632,-1.0865934650343947,-0.4108240150088804,0.5544027012805564,0.8637677229720243,-1.0775117223646489,0.5844909420123358,-0.05859021713873188,1
0.8811049210364206,-1.2961245095504037,-1.2101097441769024,0.94888916479251,0.5073995786045408,0.10112039169638974,-0.6582195038714348,-1.0865934650343947,1.6432960600355222,-0.729214094129524,-0.026714465658928405,1.3322589027320104,-0.01911534893975134,0.8330000436680589,0
-0.8597176720358194,0.7715308156211609,0.2894243641925215,0.2079003033971988,-1.23445663872992,-0.24017311933289098,1.3156007057233507,0.920307393868181,-0.4108240150088804,1.4057811880321405,0.8637677229720243,-1.0775117223646489,0.0671141211962611,-0.9501804779455227,1
1.6548038512907495,0.7715308156211609,-0.21042033859728654,-1.2740774193934234,1.812335340085876,0.7837074137549511,-1.1383379332323285,-1.0865934650343947,0.6162360225133209,-1.0173729665685216,-1.8076788429208337,0.1273735901836806,-0.7089511100278508,1.7245903044748498,0
-0.6662929394722371,-1.2961245095504037,0.3394088344715023,0.94888916479251,0.27437533548287374,0.10112039169638974,1.4222936900257714,0.920307393868181,-0.4108240150088804,1.7725288438635922,0.8637677229720243,-1.0775117223646489,0.41203200174031085,-0.9501804779455227,1
0.39754308962746504,0.7715308156211609,0.08948648307659827,0.94888916479251,0.8278079128968329,-0.24017311933289098,0.6754427999088257,-1.0865934650343947,1.6432960600355222,-0.1136019575553018,-0.026714465658928405,1.3322589027320104,0.23957306146828597,-0.05859021713873188,1
-1.2465671371629838,0.7715308156211609,1.189144829214176,0.2079003033971988,-1.3655327754858577,-0.5814666303621717,-0.4981800274178035,0.920307393868181,-0.4108240150088804,-0.4672514828213443,0.8637677229720243,1.3322589027320104,-0.4502626996198135,-0.9501804779455227,0
1.1712420198817939,-1.2961245095504037,1.8389429428409263,-0.5330885579981124,0.5656556393849576,1.4662944358135126,-0.9782984567786973,-1.0865934650343947,-1.4378840525310816,-0.9387841831760678,-0.9171966542898811,0.1273735901836806,0.843179352420373,-0.05859021713873188,1
-0.47286820690865494,0.7715308156211609,-0.8102339819450561,-2.0150662807887345,-0.3664413331017105,0.44241390272567044,1.1555612292697195,0.920307393868181,-0.4108240150088804,1.0652297933315071,0.8637677229720243,-1.0775117223646489,2.7402276954126465,-0.05859021713873188,0
1.4613791187271672,0.7715308156211609,1.5890205914460223,-1.2740774193934234,1.579311096964209,0.7837074137549511,-1.458416886139591,-1.0865934650343947,0.6162360225133209,-1.1614524027880206,-1.8076788429208337,0.1273735901836806,-0.536492169755826,1.7245903044748498,1
-0.2794434743450727,-1.2961245095504037,1.3890827103300991,0.94888916479251,0.4782715482143324,0.10112039169638974,0.4087103391527736,0.920307393868181,-0.4108240150088804,0.030477478664197,0.8637677229720243,1.3322589027320104,0.4982614718763233,-0.9501804779455227,1
0.6876801884728384,0.7715308156211609,1.7389740022829647,0.94888916479251,0.4782715482143324,1.4662944358135126,-0.23144756666175142,-1.0865934650343947,1.6432960600355222,-0.3231720466018455,-0.026714465658928405,1.3322589027320104,-0.01911534893975134,0.8330000436680589,0
-1.1498547708811926,0.7715308156211609,-0.7602495116660754,0.2079003033971988,-1.3538815633297745,-1.6053471634500138,1.4222936900257714,0.920307393868181,-0.4108240150088804,1.7725288438635922,0.8637677229720243,-1.0775117223646489,-0.3640332294838011,-0.9501804779455227,1
1.3646667524453762,-1.2961245095504037,1.0891758886562142,-1.2740774193934234,1.433670945013167,-1.6053471634500138,-1.191684425383539,-1.0865934650343947,-1.4378840525310816,-1.0828636193955667,-0.9171966542898811,0.1273735901836806,-0.4502626996198135,1.7245903044748498,0
0.010693624500300621,0.7715308156211609,-0.9102029225030177,0.94888916479251,0.7112957913359994,-1.264053652420733,0.9955217528160882,0.920307393868181,-0.4108240150088804,0.6984821375000554,0.8637677229720243,-1.0775117223646489,0.7569498822843607,-0.05859021713873188,1
-0.9564300383176104,-1.2961245095504037,1.5390361211670416,0.2079003033971988,-1.2461078508860035,1.4662944358135126,0.7287892920600361,0.920307393868181,0.6162360225133209,0.881855965415781,-1.8076788429208337,-1.0775117223646489,-0.01911534893975134,-0.9501804779455227,1
0.4942554559092562,0.7715308156211609,0.6393156561453871,0.94888916479251,0.915192004067458,-0.24017311933289098,-0.6048730117202243,-1.0865934650343947,-0.4108240150088804,-0.6506253107370701,0.8637677229720243,1.3322589027320104,0.3258025316042984,-0.05859021713873188,0
-1.0531424045994016,0.7715308156211609,-0.2604048088762673,0.2079003033971988,-1.3218407299005452,-0.5814666303621717,-1.2450309175347494,0.920307393868181,1.6432960600355222,-1.1221580110917935,-0.026714465658928405,0.1273735901836806,-0.27780375934778867,-0.9501804779455227,1
1.2679543861635851,-1.2961245095504037,0.4393777750294639,-0.5330885579981124,0.6530397305555826,0.10112039169638974,1.3156007057233507,-1.0865934650343947,-0.4108240150088804,1.4450755797283674,0.8637677229720243,-1.0775117223646489,0.9294088225563855,-0.05859021713873188,0
-0.3761558406268638,0.7715308156211609,-1.609985506408749,-2.0150662807887345,-0.3373133027115021,-0.9227601413914523,0.24867086269914235,0.920307393868181,-1.4378840525310816,0.13526252318746898,-0.9171966542898811,1.3322589027320104,2.8264571655486592,-0.05859021713873188,1
0.10740599078209173,-1.2961245095504037,-0.010482457481363327,0.94888916479251,0.6239117001653742,-0.5814666303621717,-0.4448335352665931,0.920307393868181,-0.4108240150088804,-0.4279570911251175,0.8637677229720243,1.3322589027320104,0.41203200174031085,-0.9501804779455227,1
1.5580914850089584,0.7715308156211609,0.4393777750294639,-1.2740774193934234,1.6375671577446258,0.10112039169638974,-1.0849914410811181,-1.0865934650343947,1.6432960600355222,-0.9387841831760678,-0.026714465658928405,0.1273735901836806,-0.6227216398918384,1.7245903044748498,0
-0.7630053057540283,0.7715308156211609,0.7892690669823295,0.2079003033971988,-1.2461078508860035,-1.6053471634500138,1.2089077214209298,0.920307393868181,-0.4108240150088804,1.1831129684201878,0.8637677229720243,-1.0775117223646489,-0.01911534893975134,-0.9501804779455227,1
0.7843925547546295,-1.2961245095504037,-0.11045139803932492,0.94888916479251,0.5365276089947492,0.10112039169638974,-1.5117633782908015,-1.0865934650343947,0.6162360225133209,-1.2138449250496566,-1.8076788429208337,0.1273735901836806,0.0671141211962611,0.8330000436680589,0
-0.5695805731904461,0.7715308156211609,-0.4603426899921905,0.94888916479251,0.216119274702457,1.4662944358135126,1.368947197874561,0.920307393868181,-0.4108240150088804,1.6808419299057293,0.8637677229720243,-1.0775117223646489,0.9294088225563855,-0.9501804779455227,1
-1.2465671371629838,0.7715308156211609,-0.6102961008291329,0.2079003033971988,-1.380096790680962,1.1250009247842319,0.5154033234551945,0.920307393868181,1.6432960600355222,0.39722513449564867,-0.026714465658928405,-1.0775117223646489,-0.536492169755826,-0.9501804779455227,1
0.9778172873182117,-1.2961245095504037,-0.41035821971320974,-0.5330885579981124,0.5656556393849576,0.7837074137549511,-0.6582195038714348,-1.0865934650343947,-0.4108240150088804,-0.7030178329987061,0.8637677229720243,1.3322589027320104,0.7569498822843607,-0.05859021713873188,0
-0.1827311080632816,0.7715308156211609,0.3394088344715023,0.94888916479251,0.6530397305555826,0.10112039169638974,-0.9249519646274869,0.920307393868181,-1.4378840525310816,-0.8994897914798409,-0.9171966542898811,0.1273735901836806,0.6707204121483482,-0.9501804779455227,1
-1.0531424045994016,-1.2961245095504037,0.9892069480982527,0.2079003033971988,-1.3160151238225035,-0.5814666303621717,1.0488682449672986,0.920307393868181,-0.4108240150088804,0.9604447488082352,0.8637677229720243,-1.0775117223646489,-0.27780375934778867,-0.9501804779455227,0
1.4613791187271672,0.7715308156211609,-0.3103892791552481,-1.2740774193934234,1.4919270057935838,0.7837074137549511,-1.2983774096859597,-1.0865934650343947,0.6162360225133209,-1.1352561416572025,-1.8076788429208337,0.1273735901836806,-0.4502626996198135,1.7245903044748498,1
-0.3761558406268638,-1.2961245095504037,0.889238007540291,0.94888916479251,0.40836427527783226,-1.6053471634500138,0.6220963077576153,0.920307393868181,-0.4108240150088804,0.2924400899723767,0.8637677229720243,1.3322589027320104,0.6017368360395382,-0.9501804779455227,1
0.39754308962746504,0.7715308156211609,-1.2600942144558833,0.94888916479251,0.8714999584821455,1.1250009247842319,-0.4448335352665931,-1.0865934650343947,1.6432960600355222,-0.5327421356483892,-0.026714465658928405,1.3322589027320104,0.3430484256315009,-0.05859021713873188,0
-1.2465671371629838,0.7715308156211609,-0.16043586831830572,0.2079003033971988,-1.3946608058760661,-0.24017311933289098,1.368947197874561,0.920307393868181,-0.4108240150088804,1.6284494076440932,0.8637677229720243,-1.0775117223646489,-0.6054757458646359,-0.9501804779455227,1
1.1712420198817939,-1.2961245095504037,1.7889584725619454,-1.2740774193934234,1.273466777867021,1.4662944358135126,-1.1383379332323285,-1.0865934650343947,-1.4378840525310816,-1.0566673582647486,-0.9171966542898811,0.1273735901836806,-0.3467873354565986,1.7245903044748498,0
-0.6662929394722371,0.7715308156211609,-0.9102029225030177,-2.0150662807887345,-0.3868309543748564,-1.264053652420733,0.8888287685136673,0.920307393868181,-0.4108240150088804,0.6329914846730105,0.8637677229720243,-1.0775117223646489,2.6712441193038368,-0.05859021713873188,1
0.6876801884728384,-1.2961245095504037,-1.609985506408749,0.94888916479251,0.6909061700628535,-0.9227601413914523,0.7821357842112465,-1.0865934650343947,0.6162360225133209,0.9997391405044622,-1.8076788429208337,-1.0775117223646489,0.17058948535947602,0.8330000436680589,1
-1.0531424045994016,0.7715308156211609,-0.8602184522240369,0.2079003033971988,-1.3364047450956493,-0.5814666303621717,-0.6048730117202243,0.920307393868181,-0.4108240150088804,-0.676821571867888,0.8637677229720243,1.3322589027320104,-0.3467873354565986,-0.9501804779455227,0
1.3646667524453762,0.7715308156211609,-1.0101718630609793,-0.5330885579981124,0.6035220788922284,-1.6053471634500138,-1.0316449489299078,-1.0865934650343947,1.6432960600355222,-0.9911767054377038,-0.026714465658928405,0.1273735901836806,0.946654716583588,-0.05859021713873188,1
-0.0860187417814905,-1.2961245095504037,-1.1101408036189409,0.94888916479251,0.3996258661607698,0.44241390272567044,1.2622542135721402,0.920307393868181,-0.4108240150088804,1.4057811880321405,0.8637677229720243,-1.0775117223646489,0.6017368360395382,-0.9501804779455227,0
-1.3432795034447749,0.7715308156211609,-1.4600320955718065,0.2079003033971988,-1.412137624110191,1.1250009247842319,0.30201735485035275,0.920307393868181,-1.4378840525310816,0.05667373979501511,-0.9171966542898811,1.3322589027320104,-0.7779346861366608,-0.9501804779455227,1
0.30083072334567396,0.7715308156211609,-0.4603426899921905,0.94888916479251,0.7782902612334787,1.4662944358135126,-0.3381405509641722,-1.0865934650343947,-0.4108240150088804,-0.3886626994288904,0.8637677229720243,1.3322589027320104,0.6017368360395382,-0.05859021713873188,1
0.9778172873182117,-1.2961245095504037,-1.2101097441769024,0.94888916479251,0.5161379877216032,0.10112039169638974,-0.9249519646274869,-1.0865934650343947,1.6432960600355222,-0.9125879220452499,-0.026714465658928405,0.1273735901836806,-0.0018694549125488533,0.8330000436680589,0
-0.7630053057540283,0.7715308156211609,0.2894243641925215,0.2079003033971988,-1.2315438356908992,-0.24017311933289098,1.2089077214209298,0.920307393868181,-0.4108240150088804,1.2093092295510057,0.8637677229720243,-1.0775117223646489,0.08436001522346359,-0.9501804779455227,1
1.7515162175725405,0.7715308156211609,-0.21042033859728654,-1.2740774193934234,1.8268993552809802,0.7837074137549511,-1.458416886139591,-1.0865934650343947,0.6162360225133209,-1.1483542722226117,-1.8076788429208337,0.1273735901836806,-0.6917052160006484,1.7245903044748498,0
-0.5695805731904461,-1.2961245095504037,0.3394088344715023,0.94888916479251,0.28311374459993627,0.10112039169638974,1.4222936900257714,0.920307393868181,-0.4108240150088804,1.7856269744290012,0.8637677229720243,-1.0775117223646489,0.42927789576751335,-0.9501804779455227,1
0.4942554559092562,0.7715308156211609,0.08948648307659827,0.94888916479251,0.8365463220138953,-0.24017311933289098,0.462056831303984,-1.0865934650343947,1.6432960600355222,0.2007531760145139,-0.026714465658928405,1.3322589027320104,0.25681895549548844,-0.05859021713873188,1
-1.1498547708811926,0.7715308156211609,1.189144829214176,0.2079003033971988,-1.3626199724468369,-0.5814666303621717,-0.7649124881738556,0.920307393868181,-0.4108240150088804,-0.7554103552603421,0.8637677229720243,1.3322589027320104,-0.4330168055926111,-0.9501804779455227,0
1.2679543861635851,-1.2961245095504037,1.8389429428409263,-0.5330885579981124,0.57439404850202,1.4662944358135126,-0.8716054724762764,-1.0865934650343947,-1.4378840525310816,-0.8732935303490229,-0.9171966542898811,0.1273735901836806,0.8604252464475756,-0.05859021713873188,1
-0.3761558406268638,0.7715308156211609,-0.8102339819450561,-2.0150662807887345,-0.357702923984648,0.44241390272567044,1.1022147371185091,0.920307393868181,-0.4108240150088804,0.986641009939053,0.8637677229720243,-1.0775117223646489,2.7574735894398494,-0.05859021713873188,0
1.5580914850089584,0.7715308156211609,1.5890205914460223,-1.2740774193934234,1.593875112159313,0.7837074137549511,-1.2983774096859597,-1.0865934650343947,0.6162360225133209,-1.1090598805263847,-1.8076788429208337,0.1273735901836806,-0.5192462757286235,1.7245903044748498,1
-0.1827311080632816,-1.2961245095504037,1.3890827103300991,0.94888916479251,0.4870099573313949,0.10112039169638974,0.6220963077576153,0.920307393868181,-0.4108240150088804,0.8294634431541453,0.8637677229720243,-1.0775117223646489,0.5155073659035257,-0.9501804779455227,1
0.7843925547546295,0.7715308156211609,1.7389740022829647,0.94888916479251,0.4870099573313949,1.4662944358135126,-0.6048730117202243,-1.0865934650343947,1.6432960600355222,-0.5589383967792073,-0.026714465658928405,1.3322589027320104,-0.0018694549125488533,0.8330000436680589,0
-1.0531424045994016,0.7715308156211609,-0.7602495116660754,0.2079003033971988,-1.3509687602907536,-1.6053471634500138,1.2089077214209298,0.920307393868181,-0.4108240150088804,1.2355054906818235,0.8637677229720243,-1.0775117223646489,-0.3467873354565986,-0.9501804779455227,1
1.4613791187271672,-1.2961245095504037,1.0891758886562142,-1.2740774193934234,1.4482349602082714,-1.6053471634500138,-1.2450309175347494,-1.0865934650343947,-1.4378840525310816,-1.0828636193955667,-0.9171966542898811,0.1273735901836806,-0.4330168055926111,1.7245903044748498,0
0.10740599078209173,0.7715308156211609,-0.9102029225030177,0.94888916479251,0.7200342004530619,-1.264053652420733,1.4222936900257714,0.920307393868181,-0.4108240150088804,1.6284494076440932,0.8637677229720243,-1.0775117223646489,0.7741957763115631,-0.05859021713873188,1
-0.8597176720358194,-1.2961245095504037,1.5390361211670416,0.2079003033971988,-1.2431950478469826,1.4662944358135126,-0.3914870431153827,0.920307393868181,0.6162360225133209,-0.34936830773266336,-1.8076788429208337,1.3322589027320104,-0.0018694549125488533,-0.9501804779455227,1
0.5909678221910473,0.7715308156211609,0.6393156561453871,0.94888916479251,0.9239304131845205,-0.24017311933289098,0.7821357842112465,-1.0865934650343947,-0.4108240150088804,1.052131662766098,0.8637677229720243,-1.0775117223646489,0.3430484256315009,-0.05859021713873188,0
-0.9564300383176104,0.7715308156211609,-0.2604048088762673,0.2079003033971988,-1.3189279268615244,-0.5814666303621717,-0.4448335352665931,0.920307393868181,1.6432960600355222,-0.5851346579100252,-0.026714465658928405,0.1273735901836806,-0.26055786532058617,-0.9501804779455227,1
1.3646667524453762,-1.2961245095504037,0.4393777750294639,-0.5330885579981124,0.6617781396726451,0.10112039169638974,0.9421752606648778,-1.0865934650343947,-0.4108240150088804,0.8294634431541453,0.8637677229720243,-1.0775117223646489,0.946654716583588,-0.05859021713873188,0
-0.2794434743450727,0.7715308156211609,-1.609985506408749,-2.0150662807887345,-0.3285748935944396,-0.9227601413914523,-1.5117633782908015,0.920307393868181,-1.4378840525310816,-1.2531393167458833,-0.9171966542898811,0.1273735901836806,2.8437030595758617,-0.05859021713873188,1
0.20411835706388284,-1.2961245095504037,-0.010482457481363327,0.94888916479251,0.6326501092824368,-0.5814666303621717,0.3553638470015632,0.920307393868181,-0.4108240150088804,0.5544027012805564,0.8637677229720243,-1.0775117223646489,0.42927789576751335,-0.9501804779455227,1
1.6548038512907495,0.7715308156211609,0.4393777750294639,-1.2740774193934234,1.6521311729397299,0.10112039169638974,-0.6582195038714348,-1.0865934650343947,1.6432960600355222,-0.729214094129524,-0.026714465658928405,1.3322589027320104,-0.6054757458646359,1.7245903044748498,0
-0.6662929394722371,0.7715308156211609,0.7892690669823295,0.2079003033971988,-1.2431950478469826,-1.6053471634500138,1.3156007057233507,0.920307393868181,-0.4108240150088804,1.4057811880321405,0.8637677229720243,-1.0775117223646489,-0.0018694549125488533,-0.9501804779455227,1
0.8811049210364206,-1.2961245095504037,-0.11045139803932492,0.94888916479251,0.5452660181118116,0.10112039169638974,-1.1383379332323285,-1.0865934650343947,0.6162360225133209,-1.0173729665685216,-1.8076788429208337,0.1273735901836806,0.08436001522346359,0.8330000436680589,0
-0.47286820690865494,0.7715308156211609,-0.4603426899921905,0.94888916479251,0.2248576838195195,1.4662944358135126,1.4222936900257714,0.920307393868181,-0.4108240150088804,1.7725288438635922,0.8637677229720243,-1.0775117223646489,0.946654716583588,-0.9501804779455227,1
-1.1498547708811926,0.7715308156211609,-0.6102961008291329,0.2079003033971988,-1.3771839876419412,1.1250009247842319,0.6754427999088257,0.920307393868181,1.6432960600355222,-0.1136019575553018,-0.026714465658928405,1.3322589027320104,-0.5192462757286235,-0.9501804779455227,1
1.0745296536000029,-1.2961245095504037,-0.41035821971320974,-0.5330885579981124,0.57439404850202,0.7837074137549511,-0.4981800274178035,-1.0865934650343947,-0.4108240150088804,-0.4672514828213443,0.8637677229720243,1.3322589027320104,0.7741957763115631,-0.05859021713873188,0
-0.0860187417814905,0.7715308156211609,0.3394088344715023,0.94888916479251,0.6617781396726451,0.10112039169638974,-0.9782984567786973,0.920307393868181,-1.4378840525310816,-0.9387841831760678,-0.9171966542898811,0.1273735901836806,0.6879663061755507,-0.9501804779455227,1
-0.9564300383176104,-1.2961245095504037,0.9892069480982527,0.2079003033971988,-1.3131023207834827,-0.5814666303621717,1.1555612292697195,0.920307393868181,-0.4108240150088804,1.0652297933315071,0.8637677229720243,-1.0775117223646489,-0.26055786532058617,-0.9501804779455227,0
1.5580914850089584,0.7715308156211609,-0.3103892791552481,-1.2740774193934234,1.506491020988688,0.7837074137549511,-1.458416886139591,-1.0865934650343947,0.6162360225133209,-1.1614524027880206,-1.8076788429208337,0.1273735901836806,-0.4330168055926111,1.7245903044748498,1
-0.3761558406268638,-1.2961245095504037,0.889238007540291,0.94888916479251,0.4171026843948948,-1.6053471634500138,0.4087103391527736,0.920307393868181,-0.4108240150088804,0.030477478664197,0.8637677229720243,1.3322589027320104,0.6189827300667408,-0.9501804779455227,1
0.39754308962746504,0.7715308156211609,-1.2600942144558833,0.94888916479251,0.8802383675992079,1.1250009247842319,-0.23144756666175142,-1.0865934650343947,1.6432960600355222,-0.3231720466018455,-0.026714465658928405,1.3322589027320104,0.3602943196587034,-0.05859021713873188,0
-1.2465671371629838,0.7715308156211609,-0.16043586831830572,0.2079003033971988,-1.3917480028370453,-0.24017311933289098,1.4222936900257714,0.920307393868181,-0.4108240150088804,1.7725288438635922,0.8637677229720243,-1.0775117223646489,-0.5882298518374335,-0.9501804779455227,1
1.1712420198817939,-1.2961245095504037,1.7889584725619454,-1.2740774193934234,1.2822051869840836,1.4662944358135126,-1.191684425383539,-1.0865934650343947,-1.4378840525310816,-1.0828636193955667,-0.9171966542898811,0.1273735901836806,-0.3295414414293961,1.7245903044748498,0
-0.6662929394722371,0.7715308156211609,-0.9102029225030177,-2.0150662807887345,-0.37809254525779384,-1.264053652420733,0.9955217528160882,0.920307393868181,-0.4108240150088804,0.6984821375000554,0.8637677229720243,-1.0775117223646489,2.688490013331039,-0.05859021713873188,1
0.6876801884728384,-1.2961245095504037,-1.609985506408749,0.94888916479251,0.6996445791799161,-0.9227601413914523,0.7287892920600361,-1.0865934650343947,0.6162360225133209,0.881855965415781,-1.8076788429208337,-1.0775117223646489,0.18783537938667852,0.8330000436680589,1
-1.0531424045994016,0.7715308156211609,-0.8602184522240369,0.2079003033971988,-1.3334919420566285,-0.5814666303621717,-0.6048730117202243,0.920307393868181,-0.4108240150088804,-0.6506253107370701,0.8637677229720243,1.3322589027320104,-0.3295414414293961,-0.9501804779455227,0
1.3646667524453762,0.7715308156211609,-1.0101718630609793,-0.5330885579981124,0.6122604880092909,-1.6053471634500138,-1.2450309175347494,-1.0865934650343947,1.6432960600355222,-1.1221580110917935,-0.026714465658928405,0.1273735901836806,0.9639006106107905,-0.05859021713873188,1
-0.0860187417814905,-1.2961245095504037,-1.1101408036189409,0.94888916479251,0.40836427527783226,0.44241390272567044,1.3156007057233507,0.920307393868181,-0.4108240150088804,1.4450755797283674,0.8637677229720243,-1.0775117223646489,0.6189827300667408,-0.9501804779455227,0
-1.3432795034447749,0.7715308156211609,-1.4600320955718065,0.2079003033971988,-1.4092248210711704,1.1250009247842319,0.24867086269914235,0.920307393868181,-1.4378840525310816,0.13526252318746898,-0.9171966542898811,1.3322589027320104,-0.7606887921094583,-0.9501804779455227,1
0.30083072334567396,0.7715308156211609,-0.4603426899921905,0.94888916479251,0.7870286703505411,1.4662944358135126,-0.4448335352665931,-1.0865934650343947,-0.4108240150088804,-0.4279570911251175,0.8637677229720243,1.3322589027320104,0.6189827300667408,-0.05859021713873188,1
0.9778172873182117,-1.2961245095504037,-1.2101097441769024,0.94888916479251,0.5248763968386658,0.10112039169638974,-1.0849914410811181,-1.0865934650343947,1.6432960600355222,-0.9387841831760678,-0.026714465658928405,0.1273735901836806,0.015376439114653634,0.8330000436680589,0
-0.7630053057540283,0.7715308156211609,0.2894243641925215,0.2079003033971988,-1.2286310326518783,-0.24017311933289098,1.2089077214209298,0.920307393868181,-0.4108240150088804,1.1831129684201878,0.8637677229720243,-1.0775117223646489,0.10160590925066608,-0.9501804779455227,1
1.7515162175725405,0.7715308156211609,-0.21042033859728654,-1.2740774193934234,1.8414633704760843,0.7837074137549511,-1.5117633782908015,-1.0865934650343947,0.6162360225133209,-1.2138449250496566,-1.8076788429208337,0.1273735901836806,-0.6744593219734459,1.7245903044748498,0
-0.5695805731904461,-1.2961245095504037,0.3394088344715023,0.94888916479251,0.2918521537169988,0.10112039169638974,1.368947197874561,0.920307393868181,-0.4108240150088804,1.6808419299057293,0.8637677229720243,-1.0775117223646489,0.44652378979471585,-0.9501804779455227,1
0.4942554559092562,0.7715308156211609,0.08948648307659827,0.94888916479251,0.8452847311309579,-0.24017311933289098,0.5154033234551945,-1.0865934650343947,1.6432960600355222,0.39722513449564867,-0.026714465658928405,-1.0775117223646489,0.27406484952269095,-0.05859021713873188,1
-1.1498547708811926,0.7715308156211609,1.189144829214176,0.2079003033971988,-1.359707169407816,-0.5814666303621717,-0.6582195038714348,0.920307393868181,-0.4108240150088804,-0.7030178329987061,0.8637677229720243,1.3322589027320104,-0.4157709115654086,-0.9501804779455227,0
1.2679543861635851,-1.2961245095504037,1.8389429428409263,-0.5330885579981124,0.5831324576190825,1.4662944358135126,-0.9249519646274869,-1.0865934650343947,-1.4378840525310816,-0.8994897914798409,-0.9171966542898811,0.1273735901836806,0.877671140474778,-0.05859021713873188,1
-0.3761558406268638,0.7715308156211609,-0.8102339819450561,-2.0150662807887345,-0.34896451486758545,0.44241390272567044,1.0488682449672986,0.920307393868181,-0.4108240150088804,0.9604447488082352,0.8637677229720243,-1.0775117223646489,2.774719483467052,-0.05859021713873188,0
1.5580914850089584,0.7715308156211609,1.5890205914460223,-1.2740774193934234,1.6084391273544174,0.7837074137549511,-1.2983774096859597,-1.0865934650343947,0.6162360225133209,-1.1352561416572025,-1.8076788429208337,0.1273735901836806,-0.502000381701421,1.7245903044748498,1
-0.1827311080632816,-1.2961245095504037,1.3890827103300991,0.94888916479251,0.4957483664484574,0.10112039169638974,0.6220963077576153,0.920307393868181,-0.4108240150088804,0.2924400899723767,0.8637677229720243,1.3322589027320104,0.5327532599307283,-0.9501804779455227,1
0.7843925547546295,0.7715308156211609,1.7389740022829647,0.94888916479251,0.4957483664484574,1.4662944358135126,-0.4448335352665931,-1.0865934650343947,1.6432960600355222,-0.5327421356483892,-0.026714465658928405,1.3322589027320104,0.015376439114653634,0.8330000436680589,0
-1.0531424045994016,0.7715308156211609,-0.7602495116660754,0.2079003033971988,-1.3480559572517328,-1.6053471634500138,1.368947197874561,0.920307393868181,-0.4108240150088804,1.6284494076440932,0.8637677229720243,-1.0775117223646489,-0.3295414414293961,-0.9501804779455227,1
1.4613791187271672,-1.2961245095504037,1.0891758886562142,-1.2740774193934234,1.4627989754033754,-1.6053471634500138,-1.1383379332323285,-1.0865934650343947,-1.4378840525310816,-1.0566673582647486,-0.9171966542898811,0.1273735901836806,-0.4157709115654086,1.7245903044748498,0
0.10740599078209173,0.7715308156211609,-0.9102029225030177,0.94888916479251,0.7287726095701244,-1.264053652420733,0.8888287685136673,0.920307393868181,-0.4108240150088804,0.6329914846730105,0.8637677229720243,-1.0775117223646489,0.7914416703387656,-0.05859021713873188,1
-0.8597176720358194,-1.2961245095504037,1.5390361211670416,0.2079003033971988,-1.2402822448079618,1.4662944358135126,0.7821357842112465,0.920307393868181,0.6162360225133209,0.9997391405044622,-1.8076788429208337,-1.0775117223646489,0.015376439114653634,-0.9501804779455227,1
0.5909678221910473,0.7715308156211609,0.6393156561453871,0.94888916479251,0.932668822301583,-0.24017311933289098,-0.6048730117202243,-1.0865934650343947,-0.4108240150088804,-0.676821571867888,0.8637677229720243,1.3322589027320104,0.3602943196587034,-0.05859021713873188,0
-0.9564300383176104,0.7715308156211609,-0.2604048088762673,0.2079003033971988,-1.3160151238225035,-0.5814666303621717,-1.0316449489299078,0.920307393868181,1.6432960600355222,-0.9911767054377038,-0.026714465658928405,0.1273735901836806,-0.2433119712933837,-0.9501804779455227,1
1.3646667524453762,-1.2961245095504037,0.4393777750294639,-0.5330885579981124,0.6705165487897077,0.10112039169638974,1.2622542135721402,-1.0865934650343947,-0.4108240150088804,1.4057811880321405,0.8637677229720243,-1.0775117223646489,0.9639006106107905,-0.05859021713873188,0
-0.2794434743450727,0.7715308156211609,-1.609985506408749,-2.0150662807887345,-0.3198364844773771,-0.9227601413914523,0.30201735485035275,0.920307393868181,-1.4378840525310816,0.05667373979501511,-0.9171966542898811,1.3322589027320104,2.860948953603064,-0.05859021713873188,1
0.20411835706388284,-1.2961245095504037,-0.010482457481363327,0.94888916479251,0.6413885183994993,-0.5814666303621717,-0.3381405509641722,0.920307393868181,-0.4108240150088804,-0.3886626994288904,0.8637677229720243,1.3322589027320104,0.44652378979471585,-0.9501804779455227,1
1.6548038512907495,0.7715308156211609,0.4393777750294639,-1.2740774193934234,1.666695188134834,0.10112039169638974,-0.9249519646274869,-1.0865934650343947,1.6432960600355222,-0.9125879220452499,-0.026714465658928405,0.1273735901836806,-0.5882298518374335,1.7245903044748498,0
-0.6662929394722371,0.7715308156211609,0.7892690669823295,0.2079003033971988,-1.2402822448079618,-1.6053471634500138,1.2089077214209298,0.920307393868181,-0.4108240150088804,1.2093092295510057,0.8637677229720243,-1.0775117223646489,0.015376439114653634,-0.9501804779455227,1
0.8811049210364206,-1.2961245095504037,-0.11045139803932492,0.94888916479251,0.5540044272288741,0.10112039169638974,-1.458416886139591,-1.0865934650343947,0.6162360225133209,-1.1483542722226117,-1.8076788429208337,0.1273735901836806,0.10160590925066608,0.8330000436680589,0
-0.47286820690865494,0.7715308156211609,-0.4603426899921905,0.94888916479251,0.23359609293658204,1.4662944358135126,1.4222936900257714,0.920307393868181,-0.4108240150088804,1.7856269744290012,0.8637677229720243,-1.0775117223646489,0.9639006106107905,-0.9501804779455227,1
-1.1498547708811926,0.7715308156211609,-0.6102961008291329,0.2079003033971988,-1.3742711846029203,1.1250009247842319,0.462056831303984,0.920307393868181,1.6432960600355222,0.2007531760145139,-0.026714465658928405,1.3322589027320104,-0.502000381701421,-0.9501804779455227,1
1.0745296536000029,-1.2961245095504037,-0.41035821971320974,-0.5330885579981124,0.5831324576190825,0.7837074137549511,-0.7649124881738556,-1.0865934650343947,-0.4108240150088804,-0.7554103552603421,0.8637677229720243,1.3322589027320104,0.7914416703387656,-0.05859021713873188,0
-0.0860187417814905,0.7715308156211609,0.3394088344715023,0.94888916479251,0.6705165487897077,0.10112039169638974,-0.8716054724762764,0.920307393868181,-1.4378840525310816,-0.8732935303490229,-0.9171966542898811,0.1273735901836806,0.7052122002027531,-0.9501804779455227,1
-0.9564300383176104,-1.2961245095504037,0.9892069480982527,0.2079003033971988,-1.3101895177444618,-0.5814666303621717,1.1022147371185091,0.920307393868181,-0.4108240150088804,0.986641009939053,0.8637677229720243,-1.0775117223646489,-0.2433119712933837,-0.9501804779455227,0
1.5580914850089584,0.7715308156211609,-0.3103892791552481,-1.2740774193934234,1.5210550361837922,0.7837074137549511,-1.2983774096859597,-1.0865934650343947,0.6162360225133209,-1.1090598805263847,-1.8076788429208337,0.1273735901836806,-0.4157709115654086,1.7245903044748498,1
-0.3761558406268638,-1.2961245095504037,0.889238007540291,0.94888916479251,0.4258410935119573,-1.6053471634500138,0.6220963077576153,0.920307393868181,-0.4108240150088804,0.8294634431541453,0.8637677229720243,-1.0775117223646489,0.6362286240939432,-0.9501804779455227,1
0.39754308962746504,0.7715308156211609,-1.2600942144558833,0.94888916479251,0.8889767767162705,1.1250009247842319,-0.6048730117202243,-1.0865934650343947,1.6432960600355222,-0.5589383967792073,-0.026714465658928405,1.3322589027320104,0.3775402136859059,-0.05859021713873188,0
-1.2465671371629838,0.7715308156211609,-0.16043586831830572,0.2079003033971988,-1.3888351997980244,-0.24017311933289098,1.2089077214209298,0.920307393868181,-0.4108240150088804,1.2355054906818235,0.8637677229720243,-1.0775117223646489,-0.5709839578102309,-0.9501804779455227,1
1.1712420198817939,-1.2961245095504037,1.7889584725619454,-1.2740774193934234,1.290943596101146,1.4662944358135126,-1.2450309175347494,-1.0865934650343947,-1.4378840525310816,-1.0828636193955667,-0.9171966542898811,0.1273735901836806,-0.3122955474021936,1.7245903044748498,0
-0.6662929394722371,0.7715308156211609,-0.9102029225030177,-2.0150662807887345,-0.3722669391797522,-1.264053652420733,1.4222936900257714,0.920307393868181,-0.4108240150088804,1.6284494076440932,0.8637677229720243,-1.0775117223646489,2.7057359073582417,-0.05859021713873188,1
0.6876801884728384,-1.2961245095504037,-1.609985506408749,0.94888916479251,0.7083829882969785,-0.9227601413914523,-0.3914870431153827,-1.0865934650343947,0.6162360225133209,-0.34936830773266336,-1.8076788429208337,1.3322589027320104,0.205081273413881,0.8330000436680589,1
-1.0531424045994016,0.7715308156211609,-0.8602184522240369,0.2079003033971988,-1.3305791390176076,-0.5814666303621717,0.7821357842112465,0.920307393868181,-0.4108240150088804,1.052131662766098,0.8637677229720243,-1.0775117223646489,-0.3122955474021936,-0.9501804779455227,0
1.3646667524453762,0.7715308156211609,-1.0101718630609793,-0.5330885579981124,0.6209988971263534,-1.6053471634500138,-0.4448335352665931,-1.0865934650343947,1.6432960600355222,-0.5851346579100252,-0.026714465658928405,0.1273735901836806,0.9811465046379929,-0.05859021713873188,1
-0.0860187417814905,-1.2961245095504037,-1.1101408036189409,0.94888916479251,0.4171026843948948,0.44241390272567044,0.9421752606648778,0.920307393868181,-0.4108240150088804,0.8294634431541453,0.8637677229720243,-1.0775117223646489,0.6362286240939432,-0.9501804779455227,0
-1.3432795034447749,0.7715308156211609,-1.4600320955718065,0.2079003033971988,-1.4063120180321496,1.1250009247842319,-1.5117633782908015,0.920307393868181,-1.4378840525310816,-1.2531393167458833,-0.9171966542898811,0.1273735901836806,-0.7434428980822558,-0.9501804779455227,1
0.30083072334567396,0.7715308156211609,-0.4603426899921905,0.94888916479251,0.7957670794676036,1.4662944358135126,0.3553638470015632,-1.0865934650343947,-0.4108240150088804,0.5544027012805564,0.8637677229720243,-1.0775117223646489,0.6362286240939432,-0.05859021713873188,1
0.9778172873182117,-1.2961245095504037,-1.2101097441769024,0.94888916479251,0.5336148059557283,0.10112039169638974,-0.6582195038714348,-1.0865934650343947,1.6432960600355222,-0.729214094129524,-0.026714465658928405,1.3322589027320104,0.03262233314185612,0.8330000436680589,0
-0.7630053057540283,0.7715308156211609,0.2894243641925215,0.2079003033971988,-1.2257182296128575,-0.24017311933289098,1.3156007057233507,0.920307393868181,-0.4108240150088804,1.4057811880321405,0.8637677229720243,-1.0775117223646489,0.11885180327786857,-0.9501804779455227,1
1.7515162175725405,0.7715308156211609,-0.21042033859728654,-1.2740774193934234,1.8560273856711884,0.7837074137549511,-1.1383379332323285,-1.0865934650343947,0.6162360225133209,-1.0173729665685216,-1.8076788429208337,0.1273735901836806,-0.6572134279462434,1.7245903044748498,0
-0.5695805731904461,-1.2961245095504037,0.3394088344715023,0.94888916479251,0.30059056283406127,0.10112039169638974,1.4222936900257714,0.920307393868181,-0.4108240150088804,1.7725288438635922,0.8637677229720243,-1.0775117223646489,0.4637696838219183,-0.9501804779455227,1
0.4942554559092562,0.7715308156211609,0.08948648307659827,0.94888916479251,0.8540231402480204,-0.24017311933289098,0.6754427999088257,-1.0865934650343947,1.6432960600355222,-0.1136019575553018,-0.026714465658928405,1.3322589027320104,0.29131074354989345,-0.05859021713873188,1
-1.1498547708811926,0.7715308156211609,1.189144829214176,0.2079003033971988,-1.3567943663687954,-0.5814666303621717,-0.4981800274178035,0.920307393868181,-0.4108240150088804,-0.4672514828213443,0.8637677229720243,1.3322589027320104,-0.39852501753820607,-0.9501804779455227,0
1.2679543861635851,-1.2961245095504037,1.8389429428409263,-0.5330885579981124,0.5918708667361451,1.4662944358135126,-0.9782984567786973,-1.0865934650343947,-1.4378840525310816,-0.9387841831760678,-0.9171966542898811,0.1273735901836806,0.8949170345019806,-0.05859021713873188,1
-0.3761558406268638,0.7715308156211609,-0.8102339819450561,-2.0150662807887345,-0.3431389087895438,0.44241390272567044,1.1555612292697195,0.920307393868181,-0.4108240150088804,1.0652297933315071,0.8637677229720243,-1.0775117223646489,2.7919653774942543,-0.05859021713873188,0
1.5580914850089584,0.7715308156211609,1.5890205914460223,-1.2740774193934234,1.6230031425495215,0.7837074137549511,-1.458416886139591,-1.0865934650343947,0.6162360225133209,-1.1614524027880206,-1.8076788429208337,0.1273735901836806,-0.4847544876742185,1.7245903044748498,1
-0.1827311080632816,-1.2961245095504037,1.3890827103300991,0.94888916479251,0.5044867755655199,0.10112039169638974,0.6754427999088257,0.920307393868181,-0.4108240150088804,0.8556597042849632,0.8637677229720243,-1.0775117223646489,0.5499991539579308,-0.9501804779455227,1
0.7843925547546295,0.7715308156211609,1.7389740022829647,0.94888916479251,0.5044867755655199,1.4662944358135126,-0.5515265195690139,-1.0865934650343947,1.6432960600355222,-0.5458402662137981,-0.026714465658928405,1.3322589027320104,0.03262233314185612,0.8330000436680589,0
-1.0531424045994016,0.7715308156211609,-0.7602495116660754,0.2079003033971988,-1.345143154212712,-1.6053471634500138,1.2622542135721402,0.920307393868181,-0.4108240150088804,1.2617017518126419,0.8637677229720243,-1.0775117223646489,-0.3122955474021936,-0.9501804779455227,1
1.4613791187271672,-1.2961245095504037,1.0891758886562142,-1.2740774193934234,1.4773629905984795,-1.6053471634500138,-1.2450309175347494,-1.0865934650343947,-1.4378840525310816,-1.0697654888301575,-0.9171966542898811,0.1273735901836806,-0.39852501753820607,1.7245903044748498,0
0.10740599078209173,0.7715308156211609,-0.9102029225030177,0.94888916479251,0.7375110186871869,-1.264053652420733,1.4222936900257714,0.920307393868181,-0.4108240150088804,1.6546456687749114,0.8637677229720243,-1.0775117223646489,0.8086875643659681,-0.05859021713873188,1
-0.8597176720358194,-1.2961245095504037,1.5390361211670416,0.2079003033971988,-1.237369441768941,1.4662944358135126,-0.3381405509641722,0.920307393868181,0.6162360225133209,-0.3231720466018455,-1.8076788429208337,1.3322589027320104,0.03262233314185612,-0.9501804779455227,1
0.5909678221910473,0.7715308156211609,0.6393156561453871,0.94888916479251,0.9414072314186456,-0.24017311933289098,0.835482276362457,-1.0865934650343947,-0.4108240150088804,1.078327923896916,0.8637677229720243,-1.0775117223646489,0.3775402136859059,-0.05859021713873188,0
-0.9564300383176104,0.7715308156211609,-0.2604048088762673,0.2079003033971988,-1.3131023207834827,-0.5814666303621717,-0.3914870431153827,0.920307393868181,1.6432960600355222,-0.5589383967792073,-0.026714465658928405,0.1273735901836806,-0.2260660772661812,-0.9501804779455227,1
1.3646667524453762,-1.2961245095504037,0.4393777750294639,-0.5330885579981124,0.6792549579067702,0.10112039169638974,0.9955217528160882,-1.0865934650343947,-0.4108240150088804,0.8556597042849632,0.8637677229720243,-1.0775117223646489,0.9811465046379929,-0.05859021713873188,0
-0.2794434743450727,0.7715308156211609,-1.609985506408749,-2.0150662807887345,-0.31401087839933545,-0.9227601413914523,-1.5117633782908015,0.920307393868181,-1.4378840525310816,-1.2400411861804745,-0.9171966542898811,0.1273735901836806,2.8781948476302666,-0.05859021713873188,1
0.20411835706388284,-1.2961245095504037,-0.010482457481363327,0.94888916479251,0.6501269275165618,-0.5814666303621717,0.4087103391527736,0.920307393868181,-0.4108240150088804,0.5805989624113743,0.8637677229720243,-1.0775117223646489,0.4637696838219183,-0.9501804779455227,1
1.6548038512907495,0.7715308156211609,0.4393777750294639,-1.2740774193934234,1.6812592033299383,0.10112039169638974,-0.6048730117202243,-1.0865934650343947,1.6432960600355222,-0.7161159635641151,-0.026714465658928405,1.3322589027320104,-0.5709839578102309,1.7245903044748498,0
-0.6662929394722371,0.7715308156211609,0.7892690669823295,0.2079003033971988,-1.237369441768941,-1.6053471634500138,1.368947197874561,0.920307393868181,-0.4108240150088804,1.4319774491629582,0.8637677229720243,-1.0775117223646489,0.03262233314185612,-0.9501804779455227,1
0.8811049210364206,-1.2961245095504037,-0.11045139803932492,0.94888916479251,0.5627428363459367,0.10112039169638974,-1.1383379332323285,-1.0865934650343947,0.6162360225133209,-1.0042748360031128,-1.8076788429208337,0.1273735901836806,0.11885180327786857,0.8330000436680589,0
-0.47286820690865494,0.7715308156211609,-0.4603426899921905,0.94888916479251,0.24233450205364454,1.4662944358135126,1.4222936900257714,0.920307393868181,-0.4108240150088804,1.79872510499441,0.8637677229720243,-1.0775117223646489,0.9811465046379929,-0.9501804779455227,1
-1.1498547708811926,0.7715308156211609,-0.6102961008291329,0.2079003033971988,-1.3713583815638994,1.1250009247842319,0.7287892920600361,0.920307393868181,1.6432960600355222,-0.08740569642448368,-0.026714465658928405,1.3322589027320104,-0.4847544876742185,-0.9501804779455227,1
1.0745296536000029,-1.2961245095504037,-0.41035821971320974,-0.5330885579981124,0.5918708667361451,0.7837074137549511,-0.4448335352665931,-1.0865934650343947,-0.4108240150088804,-0.4410552216905264,0.8637677229720243,1.3322589027320104,0.8086875643659681,-0.05859021713873188,0
-0.0860187417814905,0.7715308156211609,0.3394088344715023,0.94888916479251,0.6792549579067702,0.10112039169638974,-0.9249519646274869,0.920307393868181,-1.4378840525310816,-0.9256860526106587,-0.9171966542898811,0.1273735901836806,0.7224580942299557,-0.9501804779455227,1
-0.9564300383176104,-1.2961245095504037,0.9892069480982527,0.2079003033971988,-1.307276714705441,-0.5814666303621717,1.2089077214209298,0.920307393868181,-0.4108240150088804,1.0914260544623249,0.8637677229720243,-1.0775117223646489,-0.2260660772661812,-0.9501804779455227,0
1.5580914850089584,0.7715308156211609,-0.3103892791552481,-1.2740774193934234,1.5356190513788963,0.7837074137549511,-1.458416886139591,-1.0865934650343947,0.6162360225133209,-1.1483542722226117,-1.8076788429208337,0.1273735901836806,-0.39852501753820607,1.7245903044748498,1
-0.3761558406268638,-1.2961245095504037,0.889238007540291,0.94888916479251,0.4345795026290198,-1.6053471634500138,0.462056831303984,0.920307393868181,-0.4108240150088804,0.05667373979501511,0.8637677229720243,1.3322589027320104,0.6534745181211457,-0.9501804779455227,1
0.39754308962746504,0.7715308156211609,-1.2600942144558833,0.94888916479251,0.897715185833333,1.1250009247842319,-0.178101074510541,-1.0865934650343947,1.6432960600355222,-0.29697578547102765,-0.026714465658928405,1.3322589027320104,0.39478610771310835,-0.05859021713873188,0
-1.2465671371629838,0.7715308156211609,-0.16043586831830572,0.2079003033971988,-1.3859223967590035,-0.24017311933289098,1.4222936900257714,0.920307393868181,-0.4108240150088804,1.79872510499441,0.8637677229720243,-1.0775117223646489,-0.5537380637830285,-0.9501804779455227,1
1.1712420198817939,-1.2961245095504037,1.7889584725619454,-1.2740774193934234,1.2996820052182085,1.4662944358135126,-1.191684425383539,-1.0865934650343947,-1.4378840525310816,-1.0697654888301575,-0.9171966542898811,0.1273735901836806,-0.29504965337499117,1.7245903044748498,0
-0.6662929394722371,0.7715308156211609,-0.9102029225030177,-2.0150662807887345,-0.3664413331017105,-1.264053652420733,1.0488682449672986,0.920307393868181,-0.4108240150088804,0.7246783986308734,0.8637677229720243,-1.0775117223646489,2.722981801385444,-0.05859021713873188,1
0.6876801884728384,-1.2961245095504037,-1.609985506408749,0.94888916479251,0.717121397414041,-0.9227601413914523,0.7821357842112465,-1.0865934650343947,0.6162360225133209,0.9080522265465989,-1.8076788429208337,-1.0775117223646489,0.2223271674410835,0.8330000436680589,1
-1.0531424045994016,0.7715308156211609,-0.8602184522240369,0.2079003033971988,-1.327666335978587,-0.5814666303621717,-0.5515265195690139,0.920307393868181,-0.4108240150088804,-0.6375271801716612,0.8637677229720243,1.3322589027320104,-0.29504965337499117,-0.9501804779455227,0
1.3646667524453762,0.7715308156211609,-1.0101718630609793,-0.5330885579981124,0.629737306243416,-1.6053471634500138,-1.2450309175347494,-1.0865934650343947,1.6432960600355222,-1.1090598805263847,-0.026714465658928405,0.1273735901836806,0.9983923986651955,-0.05859021713873188,1
-0.0860187417814905,-1.2961245095504037,-1.1101408036189409,0.94888916479251,0.4258410935119573,0.44241390272567044,1.368947197874561,0.920307393868181,-0.4108240150088804,1.4712718408591854,0.8637677229720243,-1.0775117223646489,0.6534745181211457,-0.9501804779455227,0
-1.3432795034447749,0.7715308156211609,-1.4600320955718065,0.2079003033971988,-1.4033992149931287,1.1250009247842319,0.30201735485035275,0.920307393868181,-1.4378840525310816,0.16145878431828686,-0.9171966542898811,1.3322589027320104,-0.7261970040550534,-0.9501804779455227,1
0.30083072334567396,0.7715308156211609,-0.4603426899921905,0.94888916479251,0.8045054885846662,1.4662944358135126,-0.3914870431153827,-1.0865934650343947,-0.4108240150088804,-0.40176082999429935,0.8637677229720243,1.3322589027320104,0.6534745181211457,-0.05859021713873188,1
0.9778172873182117,-1.2961245095504037,-1.2101097441769024,0.94888916479251,0.5423532150727908,0.10112039169638974,-1.0316449489299078,-1.0865934650343947,1.6432960600355222,-0.9256860526106587,-0.026714465658928405,0.1273735901836806,0.04986822716905861,0.8330000436680589,0
-0.7630053057540283,0.7715308156211609,0.2894243641925215,0.2079003033971988,-1.2228054265738366,-0.24017311933289098,1.2622542135721402,0.920307393868181,-0.4108240150088804,1.2093092295510057,0.8637677229720243,-1.0775117223646489,0.13609769730507104,-0.9501804779455227,1
1.7515162175725405,0.7715308156211609,-0.21042033859728654,-1.2740774193934234,1.8705914008662927,0.7837074137549511,-1.458416886139591,-1.0865934650343947,0.6162360225133209,-1.2007467944842474,-1.8076788429208337,0.1273735901836806,-0.6399675339190409,1.7245903044748498,0
-0.5695805731904461,-1.2961245095504037,0.3394088344715023,0.94888916479251,0.3093289719511238,0.10112039169638974,1.4222936900257714,0.920307393868181,-0.4108240150088804,1.7070381910365473,0.8637677229720243,-1.0775117223646489,0.4810155778491208,-0.9501804779455227,1
0.4942554559092562,0.7715308156211609,0.08948648307659827,0.94888916479251,0.862761549365083,-0.24017311933289098,0.5687498156064048,-1.0865934650343947,1.6432960600355222,0.4234213956264666,-0.026714465658928405,-1.0775117223646489,0.30855663757709595,-0.05859021713873188,1
-1.1498547708811926,0.7715308156211609,1.189144829214176,0.2079003033971988,-1.3538815633297745,-0.5814666303621717,-0.6048730117202243,0.920307393868181,-0.4108240150088804,-0.6899197024332971,0.8637677229720243,1.3322589027320104,-0.38127912351100357,-0.9501804779455227,0
1.2679543861635851,-1.2961245095504037,1.8389429428409263,-0.5330885579981124,0.6006092758532076,1.4662944358135126,-0.8716054724762764,-1.0865934650343947,-1.4378840525310816,-0.8863916609144319,-0.9171966542898811,0.1273735901836806,0.912162928529183,-0.05859021713873188,1
-0.3761558406268638,0.7715308156211609,-0.8102339819450561,-2.0150662807887345,-0.3373133027115021,0.44241390272567044,1.1022147371185091,0.920307393868181,-0.4108240150088804,0.986641009939053,0.8637677229720243,-1.0775117223646489,2.8092112715214568,-0.05859021713873188,0
1.5580914850089584,0.7715308156211609,1.5890205914460223,-1.2740774193934234,1.6375671577446258,0.7837074137549511,-1.2450309175347494,-1.0865934650343947,0.6162360225133209,-1.1221580110917935,-1.8076788429208337,0.1273735901836806,-0.467508593647016,1.7245903044748498,1
-0.1827311080632816,-1.2961245095504037,1.3890827103300991,0.94888916479251,0.5132251846825824,0.10112039169638974,0.6754427999088257,0.920307393868181,-0.4108240150088804,0.3186363511031946,0.8637677229720243,1.3322589027320104,0.5672450479851332,-0.9501804779455227,1
0.7843925547546295,0.7715308156211609,1.7389740022829647,0.94888916479251,0.5132251846825824,1.4662944358135126,-0.3914870431153827,-1.0865934650343947,1.6432960600355222,-0.5065458745175714,-0.026714465658928405,1.3322589027320104,0.04986822716905861,0.8330000436680589,0
-1.0531424045994016,0.7715308156211609,-0.7602495116660754,0.2079003033971988,-1.342230351173691,-1.6053471634500138,1.4222936900257714,0.920307393868181,-0.4108240150088804,1.6546456687749114,0.8637677229720243,-1.0775117223646489,-0.29504965337499117,-0.9501804779455227,1
1.4613791187271672,-1.2961245095504037,1.0891758886562142,-1.2740774193934234,1.4919270057935838,-1.6053471634500138,-1.0849914410811181,-1.0865934650343947,-1.4378840525310816,-1.0435692276993398,-0.9171966542898811,0.1273735901836806,-0.38127912351100357,1.7245903044748498,0
0.10740599078209173,0.7715308156211609,-0.9102029225030177,0.94888916479251,0.7462494278042494,-1.264053652420733,0.9421752606648778,0.920307393868181,-0.4108240150088804,0.6591877458038283,0.8637677229720243,-1.0775117223646489,0.8259334583931706,-0.05859021713873188,1
-0.8597176720358194,-1.2961245095504037,1.5390361211670416,0.2079003033971988,-1.23445663872992,1.4662944358135126,0.835482276362457,0.920307393868181,0.6162360225133209,1.02593540163528,-1.8076788429208337,-1.0775117223646489,0.04986822716905861,-0.9501804779455227,1
0.5909678221910473,0.7715308156211609,0.6393156561453871,0.94888916479251,0.950145640535708,-0.24017311933289098,-0.5515265195690139,-1.0865934650343947,-0.4108240150088804,-0.6637234413024791,0.8637677229720243,1.3322589027320104,0.39478610771310835,-0.05859021713873188,0
-0.9564300383176104,0.7715308156211609,-0.2604048088762673,0.2079003033971988,-1.3101895177444618,-0.5814666303621717,-0.9782984567786973,0.920307393868181,1.6432960600355222,-0.9780785748722948,-0.026714465658928405,0.1273735901836806,-0.20882018323897872,-0.9501804779455227,1
1.3646667524453762,-1.2961245095504037,0.4393777750294639,-0.5330885579981124,0.6879933670238326,0.10112039169638974,1.3156007057233507,-1.0865934650343947,-0.4108240150088804,1.4319774491629582,0.8637677229720243,-1.0775117223646489,0.9983923986651955,-0.05859021713873188,0
-0.2794434743450727,0.7715308156211609,-1.609985506408749,-2.0150662807887345,-0.3081852723212937,-0.9227601413914523,0.3553638470015632,0.920307393868181,-1.4378840525310816,0.08287000092583299,-0.9171966542898811,1.3322589027320104,2.895440741657469,-0.05859021713873188,1
0.20411835706388284,-1.2961245095504037,-0.010482457481363327,0.94888916479251,0.6588653366336243,-0.5814666303621717,-0.2847940588129618,0.920307393868181,-0.4108240150088804,-0.36246643829807257,0.8637677229720243,1.3322589027320104,0.4810155778491208,-0.9501804779455227,1
1.6548038512907495,0.7715308156211609,0.4393777750294639,-1.2740774193934234,1.6958232185250424,0.10112039169638974,-0.8716054724762764,-1.0865934650343947,1.6432960600355222,-0.8994897914798409,-0.026714465658928405,0.1273735901836806,-0.5537380637830285,1.7245903044748498,0
-0.6662929394722371,0.7715308156211609,0.7892690669823295,0.2079003033971988,-1.23445663872992,-1.6053471634500138,1.2622542135721402,0.920307393868181,-0.4108240150088804,1.2355054906818235,0.8637677229720243,-1.0775117223646489,0.04986822716905861,-0.9501804779455227,1
0.8811049210364206,-1.2961245095504037,-0.11045139803932492,0.94888916479251,0.5714812454629992,0.10112039169638974,-1.4050703939883806,-1.0865934650343947,0.6162360225133209,-1.1352561416572025,-1.8076788429208337,0.1273735901836806,0.13609769730507104,0.8330000436680589,0
-0.47286820690865494,0.7715308156211609,-0.4603426899921905,0.94888916479251,0.25107291117070707,1.4662944358135126,1.4222936900257714,0.920307393868181,-0.4108240150088804,1.8118232355598192,0.8637677229720243,-1.0775117223646489,0.9983923986651955,-0.9501804779455227,1
-1.1498547708811926,0.7715308156211609,-0.6102961008291329,0.2079003033971988,-1.3684455785248786,1.1250009247842319,0.5154033234551945,0.920307393868181,1.6432960600355222,0.22694943714533178,-0.026714465658928405,1.3322589027320104,-0.467508593647016,-0.9501804779455227,1
1.0745296536000029,-1.2961245095504037,-0.41035821971320974,-0.5330885579981124,0.6006092758532076,0.7837074137549511,-0.7115659960226451,-1.0865934650343947,-0.4108240150088804,-0.742312224694933,0.8637677229720243,1.3322589027320104,0.8259334583931706,-0.05859021713873188,0
-0.0860187417814905,0.7715308156211609,0.3394088344715023,0.94888916479251,0.6879933670238326,0.10112039169638974,-0.818258980325066,0.920307393868181,-1.4378840525310816,-0.8601953997836138,-0.9171966542898811,0.1273735901836806,0.7397039882571581,-0.9501804779455227,1
-0.9564300383176104,-1.2961245095504037,0.9892069480982527,0.2079003033971988,-1.30436391166642,-0.5814666303621717,1.1555612292697195,0.920307393868181,-0.4108240150088804,1.012837271069871,0.8637677229720243,-1.0775117223646489,-0.20882018323897872,-0.9501804779455227,0
1.5580914850089584,0.7715308156211609,-0.3103892791552481,-1.2740774193934234,1.5501830665740006,0.7837074137549511,-1.2450309175347494,-1.0865934650343947,0.6162360225133209,-1.0959617499609757,-1.8076788429208337,0.1273735901836806,-0.38127912351100357,1.7245903044748498,1
-0.3761558406268638,-1.2961245095504037,0.889238007540291,0.94888916479251,0.4433179117460823,-1.6053471634500138,0.6754427999088257,0.920307393868181,-0.4108240150088804,0.8556597042849632,0.8637677229720243,-1.0775117223646489,0.6707204121483482,-0.9501804779455227,1
0.39754308962746504,0.7715308156211609,-1.2600942144558833,0.94888916479251,0.9064535949503955,1.1250009247842319,-0.5515265195690139,-1.0865934650343947,1.6432960600355222,-0.5458402662137981,-0.026714465658928405,1.3322589027320104,0.41203200174031085,-0.05859021713873188,0
-1.2465671371629838,0.7715308156211609,-0.16043586831830572,0.2079003033971988,-1.3830095937199829,-0.24017311933289098,1.2622542135721402,0.920307393868181,-0.4108240150088804,1.2617017518126419,0.8637677229720243,-1.0775117223646489,-0.536492169755826,-0.9501804779455227,1
1.1712420198817939,-1.2961245095504037,1.7889584725619454,-1.2740774193934234,1.3084204143352711,1.4662944358135126,-1.2450309175347494,-1.0865934650343947,-1.4378840525310816,-1.0697654888301575,-0.9171966542898811,0.1273735901836806,-0.27780375934778867,1.7245903044748498,0
-0.6662929394722371,0.7715308156211609,-0.9102029225030177,-2.0150662807887345,-0.357702923984648,-1.264053652420733,1.4222936900257714,0.920307393868181,-0.4108240150088804,1.6546456687749114,0.8637677229720243,-1.0775117223646489,2.7402276954126465,-0.05859021713873188,1
0.6876801884728384,-1.2961245095504037,-1.609985506408749,0.94888916479251,0.7258598065311036,-0.9227601413914523,-0.3381405509641722,-1.0865934650343947,0.6162360225133209,-0.3231720466018455,-1.8076788429208337,1.3322589027320104,0.23957306146828597,0.8330000436680589,1
-1.0531424045994016,0.7715308156211609,-0.8602184522240369,0.2079003033971988,-1.324753532939566,-0.5814666303621717,0.835482276362457,0.920307393868181,-0.4108240150088804,1.078327923896916,0.8637677229720243,-1.0775117223646489,-0.27780375934778867,-0.9501804779455227,0
1.3646667524453762,0.7715308156211609,-1.0101718630609793,-0.5330885579981124,0.6384757153604784,-1.6053471634500138,-0.3914870431153827,-1.0865934650343947,1.6432960600355222,-0.5589383967792073,-0.026714465658928405,0.1273735901836806,1.015638292692398,-0.05859021713873188,1
-0.0860187417814905,-1.2961245095504037,-1.1101408036189409,0.94888916479251,0.4345795026290198,0.44241390272567044,0.9955217528160882,0.920307393868181,-0.4108240150088804,0.8556597042849632,0.8637677229720243,-1.0775117223646489,0.6707204121483482,-0.9501804779455227,0
-1.3432795034447749,0.7715308156211609,-1.4600320955718065,0.2079003033971988,-1.4004864119541078,1.1250009247842319,-1.5117633782908015,0.920307393868181,-1.4378840525310816,-1.2400411861804745,-0.9171966542898811,0.1273735901836806,-0.7089511100278508,-0.9501804779455227,1
0.30083072334567396,0.7715308156211609,-0.4603426899921905,0.94888916479251,0.8132438977017287,1.4662944358135126,0.4087103391527736,-1.0865934650343947,-0.4108240150088804,0.5805989624113743,0.8637677229720243,-1.0775117223646489,0.6707204121483482,-0.05859021713873188,1
0.9778172873182117,-1.2961245095504037,-1.2101097441769024,0.94888916479251,0.5510916241898534,0.10112039169638974,-0.6048730117202243,-1.0865934650343947,1.6432960600355222,-0.7161159635641151,-0.026714465658928405,1.3322589027320104,0.0671141211962611,0.8330000436680589,0
-0.7630053057540283,0.7715308156211609,0.2894243641925215,0.2079003033971988,-1.219892623534816,-0.24017311933289098,1.368947197874561,0.920307393868181,-0.4108240150088804,1.4319774491629582,0.8637677229720243,-1.0775117223646489,0.15334359133227354,-0.9501804779455227,1
1.7515162175725405,0.7715308156211609,-0.21042033859728654,-1.2740774193934234,1.8851554160613968,0.7837074137549511,-1.1383379332323285,-1.0865934650343947,0.6162360225133209,-1.0042748360031128,-1.8076788429208337,0.1273735901836806,-0.6227216398918384,1.7245903044748498,0
-0.5695805731904461,-1.2961245095504037,0.3394088344715023,0.94888916479251,0.31806738106818633,0.10112039169638974,1.4222936900257714,0.920307393868181,-0.4108240150088804,1.79872510499441,0.8637677229720243,-1.0775117223646489,0.4982614718763233,-0.9501804779455227,1
0.4942554559092562,0.7715308156211609,0.08948648307659827,0.94888916479251,0.8714999584821455,-0.24017311933289098,0.7287892920600361,-1.0865934650343947,1.6432960600355222,-0.08740569642448368,-0.026714465658928405,1.3322589027320104,0.3258025316042984,-0.05859021713873188,1
-1.1498547708811926,0.7715308156211609,1.189144829214176,0.2079003033971988,-1.3509687602907536,-0.5814666303621717,-0.4448335352665931,0.920307393868181,-0.4108240150088804,-0.4410552216905264,0.8637677229720243,1.3322589027320104,-0.3640332294838011,-0.9501804779455227,0
1.2679543861635851,-1.2961245095504037,1.8389429428409263,-0.5330885579981124,0.60934768497027,1.4662944358135126,-0.9249519646274869,-1.0865934650343947,-1.4378840525310816,-0.9256860526106587,-0.9171966542898811,0.1273735901836806,0.9294088225563855,-0.05859021713873188,1
-0.3761558406268638,0.7715308156211609,-0.8102339819450561,-2.0150662807887345,-0.3285748935944396,0.44241390272567044,1.2089077214209298,0.920307393868181,-0.4108240150088804,1.0914260544623249,0.8637677229720243,-1.0775117223646489,2.8264571655486592,-0.05859021713873188,0
1.5580914850089584,0.7715308156211609,1.5890205914460223,-1.2740774193934234,1.6521311729397299,0.7837074137549511,-1.458416886139591,-1.0865934650343947,0.6162360225133209,-1.1483542722226117,-1.8076788429208337,0.1273735901836806,-0.4502626996198135,1.7245903044748498,1
-0.1827311080632816,-1.2961245095504037,1.3890827103300991,0.94888916479251,0.521963593799645,0.10112039169638974,0.462056831303984,0.920307393868181,-0.4108240150088804,0.05667373979501511,0.8637677229720243,1.3322589027320104,0.5844909420123358,-0.9501804779455227,1
0.7843925547546295,0.7715308156211609,1.7389740022829647,0.94888916479251,0.521963593799645,1.4662944358135126,-0.178101074510541,-1.0865934650343947,1.6432960600355222,-0.29697578547102765,-0.026714465658928405,1.3322589027320104,0.0671141211962611,0.8330000436680589,0
-1.0531424045994016,0.7715308156211609,-0.7602495116660754,0.2079003033971988,-1.3393175481346702,-1.6053471634500138,1.4222936900257714,0.920307393868181,-0.4108240150088804,1.79872510499441,0.8637677229720243,-1.0775117223646489,-0.27780375934778867,-0.9501804779455227,1
1.4613791187271672,-1.2961245095504037,1.0891758886562142,-1.2740774193934234,1.506491020988688,-1.6053471634500138,-1.191684425383539,-1.0865934650343947,-1.4378840525310816,-1.0697654888301575,-0.9171966542898811,0.1273735901836806,-0.3640332294838011,1.7245903044748498,0
0.10740599078209173,0.7715308156211609,-0.9102029225030177,0.94888916479251,0.7549878369213119,-1.264053652420733,1.0488682449672986,0.920307393868181,-0.4108240150088804,0.7246783986308734,0.8637677229720243,-1.0775117223646489,0.843179352420373,-0.05859021713873188,1
-0.8597176720358194,-1.2961245095504037,1.5390361211670416,0.2079003033971988,-1.2315438356908992,1.4662944358135126,0.7821357842112465,0.920307393868181,0.6162360225133209,0.9080522265465989,-1.8076788429208337,-1.0775117223646489,0.0671141211962611,-0.9501804779455227,1
0.5909678221910473,0.7715308156211609,0.6393156561453871,0.94888916479251,0.9588840496527705,-0.24017311933289098,-0.5515265195690139,-1.0865934650343947,-0.4108240150088804,-0.6375271801716612,0.8637677229720243,1.3322589027320104,0.41203200174031085,-0.05859021713873188,0
-0.9564300383176104,0.7715308156211609,-0.2604048088762673,0.2079003033971988,-1.307276714705441,-0.5814666303621717,-1.2450309175347494,0.920307393868181,1.6432960600355222,-1.1090598805263847,-0.026714465658928405,0.1273735901836806,-0.19157428921177622,-0.9501804779455227,1
1.3646667524453762,-1.2961245095504037,0.4393777750294639,-0.5330885579981124,0.6967317761408952,0.10112039169638974,1.368947197874561,-1.0865934650343947,-0.4108240150088804,1.4712718408591854,0.8637677229720243,-1.0775117223646489,1.015638292692398,-0.05859021713873188,0
-0.2794434743450727,0.7715308156211609,-1.609985506408749,-2.0150662807887345,-0.29944686320423125,-0.9227601413914523,0.30201735485035275,0.920307393868181,-1.4378840525310816,0.16145878431828686,-0.9171966542898811,1.3322589027320104,2.9126866356846715,-0.05859021713873188,1
0.20411835706388284,-1.2961245095504037,-0.010482457481363327,0.94888916479251,0.6676037457506868,-0.5814666303621717,-0.3914870431153827,0.920307393868181,-0.4108240150088804,-0.40176082999429935,0.8637677229720243,1.3322589027320104,0.4982614718763233,-0.9501804779455227,1
1.6548038512907495,0.7715308156211609,0.4393777750294639,-1.2740774193934234,1.7103872337201467,0.10112039169638974,-1.0316449489299078,-1.0865934650343947,1.6432960600355222,-0.9256860526106587,-0.026714465658928405,0.1273735901836806,-0.536492169755826,1.7245903044748498,0
-0.6662929394722371,0.7715308156211609,0.7892690669823295,0.2079003033971988,-1.2315438356908992,-1.6053471634500138,1.2622542135721402,0.920307393868181,-0.4108240150088804,1.2093092295510057,0.8637677229720243,-1.0775117223646489,0.0671141211962611,-0.9501804779455227,1
0.8811049210364206,-1.2961245095504037,-0.11045139803932492,0.94888916479251,0.5802196545800616,0.10112039169638974,-1.458416886139591,-1.0865934650343947,0.6162360225133209,-1.2007467944842474,-1.8076788429208337,0.1273735901836806,0.15334359133227354,0.8330000436680589,0
-0.47286820690865494,0.7715308156211609,-0.4603426899921905,0.94888916479251,0.25981132028776954,1.4662944358135126,1.4222936900257714,0.920307393868181,-0.4108240150088804,1.7070381910365473,0.8637677229720243,-1.0775117223646489,1.015638292692398,-0.9501804779455227,1
-1.1498547708811926,0.7715308156211609,-0.6102961008291329,0.2079003033971988,-1.3655327754858577,1.1250009247842319,0.5687498156064048,0.920307393868181,1.6432960600355222,0.4234213956264666,-0.026714465658928405,-1.0775117223646489,-0.4502626996198135,-0.9501804779455227,1
1.0745296536000029,-1.2961245095504037,-0.41035821971320974,-0.5330885579981124,0.60934768497027,0.7837074137549511,-0.6048730117202243,-1.0865934650343947,-0.4108240150088804,-0.6899197024332971,0.8637677229720243,1.3322589027320104,0.843179352420373,-0.05859021713873188,0
-0.0860187417814905,0.7715308156211609,0.3394088344715023,0.94888916479251,0.6967317761408952,0.10112039169638974,-0.8716054724762764,0.920307393868181,-1.4378840525310816,-0.8863916609144319,-0.9171966542898811,0.1273735901836806,0.7569498822843607,-0.9501804779455227,1
-0.9564300383176104,-1.2961245095504037,0.9892069480982527,0.2079003033971988,-1.3014511086273994,-0.5814666303621717,1.1022147371185091,0.920307393868181,-0.4108240150088804,0.986641009939053,0.8637677229720243,-1.0775117223646489,-0.19157428921177622,-0.9501804779455227,0
1.5580914850089584,0.7715308156211609,-0.3103892791552481,-1.2740774193934234,1.5647470817691047,0.7837074137549511,-1.2450309175347494,-1.0865934650343947,0.6162360225133209,-1.1221580110917935,-1.8076788429208337,0.1273735901836806,-0.3640332294838011,1.7245903044748498,1
-0.2794434743450727,-1.2961245095504037,0.889238007540291,0.94888916479251,0.45205632086314484,-1.6053471634500138,0.6754427999088257,0.920307393868181,-0.4108240150088804,0.3186363511031946,0.8637677229720243,1.3322589027320104,0.6879663061755507,-0.9501804779455227,1
0.4942554559092562,0.7715308156211609,-1.2600942144558833,0.94888916479251,0.915192004067458,1.1250009247842319,-0.3914870431153827,-1.0865934650343947,1.6432960600355222,-0.5065458745175714,-0.026714465658928405,1.3322589027320104,0.42927789576751335,-0.05859021713873188,0
-1.1498547708811926,0.7715308156211609,-0.16043586831830572,0.2079003033971988,-1.380096790680962,-0.24017311933289098,1.4222936900257714,0.920307393868181,-0.4108240150088804,1.6546456687749114,0.8637677229720243,-1.0775117223646489,-0.5192462757286235,-0.9501804779455227,1
1.2679543861635851,-1.2961245095504037,1.7889584725619454,-1.2740774193934234,1.3171588234523335,1.4662944358135126,-1.0849914410811181,-1.0865934650343947,-1.4378840525310816,-1.0435692276993398,-0.9171966542898811,0.1273735901836806,-0.26055786532058617,1.7245903044748498,0
-0.5695805731904461,0.7715308156211609,-0.9102029225030177,-2.0150662807887345,-0.34896451486758545,-1.264053652420733,0.9421752606648778,0.920307393868181,-0.4108240150088804,0.6591877458038283,0.8637677229720243,-1.0775117223646489,2.7574735894398494,-0.05859021713873188,1
0.7843925547546295,-1.2961245095504037,-1.609985506408749,0.94888916479251,0.7345982156481661,-0.9227601413914523,0.835482276362457,-1.0865934650343947,0.6162360225133209,1.02593540163528,-1.8076788429208337,-1.0775117223646489,0.25681895549548844,0.8330000436680589,1
-0.9564300383176104,0.7715308156211609,-0.8602184522240369,0.2079003033971988,-1.3218407299005452,-0.5814666303621717,-0.5515265195690139,0.920307393868181,-0.4108240150088804,-0.6637234413024791,0.8637677229720243,1.3322589027320104,-0.26055786532058617,-0.9501804779455227,0
1.4613791187271672,0.7715308156211609,-1.0101718630609793,-0.5330885579981124,0.6472141244775409,-1.6053471634500138,-0.9782984567786973,-1.0865934650343947,1.6432960600355222,-0.9780785748722948,-0.026714465658928405,0.1273735901836806,1.0328841867196004,-0.05859021713873188,1
0.010693624500300621,-1.2961245095504037,-1.1101408036189409,0.94888916479251,0.4433179117460823,0.44241390272567044,1.3156007057233507,0.920307393868181,-0.4108240150088804,1.4319774491629582,0.8637677229720243,-1.0775117223646489,0.6879663061755507,-0.9501804779455227,0
-1.2465671371629838,0.7715308156211609,-1.4600320955718065,0.2079003033971988,-1.397573608915087,1.1250009247842319,0.3553638470015632,0.920307393868181,-1.4378840525310816,0.08287000092583299,-0.9171966542898811,1.3322589027320104,-0.6917052160006484,-0.9501804779455227,1
0.39754308962746504,0.7715308156211609,-0.4603426899921905,0.94888916479251,0.8219823068187913,1.4662944358135126,-0.2847940588129618,-1.0865934650343947,-0.4108240150088804,-0.36246643829807257,0.8637677229720243,1.3322589027320104,0.6879663061755507,-0.05859021713873188,1
1.0745296536000029,-1.2961245095504037,-1.2101097441769024,0.94888916479251,0.5598300333069158,0.10112039169638974,-0.8716054724762764,-1.0865934650343947,1.6432960600355222,-0.8994897914798409,-0.026714465658928405,0.1273735901836806,0.08436001522346359,0.8330000436680589,0
-0.6662929394722371,0.7715308156211609,0.2894243641925215,0.2079003033971988,-1.2169798204957951,-0.24017311933289098,1.2622542135721402,0.920307393868181,-0.4108240150088804,1.2355054906818235,0.8637677229720243,-1.0775117223646489,0.17058948535947602,-0.9501804779455227,1
1.8482285838543318,0.7715308156211609,-0.21042033859728654,-1.2740774193934234,1.8997194312565011,0.7837074137549511,-1.4050703939883806,-1.0865934650343947,0.6162360225133209,-1.1352561416572025,-1.8076788429208337,0.1273735901836806,-0.6054757458646359,1.7245903044748498,0
-0.47286820690865494,-1.2961245095504037,0.3394088344715023,0.94888916479251,0.3268057901852488,0.10112039169638974,1.4222936900257714,0.920307393868181,-0.4108240150088804,1.8118232355598192,0.8637677229720243,-1.0775117223646489,0.5155073659035257,-0.9501804779455227,1
0.5909678221910473,0.7715308156211609,0.08948648307659827,0.94888916479251,0.8802383675992079,-0.24017311933289098,0.5154033234551945,-1.0865934650343947,1.6432960600355222,0.22694943714533178,-0.026714465658928405,1.3322589027320104,0.3430484256315009,-0.05859021713873188,1
-1.0531424045994016,0.7715308156211609,1.189144829214176,0.2079003033971988,-1.3480559572517328,-0.5814666303621717,-0.7115659960226451,0.920307393868181,-0.4108240150088804,-0.742312224694933,0.8637677229720243,1.3322589027320104,-0.3467873354565986,-0.9501804779455227,0
1.3646667524453762,-1.2961245095504037,1.8389429428409263,-0.5330885579981124,0.6180860940873326,1.4662944358135126,-0.818258980325066,-1.0865934650343947,-1.4378840525310816,-0.8601953997836138,-0.9171966542898811,0.1273735901836806,0.946654716583588,-0.05859021713873188,1
-0.2794434743450727,0.7715308156211609,-0.8102339819450561,-2.0150662807887345,-0.31401087839933545,0.44241390272567044,1.1555612292697195,0.920307393868181,-0.4108240150088804,1.012837271069871,0.8637677229720243,-1.0775117223646489,2.8437030595758617,-0.05859021713873188,0
1.6548038512907495,0.7715308156211609,1.5890205914460223,-1.2740774193934234,1.666695188134834,0.7837074137549511,-1.2450309175347494,-1.0865934650343947,0.6162360225133209,-1.0959617499609757,-1.8076788429208337,0.1273735901836806,-0.4330168055926111,1.7245903044748498,1
-0.0860187417814905,-1.2961245095504037,1.3890827103300991,0.94888916479251,0.5307020029167074,0.10112039169638974,0.6754427999088257,0.920307393868181,-0.4108240150088804,0.8556597042849632,0.8637677229720243,-1.0775117223646489,0.6017368360395382,-0.9501804779455227,1
0.8811049210364206,0.7715308156211609,1.7389740022829647,0.94888916479251,0.5307020029167074,1.4662944358135126,-0.5515265195690139,-1.0865934650343947,1.6432960600355222,-0.5458402662137981,-0.026714465658928405,1.3322589027320104,0.08436001522346359,0.8330000436680589,0
-0.9564300383176104,0.7715308156211609,-0.7602495116660754,0.2079003033971988,-1.3364047450956493,-1.6053471634500138,1.2622542135721402,0.920307393868181,-0.4108240150088804,1.2617017518126419,0.8637677229720243,-1.0775117223646489,-0.26055786532058617,-0.9501804779455227,1
1.5580914850089584,-1.2961245095504037,1.0891758886562142,-1.2740774193934234,1.5210550361837922,-1.6053471634500138,-1.2450309175347494,-1.0865934650343947,-1.4378840525310816,-1.0697654888301575,-0.9171966542898811,0.1273735901836806,-0.3467873354565986,1.7245903044748498,0
0.20411835706388284,0.7715308156211609,-0.9102029225030177,0.94888916479251,0.7637262460383745,-1.264053652420733,1.4222936900257714,0.920307393868181,-0.4108240150088804,1.6546456687749114,0.8637677229720243,-1.0775117223646489,0.8604252464475756,-0.05859021713873188,1
-0.7630053057540283,-1.2961245095504037,1.5390361211670416,0.2079003033971988,-1.2286310326518783,1.4662944358135126,-0.3381405509641722,0.920307393868181,0.6162360225133209,-0.3231720466018455,-1.8076788429208337,1.3322589027320104,0.08436001522346359,-0.9501804779455227,1
0.6876801884728384,0.7715308156211609,0.6393156561453871,0.94888916479251,0.9676224587698331,-0.24017311933289098,0.835482276362457,-1.0865934650343947,-0.4108240150088804,1.078327923896916,0.8637677229720243,-1.0775117223646489,0.42927789576751335,-0.05859021713873188,0
-0.8597176720358194,0.7715308156211609,-0.2604048088762673,0.2079003033971988,-1.30436391166642,-0.5814666303621717,-0.3914870431153827,0.920307393868181,1.6432960600355222,-0.5589383967792073,-0.026714465658928405,0.1273735901836806,-0.17432839518457374,-0.9501804779455227,1
1.4613791187271672,-1.2961245095504037,0.4393777750294639,-0.5330885579981124,0.7054701852579577,0.10112039169638974,0.9955217528160882,-1.0865934650343947,-0.4108240150088804,0.8556597042849632,0.8637677229720243,-1.0775117223646489,1.0328841867196004,-0.05859021713873188,0
-0.1827311080632816,0.7715308156211609,-1.609985506408749,-2.0150662807887345,-0.28488284800912705,-0.9227601413914523,-1.5117633782908015,0.920307393868181,-1.4378840525310816,-1.2400411861804745,-0.9171966542898811,0.1273735901836806,2.929932529711874,-0.05859021713873188,1
0.30083072334567396,-1.2961245095504037,-0.010482457481363327,0.94888916479251,0.6763421548677493,-0.5814666303621717,0.4087103391527736,0.920307393868181,-0.4108240150088804,0.5805989624113743,0.8637677229720243,-1.0775117223646489,0.5155073659035257,-0.9501804779455227,1
1.7515162175725405,0.7715308156211609,0.4393777750294639,-1.2740774193934234,1.7249512489152508,0.10112039169638974,-0.6048730117202243,-1.0865934650343947,1.6432960600355222,-0.7161159635641151,-0.026714465658928405,1.3322589027320104,-0.5192462757286235,1.7245903044748498,0
-0.5695805731904461,0.7715308156211609,0.7892690669823295,0.2079003033971988,-1.2286310326518783,-1.6053471634500138,1.368947197874561,0.920307393868181,-0.4108240150088804,1.4319774491629582,0.8637677229720243,-1.0775117223646489,0.08436001522346359,-0.9501804779455227,1
0.9778172873182117,-1.2961245095504037,-0.11045139803932492,0.94888916479251,0.5889580636971242,0.10112039169638974,-1.1383379332323285,-1.0865934650343947,0.6162360225133209,-1.0042748360031128,-1.8076788429208337,0.1273735901836806,0.17058948535947602,0.8330000436680589,0
-0.3761558406268638,0.7715308156211609,-0.4603426899921905,0.94888916479251,0.26854972940483207,1.4662944358135126,1.4222936900257714,0.920307393868181,-0.4108240150088804,1.79872510499441,0.8637677229720243,-1.0775117223646489,1.0328841867196004,-0.9501804779455227,1
-1.0531424045994016,0.7715308156211609,-0.6102961008291329,0.2079003033971988,-1.3626199724468369,1.1250009247842319,0.7287892920600361,0.920307393868181,1.6432960600355222,-0.08740569642448368,-0.026714465658928405,1.3322589027320104,-0.4330168055926111,-0.9501804779455227,1
1.1712420198817939,-1.2961245095504037,-0.41035821971320974,-0.5330885579981124,0.6180860940873326,0.7837074137549511,-0.4448335352665931,-1.0865934650343947,-0.4108240150088804,-0.4410552216905264,0.8637677229720243,1.3322589027320104,0.8604252464475756,-0.05859021713873188,0
0.010693624500300621,0.7715308156211609,0.3394088344715023,0.94888916479251,0.7054701852579577,0.10112039169638974,-0.9249519646274869,0.920307393868181,-1.4378840525310816,-0.9256860526106587,-0.9171966542898811,0.1273735901836806,0.7741957763115631,-0.9501804779455227,1
-0.8597176720358194,-1.2961245095504037,0.9892069480982527,0.2079003033971988,-1.2985383055883786,-0.5814666303621717,1.2089077214209298,0.920307393868181,-0.4108240150088804,1.0914260544623249,0.8637677229720243,-1.0775117223646489,-0.17432839518457374,-0.9501804779455227,0
1.6548038512907495,0.7715308156211609,-0.3103892791552481,-1.2740774193934234,1.579311096964209,0.7837074137549511,-1.458416886139591,-1.0865934650343947,0.6162360225133209,-1.1483542722226117,-1.8076788429208337,0.1273735901836806,-0.3467873354565986,1.7245903044748498,1
-0.2794434743450727,-1.2961245095504037,0.889238007540291,0.94888916479251,0.4607947299802074,-1.6053471634500138,0.462056831303984,0.920307393868181,-0.4108240150088804,0.05667373979501511,0.8637677229720243,1.3322589027320104,0.7052122002027531,-0.9501804779455227,1
0.4942554559092562,0.7715308156211609,-1.2600942144558833,0.94888916479251,0.9239304131845205,1.1250009247842319,-0.178101074510541,-1.0865934650343947,1.6432960600355222,-0.29697578547102765,-0.026714465658928405,1.3322589027320104,0.44652378979471585,-0.05859021713873188,0
-1.1498547708811926,0.7715308156211609,-0.16043586831830572,0.2079003033971988,-1.3771839876419412,-0.24017311933289098,1.4222936900257714,0.920307393868181,-0.4108240150088804,1.79872510499441,0.8637677229720243,-1.0775117223646489,-0.502000381701421,-0.9501804779455227,1
1.2679543861635851,-1.2961245095504037,1.7889584725619454,-1.2740774193934234,1.325897232569396,1.4662944358135126,-1.191684425383539,-1.0865934650343947,-1.4378840525310816,-1.0697654888301575,-0.9171966542898811,0.1273735901836806,-0.2433119712933837,1.7245903044748498,0
-0.5695805731904461,0.7715308156211609,-0.9102029225030177,-2.0150662807887345,-0.3431389087895438,-1.264053652420733,1.0488682449672986,0.920307393868181,-0.4108240150088804,0.7246783986308734,0.8637677229720243,-1.0775117223646489,2.774719483467052,-0.05859021713873188,1
0.7843925547546295,-1.2961245095504037,-1.609985506408749,0.94888916479251,0.7433366247652285,-0.9227601413914523,0.7821357842112465,-1.0865934650343947,0.6162360225133209,0.9080522265465989,-1.8076788429208337,-1.0775117223646489,0.27406484952269095,0.8330000436680589,1
-0.9564300383176104,0.7715308156211609,-0.8602184522240369,0.2079003033971988,-1.3189279268615244,-0.5814666303621717,-0.5515265195690139,0.920307393868181,-0.4108240150088804,-0.6375271801716612,0.8637677229720243,1.3322589027320104,-0.2433119712933837,-0.9501804779455227,0
1.4613791187271672,0.7715308156211609,-1.0101718630609793,-0.5330885579981124,0.6559525335946035,-1.6053471634500138,-1.2450309175347494,-1.0865934650343947,1.6432960600355222,-1.1090598805263847,-0.026714465658928405,0.1273735901836806,1.0501300807468028,-0.05859021713873188,1
0.010693624500300621,-1.2961245095504037,-1.1101408036189409,0.94888916479251,0.45205632086314484,0.44241390272567044,1.368947197874561,0.920307393868181,-0.4108240150088804,1.4712718408591854,0.8637677229720243,-1.0775117223646489,0.7052122002027531,-0.9501804779455227,0
-1.2465671371629838,0.7715308156211609,-1.4600320955718065,0.2079003033971988,-1.3946608058760661,1.1250009247842319,0.30201735485035275,0.920307393868181,-1.4378840525310816,0.16145878431828686,-0.9171966542898811,1.3322589027320104,-0.6744593219734459,-0.9501804779455227,1
0.39754308962746504,0.7715308156211609,-0.4603426899921905,0.94888916479251,0.8307207159358537,1.4662944358135126,-0.3914870431153827,-1.0865934650343947,-0.4108240150088804,-0.40176082999429935,0.8637677229720243,1.3322589027320104,0.7052122002027531,-0.05859021713873188,1
1.0745296536000029,-1.2961245095504037,-1.2101097441769024,0.94888916479251,0.5685684424239783,0.10112039169638974,-1.0316449489299078,-1.0865934650343947,1.6432960600355222,-0.9256860526106587,-0.026714465658928405,0.1273735901836806,0.10160590925066608,0.8330000436680589,0
-0.6662929394722371,0.7715308156211609,0.2894243641925215,0.2079003033971988,-1.2140670174567743,-0.24017311933289098,1.2622542135721402,0.920307393868181,-0.4108240150088804,1.2093092295510057,0.8637677229720243,-1.0775117223646489,0.18783537938667852,-0.9501804779455227,1
1.8482285838543318,0.7715308156211609,-0.21042033859728654,-1.2740774193934234,1.9142834464516054,0.7837074137549511,-1.458416886139591,-1.0865934650343947,0.6162360225133209,-1.2007467944842474,-1.8076788429208337,0.1273735901836806,-0.5882298518374335,1.7245903044748498,0
-0.47286820690865494,-1.2961245095504037,0.3394088344715023,0.94888916479251,0.33554419930231133,0.10112039169638974,1.4222936900257714,0.920307393868181,-0.4108240150088804,1.7070381910365473,0.8637677229720243,-1.0775117223646489,0.5327532599307283,-0.9501804779455227,1
0.5909678221910473,0.7715308156211609,0.08948648307659827,0.94888916479251,0.8889767767162705,-0.24017311933289098,0.5687498156064048,-1.0865934650343947,1.6432960600355222,0.4234213956264666,-0.026714465658928405,-1.0775117223646489,0.3602943196587034,-0.05859021713873188,1
-1.0531424045994016,0.7715308156211609,1.189144829214176,0.2079003033971988,-1.345143154212712,-0.5814666303621717,-0.6048730117202243,0.920307393868181,-0.4108240150088804,-0.6899197024332971,0.8637677229720243,1.3322589027320104,-0.3295414414293961,-0.9501804779455227,0
1.3646667524453762,-1.2961245095504037,1.8389429428409263,-0.5330885579981124,0.6268245032043951,1.4662944358135126,-0.8716054724762764,-1.0865934650343947,-1.4378840525310816,-0.8863916609144319,-0.9171966542898811,0.1273735901836806,0.9639006106107905,-0.05859021713873188,1
-0.2794434743450727,0.7715308156211609,-0.8102339819450561,-2.0150662807887345,-0.3081852723212937,0.44241390272567044,1.1022147371185091,0.920307393868181,-0.4108240150088804,0.986641009939053,0.8637677229720243,-1.0775117223646489,2.860948953603064,-0.05859021713873188,0
1.6548038512907495,0.7715308156211609,1.5890205914460223,-1.2740774193934234,1.6812592033299383,0.7837074137549511,-1.2450309175347494,-1.0865934650343947,0.6162360225133209,-1.1221580110917935,-1.8076788429208337,0.1273735901836806,-0.4157709115654086,1.7245903044748498,1
-0.0860187417814905,-1.2961245095504037,1.3890827103300991,0.94888916479251,0.5394404120337699,0.10112039169638974,0.6754427999088257,0.920307393868181,-0.4108240150088804,0.3186363511031946,0.8637677229720243,1.3322589027320104,0.6189827300667408,-0.9501804779455227,1
0.8811049210364206,0.7715308156211609,1.7389740022829647,0.94888916479251,0.5394404120337699,1.4662944358135126,-0.3914870431153827,-1.0865934650343947,1.6432960600355222,-0.5065458745175714,-0.026714465658928405,1.3322589027320104,0.10160590925066608,0.8330000436680589,0
-0.9564300383176104,0.7715308156211609,-0.7602495116660754,0.2079003033971988,-1.3334919420566285,-1.6053471634500138,1.4222936900257714,0.920307393868181,-0.4108240150088804,1.6546456687749114,0.8637677229720243,-1.0775117223646489,-0.2433119712933837,-0.9501804779455227,1
1.5580914850089584,-1.2961245095504037,1.0891758886562142,-1.2740774193934234,1.5356190513788963,-1.6053471634500138,-1.0849914410811181,-1.0865934650343947,-1.4378840525310816,-1.0435692276993398,-0.9171966542898811,0.1273735901836806,-0.3295414414293961,1.7245903044748498,0
0.20411835706388284,0.7715308156211609,-0.9102029225030177,0.94888916479251,0.7724646551554369,-1.264053652420733,0.9421752606648778,0.920307393868181,-0.4108240150088804,0.6591877458038283,0.8637677229720243,-1.0775117223646489,0.877671140474778,-0.05859021713873188,1
-0.7630053057540283,-1.2961245095504037,1.5390361211670416,0.2079003033971988,-1.2257182296128575,1.4662944358135126,0.835482276362457,0.920307393868181,0.6162360225133209,1.02593540163528,-1.8076788429208337,-1.0775117223646489,0.10160590925066608,-0.9501804779455227,1
0.6876801884728384,0.7715308156211609,0.6393156561453871,0.94888916479251,0.9763608678868956,-0.24017311933289098,-0.5515265195690139,-1.0865934650343947,-0.4108240150088804,-0.6637234413024791,0.8637677229720243,1.3322589027320104,0.44652378979471585,-0.05859021713873188,0
-0.8597176720358194,0.7715308156211609,-0.2604048088762673,0.2079003033971988,-1.3014511086273994,-0.5814666303621717,-0.9782984567786973,0.920307393868181,1.6432960600355222,-0.9780785748722948,-0.026714465658928405,0.1273735901836806,-0.15708250115737124,-0.9501804779455227,1
1.4613791187271672,-1.2961245095504037,0.4393777750294639,-0.5330885579981124,0.7142085943750203,0.10112039169638974,1.3156007057233507,-1.0865934650343947,-0.4108240150088804,1.4319774491629582,0.8637677229720243,-1.0775117223646489,1.0501300807468028,-0.05859021713873188,0
-0.1827311080632816,0.7715308156211609,-1.609985506408749,-2.0150662807887345,-0.2790572419310854,-0.9227601413914523,0.3553638470015632,0.920307393868181,-1.4378840525310816,0.08287000092583299,-0.9171966542898811,1.3322589027320104,2.947178423739077,-0.05859021713873188,1
0.30083072334567396,-1.2961245095504037,-0.010482457481363327,0.94888916479251,0.6850805639848119,-0.5814666303621717,-0.2847940588129618,0.920307393868181,-0.4108240150088804,-0.36246643829807257,0.8637677229720243,1.3322589027320104,0.5327532599307283,-0.9501804779455227,1
1.7515162175725405,0.7715308156211609,0.4393777750294639,-1.2740774193934234,1.739515264110355,0.10112039169638974,-0.8716054724762764,-1.0865934650343947,1.6432960600355222,-0.8994897914798409,-0.026714465658928405,0.1273735901836806,-0.502000381701421,1.7245903044748498,0
-0.5695805731904461,0.7715308156211609,0.7892690669823295,0.2079003033971988,-1.2257182296128575,-1.6053471634500138,1.2622542135721402,0.920307393868181,-0.4108240150088804,1.2355054906818235,0.8637677229720243,-1.0775117223646489,0.10160590925066608,-0.9501804779455227,1
0.9778172873182117,-1.2961245095504037,-0.11045139803932492,0.94888916479251,0.5976964728141867,0.10112039169638974,-1.4050703939883806,-1.0865934650343947,0.6162360225133209,-1.1352561416572025,-1.8076788429208337,0.1273735901836806,0.18783537938667852,0.8330000436680589,0
-0.3761558406268638,0.7715308156211609,-0.4603426899921905,0.94888916479251,0.2772881385218946,1.4662944358135126,1.4222936900257714,0.920307393868181,-0.4108240150088804,1.8118232355598192,0.8637677229720243,-1.0775117223646489,1.0501300807468028,-0.9501804779455227,1
-1.0531424045994016,0.7715308156211609,-0.6102961008291329,0.2079003033971988,-1.359707169407816,1.1250009247842319,0.5154033234551945,0.920307393868181,1.6432960600355222,0.22694943714533178,-0.026714465658928405,1.3322589027320104,-0.4157709115654086,-0.9501804779455227,1
1.1712420198817939,-1.2961245095504037,-0.41035821971320974,-0.5330885579981124,0.6268245032043951,0.7837074137549511,-0.7115659960226451,-1.0865934650343947,-0.4108240150088804,-0.742312224694933,0.8637677229720243,1.3322589027320104,0.877671140474778,-0.05859021713873188,0
0.010693624500300621,0.7715308156211609,0.3394088344715023,0.94888916479251,0.7142085943750203,0.10112039169638974,-0.818258980325066,0.920307393868181,-1.4378840525310816,-0.8601953997836138,-0.9171966542898811,0.1273735901836806,0.7914416703387656,-0.9501804779455227,1
-0.8597176720358194,-1.2961245095504037,0.9892069480982527,0.2079003033971988,-1.2956255025493577,-0.5814666303621717,1.1555612292697195,0.920307393868181,-0.4108240150088804,1.012837271069871,0.8637677229720243,-1.0775117223646489,-0.15708250115737124,-0.9501804779455227,0
1.6548038512907495,0.7715308156211609,-0.3103892791552481,-1.2740774193934234,1.593875112159313,0.7837074137549511,-1.2450309175347494,-1.0865934650343947,0.6162360225133209,-1.0959617499609757,-1.8076788429208337,0.1273735901836806,-0.3295414414293961,1.7245903044748498,1
-0.2794434743450727,-1.2961245095504037,0.889238007540291,0.94888916479251,0.46953313909726985,-1.6053471634500138,0.6754427999088257,0.920307393868181,-0.4108240150088804,0.8556597042849632,0.8637677229720243,-1.0775117223646489,0.7224580942299557,-0.9501804779455227,1
0.4942554559092562,0.7715308156211609,-1.2600942144558833,0.94888916479251,0.932668822301583,1.1250009247842319,-0.5515265195690139,-1.0865934650343947,1.6432960600355222,-0.5458402662137981,-0.026714465658928405,1.3322589027320104,0.4637696838219183,-0.05859021713873188,0
-1.1498547708811926,0.7715308156211609,-0.16043586831830572,0.2079003033971988,-1.3742711846029203,-0.24017311933289098,1.2622542135721402,0.920307393868181,-0.4108240150088804,1.2617017518126419,0.8637677229720243,-1.0775117223646489,-0.4847544876742185,-0.9501804779455227,1
1.2679543861635851,-1.2961245095504037,1.7889584725619454,-1.2740774193934234,1.3346356416864587,1.4662944358135126,-1.2450309175347494,-1.0865934650343947,-1.4378840525310816,-1.0697654888301575,-0.9171966542898811,0.1273735901836806,-0.2260660772661812,1.7245903044748498,0
-0.5695805731904461,0.7715308156211609,-0.9102029225030177,-2.0150662807887345,-0.3373133027115021,-1.264053652420733,1.4222936900257714,0.920307393868181,-0.4108240150088804,1.6546456687749114,0.8637677229720243,-1.0775117223646489,2.7919653774942543,-0.05859021713873188,1
0.7843925547546295,-1.2961245095504037,-1.609985506408749,0.94888916479251,0.7520750338822911,-0.9227601413914523,-0.3381405509641722,-1.0865934650343947,0.6162360225133209,-0.3231720466018455,-1.8076788429208337,1.3322589027320104,0.29131074354989345,0.8330000436680589,1
-0.9564300383176104,0.7715308156211609,-0.8602184522240369,0.2079003033971988,-1.3160151238225035,-0.5814666303621717,0.835482276362457,0.920307393868181,-0.4108240150088804,1.078327923896916,0.8637677229720243,-1.0775117223646489,-0.2260660772661812,-0.9501804779455227,0
1.4613791187271672,0.7715308156211609,-1.0101718630609793,-0.5330885579981124,0.664690942711666,-1.6053471634500138,-0.3914870431153827,-1.0865934650343947,1.6432960600355222,-0.5589383967792073,-0.026714465658928405,0.1273735901836806,1.0673759747740055,-0.05859021713873188,1
0.010693624500300621,-1.2961245095504037,-1.1101408036189409,0.94888916479251,0.4607947299802074,0.44241390272567044,0.9955217528160882,0.920307393868181,-0.4108240150088804,0.8556597042849632,0.8637677229720243,-1.0775117223646489,0.7224580942299557,-0.9501804779455227,0
-1.2465671371629838,0.7715308156211609,-1.4600320955718065,0.2079003033971988,-1.3917480028370453,1.1250009247842319,-1.5117633782908015,0.920307393868181,-1.4378840525310816,-1.2400411861804745,-0.9171966542898811,0.1273735901836806,-0.6572134279462434,-0.9501804779455227,1
0.39754308962746504,0.7715308156211609,-0.4603426899921905,0.94888916479251,0.8394591250529162,1.4662944358135126,0.4087103391527736,-1.0865934650343947,-0.4108240150088804,0.5805989624113743,0.8637677229720243,-1.0775117223646489,0.7224580942299557,-0.05859021713873188,1
1.0745296536000029,-1.2961245095504037,-1.2101097441769024,0.94888916479251,0.5773068515410409,0.10112039169638974,-0.6048730117202243,-1.0865934650343947,1.6432960600355222,-0.7161159635641151,-0.026714465658928405,1.3322589027320104,0.11885180327786857,0.8330000436680589,0
-0.6662929394722371,0.7715308156211609,0.2894243641925215,0.2079003033971988,-1.2111542144177534,-0.24017311933289098,1.368947197874561,0.920307393868181,-0.4108240150088804,1.4319774491629582,0.8637677229720243,-1.0775117223646489,0.205081273413881,-0.9501804779455227,1
1.8482285838543318,0.7715308156211609,-0.21042033859728654,-1.2740774193934234,1.9288474616467097,0.7837074137549511,-1.1383379332323285,-1.0865934650343947,0.6162360225133209,-1.0042748360031128,-1.8076788429208337,0.1273735901836806,-0.5709839578102309,1.7245903044748498,0
-0.47286820690865494,-1.2961245095504037,0.3394088344715023,0.94888916479251,0.34428260841937386,0.10112039169638974,1.4222936900257714,0.920307393868181,-0.4108240150088804,1.79872510499441,0.8637677229720243,-1.0775117223646489,0.5499991539579308,-0.9501804779455227,1
0.5909678221910473,0.7715308156211609,0.08948648307659827,0.94888916479251,0.897715185833333,-0.24017311933289098,0.7287892920600361,-1.0865934650343947,1.6432960600355222,-0.08740569642448368,-0.026714465658928405,1.3322589027320104,0.3775402136859059,-0.05859021713873188,1
-1.0531424045994016,0.7715308156211609,1.189144829214176,0.2079003033971988,-1.342230351173691,-0.5814666303621717,-0.4448335352665931,0.920307393868181,-0.4108240150088804,-0.4410552216905264,0.8637677229720243,1.3322589027320104,-0.3122955474021936,-0.9501804779455227,0
1.3646667524453762,-1.2961245095504037,1.8389429428409263,-0.5330885579981124,0.6355629123214576,1.4662944358135126,-0.9249519646274869,-1.0865934650343947,-1.4378840525310816,-0.9256860526106587,-0.9171966542898811,0.1273735901836806,0.9811465046379929,-0.05859021713873188,1
-0.2794434743450727,0.7715308156211609,-0.8102339819450561,-2.0150662807887345,-0.30235966624325206,0.44241390272567044,1.2089077214209298,0.920307393868181,-0.4108240150088804,1.0914260544623249,0.8637677229720243,-1.0775117223646489,2.8781948476302666,-0.05859021713873188,0
1.6548038512907495,0.7715308156211609,1.5890205914460223,-1.2740774193934234,1.6958232185250424,0.7837074137549511,-1.458416886139591,-1.0865934650343947,0.6162360225133209,-1.1483542722226117,-1.8076788429208337,0.1273735901836806,-0.39852501753820607,1.7245903044748498,1
-0.0860187417814905,-1.2961245095504037,1.3890827103300991,0.94888916479251,0.5481788211508325,0.10112039169638974,0.6754427999088257,0.920307393868181,-0.4108240150088804,0.881855965415781,0.8637677229720243,-1.0775117223646489,0.6362286240939432,-0.9501804779455227,1
0.8811049210364206,0.7715308156211609,1.7389740022829647,0.94888916479251,0.5481788211508325,1.4662944358135126,-0.5515265195690139,-1.0865934650343947,1.6432960600355222,-0.5196440050829803,-0.026714465658928405,1.3322589027320104,0.11885180327786857,0.8330000436680589,0
-0.9564300383176104,0.7715308156211609,-0.7602495116660754,0.2079003033971988,-1.3305791390176076,-1.6053471634500138,1.2622542135721402,0.920307393868181,-0.4108240150088804,1.2878980129434598,0.8637677229720243,-1.0775117223646489,-0.2260660772661812,-0.9501804779455227,1
1.5580914850089584,-1.2961245095504037,1.0891758886562142,-1.2740774193934234,1.5501830665740006,-1.6053471634500138,-1.191684425383539,-1.0865934650343947,-1.4378840525310816,-1.0566673582647486,-0.9171966542898811,0.1273735901836806,-0.3122955474021936,1.7245903044748498,0
0.20411835706388284,0.7715308156211609,-0.9102029225030177,0.94888916479251,0.7812030642724995,-1.264053652420733,1.4222936900257714,0.920307393868181,-0.4108240150088804,1.6808419299057293,0.8637677229720243,-1.0775117223646489,0.8949170345019806,-0.05859021713873188,1
-0.7630053057540283,-1.2961245095504037,1.5390361211670416,0.2079003033971988,-1.2228054265738366,1.4662944358135126,-0.3381405509641722,0.920307393868181,0.6162360225133209,-0.29697578547102765,-1.8076788429208337,1.3322589027320104,0.11885180327786857,-0.9501804779455227,1
0.6876801884728384,0.7715308156211609,0.6393156561453871,0.94888916479251,0.985099277003958,-0.24017311933289098,0.835482276362457,-1.0865934650343947,-0.4108240150088804,1.1045241850277336,0.8637677229720243,-1.0775117223646489,0.4637696838219183,-0.05859021713873188,0
-0.8597176720358194,0.7715308156211609,-0.2604048088762673,0.2079003033971988,-1.2985383055883786,-0.5814666303621717,-0.3914870431153827,0.920307393868181,1.6432960600355222,-0.5327421356483892,-0.026714465658928405,0.1273735901836806,-0.13983660713016877,-0.9501804779455227,1
1.4613791187271672,-1.2961245095504037,0.4393777750294639,-0.5330885579981124,0.7229470034920827,0.10112039169638974,0.9955217528160882,-1.0865934650343947,-0.4108240150088804,0.881855965415781,0.8637677229720243,-1.0775117223646489,1.0673759747740055,-0.05859021713873188,0
-0.1827311080632816,0.7715308156211609,-1.609985506408749,-2.0150662807887345,-0.2732316358530437,-0.9227601413914523,-1.458416886139591,0.920307393868181,-1.4378840525310816,-1.2269430556150656,-0.9171966542898811,0.1273735901836806,2.9644243177662792,-0.05859021713873188,1
0.30083072334567396,-1.2961245095504037,-0.010482457481363327,0.94888916479251,0.6938189731018743,-0.5814666303621717,0.4087103391527736,0.920307393868181,-0.4108240150088804,0.6067952235421926,0.8637677229720243,-1.0775117223646489,0.5499991539579308,-0.9501804779455227,1
1.7515162175725405,0.7715308156211609,0.4393777750294639,-1.2740774193934234,1.7540792793054591,0.10112039169638974,-0.6048730117202243,-1.0865934650343947,1.6432960600355222,-0.6899197024332971,-0.026714465658928405,1.3322589027320104,-0.4847544876742185,1.7245903044748498,0
-0.5695805731904461,0.7715308156211609,0.7892690669823295,0.2079003033971988,-1.2228054265738366,-1.6053471634500138,1.368947197874561,0.920307393868181,-0.4108240150088804,1.4581737102937766,0.8637677229720243,-1.0775117223646489,0.11885180327786857,-0.9501804779455227,1
0.9778172873182117,-1.2961245095504037,-0.11045139803932492,0.94888916479251,0.6064348819312492,0.10112039169638974,-1.1383379332323285,-1.0865934650343947,0.6162360225133209,-0.9911767054377038,-1.8076788429208337,0.1273735901836806,0.205081273413881,0.8330000436680589,0
-0.3761558406268638,0.7715308156211609,-0.4603426899921905,0.94888916479251,0.2860265476389571,1.4662944358135126,1.4222936900257714,0.920307393868181,-0.4108240150088804,1.824921366125228,0.8637677229720243,-1.0775117223646489,1.0673759747740055,-0.9501804779455227,1
-1.0531424045994016,0.7715308156211609,-0.6102961008291329,0.2079003033971988,-1.3567943663687954,1.1250009247842319,0.7287892920600361,0.920307393868181,1.6432960600355222,-0.061209435293665806,-0.026714465658928405,1.3322589027320104,-0.39852501753820607,-0.9501804779455227,1
1.1712420198817939,-1.2961245095504037,-0.41035821971320974,-0.5330885579981124,0.6355629123214576,0.7837074137549511,-0.4448335352665931,-1.0865934650343947,-0.4108240150088804,-0.41485896055970833,0.8637677229720243,1.3322589027320104,0.8949170345019806,-0.05859021713873188,0
0.010693624500300621,0.7715308156211609,0.3394088344715023,0.94888916479251,0.7229470034920827,0.10112039169638974,-0.9249519646274869,0.920307393868181,-1.4378840525310816,-0.9125879220452499,-0.9171966542898811,0.1273735901836806,0.8086875643659681,-0.9501804779455227,1
-0.8597176720358194,-1.2961245095504037,0.9892069480982527,0.2079003033971988,-1.2927126995103368,-0.5814666303621717,1.2089077214209298,0.920307393868181,-0.4108240150088804,1.1176223155931428,0.8637677229720243,-1.0775117223646489,-0.13983660713016877,-0.9501804779455227,0
1.6548038512907495,0.7715308156211609,-0.3103892791552481,-1.2740774193934234,1.6084391273544174,0.7837074137549511,-1.4050703939883806,-1.0865934650343947,0.6162360225133209,-1.1352561416572025,-1.8076788429208337,0.1273735901836806,-0.3122955474021936,1.7245903044748498,1
-0.2794434743450727,-1.2961245095504037,0.889238007540291,0.94888916479251,0.4782715482143324,-1.6053471634500138,0.462056831303984,0.920307393868181,-0.4108240150088804,0.08287000092583299,0.8637677229720243,1.3322589027320104,0.7397039882571581,-0.9501804779455227,1
0.4942554559092562,0.7715308156211609,-1.2600942144558833,0.94888916479251,0.9414072314186456,1.1250009247842319,-0.178101074510541,-1.0865934650343947,1.6432960600355222,-0.2707795243402095,-0.026714465658928405,1.3322589027320104,0.4810155778491208,-0.05859021713873188,0
-1.1498547708811926,0.7715308156211609,-0.16043586831830572,0.2079003033971988,-1.3713583815638994,-0.24017311933289098,1.4222936900257714,0.920307393868181,-0.4108240150088804,1.824921366125228,0.8637677229720243,-1.0775117223646489,-0.467508593647016,-0.9501804779455227,1
1.2679543861635851,-1.2961245095504037,1.7889584725619454,-1.2740774193934234,1.343374050803521,1.4662944358135126,-1.191684425383539,-1.0865934650343947,-1.4378840525310816,-1.0566673582647486,-0.9171966542898811,0.1273735901836806,-0.20882018323897872,1.7245903044748498,0
-0.5695805731904461,0.7715308156211609,-0.9102029225030177,-2.0150662807887345,-0.33148769663346045,-1.264053652420733,1.0488682449672986,0.920307393868181,-0.4108240150088804,0.7508746597616912,0.8637677229720243,-1.0775117223646489,2.8092112715214568,-0.05859021713873188,1
0.7843925547546295,-1.2961245095504037,-1.609985506408749,0.94888916479251,0.7608134429993536,-0.9227601413914523,0.7821357842112465,-1.0865934650343947,0.6162360225133209,0.9342484876774173,-1.8076788429208337,-1.0775117223646489,0.30855663757709595,0.8330000436680589,1
-0.9564300383176104,0.7715308156211609,-0.8602184522240369,0.2079003033971988,-1.3131023207834827,-0.5814666303621717,-0.5515265195690139,0.920307393868181,-0.4108240150088804,-0.6113309190408431,0.8637677229720243,1.3322589027320104,-0.20882018323897872,-0.9501804779455227,0
1.4613791187271672,0.7715308156211609,-1.0101718630609793,-0.5330885579981124,0.6734293518287285,-1.6053471634500138,-1.191684425383539,-1.0865934650343947,1.6432960600355222,-1.0959617499609757,-0.026714465658928405,0.1273735901836806,1.084621868801208,-0.05859021713873188,1
0.010693624500300621,-1.2961245095504037,-1.1101408036189409,0.94888916479251,0.46953313909726985,0.44241390272567044,1.368947197874561,0.920307393868181,-0.4108240150088804,1.4974681019900034,0.8637677229720243,-1.0775117223646489,0.7397039882571581,-0.9501804779455227,0
-1.2465671371629838,0.7715308156211609,-1.4600320955718065,0.2079003033971988,-1.3888351997980244,1.1250009247842319,0.3553638470015632,0.920307393868181,-1.4378840525310816,0.18765504544910497,-0.9171966542898811,1.3322589027320104,-0.6399675339190409,-0.9501804779455227,1
0.39754308962746504,0.7715308156211609,-0.4603426899921905,0.94888916479251,0.8481975341699788,1.4662944358135126,-0.3914870431153827,-1.0865934650343947,-0.4108240150088804,-0.3755645688634815,0.8637677229720243,1.3322589027320104,0.7397039882571581,-0.05859021713873188,1
1.0745296536000029,-1.2961245095504037,-1.2101097441769024,0.94888916479251,0.5860452606581034,0.10112039169638974,-1.0316449489299078,-1.0865934650343947,1.6432960600355222,-0.9125879220452499,-0.026714465658928405,0.1273735901836806,0.13609769730507104,0.8330000436680589,0
-0.6662929394722371,0.7715308156211609,0.2894243641925215,0.2079003033971988,-1.2082414113787325,-0.24017311933289098,1.2622542135721402,0.920307393868181,-0.4108240150088804,1.2355054906818235,0.8637677229720243,-1.0775117223646489,0.2223271674410835,-0.9501804779455227,1
1.8482285838543318,0.7715308156211609,-0.21042033859728654,-1.2740774193934234,1.9434114768418138,0.7837074137549511,-1.4050703939883806,-1.0865934650343947,0.6162360225133209,-1.1876486639188384,-1.8076788429208337,0.1273735901836806,-0.5537380637830285,1.7245903044748498,0
-0.47286820690865494,-1.2961245095504037,0.3394088344715023,0.94888916479251,0.3530210175364364,0.10112039169638974,1.4222936900257714,0.920307393868181,-0.4108240150088804,1.733234452167365,0.8637677229720243,-1.0775117223646489,0.5672450479851332,-0.9501804779455227,1
0.5909678221910473,0.7715308156211609,0.08948648307659827,0.94888916479251,0.9064535949503955,-0.24017311933289098,0.5687498156064048,-1.0865934650343947,1.6432960600355222,0.44961765675728443,-0.026714465658928405,-1.0775117223646489,0.39478610771310835,-0.05859021713873188,1
-1.0531424045994016,0.7715308156211609,1.189144829214176,0.2079003033971988,-1.3393175481346702,-0.5814666303621717,-0.6048730117202243,0.920307393868181,-0.4108240150088804,-0.6637234413024791,0.8637677229720243,1.3322589027320104,-0.29504965337499117,-0.9501804779455227,0
1.3646667524453762,-1.2961245095504037,1.8389429428409263,-0.5330885579981124,0.6443013214385201,1.4662944358135126,-0.8716054724762764,-1.0865934650343947,-1.4378840525310816,-0.8732935303490229,-0.9171966542898811,0.1273735901836806,0.9983923986651955,-0.05859021713873188,1
-0.2794434743450727,0.7715308156211609,-0.8102339819450561,-2.0150662807887345,-0.2965340601652104,0.44241390272567044,1.1022147371185091,0.920307393868181,-0.4108240150088804,1.012837271069871,0.8637677229720243,-1.0775117223646489,2.895440741657469,-0.05859021713873188,0
1.6548038512907495,0.7715308156211609,1.5890205914460223,-1.2740774193934234,1.7103872337201467,0.7837074137549511,-1.2450309175347494,-1.0865934650343947,0.6162360225133209,-1.1090598805263847,-1.8076788429208337,0.1273735901836806,-0.38127912351100357,1.7245903044748498,1
-0.0860187417814905,-1.2961245095504037,1.3890827103300991,0.94888916479251,0.556917230267895,0.10112039169638974,0.6754427999088257,0.920307393868181,-0.4108240150088804,0.3448326122340129,0.8637677229720243,1.3322589027320104,0.6534745181211457,-0.9501804779455227,1
0.8811049210364206,0.7715308156211609,1.7389740022829647,0.94888916479251,0.556917230267895,1.4662944358135126,-0.3914870431153827,-1.0865934650343947,1.6432960600355222,-0.48034961338675325,-0.026714465658928405,1.3322589027320104,0.13609769730507104,0.8330000436680589,0
-0.9564300383176104,0.7715308156211609,-0.7602495116660754,0.2079003033971988,-1.327666335978587,-1.6053471634500138,1.4222936900257714,0.920307393868181,-0.4108240150088804,1.6808419299057293,0.8637677229720243,-1.0775117223646489,-0.20882018323897872,-0.9501804779455227,1
1.5580914850089584,-1.2961245095504037,1.0891758886562142,-1.2740774193934234,1.5647470817691047,-1.6053471634500138,-1.0849914410811181,-1.0865934650343947,-1.4378840525310816,-1.0304710971339308,-0.9171966542898811,0.1273735901836806,-0.29504965337499117,1.7245903044748498,0
0.20411835706388284,0.7715308156211609,-0.9102029225030177,0.94888916479251,0.789941473389562,-1.264053652420733,0.9421752606648778,0.920307393868181,-0.4108240150088804,0.6853840069346463,0.8637677229720243,-1.0775117223646489,0.912162928529183,-0.05859021713873188,1
-0.7630053057540283,-1.2961245095504037,1.5390361211670416,0.2079003033971988,-1.219892623534816,1.4662944358135126,0.835482276362457,0.920307393868181,0.6162360225133209,1.052131662766098,-1.8076788429208337,-1.0775117223646489,0.13609769730507104,-0.9501804779455227,1
0.6876801884728384,0.7715308156211609,0.6393156561453871,0.94888916479251,0.9938376861210206,-0.24017311933289098,-0.5515265195690139,-1.0865934650343947,-0.4108240150088804,-0.6375271801716612,0.8637677229720243,1.3322589027320104,0.4810155778491208,-0.05859021713873188,0
-0.8597176720358194,0.7715308156211609,-0.2604048088762673,0.2079003033971988,-1.2956255025493577,-0.5814666303621717,-0.9782984567786973,0.920307393868181,1.6432960600355222,-0.9649804443068858,-0.026714465658928405,0.1273735901836806,-0.12259071310296626,-0.9501804779455227,1
1.4613791187271672,-1.2961245095504037,0.4393777750294639,-0.5330885579981124,0.7316854126091452,0.10112039169638974,1.3156007057233507,-1.0865934650343947,-0.4108240150088804,1.4581737102937766,0.8637677229720243,-1.0775117223646489,1.084621868801208,-0.05859021713873188,0
-0.1827311080632816,0.7715308156211609,-1.609985506408749,-2.0150662807887345,-0.267406029775002,-0.9227601413914523,0.3553638470015632,0.920307393868181,-1.4378840525310816,0.1090662620566511,-0.9171966542898811,1.3322589027320104,2.9816702117934817,-0.05859021713873188,1
0.30083072334567396,-1.2961245095504037,-0.010482457481363327,0.94888916479251,0.7025573822189368,-0.5814666303621717,-0.2847940588129618,0.920307393868181,-0.4108240150088804,-0.33627017716725444,0.8637677229720243,1.3322589027320104,0.5672450479851332,-0.9501804779455227,1
1.7515162175725405,0.7715308156211609,0.4393777750294639,-1.2740774193934234,1.7686432945005635,0.10112039169638974,-0.8716054724762764,-1.0865934650343947,1.6432960600355222,-0.8863916609144319,-0.026714465658928405,0.1273735901836806,-0.467508593647016,1.7245903044748498,0
-0.5695805731904461,0.7715308156211609,0.7892690669823295,0.2079003033971988,-1.219892623534816,-1.6053471634500138,1.2622542135721402,0.920307393868181,-0.4108240150088804,1.2617017518126419,0.8637677229720243,-1.0775117223646489,0.13609769730507104,-0.9501804779455227,1
0.9778172873182117,-1.2961245095504037,-0.11045139803932492,0.94888916479251,0.6151732910483118,0.10112039169638974,-1.3517239018371703,-1.0865934650343947,0.6162360225133209,-1.1221580110917935,-1.8076788429208337,0.1273735901836806,0.2223271674410835,0.8330000436680589,0
-0.3761558406268638,0.7715308156211609,-0.4603426899921905,0.94888916479251,0.2947649567560196,1.4662944358135126,1.4222936900257714,0.920307393868181,-0.4108240150088804,1.8380194966906371,0.8637677229720243,-1.0775117223646489,1.084621868801208,-0.9501804779455227,1
-1.0531424045994016,0.7715308156211609,-0.6102961008291329,0.2079003033971988,-1.3538815633297745,1.1250009247842319,0.5154033234551945,0.920307393868181,1.6432960600355222,0.2531456982761499,-0.026714465658928405,1.3322589027320104,-0.38127912351100357,-0.9501804779455227,1
1.1712420198817939,-1.2961245095504037,-0.41035821971320974,-0.5330885579981124,0.6443013214385201,0.7837074137549511,-0.7115659960226451,-1.0865934650343947,-0.4108240150088804,-0.7161159635641151,0.8637677229720243,1.3322589027320104,0.912162928529183,-0.05859021713873188,0
0.010693624500300621,0.7715308156211609,0.3394088344715023,0.94888916479251,0.7316854126091452,0.10112039169638974,-0.818258980325066,0.920307393868181,-1.4378840525310816,-0.8470972692182049,-0.9171966542898811,0.1273735901836806,0.8259334583931706,-0.9501804779455227,1
-0.8597176720358194,-1.2961245095504037,0.9892069480982527,0.2079003033971988,-1.289799896471316,-0.5814666303621717,1.1555612292697195,0.920307393868181,-0.4108240150088804,1.0390335322006887,0.8637677229720243,-1.0775117223646489,-0.12259071310296626,-0.9501804779455227,0
1.6548038512907495,0.7715308156211609,-0.3103892791552481,-1.2740774193934234,1.6230031425495215,0.7837074137549511,-1.191684425383539,-1.0865934650343947,0.6162360225133209,-1.0828636193955667,-1.8076788429208337,0.1273735901836806,-0.29504965337499117,1.7245903044748498,1
-0.2794434743450727,-1.2961245095504037,0.889238007540291,0.94888916479251,0.4870099573313949,-1.6053471634500138,0.6754427999088257,0.920307393868181,-0.4108240150088804,0.881855965415781,0.8637677229720243,-1.0775117223646489,0.7569498822843607,-0.9501804779455227,1
0.4942554559092562,0.7715308156211609,-1.2600942144558833,0.94888916479251,0.950145640535708,1.1250009247842319,-0.5515265195690139,-1.0865934650343947,1.6432960600355222,-0.5196440050829803,-0.026714465658928405,1.3322589027320104,0.4982614718763233,-0.05859021713873188,0
-1.1498547708811926,0.7715308156211609,-0.16043586831830572,0.2079003033971988,-1.3684455785248786,-0.24017311933289098,1.2622542135721402,0.920307393868181,-0.4108240150088804,1.2878980129434598,0.8637677229720243,-1.0775117223646489,-0.4502626996198135,-0.9501804779455227,1
1.2679543861635851,-1.2961245095504037,1.7889584725619454,-1.2740774193934234,1.3521124599205836,1.4662944358135126,-1.191684425383539,-1.0865934650343947,-1.4378840525310816,-1.0566673582647486,-0.9171966542898811,0.1273735901836806,-0.19157428921177622,1.7245903044748498,0
-0.5695805731904461,0.7715308156211609,-0.9102029225030177,-2.0150662807887345,-0.3256620905554188,-1.264053652420733,1.4222936900257714,0.920307393868181,-0.4108240150088804,1.6808419299057293,0.8637677229720243,-1.0775117223646489,2.8264571655486592,-0.05859021713873188,1
0.7843925547546295,-1.2961245095504037,-1.609985506408749,0.94888916479251,0.7695518521164161,-0.9227601413914523,-0.3381405509641722,-1.0865934650343947,0.6162360225133209,-0.29697578547102765,-1.8076788429208337,1.3322589027320104,0.3258025316042984,0.8330000436680589,1
-0.9564300383176104,0.7715308156211609,-0.8602184522240369,0.2079003033971988,-1.3101895177444618,-0.5814666303621717,0.835482276362457,0.920307393868181,-0.4108240150088804,1.1045241850277336,0.8637677229720243,-1.0775117223646489,-0.19157428921177622,-0.9501804779455227,0
1.4613791187271672,0.7715308156211609,-1.0101718630609793,-0.5330885579981124,0.682167760945791,-1.6053471634500138,-0.3914870431153827,-1.0865934650343947,1.6432960600355222,-0.5327421356483892,-0.026714465658928405,0.1273735901836806,1.1018677628284104,-0.05859021713873188,1
0.010693624500300621,-1.2961245095504037,-1.1101408036189409,0.94888916479251,0.4782715482143324,0.44241390272567044,0.9955217528160882,0.920307393868181,-0.4108240150088804,0.881855965415781,0.8637677229720243,-1.0775117223646489,0.7569498822843607,-0.9501804779455227,0
-1.2465671371629838,0.7715308156211609,-1.4600320955718065,0.2079003033971988,-1.3859223967590035,1.1250009247842319,-1.458416886139591,0.920307393868181,-1.4378840525310816,-1.2269430556150656,-0.9171966542898811,0.1273735901836806,-0.6227216398918384,-0.9501804779455227,1
0.39754308962746504,0.7715308156211609,-0.4603426899921905,0.94888916479251,0.8569359432870413,1.4662944358135126,0.4087103391527736,-1.0865934650343947,-0.4108240150088804,0.6067952235421926,0.8637677229720243,-1.0775117223646489,0.7569498822843607,-0.05859021713873188,1
1.0745296536000029,-1.2961245095504037,-1.2101097441769024,0.94888916479251,0.5947836697751658,0.10112039169638974,-0.6048730117202243,-1.0865934650343947,1.6432960600355222,-0.6899197024332971,-0.026714465658928405,1.3322589027320104,0.15334359133227354,0.8330000436680589,0
-0.6662929394722371,0.7715308156211609,0.2894243641925215,0.2079003033971988,-1.2053286083397117,-0.24017311933289098,1.368947197874561,0.920307393868181,-0.4108240150088804,1.4581737102937766,0.8637677229720243,-1.0775117223646489,0.23957306146828597,-0.9501804779455227,1
1.8482285838543318,0.7715308156211609,-0.21042033859728654,-1.2740774193934234,1.9579754920369181,0.7837074137549511,-1.1383379332323285,-1.0865934650343947,0.6162360225133209,-0.9911767054377038,-1.8076788429208337,0.1273735901836806,-0.536492169755826,1.7245903044748498,0
-0.47286820690865494,-1.2961245095504037,0.3394088344715023,0.94888916479251,0.36175942665349886,0.10112039169638974,1.4222936900257714,0.920307393868181,-0.4108240150088804,1.824921366125228,0.8637677229720243,-1.0775117223646489,0.5844909420123358,-0.9501804779455227,1
0.5909678221910473,0.7715308156211609,0.08948648307659827,0.94888916479251,0.915192004067458,-0.24017311933289098,0.7287892920600361,-1.0865934650343947,1.6432960600355222,-0.061209435293665806,-0.026714465658928405,1.3322589027320104,0.41203200174031085,-0.05859021713873188,1
-1.0531424045994016,0.7715308156211609,1.189144829214176,0.2079003033971988,-1.3364047450956493,-0.5814666303621717,-0.4448335352665931,0.920307393868181,-0.4108240150088804,-0.41485896055970833,0.8637677229720243,1.3322589027320104,-0.27780375934778867,-0.9501804779455227,0
1.3646667524453762,-1.2961245095504037,1.8389429428409263,-0.5330885579981124,0.6530397305555826,1.4662944358135126,-0.9249519646274869,-1.0865934650343947,-1.4378840525310816,-0.9125879220452499,-0.9171966542898811,0.1273735901836806,1.015638292692398,-0.05859021713873188,1
-0.2794434743450727,0.7715308156211609,-0.8102339819450561,-2.0150662807887345,-0.2907084540871687,0.44241390272567044,1.2089077214209298,0.920307393868181,-0.4108240150088804,1.1176223155931428,0.8637677229720243,-1.0775117223646489,2.9126866356846715,-0.05859021713873188,0
1.6548038512907495,0.7715308156211609,1.5890205914460223,-1.2740774193934234,1.7249512489152508,0.7837074137549511,-1.4050703939883806,-1.0865934650343947,0.6162360225133209,-1.1352561416572025,-1.8076788429208337,0.1273735901836806,-0.3640332294838011,1.7245903044748498,1
-0.0860187417814905,-1.2961245095504037,1.3890827103300991,0.94888916479251,0.5656556393849576,0.10112039169638974,0.462056831303984,0.920307393868181,-0.4108240150088804,0.08287000092583299,0.8637677229720243,1.3322589027320104,0.6707204121483482,-0.9501804779455227,1
0.8811049210364206,0.7715308156211609,1.7389740022829647,0.94888916479251,0.5656556393849576,1.4662944358135126,-0.178101074510541,-1.0865934650343947,1.6432960600355222,-0.2707795243402095,-0.026714465658928405,1.3322589027320104,0.15334359133227354,0.8330000436680589,0
-0.9564300383176104,0.7715308156211609,-0.7602495116660754,0.2079003033971988,-1.324753532939566,-1.6053471634500138,1.4222936900257714,0.920307393868181,-0.4108240150088804,1.824921366125228,0.8637677229720243,-1.0775117223646489,-0.19157428921177622,-0.9501804779455227,1
1.5580914850089584,-1.2961245095504037,1.0891758886562142,-1.2740774193934234,1.579311096964209,-1.6053471634500138,-1.191684425383539,-1.0865934650343947,-1.4378840525310816,-1.0566673582647486,-0.9171966542898811,0.1273735901836806,-0.27780375934778867,1.7245903044748498,0
0.20411835706388284,0.7715308156211609,-0.9102029225030177,0.94888916479251,0.7986798825066245,-1.264053652420733,1.0488682449672986,0.920307393868181,-0.4108240150088804,0.7508746597616912,0.8637677229720243,-1.0775117223646489,0.9294088225563855,-0.05859021713873188,1
-0.7630053057540283,-1.2961245095504037,1.5390361211670416,0.2079003033971988,-1.2169798204957951,1.4662944358135126,0.7821357842112465,0.920307393868181,0.6162360225133209,0.9342484876774173,-1.8076788429208337,-1.0775117223646489,0.15334359133227354,-0.9501804779455227,1
0.6876801884728384,0.7715308156211609,0.6393156561453871,0.94888916479251,1.002576095238083,-0.24017311933289098,-0.5515265195690139,-1.0865934650343947,-0.4108240150088804,-0.6113309190408431,0.8637677229720243,1.3322589027320104,0.4982614718763233,-0.05859021713873188,0
-0.8597176720358194,0.7715308156211609,-0.2604048088762673,0.2079003033971988,-1.2927126995103368,-0.5814666303621717,-1.191684425383539,0.920307393868181,1.6432960600355222,-1.0959617499609757,-0.026714465658928405,0.1273735901836806,-0.10534481907576378,-0.9501804779455227,1
1.4613791187271672,-1.2961245095504037,0.4393777750294639,-0.5330885579981124,0.7404238217262078,0.10112039169638974,1.368947197874561,-1.0865934650343947,-0.4108240150088804,1.4974681019900034,0.8637677229720243,-1.0775117223646489,1.1018677628284104,-0.05859021713873188,0
-0.1827311080632816,0.7715308156211609,-1.609985506408749,-2.0150662807887345,-0.26158042369696033,-0.9227601413914523,0.3553638470015632,0.920307393868181,-1.4378840525310816,0.18765504544910497,-0.9171966542898811,1.3322589027320104,2.998916105820684,-0.05859021713873188,1
0.30083072334567396,-1.2961245095504037,-0.010482457481363327,0.94888916479251,0.7112957913359994,-0.5814666303621717,-0.3914870431153827,0.920307393868181,-0.4108240150088804,-0.3755645688634815,0.8637677229720243,1.3322589027320104,0.5844909420123358,-0.9501804779455227,1
1.7515162175725405,0.7715308156211609,0.4393777750294639,-1.2740774193934234,1.7832073096956675,0.10112039169638974,-1.0316449489299078,-1.0865934650343947,1.6432960600355222,-0.9125879220452499,-0.026714465658928405,0.1273735901836806,-0.4502626996198135,1.7245903044748498,0
-0.5695805731904461,0.7715308156211609,0.7892690669823295,0.2079003033971988,-1.2169798204957951,-1.6053471634500138,1.2622542135721402,0.920307393868181,-0.4108240150088804,1.2355054906818235,0.8637677229720243,-1.0775117223646489,0.15334359133227354,-0.9501804779455227,1
0.9778172873182117,-1.2961245095504037,-0.11045139803932492,0.94888916479251,0.6239117001653742,0.10112039169638974,-1.4050703939883806,-1.0865934650343947,0.6162360225133209,-1.1876486639188384,-1.8076788429208337,0.1273735901836806,0.23957306146828597,0.8330000436680589,0
-0.3761558406268638,0.7715308156211609,-0.4603426899921905,0.94888916479251,0.30350336587308213,1.4662944358135126,1.4222936900257714,0.920307393868181,-0.4108240150088804,1.733234452167365,0.8637677229720243,-1.0775117223646489,1.1018677628284104,-0.9501804779455227,1
-1.0531424045994016,0.7715308156211609,-0.6102961008291329,0.2079003033971988,-1.3509687602907536,1.1250009247842319,0.5687498156064048,0.920307393868181,1.6432960600355222,0.44961765675728443,-0.026714465658928405,-1.0775117223646489,-0.3640332294838011,-0.9501804779455227,1
1.1712420198817939,-1.2961245095504037,-0.41035821971320974,-0.5330885579981124,0.6530397305555826,0.7837074137549511,-0.6048730117202243,-1.0865934650343947,-0.4108240150088804,-0.6637234413024791,0.8637677229720243,1.3322589027320104,0.9294088225563855,-0.05859021713873188,0
0.010693624500300621,0.7715308156211609,0.3394088344715023,0.94888916479251,0.7404238217262078,0.10112039169638974,-0.8716054724762764,0.920307393868181,-1.4378840525310816,-0.8732935303490229,-0.9171966542898811,0.1273735901836806,0.843179352420373,-0.9501804779455227,1
-0.8597176720358194,-1.2961245095504037,0.9892069480982527,0.2079003033971988,-1.2868870934322951,-0.5814666303621717,1.1022147371185091,0.920307393868181,-0.4108240150088804,1.012837271069871,0.8637677229720243,-1.0775117223646489,-0.10534481907576378,-0.9501804779455227,0
1.6548038512907495,0.7715308156211609,-0.3103892791552481,-1.2740774193934234,1.6375671577446258,0.7837074137549511,-1.2450309175347494,-1.0865934650343947,0.6162360225133209,-1.1090598805263847,-1.8076788429208337,0.1273735901836806,-0.27780375934778867,1.7245903044748498,1
-0.1827311080632816,-1.2961245095504037,0.889238007540291,0.94888916479251,0.4957483664484574,-1.6053471634500138,0.6754427999088257,0.920307393868181,-0.4108240150088804,0.3448326122340129,0.8637677229720243,1.3322589027320104,0.7741957763115631,-0.9501804779455227,1
0.5909678221910473,0.7715308156211609,-1.2600942144558833,0.94888916479251,0.9588840496527705,1.1250009247842319,-0.3914870431153827,-1.0865934650343947,1.6432960600355222,-0.48034961338675325,-0.026714465658928405,1.3322589027320104,0.5155073659035257,-0.05859021713873188,0
-1.0531424045994016,0.7715308156211609,-0.16043586831830572,0.2079003033971988,-1.3655327754858577,-0.24017311933289098,1.4222936900257714,0.920307393868181,-0.4108240150088804,1.6808419299057293,0.8637677229720243,-1.0775117223646489,-0.4330168055926111,-0.9501804779455227,1
1.3646667524453762,-1.2961245095504037,1.7889584725619454,-1.2740774193934234,1.3608508690376462,1.4662944358135126,-1.0849914410811181,-1.0865934650343947,-1.4378840525310816,-1.0304710971339308,-0.9171966542898811,0.1273735901836806,-0.17432839518457374,1.7245903044748498,0
-0.47286820690865494,0.7715308156211609,-0.9102029225030177,-2.0150662807887345,-0.3198364844773771,-1.264053652420733,0.9421752606648778,0.920307393868181,-0.4108240150088804,0.6853840069346463,0.8637677229720243,-1.0775117223646489,2.8437030595758617,-0.05859021713873188,1
0.8811049210364206,-1.2961245095504037,-1.609985506408749,0.94888916479251,0.7782902612334787,-0.9227601413914523,0.835482276362457,-1.0865934650343947,0.6162360225133209,1.052131662766098,-1.8076788429208337,-1.0775117223646489,0.3430484256315009,0.8330000436680589,1
-0.8597176720358194,0.7715308156211609,-0.8602184522240369,0.2079003033971988,-1.307276714705441,-0.5814666303621717,-0.5515265195690139,0.920307393868181,-0.4108240150088804,-0.6375271801716612,0.8637677229720243,1.3322589027320104,-0.17432839518457374,-0.9501804779455227,0
1.5580914850089584,0.7715308156211609,-1.0101718630609793,-0.5330885579981124,0.6909061700628535,-1.6053471634500138,-0.9782984567786973,-1.0865934650343947,1.6432960600355222,-0.9649804443068858,-0.026714465658928405,0.1273735901836806,1.1191136568556128,-0.05859021713873188,1
0.10740599078209173,-1.2961245095504037,-1.1101408036189409,0.94888916479251,0.4870099573313949,0.44241390272567044,1.3156007057233507,0.920307393868181,-0.4108240150088804,1.4581737102937766,0.8637677229720243,-1.0775117223646489,0.7741957763115631,-0.9501804779455227,0
-1.1498547708811926,0.7715308156211609,-1.4600320955718065,0.2079003033971988,-1.3830095937199829,1.1250009247842319,0.3553638470015632,0.920307393868181,-1.4378840525310816,0.1090662620566511,-0.9171966542898811,1.3322589027320104,-0.6054757458646359,-0.9501804779455227,1
0.4942554559092562,0.7715308156211609,-0.4603426899921905,0.94888916479251,0.8656743524041037,1.4662944358135126,-0.2847940588129618,-1.0865934650343947,-0.4108240150088804,-0.33627017716725444,0.8637677229720243,1.3322589027320104,0.7741957763115631,-0.05859021713873188,1
1.1712420198817939,-1.2961245095504037,-1.2101097441769024,0.94888916479251,0.6035220788922284,0.10112039169638974,-0.8716054724762764,-1.0865934650343947,1.6432960600355222,-0.8863916609144319,-0.026714465658928405,0.1273735901836806,0.17058948535947602,0.8330000436680589,0
-0.5695805731904461,0.7715308156211609,0.2894243641925215,0.2079003033971988,-1.2024158053006908,-0.24017311933289098,1.2622542135721402,0.920307393868181,-0.4108240150088804,1.2617017518126419,0.8637677229720243,-1.0775117223646489,0.25681895549548844,-0.9501804779455227,1
1.9449409501361228,0.7715308156211609,-0.21042033859728654,-1.2740774193934234,1.9725395072320222,0.7837074137549511,-1.3517239018371703,-1.0865934650343947,0.6162360225133209,-1.1221580110917935,-1.8076788429208337,0.1273735901836806,-0.5192462757286235,1.7245903044748498,0
-0.3761558406268638,-1.2961245095504037,0.3394088344715023,0.94888916479251,0.3704978357705614,0.10112039169638974,1.4222936900257714,0.920307393868181,-0.4108240150088804,1.8380194966906371,0.8637677229720243,-1.0775117223646489,0.6017368360395382,-0.9501804779455227,1
0.6876801884728384,0.7715308156211609,0.08948648307659827,0.94888916479251,0.9239304131845205,-0.24017311933289098,0.5154033234551945,-1.0865934650343947,1.6432960600355222,0.2531456982761499,-0.026714465658928405,1.3322589027320104,0.42927789576751335,-0.05859021713873188,1
-0.9564300383176104,0.7715308156211609,1.189144829214176,0.2079003033971988,-1.3334919420566285,-0.5814666303621717,-0.7115659960226451,0.920307393868181,-0.4108240150088804,-0.7161159635641151,0.8637677229720243,1.3322589027320104,-0.26055786532058617,-0.9501804779455227,0
1.4613791187271672,-1.2961245095504037,1.8389429428409263,-0.5330885579981124,0.6617781396726451,1.4662944358135126,-0.818258980325066,-1.0865934650343947,-1.4378840525310816,-0.8470972692182049,-0.9171966542898811,0.1273735901836806,1.0328841867196004,-0.05859021713873188,1
-0.1827311080632816,0.7715308156211609,-0.8102339819450561,-2.0150662807887345,-0.28488284800912705,0.44241390272567044,1.1555612292697195,0.920307393868181,-0.4108240150088804,1.0390335322006887,0.8637677229720243,-1.0775117223646489,2.929932529711874,-0.05859021713873188,0
1.7515162175725405,0.7715308156211609,1.5890205914460223,-1.2740774193934234,1.739515264110355,0.7837074137549511,-1.191684425383539,-1.0865934650343947,0.6162360225133209,-1.0828636193955667,-1.8076788429208337,0.1273735901836806,-0.3467873354565986,1.7245903044748498,1
0.010693624500300621,-1.2961245095504037,1.3890827103300991,0.94888916479251,0.57439404850202,0.10112039169638974,0.6754427999088257,0.920307393868181,-0.4108240150088804,0.881855965415781,0.8637677229720243,-1.0775117223646489,0.6879663061755507,-0.9501804779455227,1
0.9778172873182117,0.7715308156211609,1.7389740022829647,0.94888916479251,0.57439404850202,1.4662944358135126,-0.5515265195690139,-1.0865934650343947,1.6432960600355222,-0.5196440050829803,-0.026714465658928405,1.3322589027320104,0.17058948535947602,0.8330000436680589,0
-0.8597176720358194,0.7715308156211609,-0.7602495116660754,0.2079003033971988,-1.3218407299005452,-1.6053471634500138,1.2622542135721402,0.920307393868181,-0.4108240150088804,1.2878980129434598,0.8637677229720243,-1.0775117223646489,-0.17432839518457374,-0.9501804779455227,1
1.6548038512907495,-1.2961245095504037,1.0891758886562142,-1.2740774193934234,1.593875112159313,-1.6053471634500138,-1.191684425383539,-1.0865934650343947,-1.4378840525310816,-1.0566673582647486,-0.9171966542898811,0.1273735901836806,-0.26055786532058617,1.7245903044748498,0
0.30083072334567396,0.7715308156211609,-0.9102029225030177,0.94888916479251,0.8074182916236871,-1.264053652420733,1.4222936900257714,0.920307393868181,-0.4108240150088804,1.6808419299057293,0.8637677229720243,-1.0775117223646489,0.946654716583588,-0.05859021713873188,1
-0.6662929394722371,-1.2961245095504037,1.5390361211670416,0.2079003033971988,-1.2140670174567743,1.4662944358135126,-0.3381405509641722,0.920307393868181,0.6162360225133209,-0.29697578547102765,-1.8076788429208337,1.3322589027320104,0.17058948535947602,-0.9501804779455227,1
0.7843925547546295,0.7715308156211609,0.6393156561453871,0.94888916479251,1.0113145043551457,-0.24017311933289098,0.835482276362457,-1.0865934650343947,-0.4108240150088804,1.1045241850277336,0.8637677229720243,-1.0775117223646489,0.5155073659035257,-0.05859021713873188,0
-0.7630053057540283,0.7715308156211609,-0.2604048088762673,0.2079003033971988,-1.289799896471316,-0.5814666303621717,-0.3914870431153827,0.920307393868181,1.6432960600355222,-0.5327421356483892,-0.026714465658928405,0.1273735901836806,-0.08809892504856129,-0.9501804779455227,1
1.5580914850089584,-1.2961245095504037,0.4393777750294639,-0.5330885579981124,0.7491622308432703,0.10112039169638974,0.9955217528160882,-1.0865934650343947,-0.4108240150088804,0.881855965415781,0.8637677229720243,-1.0775117223646489,1.1191136568556128,-0.05859021713873188,0
-0.0860187417814905,0.7715308156211609,-1.609985506408749,-2.0150662807887345,-0.25575481761891866,-0.9227601413914523,-1.458416886139591,0.920307393868181,-1.4378840525310816,-1.2269430556150656,-0.9171966542898811,0.1273735901836806,3.0161619998478866,-0.05859021713873188,1
0.39754308962746504,-1.2961245095504037,-0.010482457481363327,0.94888916479251,0.7200342004530619,-0.5814666303621717,0.4087103391527736,0.920307393868181,-0.4108240150088804,0.6067952235421926,0.8637677229720243,-1.0775117223646489,0.6017368360395382,-0.9501804779455227,1
1.8482285838543318,0.7715308156211609,0.4393777750294639,-1.2740774193934234,1.7977713248907718,0.10112039169638974,-0.6048730117202243,-1.0865934650343947,1.6432960600355222,-0.6899197024332971,-0.026714465658928405,1.3322589027320104,-0.4330168055926111,1.7245903044748498,0
-0.47286820690865494,0.7715308156211609,0.7892690669823295,0.2079003033971988,-1.2140670174567743,-1.6053471634500138,1.368947197874561,0.920307393868181,-0.4108240150088804,1.4581737102937766,0.8637677229720243,-1.0775117223646489,0.17058948535947602,-0.9501804779455227,1
1.0745296536000029,-1.2961245095504037,-0.11045139803932492,0.94888916479251,0.6326501092824368,0.10112039169638974,-1.1383379332323285,-1.0865934650343947,0.6162360225133209,-0.9911767054377038,-1.8076788429208337,0.1273735901836806,0.25681895549548844,0.8330000436680589,0
-0.2794434743450727,0.7715308156211609,-0.4603426899921905,0.94888916479251,0.31224177499014466,1.4662944358135126,1.4222936900257714,0.920307393868181,-0.4108240150088804,1.824921366125228,0.8637677229720243,-1.0775117223646489,1.1191136568556128,-0.9501804779455227,1
-0.9564300383176104,0.7715308156211609,-0.6102961008291329,0.2079003033971988,-1.3480559572517328,1.1250009247842319,0.7287892920600361,0.920307393868181,1.6432960600355222,-0.061209435293665806,-0.026714465658928405,1.3322589027320104,-0.3467873354565986,-0.9501804779455227,1
1.2679543861635851,-1.2961245095504037,-0.41035821971320974,-0.5330885579981124,0.6617781396726451,0.7837074137549511,-0.4448335352665931,-1.0865934650343947,-0.4108240150088804,-0.41485896055970833,0.8637677229720243,1.3322589027320104,0.946654716583588,-0.05859021713873188,0
0.10740599078209173,0.7715308156211609,0.3394088344715023,0.94888916479251,0.7491622308432703,0.10112039169638974,-0.9249519646274869,0.920307393868181,-1.4378840525310816,-0.9125879220452499,-0.9171966542898811,0.1273735901836806,0.8604252464475756,-0.9501804779455227,1
-0.7630053057540283,-1.2961245095504037,0.9892069480982527,0.2079003033971988,-1.2839742903932743,-0.5814666303621717,1.2089077214209298,0.920307393868181,-0.4108240150088804,1.1176223155931428,0.8637677229720243,-1.0775117223646489,-0.08809892504856129,-0.9501804779455227,0
1.7515162175725405,0.7715308156211609,-0.3103892791552481,-1.2740774193934234,1.6521311729397299,0.7837074137549511,-1.4050703939883806,-1.0865934650343947,0.6162360225133209,-1.1352561416572025,-1.8076788429208337,0.1273735901836806,-0.26055786532058617,1.7245903044748498,1
-0.1827311080632816,-1.2961245095504037,0.889238007540291,0.94888916479251,0.5044867755655199,-1.6053471634500138,0.462056831303984,0.920307393868181,-0.4108240150088804,0.08287000092583299,0.8637677229720243,1.3322589027320104,0.7914416703387656,-0.9501804779455227,1
0.5909678221910473,0.7715308156211609,-1.2600942144558833,0.94888916479251,0.9676224587698331,1.1250009247842319,-0.178101074510541,-1.0865934650343947,1.6432960600355222,-0.2707795243402095,-0.026714465658928405,1.3322589027320104,0.5327532599307283,-0.05859021713873188,0
-1.0531424045994016,0.7715308156211609,-0.16043586831830572,0.2079003033971988,-1.3626199724468369,-0.24017311933289098,1.4222936900257714,0.920307393868181,-0.4108240150088804,1.824921366125228,0.8637677229720243,-1.0775117223646489,-0.4157709115654086,-0.9501804779455227,1
1.3646667524453762,-1.2961245095504037,1.7889584725619454,-1.2740774193934234,1.3695892781547085,1.4662944358135126,-1.191684425383539,-1.0865934650343947,-1.4378840525310816,-1.0566673582647486,-0.9171966542898811,0.1273735901836806,-0.15708250115737124,1.7245903044748498,0
-0.47286820690865494,0.7715308156211609,-0.9102029225030177,-2.0150662807887345,-0.31401087839933545,-1.264053652420733,1.0488682449672986,0.920307393868181,-0.4108240150088804,0.7508746597616912,0.8637677229720243,-1.0775117223646489,2.860948953603064,-0.05859021713873188,1
0.8811049210364206,-1.2961245095504037,-1.609985506408749,0.94888916479251,0.7870286703505411,-0.9227601413914523,0.7821357842112465,-1.0865934650343947,0.6162360225133209,0.9342484876774173,-1.8076788429208337,-1.0775117223646489,0.3602943196587034,0.8330000436680589,1
-0.8597176720358194,0.7715308156211609,-0.8602184522240369,0.2079003033971988,-1.30436391166642,-0.5814666303621717,-0.5515265195690139,0.920307393868181,-0.4108240150088804,-0.6113309190408431,0.8637677229720243,1.3322589027320104,-0.15708250115737124,-0.9501804779455227,0
1.5580914850089584,0.7715308156211609,-1.0101718630609793,-0.5330885579981124,0.6996445791799161,-1.6053471634500138,-1.191684425383539,-1.0865934650343947,1.6432960600355222,-1.0959617499609757,-0.026714465658928405,0.1273735901836806,1.1363595508828153,-0.05859021713873188,1
0.10740599078209173,-1.2961245095504037,-1.1101408036189409,0.94888916479251,0.4957483664484574,0.44241390272567044,1.368947197874561,0.920307393868181,-0.4108240150088804,1.4974681019900034,0.8637677229720243,-1.0775117223646489,0.7914416703387656,-0.9501804779455227,0
-1.1498547708811926,0.7715308156211609,-1.4600320955718065,0.2079003033971988,-1.380096790680962,1.1250009247842319,0.3553638470015632,0.920307393868181,-1.4378840525310816,0.18765504544910497,-0.9171966542898811,1.3322589027320104,-0.5882298518374335,-0.9501804779455227,1
0.4942554559092562,0.7715308156211609,-0.4603426899921905,0.94888916479251,0.8744127615211663,1.4662944358135126,-0.3914870431153827,-1.0865934650343947,-0.4108240150088804,-0.3755645688634815,0.8637677229720243,1.3322589027320104,0.7914416703387656,-0.05859021713873188,1
1.1712420198817939,-1.2961245095504037,-1.2101097441769024,0.94888916479251,0.6122604880092909,0.10112039169638974,-1.0316449489299078,-1.0865934650343947,1.6432960600355222,-0.9125879220452499,-0.026714465658928405,0.1273735901836806,0.18783537938667852,0.8330000436680589,0
-0.5695805731904461,0.7715308156211609,0.2894243641925215,0.2079003033971988,-1.19950300226167,-0.24017311933289098,1.2622542135721402,0.920307393868181,-0.4108240150088804,1.2355054906818235,0.8637677229720243,-1.0775117223646489,0.27406484952269095,-0.9501804779455227,1
1.9449409501361228,0.7715308156211609,-0.21042033859728654,-1.2740774193934234,1.9871035224271265,0.7837074137549511,-1.4050703939883806,-1.0865934650343947,0.6162360225133209,-1.1876486639188384,-1.8076788429208337,0.1273735901836806,-0.502000381701421,1.7245903044748498,0
-0.3761558406268638,-1.2961245095504037,0.3394088344715023,0.94888916479251,0.3792362448876239,0.10112039169638974,1.4222936900257714,0.920307393868181,-0.4108240150088804,1.733234452167365,0.8637677229720243,-1.0775117223646489,0.6189827300667408,-0.9501804779455227,1
0.6876801884728384,0.7715308156211609,0.08948648307659827,0.94888916479251,0.932668822301583,-0.24017311933289098,0.5687498156064048,-1.0865934650343947,1.6432960600355222,0.44961765675728443,-0.026714465658928405,-1.0775117223646489,0.44652378979471585,-0.05859021713873188,1
-0.9564300383176104,0.7715308156211609,1.189144829214176,0.2079003033971988,-1.3305791390176076,-0.5814666303621717,-0.6048730117202243,0.920307393868181,-0.4108240150088804,-0.6637234413024791,0.8637677229720243,1.3322589027320104,-0.2433119712933837,-0.9501804779455227,0
1.4613791187271672,-1.2961245095504037,1.8389429428409263,-0.5330885579981124,0.6705165487897077,1.4662944358135126,-0.8716054724762764,-1.0865934650343947,-1.4378840525310816,-0.8732935303490229,-0.9171966542898811,0.1273735901836806,1.0501300807468028,-0.05859021713873188,1
-0.1827311080632816,0.7715308156211609,-0.8102339819450561,-2.0150662807887345,-0.2790572419310854,0.44241390272567044,1.1022147371185091,0.920307393868181,-0.4108240150088804,1.012837271069871,0.8637677229720243,-1.0775117223646489,2.947178423739077,-0.05859021713873188,0
1.7515162175725405,0.7715308156211609,1.5890205914460223,-1.2740774193934234,1.7540792793054591,0.7837074137549511,-1.2450309175347494,-1.0865934650343947,0.6162360225133209,-1.1090598805263847,-1.8076788429208337,0.1273735901836806,-0.3295414414293961,1.7245903044748498,1
0.010693624500300621,-1.2961245095504037,1.3890827103300991,0.94888916479251,0.5831324576190825,0.10112039169638974,0.6754427999088257,0.920307393868181,-0.4108240150088804,0.3448326122340129,0.8637677229720243,1.3322589027320104,0.7052122002027531,-0.9501804779455227,1
0.9778172873182117,0.7715308156211609,1.7389740022829647,0.94888916479251,0.5831324576190825,1.4662944358135126,-0.3914870431153827,-1.0865934650343947,1.6432960600355222,-0.48034961338675325,-0.026714465658928405,1.3322589027320104,0.18783537938667852,0.8330000436680589,0
-0.8597176720358194,0.7715308156211609,-0.7602495116660754,0.2079003033971988,-1.3189279268615244,-1.6053471634500138,1.4222936900257714,0.920307393868181,-0.4108240150088804,1.6808419299057293,0.8637677229720243,-1.0775117223646489,-0.15708250115737124,-0.9501804779455227,1
1.6548038512907495,-1.2961245095504037,1.0891758886562142,-1.2740774193934234,1.6084391273544174,-1.6053471634500138,-1.0849914410811181,-1.0865934650343947,-1.4378840525310816,-1.0304710971339308,-0.9171966542898811,0.1273735901836806,-0.2433119712933837,1.7245903044748498,0
0.30083072334567396,0.7715308156211609,-0.9102029225030177,0.94888916479251,0.8161567007407495,-1.264053652420733,0.9421752606648778,0.920307393868181,-0.4108240150088804,0.6853840069346463,0.8637677229720243,-1.0775117223646489,0.9639006106107905,-0.05859021713873188,1
-0.6662929394722371,-1.2961245095504037,1.5390361211670416,0.2079003033971988,-1.2111542144177534,1.4662944358135126,0.835482276362457,0.920307393868181,0.6162360225133209,1.052131662766098,-1.8076788429208337,-1.0775117223646489,0.18783537938667852,-0.9501804779455227,1
0.7843925547546295,0.7715308156211609,0.6393156561453871,0.94888916479251,1.020052913472208,-0.24017311933289098,-0.5515265195690139,-1.0865934650343947,-0.4108240150088804,-0.6375271801716612,0.8637677229720243,1.3322589027320104,0.5327532599307283,-0.05859021713873188,0
-0.7630053057540283,0.7715308156211609,-0.2604048088762673,0.2079003033971988,-1.2868870934322951,-0.5814666303621717,-0.9782984567786973,0.920307393868181,1.6432960600355222,-0.9649804443068858,-0.026714465658928405,0.1273735901836806,-0.0708530310213588,-0.9501804779455227,1
1.5580914850089584,-1.2961245095504037,0.4393777750294639,-0.5330885579981124,0.7579006399603327,0.10112039169638974,1.3156007057233507,-1.0865934650343947,-0.4108240150088804,1.4581737102937766,0.8637677229720243,-1.0775117223646489,1.1363595508828153,-0.05859021713873188,0
-0.0860187417814905,0.7715308156211609,-1.609985506408749,-2.0150662807887345,-0.249929211540877,-0.9227601413914523,0.3553638470015632,0.920307393868181,-1.4378840525310816,0.1090662620566511,-0.9171966542898811,1.3322589027320104,3.033407893875089,-0.05859021713873188,1
0.39754308962746504,-1.2961245095504037,-0.010482457481363327,0.94888916479251,0.7287726095701244,-0.5814666303621717,-0.2847940588129618,0.920307393868181,-0.4108240150088804,-0.33627017716725444,0.8637677229720243,1.3322589027320104,0.6189827300667408,-0.9501804779455227,1
1.8482285838543318,0.7715308156211609,0.4393777750294639,-1.2740774193934234,1.812335340085876,0.10112039169638974,-0.8716054724762764,-1.0865934650343947,1.6432960600355222,-0.8863916609144319,-0.026714465658928405,0.1273735901836806,-0.4157709115654086,1.7245903044748498,0
-0.47286820690865494,0.7715308156211609,0.7892690669823295,0.2079003033971988,-1.2111542144177534,-1.6053471634500138,1.2622542135721402,0.920307393868181,-0.4108240150088804,1.2617017518126419,0.8637677229720243,-1.0775117223646489,0.18783537938667852,-0.9501804779455227,1
1.0745296536000029,-1.2961245095504037,-0.11045139803932492,0.94888916479251,0.6413885183994993,0.10112039169638974,-1.3517239018371703,-1.0865934650343947,0.6162360225133209,-1.1221580110917935,-1.8076788429208337,0.1273735901836806,0.27406484952269095,0.8330000436680589,0
-0.2794434743450727,0.7715308156211609,-0.4603426899921905,0.94888916479251,0.32098018410720713,1.4662944358135126,1.4222936900257714,0.920307393868181,-0.4108240150088804,1.8380194966906371,0.8637677229720243,-1.0775117223646489,1.1363595508828153,-0.9501804779455227,1
-0.9564300383176104,0.7715308156211609,-0.6102961008291329,0.2079003033971988,-1.345143154212712,1.1250009247842319,0.5154033234551945,0.920307393868181,1.6432960600355222,0.2531456982761499,-0.026714465658928405,1.3322589027320104,-0.3295414414293961,-0.9501804779455227,1
1.2679543861635851,-1.2961245095504037,-0.41035821971320974,-0.5330885579981124,0.6705165487897077,0.7837074137549511,-0.7115659960226451,-1.0865934650343947,-0.4108240150088804,-0.7161159635641151,0.8637677229720243,1.3322589027320104,0.9639006106107905,-0.05859021713873188,0
0.10740599078209173,0.7715308156211609,0.3394088344715023,0.94888916479251,0.7579006399603327,0.10112039169638974,-0.818258980325066,0.920307393868181,-1.4378840525310816,-0.8470972692182049,-0.9171966542898811,0.1273735901836806,0.877671140474778,-0.9501804779455227,1
-0.7630053057540283,-1.2961245095504037,0.9892069480982527,0.2079003033971988,-1.2810614873542534,-0.5814666303621717,1.1555612292697195,0.920307393868181,-0.4108240150088804,1.0390335322006887,0.8637677229720243,-1.0775117223646489,-0.0708530310213588,-0.9501804779455227,0
1.7515162175725405,0.7715308156211609,-0.3103892791552481,-1.2740774193934234,1.666695188134834,0.7837074137549511,-1.191684425383539,-1.0865934650343947,0.6162360225133209,-1.0828636193955667,-1.8076788429208337,0.1273735901836806,-0.2433119712933837,1.7245903044748498,1
-0.1827311080632816,-1.2961245095504037,0.889238007540291,0.94888916479251,0.5132251846825824,-1.6053471634500138,0.6754427999088257,0.920307393868181,-0.4108240150088804,0.881855965415781,0.8637677229720243,-1.0775117223646489,0.8086875643659681,-0.9501804779455227,1
0.5909678221910473,0.7715308156211609,-1.2600942144558833,0.94888916479251,0.9763608678868956,1.1250009247842319,-0.5515265195690139,-1.0865934650343947,1.6432960600355222,-0.5196440050829803,-0.026714465658928405,1.3322589027320104,0.5499991539579308,-0.05859021713873188,0
-1.0531424045994016,0.7715308156211609,-0.16043586831830572,0.2079003033971988,-1.359707169407816,-0.24017311933289098,1.2622542135721402,0.920307393868181,-0.4108240150088804,1.2878980129434598,0.8637677229720243,-1.0775117223646489,-0.39852501753820607,-0.9501804779455227,1
1.3646667524453762,-1.2961245095504037,1.7889584725619454,-1.2740774193934234,1.3783276872717711,1.4662944358135126,-1.191684425383539,-1.0865934650343947,-1.4378840525310816,-1.0566673582647486,-0.9171966542898811,0.1273735901836806,-0.13983660713016877,1.7245903044748498,0
-0.47286820690865494,0.7715308156211609,-0.9102029225030177,-2.0150662807887345,-0.3081852723212937,-1.264053652420733,1.4222936900257714,0.920307393868181,-0.4108240150088804,1.6808419299057293,0.8637677229720243,-1.0775117223646489,2.8781948476302666,-0.05859021713873188,1
0.8811049210364206,-1.2961245095504037,-1.609985506408749,0.94888916479251,0.7957670794676036,-0.9227601413914523,-0.3381405509641722,-1.0865934650343947,0.6162360225133209,-0.29697578547102765,-1.8076788429208337,1.3322589027320104,0.3775402136859059,0.8330000436680589,1
-0.8597176720358194,0.7715308156211609,-0.8602184522240369,0.2079003033971988,-1.3014511086273994,-0.5814666303621717,0.835482276362457,0.920307393868181,-0.4108240150088804,1.1045241850277336,0.8637677229720243,-1.0775117223646489,-0.13983660713016877,-0.9501804779455227,0
1.5580914850089584,0.7715308156211609,-1.0101718630609793,-0.5330885579981124,0.7083829882969785,-1.6053471634500138,-0.3914870431153827,-1.0865934650343947,1.6432960600355222,-0.5327421356483892,-0.026714465658928405,0.1273735901836806,1.153605444910018,-0.05859021713873188,1
0.10740599078209173,-1.2961245095504037,-1.1101408036189409,0.94888916479251,0.5044867755655199,0.44241390272567044,0.9955217528160882,0.920307393868181,-0.4108240150088804,0.881855965415781,0.8637677229720243,-1.0775117223646489,0.8086875643659681,-0.9501804779455227,0
-1.1498547708811926,0.7715308156211609,-1.4600320955718065,0.2079003033971988,-1.3771839876419412,1.1250009247842319,-1.458416886139591,0.920307393868181,-1.4378840525310816,-1.2269430556150656,-0.9171966542898811,0.1273735901836806,-0.5709839578102309,-0.9501804779455227,1
0.4942554559092562,0.7715308156211609,-0.4603426899921905,0.94888916479251,0.8831511706382288,1.4662944358135126,0.4087103391527736,-1.0865934650343947,-0.4108240150088804,0.6067952235421926,0.8637677229720243,-1.0775117223646489,0.8086875643659681,-0.05859021713873188,1
1.1712420198817939,-1.2961245095504037,-1.2101097441769024,0.94888916479251,0.6209988971263534,0.10112039169638974,-0.6048730117202243,-1.0865934650343947,1.6432960600355222,-0.6899197024332971,-0.026714465658928405,1.3322589027320104,0.205081273413881,0.8330000436680589,0
-0.5695805731904461,0.7715308156211609,0.2894243641925215,0.2079003033971988,-1.196590199222649,-0.24017311933289098,1.368947197874561,0.920307393868181,-0.4108240150088804,1.4581737102937766,0.8637677229720243,-1.0775117223646489,0.29131074354989345,-0.9501804779455227,1
1.9449409501361228,0.7715308156211609,-0.21042033859728654,-1.2740774193934234,2.0016675376222306,0.7837074137549511,-1.1383379332323285,-1.0865934650343947,0.6162360225133209,-0.9911767054377038,-1.8076788429208337,0.1273735901836806,-0.4847544876742185,1.7245903044748498,0
-0.3761558406268638,-1.2961245095504037,0.3394088344715023,0.94888916479251,0.3879746540046864,0.10112039169638974,1.4222936900257714,0.920307393868181,-0.4108240150088804,1.824921366125228,0.8637677229720243,-1.0775117223646489,0.6362286240939432,-0.9501804779455227,1
0.6876801884728384,0.7715308156211609,0.08948648307659827,0.94888916479251,0.9414072314186456,-0.24017311933289098,0.7287892920600361,-1.0865934650343947,1.6432960600355222,-0.061209435293665806,-0.026714465658928405,1.3322589027320104,0.4637696838219183,-0.05859021713873188,1
-0.9564300383176104,0.7715308156211609,1.189144829214176,0.2079003033971988,-1.327666335978587,-0.5814666303621717,-0.4448335352665931,0.920307393868181,-0.4108240150088804,-0.41485896055970833,0.8637677229720243,1.3322589027320104,-0.2260660772661812,-0.9501804779455227,0
1.4613791187271672,-1.2961245095504037,1.8389429428409263,-0.5330885579981124,0.6792549579067702,1.4662944358135126,-0.9249519646274869,-1.0865934650343947,-1.4378840525310816,-0.9125879220452499,-0.9171966542898811,0.1273735901836806,1.0673759747740055,-0.05859021713873188,1
-0.1827311080632816,0.7715308156211609,-0.8102339819450561,-2.0150662807887345,-0.2732316358530437,0.44241390272567044,1.2089077214209298,0.920307393868181,-0.4108240150088804,1.1176223155931428,0.8637677229720243,-1.0775117223646489,2.9644243177662792,-0.05859021713873188,0
1.7515162175725405,0.7715308156211609,1.5890205914460223,-1.2740774193934234,1.7686432945005635,0.7837074137549511,-1.4050703939883806,-1.0865934650343947,0.6162360225133209,-1.1352561416572025,-1.8076788429208337,0.1273735901836806,-0.3122955474021936,1.7245903044748498,1
0.010693624500300621,-1.2961245095504037,1.3890827103300991,0.94888916479251,0.5918708667361451,0.10112039169638974,0.7287892920600361,0.920307393868181,-0.4108240150088804,0.9080522265465989,0.8637677229720243,-1.0775117223646489,0.7224580942299557,-0.9501804779455227,1
0.9778172873182117,0.7715308156211609,1.7389740022829647,0.94888916479251,0.5918708667361451,1.4662944358135126,-0.4981800274178035,-1.0865934650343947,1.6432960600355222,-0.4934477439521624,-0.026714465658928405,1.3322589027320104,0.205081273413881,0.8330000436680589,0
-0.8597176720358194,0.7715308156211609,-0.7602495116660754,0.2079003033971988,-1.3160151238225035,-1.6053471634500138,1.3156007057233507,0.920307393868181,-0.4108240150088804,1.3140942740742776,0.8637677229720243,-1.0775117223646489,-0.13983660713016877,-0.9501804779455227,1
1.6548038512907495,-1.2961245095504037,1.0891758886562142,-1.2740774193934234,1.6230031425495215,-1.6053471634500138,-1.191684425383539,-1.0865934650343947,-1.4378840525310816,-1.0435692276993398,-0.9171966542898811,0.1273735901836806,-0.2260660772661812,1.7245903044748498,0
0.30083072334567396,0.7715308156211609,-0.9102029225030177,0.94888916479251,0.824895109857812,-1.264053652420733,1.4222936900257714,0.920307393868181,-0.4108240150088804,1.7070381910365473,0.8637677229720243,-1.0775117223646489,0.9811465046379929,-0.05859021713873188,1
-0.6662929394722371,-1.2961245095504037,1.5390361211670416,0.2079003033971988,-1.2082414113787325,1.4662944358135126,-0.2847940588129618,0.920307393868181,0.6162360225133209,-0.2707795243402095,-1.8076788429208337,1.3322589027320104,0.205081273413881,-0.9501804779455227,1
0.7843925547546295,0.7715308156211609,0.6393156561453871,0.94888916479251,1.0287913225892706,-0.24017311933289098,0.8888287685136673,-1.0865934650343947,-0.4108240150088804,1.130720446158552,0.8637677229720243,-1.0775117223646489,0.5499991539579308,-0.05859021713873188,0
-0.7630053057540283,0.7715308156211609,-0.2604048088762673,0.2079003033971988,-1.2839742903932743,-0.5814666303621717,-0.3381405509641722,0.920307393868181,1.6432960600355222,-0.5065458745175714,-0.026714465658928405,0.1273735901836806,-0.05360713699415632,-0.9501804779455227,1
1.5580914850089584,-1.2961245095504037,0.4393777750294639,-0.5330885579981124,0.7666390490773953,0.10112039169638974,1.0488682449672986,-1.0865934650343947,-0.4108240150088804,0.9080522265465989,0.8637677229720243,-1.0775117223646489,1.153605444910018,-0.05859021713873188,0
-0.0860187417814905,0.7715308156211609,-1.609985506408749,-2.0150662807887345,-0.24410360546283533,-0.9227601413914523,-1.458416886139591,0.920307393868181,-1.4378840525310816,-1.2138449250496566,-0.9171966542898811,0.1273735901836806,3.0506537879022915,-0.05859021713873188,1
0.39754308962746504,-1.2961245095504037,-0.010482457481363327,0.94888916479251,0.7375110186871869,-0.5814666303621717,0.462056831303984,0.920307393868181,-0.4108240150088804,0.6329914846730105,0.8637677229720243,-1.0775117223646489,0.6362286240939432,-0.9501804779455227,1
1.8482285838543318,0.7715308156211609,0.4393777750294639,-1.2740774193934234,1.8268993552809802,0.10112039169638974,-0.5515265195690139,-1.0865934650343947,1.6432960600355222,-0.6637234413024791,-0.026714465658928405,1.3322589027320104,-0.39852501753820607,1.7245903044748498,0
-0.47286820690865494,0.7715308156211609,0.7892690669823295,0.2079003033971988,-1.2082414113787325,-1.6053471634500138,1.368947197874561,0.920307393868181,-0.4108240150088804,1.4843699714245946,0.8637677229720243,-1.0775117223646489,0.205081273413881,-0.9501804779455227,1
1.0745296536000029,-1.2961245095504037,-0.11045139803932492,0.94888916479251,0.6501269275165618,0.10112039169638974,-1.0849914410811181,-1.0865934650343947,0.6162360225133209,-0.9780785748722948,-1.8076788429208337,0.1273735901836806,0.29131074354989345,0.8330000436680589,0
-0.2794434743450727,0.7715308156211609,-0.4603426899921905,0.94888916479251,0.32971859322426966,1.4662944358135126,1.4222936900257714,0.920307393868181,-0.4108240150088804,1.8511176272560461,0.8637677229720243,-1.0775117223646489,1.153605444910018,-0.9501804779455227,1
-0.9564300383176104,0.7715308156211609,-0.6102961008291329,0.2079003033971988,-1.342230351173691,1.1250009247842319,0.7821357842112465,0.920307393868181,1.6432960600355222,-0.035013174162847924,-0.026714465658928405,1.3322589027320104,-0.3122955474021936,-0.9501804779455227,1
1.2679543861635851,-1.2961245095504037,-0.41035821971320974,-0.5330885579981124,0.6792549579067702,0.7837074137549511,-0.3914870431153827,-1.0865934650343947,-0.4108240150088804,-0.3886626994288904,0.8637677229720243,1.3322589027320104,0.9811465046379929,-0.05859021713873188,0
0.10740599078209173,0.7715308156211609,0.3394088344715023,0.94888916479251,0.7666390490773953,0.10112039169638974,-0.8716054724762764,0.920307393868181,-1.4378840525310816,-0.8994897914798409,-0.9171966542898811,0.1273735901836806,0.8949170345019806,-0.9501804779455227,1
-0.7630053057540283,-1.2961245095504037,0.9892069480982527,0.2079003033971988,-1.2781486843152325,-0.5814666303621717,1.2622542135721402,0.920307393868181,-0.4108240150088804,1.1438185767239608,0.8637677229720243,-1.0775117223646489,-0.05360713699415632,-0.9501804779455227,0
1.7515162175725405,0.7715308156211609,-0.3103892791552481,-1.2740774193934234,1.6812592033299383,0.7837074137549511,-1.3517239018371703,-1.0865934650343947,0.6162360225133209,-1.1221580110917935,-1.8076788429208337,0.1273735901836806,-0.2260660772661812,1.7245903044748498,1
-0.1827311080632816,-1.2961245095504037,0.889238007540291,0.94888916479251,0.521963593799645,-1.6053471634500138,0.5154033234551945,0.920307393868181,-0.4108240150088804,0.1090662620566511,0.8637677229720243,1.3322589027320104,0.8259334583931706,-0.9501804779455227,1
0.5909678221910473,0.7715308156211609,-1.2600942144558833,0.94888916479251,0.985099277003958,1.1250009247842319,-0.12475458235933058,-1.0865934650343947,1.6432960600355222,-0.24458326320939164,-0.026714465658928405,1.3322589027320104,0.5672450479851332,-0.05859021713873188,0
-1.0531424045994016,0.7715308156211609,-0.16043586831830572,0.2079003033971988,-1.3567943663687954,-0.24017311933289098,1.4222936900257714,0.920307393868181,-0.4108240150088804,1.8511176272560461,0.8637677229720243,-1.0775117223646489,-0.38127912351100357,-0.9501804779455227,1
1.3646667524453762,-1.2961245095504037,1.7889584725619454,-1.2740774193934234,1.3870660963888337,1.4662944358135126,-1.1383379332323285,-1.0865934650343947,-1.4378840525310816,-1.0435692276993398,-0.9171966542898811,0.1273735901836806,-0.12259071310296626,1.7245903044748498,0
-0.47286820690865494,0.7715308156211609,-0.9102029225030177,-2.0150662807887345,-0.30235966624325206,-1.264053652420733,1.1022147371185091,0.920307393868181,-0.4108240150088804,0.7770709208925091,0.8637677229720243,-1.0775117223646489,2.895440741657469,-0.05859021713873188,1
0.8811049210364206,-1.2961245095504037,-1.609985506408749,0.94888916479251,0.8045054885846662,-0.9227601413914523,0.835482276362457,-1.0865934650343947,0.6162360225133209,0.9604447488082352,-1.8076788429208337,-1.0775117223646489,0.39478610771310835,0.8330000436680589,1
-0.8597176720358194,0.7715308156211609,-0.8602184522240369,0.2079003033971988,-1.2985383055883786,-0.5814666303621717,-0.4981800274178035,0.920307393868181,-0.4108240150088804,-0.5851346579100252,0.8637677229720243,1.3322589027320104,-0.12259071310296626,-0.9501804779455227,0
1.5580914850089584,0.7715308156211609,-1.0101718630609793,-0.5330885579981124,0.717121397414041,-1.6053471634500138,-1.1383379332323285,-1.0865934650343947,1.6432960600355222,-1.0828636193955667,-0.026714465658928405,0.1273735901836806,1.1708513389372204,-0.05859021713873188,1
0.10740599078209173,-1.2961245095504037,-1.1101408036189409,0.94888916479251,0.5132251846825824,0.44241390272567044,1.368947197874561,0.920307393868181,-0.4108240150088804,1.5236643631208215,0.8637677229720243,-1.0775117223646489,0.8259334583931706,-0.9501804779455227,0
-1.1498547708811926,0.7715308156211609,-1.4600320955718065,0.2079003033971988,-1.3742711846029203,1.1250009247842319,0.4087103391527736,0.920307393868181,-1.4378840525310816,0.21385130657992285,-0.9171966542898811,1.3322589027320104,-0.5537380637830285,-0.9501804779455227,1
0.4942554559092562,0.7715308156211609,-0.4603426899921905,0.94888916479251,0.8918895797552913,1.4662944358135126,-0.3381405509641722,-1.0865934650343947,-0.4108240150088804,-0.34936830773266336,0.8637677229720243,1.3322589027320104,0.8259334583931706,-0.05859021713873188,1
1.1712420198817939,-1.2961245095504037,-1.2101097441769024,0.94888916479251,0.629737306243416,0.10112039169638974,-0.9782984567786973,-1.0865934650343947,1.6432960600355222,-0.8994897914798409,-0.026714465658928405,0.1273735901836806,0.2223271674410835,0.8330000436680589,0
-0.5695805731904461,0.7715308156211609,0.2894243641925215,0.2079003033971988,-1.1936773961836284,-0.24017311933289098,1.3156007057233507,0.920307393868181,-0.4108240150088804,1.2617017518126419,0.8637677229720243,-1.0775117223646489,0.30855663757709595,-0.9501804779455227,1
1.9449409501361228,0.7715308156211609,-0.21042033859728654,-1.2740774193934234,2.016231552817335,0.7837074137549511,-1.3517239018371703,-1.0865934650343947,0.6162360225133209,-1.1745505333534296,-1.8076788429208337,0.1273735901836806,-0.467508593647016,1.7245903044748498,0
-0.3761558406268638,-1.2961245095504037,0.3394088344715023,0.94888916479251,0.3967130631217489,0.10112039169638974,1.4222936900257714,0.920307393868181,-0.4108240150088804,1.759430713298183,0.8637677229720243,-1.0775117223646489,0.6534745181211457,-0.9501804779455227,1
0.6876801884728384,0.7715308156211609,0.08948648307659827,0.94888916479251,0.950145640535708,-0.24017311933289098,0.6220963077576153,-1.0865934650343947,1.6432960600355222,0.4758139178881028,-0.026714465658928405,-1.0775117223646489,0.4810155778491208,-0.05859021713873188,1
-0.9564300383176104,0.7715308156211609,1.189144829214176,0.2079003033971988,-1.324753532939566,-0.5814666303621717,-0.5515265195690139,0.920307393868181,-0.4108240150088804,-0.6375271801716612,0.8637677229720243,1.3322589027320104,-0.20882018323897872,-0.9501804779455227,0
1.4613791187271672,-1.2961245095504037,1.8389429428409263,-0.5330885579981124,0.6879933670238326,1.4662944358135126,-0.818258980325066,-1.0865934650343947,-1.4378840525310816,-0.8470972692182049,-0.9171966542898811,0.1273735901836806,1.084621868801208,-0.05859021713873188,1
-0.1827311080632816,0.7715308156211609,-0.8102339819450561,-2.0150662807887345,-0.267406029775002,0.44241390272567044,1.1555612292697195,0.920307393868181,-0.4108240150088804,1.0390335322006887,0.8637677229720243,-1.0775117223646489,2.9816702117934817,-0.05859021713873188,0
1.7515162175725405,0.7715308156211609,1.5890205914460223,-1.2740774193934234,1.7832073096956675,0.7837074137549511,-1.191684425383539,-1.0865934650343947,0.6162360225133209,-1.0959617499609757,-1.8076788429208337,0.1273735901836806,-0.29504965337499117,1.7245903044748498,1
0.010693624500300621,-1.2961245095504037,1.3890827103300991,0.94888916479251,0.6006092758532076,0.10112039169638974,0.7287892920600361,0.920307393868181,-0.4108240150088804,0.3710288733648308,0.8637677229720243,1.3322589027320104,0.7397039882571581,-0.9501804779455227,1
0.9778172873182117,0.7715308156211609,1.7389740022829647,0.94888916479251,0.6006092758532076,1.4662944358135126,-0.3381405509641722,-1.0865934650343947,1.6432960600355222,-0.45415335225593534,-0.026714465658928405,1.3322589027320104,0.2223271674410835,0.8330000436680589,0
-0.8597176720358194,0.7715308156211609,-0.7602495116660754,0.2079003033971988,-1.3131023207834827,-1.6053471634500138,1.4222936900257714,0.920307393868181,-0.4108240150088804,1.7070381910365473,0.8637677229720243,-1.0775117223646489,-0.12259071310296626,-0.9501804779455227,1
1.6548038512907495,-1.2961245095504037,1.0891758886562142,-1.2740774193934234,1.6375671577446258,-1.6053471634500138,-1.0316449489299078,-1.0865934650343947,-1.4378840525310816,-1.0173729665685216,-0.9171966542898811,0.1273735901836806,-0.20882018323897872,1.7245903044748498,0
0.30083072334567396,0.7715308156211609,-0.9102029225030177,0.94888916479251,0.8336335189748746,-1.264053652420733,0.9955217528160882,0.920307393868181,-0.4108240150088804,0.7115802680654641,0.8637677229720243,-1.0775117223646489,0.9983923986651955,-0.05859021713873188,1
-0.6662929394722371,-1.2961245095504037,1.5390361211670416,0.2079003033971988,-1.2053286083397117,1.4662944358135126,0.8888287685136673,0.920307393868181,0.6162360225133209,1.078327923896916,-1.8076788429208337,-1.0775117223646489,0.2223271674410835,-0.9501804779455227,1
0.7843925547546295,0.7715308156211609,0.6393156561453871,0.94888916479251,1.0375297317063332,-0.24017311933289098,-0.4981800274178035,-1.0865934650343947,-0.4108240150088804,-0.6113309190408431,0.8637677229720243,1.3322589027320104,0.5672450479851332,-0.05859021713873188,0
-0.7630053057540283,0.7715308156211609,-0.2604048088762673,0.2079003033971988,-1.2810614873542534,-0.5814666303621717,-0.9249519646274869,0.920307393868181,1.6432960600355222,-0.9387841831760678,-0.026714465658928405,0.1273735901836806,-0.03636124296695383,-0.9501804779455227,1
1.5580914850089584,-1.2961245095504037,0.4393777750294639,-0.5330885579981124,0.7753774581944578,0.10112039169638974,1.368947197874561,-1.0865934650343947,-0.4108240150088804,1.4843699714245946,0.8637677229720243,-1.0775117223646489,1.1708513389372204,-0.05859021713873188,0
-0.0860187417814905,0.7715308156211609,-1.609985506408749,-2.0150662807887345,-0.23827799938479366,-0.9227601413914523,0.4087103391527736,0.920307393868181,-1.4378840525310816,0.13526252318746898,-0.9171966542898811,1.3322589027320104,3.067899681929494,-0.05859021713873188,1
0.39754308962746504,-1.2961245095504037,-0.010482457481363327,0.94888916479251,0.7462494278042494,-0.5814666303621717,-0.23144756666175142,0.920307393868181,-0.4108240150088804,-0.3100739160364366,0.8637677229720243,1.3322589027320104,0.6534745181211457,-0.9501804779455227,1
1.8482285838543318,0.7715308156211609,0.4393777750294639,-1.2740774193934234,1.8414633704760843,0.10112039169638974,-0.818258980325066,-1.0865934650343947,1.6432960600355222,-0.8601953997836138,-0.026714465658928405,0.1273735901836806,-0.38127912351100357,1.7245903044748498,0
-0.47286820690865494,0.7715308156211609,0.7892690669823295,0.2079003033971988,-1.2053286083397117,-1.6053471634500138,1.3156007057233507,0.920307393868181,-0.4108240150088804,1.2878980129434598,0.8637677229720243,-1.0775117223646489,0.2223271674410835,-0.9501804779455227,1
1.0745296536000029,-1.2961245095504037,-0.11045139803932492,0.94888916479251,0.6588653366336243,0.10112039169638974,-1.2983774096859597,-1.0865934650343947,0.6162360225133209,-1.1090598805263847,-1.8076788429208337,0.1273735901836806,0.30855663757709595,0.8330000436680589,0
-0.2794434743450727,0.7715308156211609,-0.4603426899921905,0.94888916479251,0.3384570023413322,1.4662944358135126,1.4222936900257714,0.920307393868181,-0.4108240150088804,1.8642157578214549,0.8637677229720243,-1.0775117223646489,1.1708513389372204,-0.9501804779455227,1
-0.9564300383176104,0.7715308156211609,-0.6102961008291329,0.2079003033971988,-1.3393175481346702,1.1250009247842319,0.5687498156064048,0.920307393868181,1.6432960600355222,0.279341959406968,-0.026714465658928405,1.3322589027320104,-0.29504965337499117,-0.9501804779455227,1
1.2679543861635851,-1.2961245095504037,-0.41035821971320974,-0.5330885579981124,0.6879933670238326,0.7837074137549511,-0.6582195038714348,-1.0865934650343947,-0.4108240150088804,-0.6899197024332971,0.8637677229720243,1.3322589027320104,0.9983923986651955,-0.05859021713873188,0
0.10740599078209173,0.7715308156211609,0.3394088344715023,0.94888916479251,0.7753774581944578,0.10112039169638974,-0.7649124881738556,0.920307393868181,-1.4378840525310816,-0.820901008087387,-0.9171966542898811,0.1273735901836806,0.912162928529183,-0.9501804779455227,1
-0.7630053057540283,-1.2961245095504037,0.9892069480982527,0.2079003033971988,-1.275235881276212,-0.5814666303621717,1.2089077214209298,0.920307393868181,-0.4108240150088804,1.0652297933315071,0.8637677229720243,-1.0775117223646489,-0.03636124296695383,-0.9501804779455227,0
1.7515162175725405,0.7715308156211609,-0.3103892791552481,-1.2740774193934234,1.6958232185250424,0.7837074137549511,-1.1383379332323285,-1.0865934650343947,0.6162360225133209,-1.0697654888301575,-1.8076788429208337,0.1273735901836806,-0.20882018323897872,1.7245903044748498,1
-0.1827311080632816,-1.2961245095504037,0.889238007540291,0.94888916479251,0.5307020029167074,-1.6053471634500138,0.7287892920600361,0.920307393868181,-0.4108240150088804,0.9080522265465989,0.8637677229720243,-1.0775117223646489,0.843179352420373,-0.9501804779455227,1
0.5909678221910473,0.7715308156211609,-1.2600942144558833,0.94888916479251,0.9938376861210206,1.1250009247842319,-0.4981800274178035,-1.0865934650343947,1.6432960600355222,-0.4934477439521624,-0.026714465658928405,1.3322589027320104,0.5844909420123358,-0.05859021713873188,0
-1.0531424045994016,0.7715308156211609,-0.16043586831830572,0.2079003033971988,-1.3538815633297745,-0.24017311933289098,1.3156007057233507,0.920307393868181,-0.4108240150088804,1.3140942740742776,0.8637677229720243,-1.0775117223646489,-0.3640332294838011,-0.9501804779455227,1
1.3646667524453762,-1.2961245095504037,1.7889584725619454,-1.2740774193934234,1.395804505505896,1.4662944358135126,-1.191684425383539,-1.0865934650343947,-1.4378840525310816,-1.0435692276993398,-0.9171966542898811,0.1273735901836806,-0.10534481907576378,1.7245903044748498,0
-0.47286820690865494,0.7715308156211609,-0.9102029225030177,-2.0150662807887345,-0.2965340601652104,-1.264053652420733,1.4222936900257714,0.920307393868181,-0.4108240150088804,1.7070381910365473,0.8637677229720243,-1.0775117223646489,2.9126866356846715,-0.05859021713873188,1
0.8811049210364206,-1.2961245095504037,-1.609985506408749,0.94888916479251,0.8132438977017287,-0.9227601413914523,-0.2847940588129618,-1.0865934650343947,0.6162360225133209,-0.2707795243402095,-1.8076788429208337,1.3322589027320104,0.41203200174031085,0.8330000436680589,1
-0.8597176720358194,0.7715308156211609,-0.8602184522240369,0.2079003033971988,-1.2956255025493577,-0.5814666303621717,0.8888287685136673,0.920307393868181,-0.4108240150088804,1.130720446158552,0.8637677229720243,-1.0775117223646489,-0.10534481907576378,-0.9501804779455227,0
1.5580914850089584,0.7715308156211609,-1.0101718630609793,-0.5330885579981124,0.7258598065311036,-1.6053471634500138,-0.3381405509641722,-1.0865934650343947,1.6432960600355222,-0.5065458745175714,-0.026714465658928405,0.1273735901836806,1.1880972329644228,-0.05859021713873188,1
0.10740599078209173,-1.2961245095504037,-1.1101408036189409,0.94888916479251,0.521963593799645,0.44241390272567044,1.0488682449672986,0.920307393868181,-0.4108240150088804,0.9080522265465989,0.8637677229720243,-1.0775117223646489,0.843179352420373,-0.9501804779455227,0
-1.1498547708811926,0.7715308156211609,-1.4600320955718065,0.2079003033971988,-1.3713583815638994,1.1250009247842319,-1.458416886139591,0.920307393868181,-1.4378840525310816,-1.2138449250496566,-0.9171966542898811,0.1273735901836806,-0.536492169755826,-0.9501804779455227,1
0.4942554559092562,0.7715308156211609,-0.4603426899921905,0.94888916479251,0.9006279888723538,1.4662944358135126,0.462056831303984,-1.0865934650343947,-0.4108240150088804,0.6329914846730105,0.8637677229720243,-1.0775117223646489,0.843179352420373,-0.05859021713873188,1
1.1712420198817939,-1.2961245095504037,-1.2101097441769024,0.94888916479251,0.6384757153604784,0.10112039169638974,-0.5515265195690139,-1.0865934650343947,1.6432960600355222,-0.6637234413024791,-0.026714465658928405,1.3322589027320104,0.23957306146828597,0.8330000436680589,0
-0.5695805731904461,0.7715308156211609,0.2894243641925215,0.2079003033971988,-1.1907645931446076,-0.24017311933289098,1.368947197874561,0.920307393868181,-0.4108240150088804,1.4843699714245946,0.8637677229720243,-1.0775117223646489,0.3258025316042984,-0.9501804779455227,1
1.9449409501361228,0.7715308156211609,-0.21042033859728654,-1.2740774193934234,2.0307955680124388,0.7837074137549511,-1.0849914410811181,-1.0865934650343947,0.6162360225133209,-0.9780785748722948,-1.8076788429208337,0.1273735901836806,-0.4502626996198135,1.7245903044748498,0
-0.3761558406268638,-1.2961245095504037,0.3394088344715023,0.94888916479251,0.40545147223881145,0.10112039169638974,1.4222936900257714,0.920307393868181,-0.4108240150088804,1.8511176272560461,0.8637677229720243,-1.0775117223646489,0.6707204121483482,-0.9501804779455227,1
0.6876801884728384,0.7715308156211609,0.08948648307659827,0.94888916479251,0.9588840496527705,-0.24017311933289098,0.7821357842112465,-1.0865934650343947,1.6432960600355222,-0.035013174162847924,-0.026714465658928405,1.3322589027320104,0.4982614718763233,-0.05859021713873188,1
-0.9564300383176104,0.7715308156211609,1.189144829214176,0.2079003033971988,-1.3218407299005452,-0.5814666303621717,-0.3914870431153827,0.920307393868181,-0.4108240150088804,-0.3886626994288904,0.8637677229720243,1.3322589027320104,-0.19157428921177622,-0.9501804779455227,0
1.4613791187271672,-1.2961245095504037,1.8389429428409263,-0.5330885579981124,0.6967317761408952,1.4662944358135126,-0.8716054724762764,-1.0865934650343947,-1.4378840525310816,-0.8994897914798409,-0.9171966542898811,0.1273735901836806,1.1018677628284104,-0.05859021713873188,1
-0.1827311080632816,0.7715308156211609,-0.8102339819450561,-2.0150662807887345,-0.26158042369696033,0.44241390272567044,1.2622542135721402,0.920307393868181,-0.4108240150088804,1.1438185767239608,0.8637677229720243,-1.0775117223646489,2.998916105820684,-0.05859021713873188,0
1.7515162175725405,0.7715308156211609,1.5890205914460223,-1.2740774193934234,1.7977713248907718,0.7837074137549511,-1.3517239018371703,-1.0865934650343947,0.6162360225133209,-1.1221580110917935,-1.8076788429208337,0.1273735901836806,-0.27780375934778867,1.7245903044748498,1
0.010693624500300621,-1.2961245095504037,1.3890827103300991,0.94888916479251,0.60934768497027,0.10112039169638974,0.5154033234551945,0.920307393868181,-0.4108240150088804,0.1090662620566511,0.8637677229720243,1.3322589027320104,0.7569498822843607,-0.9501804779455227,1
0.9778172873182117,0.7715308156211609,1.7389740022829647,0.94888916479251,0.60934768497027,1.4662944358135126,-0.12475458235933058,-1.0865934650343947,1.6432960600355222,-0.24458326320939164,-0.026714465658928405,1.3322589027320104,0.23957306146828597,0.8330000436680589,0
-0.8597176720358194,0.7715308156211609,-0.7602495116660754,0.2079003033971988,-1.3101895177444618,-1.6053471634500138,1.4222936900257714,0.920307393868181,-0.4108240150088804,1.8511176272560461,0.8637677229720243,-1.0775117223646489,-0.10534481907576378,-0.9501804779455227,1
1.6548038512907495,-1.2961245095504037,1.0891758886562142,-1.2740774193934234,1.6521311729397299,-1.6053471634500138,-1.1383379332323285,-1.0865934650343947,-1.4378840525310816,-1.0435692276993398,-0.9171966542898811,0.1273735901836806,-0.19157428921177622,1.7245903044748498,0
0.30083072334567396,0.7715308156211609,-0.9102029225030177,0.94888916479251,0.8423719280919371,-1.264053652420733,1.1022147371185091,0.920307393868181,-0.4108240150088804,0.7770709208925091,0.8637677229720243,-1.0775117223646489,1.015638292692398,-0.05859021713873188,1
-0.6662929394722371,-1.2961245095504037,1.5390361211670416,0.2079003033971988,-1.2024158053006908,1.4662944358135126,0.835482276362457,0.920307393868181,0.6162360225133209,0.9604447488082352,-1.8076788429208337,-1.0775117223646489,0.23957306146828597,-0.9501804779455227,1
0.7843925547546295,0.7715308156211609,0.6393156561453871,0.94888916479251,1.0462681408233956,-0.24017311933289098,-0.4981800274178035,-1.0865934650343947,-0.4108240150088804,-0.5851346579100252,0.8637677229720243,1.3322589027320104,0.5844909420123358,-0.05859021713873188,0
-0.7630053057540283,0.7715308156211609,-0.2604048088762673,0.2079003033971988,-1.2781486843152325,-0.5814666303621717,-1.1383379332323285,0.920307393868181,1.6432960600355222,-1.0828636193955667,-0.026714465658928405,0.1273735901836806,-0.01911534893975134,-0.9501804779455227,1
1.5580914850089584,-1.2961245095504037,0.4393777750294639,-0.5330885579981124,0.7841158673115203,0.10112039169638974,1.368947197874561,-1.0865934650343947,-0.4108240150088804,1.5236643631208215,0.8637677229720243,-1.0775117223646489,1.1880972329644228,-0.05859021713873188,0
-0.0860187417814905,0.7715308156211609,-1.609985506408749,-2.0150662807887345,-0.23245239330675196,-0.9227601413914523,0.4087103391527736,0.920307393868181,-1.4378840525310816,0.21385130657992285,-0.9171966542898811,1.3322589027320104,3.0851455759566964,-0.05859021713873188,1
0.39754308962746504,-1.2961245095504037,-0.010482457481363327,0.94888916479251,0.7549878369213119,-0.5814666303621717,-0.3381405509641722,0.920307393868181,-0.4108240150088804,-0.34936830773266336,0.8637677229720243,1.3322589027320104,0.6707204121483482,-0.9501804779455227,1
1.8482285838543318,0.7715308156211609,0.4393777750294639,-1.2740774193934234,1.8560273856711884,0.10112039169638974,-0.9782984567786973,-1.0865934650343947,1.6432960600355222,-0.8994897914798409,-0.026714465658928405,0.1273735901836806,-0.3640332294838011,1.7245903044748498,0
-0.47286820690865494,0.7715308156211609,0.7892690669823295,0.2079003033971988,-1.2024158053006908,-1.6053471634500138,1.3156007057233507,0.920307393868181,-0.4108240150088804,1.2617017518126419,0.8637677229720243,-1.0775117223646489,0.23957306146828597,-0.9501804779455227,1
1.0745296536000029,-1.2961245095504037,-0.11045139803932492,0.94888916479251,0.6676037457506868,0.10112039169638974,-1.3517239018371703,-1.0865934650343947,0.6162360225133209,-1.1745505333534296,-1.8076788429208337,0.1273735901836806,0.3258025316042984,0.8330000436680589,0
-0.2794434743450727,0.7715308156211609,-0.4603426899921905,0.94888916479251,0.34719541145839466,1.4662944358135126,1.4222936900257714,0.920307393868181,-0.4108240150088804,1.759430713298183,0.8637677229720243,-1.0775117223646489,1.1880972329644228,-0.9501804779455227,1
-0.9564300383176104,0.7715308156211609,-0.6102961008291329,0.2079003033971988,-1.3364047450956493,1.1250009247842319,0.6220963077576153,0.920307393868181,1.6432960600355222,0.4758139178881028,-0.026714465658928405,-1.0775117223646489,-0.27780375934778867,-0.9501804779455227,1
1.2679543861635851,-1.2961245095504037,-0.41035821971320974,-0.5330885579981124,0.6967317761408952,0.7837074137549511,-0.5515265195690139,-1.0865934650343947,-0.4108240150088804,-0.6375271801716612,0.8637677229720243,1.3322589027320104,1.015638292692398,-0.05859021713873188,0
0.10740599078209173,0.7715308156211609,0.3394088344715023,0.94888916479251,0.7841158673115203,0.10112039169638974,-0.818258980325066,0.920307393868181,-1.4378840525310816,-0.8470972692182049,-0.9171966542898811,0.1273735901836806,0.9294088225563855,-0.9501804779455227,1
-0.7630053057540283,-1.2961245095504037,0.9892069480982527,0.2079003033971988,-1.272323078237191,-0.5814666303621717,1.1555612292697195,0.920307393868181,-0.4108240150088804,1.0390335322006887,0.8637677229720243,-1.0775117223646489,-0.01911534893975134,-0.9501804779455227,0
1.7515162175725405,0.7715308156211609,-0.3103892791552481,-1.2740774193934234,1.7103872337201467,0.7837074137549511,-1.191684425383539,-1.0865934650343947,0.6162360225133209,-1.0959617499609757,-1.8076788429208337,0.1273735901836806,-0.19157428921177622,1.7245903044748498,1
-0.0860187417814905,-1.2961245095504037,0.889238007540291,0.94888916479251,0.5394404120337699,-1.6053471634500138,0.7287892920600361,0.920307393868181,-0.4108240150088804,0.3710288733648308,0.8637677229720243,1.3322589027320104,0.8604252464475756,-0.9501804779455227,1
0.6876801884728384,0.7715308156211609,-1.2600942144558833,0.94888916479251,1.002576095238083,1.1250009247842319,-0.3381405509641722,-1.0865934650343947,1.6432960600355222,-0.45415335225593534,-0.026714465658928405,1.3322589027320104,0.6017368360395382,-0.05859021713873188,0
-0.9564300383176104,0.7715308156211609,-0.16043586831830572,0.2079003033971988,-1.3509687602907536,-0.24017311933289098,1.4222936900257714,0.920307393868181,-0.4108240150088804,1.7070381910365473,0.8637677229720243,-1.0775117223646489,-0.3467873354565986,-0.9501804779455227,1
1.4613791187271672,-1.2961245095504037,1.7889584725619454,-1.2740774193934234,1.4045429146229587,1.4662944358135126,-1.0316449489299078,-1.0865934650343947,-1.4378840525310816,-1.0173729665685216,-0.9171966542898811,0.1273735901836806,-0.08809892504856129,1.7245903044748498,0
-0.3761558406268638,0.7715308156211609,-0.9102029225030177,-2.0150662807887345,-0.28488284800912705,-1.264053652420733,0.9955217528160882,0.920307393868181,-0.4108240150088804,0.7115802680654641,0.8637677229720243,-1.0775117223646489,2.929932529711874,-0.05859021713873188,1
0.9778172873182117,-1.2961245095504037,-1.609985506408749,0.94888916479251,0.8219823068187913,-0.9227601413914523,0.8888287685136673,-1.0865934650343947,0.6162360225133209,1.078327923896916,-1.8076788429208337,-1.0775117223646489,0.42927789576751335,0.8330000436680589,1
-0.7630053057540283,0.7715308156211609,-0.8602184522240369,0.2079003033971988,-1.2927126995103368,-0.5814666303621717,-0.4981800274178035,0.920307393868181,-0.4108240150088804,-0.6113309190408431,0.8637677229720243,1.3322589027320104,-0.08809892504856129,-0.9501804779455227,0
1.6548038512907495,0.7715308156211609,-1.0101718630609793,-0.5330885579981124,0.7345982156481661,-1.6053471634500138,-0.9249519646274869,-1.0865934650343947,1.6432960600355222,-0.9387841831760678,-0.026714465658928405,0.1273735901836806,1.2053431269916253,-0.05859021713873188,1
0.20411835706388284,-1.2961245095504037,-1.1101408036189409,0.94888916479251,0.5307020029167074,0.44241390272567044,1.368947197874561,0.920307393868181,-0.4108240150088804,1.4843699714245946,0.8637677229720243,-1.0775117223646489,0.8604252464475756,-0.9501804779455227,0
-1.0531424045994016,0.7715308156211609,-1.4600320955718065,0.2079003033971988,-1.3684455785248786,1.1250009247842319,0.4087103391527736,0.920307393868181,-1.4378840525310816,0.13526252318746898,-0.9171966542898811,1.3322589027320104,-0.5192462757286235,-0.9501804779455227,1
0.5909678221910473,0.7715308156211609,-0.4603426899921905,0.94888916479251,0.9093663979894163,1.4662944358135126,-0.23144756666175142,-1.0865934650343947,-0.4108240150088804,-0.3100739160364366,0.8637677229720243,1.3322589027320104,0.8604252464475756,-0.05859021713873188,1
1.2679543861635851,-1.2961245095504037,-1.2101097441769024,0.94888916479251,0.6472141244775409,0.10112039169638974,-0.818258980325066,-1.0865934650343947,1.6432960600355222,-0.8601953997836138,-0.026714465658928405,0.1273735901836806,0.25681895549548844,0.8330000436680589,0
-0.47286820690865494,0.7715308156211609,0.2894243641925215,0.2079003033971988,-1.1878517901055867,-0.24017311933289098,1.3156007057233507,0.920307393868181,-0.4108240150088804,1.2878980129434598,0.8637677229720243,-1.0775117223646489,0.3430484256315009,-0.9501804779455227,1
2.041653316417914,0.7715308156211609,-0.21042033859728654,-1.2740774193934234,2.045359583207543,0.7837074137549511,-1.2983774096859597,-1.0865934650343947,0.6162360225133209,-1.1090598805263847,-1.8076788429208337,0.1273735901836806,-0.4330168055926111,1.7245903044748498,0
-0.2794434743450727,-1.2961245095504037,0.3394088344715023,0.94888916479251,0.4141898813558739,0.10112039169638974,1.4222936900257714,0.920307393868181,-0.4108240150088804,1.8642157578214549,0.8637677229720243,-1.0775117223646489,0.6879663061755507,-0.9501804779455227,1
0.7843925547546295,0.7715308156211609,0.08948648307659827,0.94888916479251,0.9676224587698331,-0.24017311933289098,0.5687498156064048,-1.0865934650343947,1.6432960600355222,0.279341959406968,-0.026714465658928405,1.3322589027320104,0.5155073659035257,-0.05859021713873188,1
-0.8597176720358194,0.7715308156211609,1.189144829214176,0.2079003033971988,-1.3189279268615244,-0.5814666303621717,-0.6582195038714348,0.920307393868181,-0.4108240150088804,-0.6899197024332971,0.8637677229720243,1.3322589027320104,-0.17432839518457374,-0.9501804779455227,0
1.5580914850089584,-1.2961245095504037,1.8389429428409263,-0.5330885579981124,0.7054701852579577,1.4662944358135126,-0.7649124881738556,-1.0865934650343947,-1.4378840525310816,-0.820901008087387,-0.9171966542898811,0.1273735901836806,1.1191136568556128,-0.05859021713873188,1
-0.0860187417814905,0.7715308156211609,-0.8102339819450561,-2.0150662807887345,-0.25575481761891866,0.44241390272567044,1.2089077214209298,0.920307393868181,-0.4108240150088804,1.0652297933315071,0.8637677229720243,-1.0775117223646489,3.0161619998478866,-0.05859021713873188,0
1.8482285838543318,0.7715308156211609,1.5890205914460223,-1.2740774193934234,1.812335340085876,0.7837074137549511,-1.1383379332323285,-1.0865934650343947,0.6162360225133209,-1.0697654888301575,-1.8076788429208337,0.1273735901836806,-0.26055786532058617,1.7245903044748498,1
0.10740599078209173,-1.2961245095504037,1.3890827103300991,0.94888916479251,0.6180860940873326,0.10112039169638974,0.7287892920600361,0.920307393868181,-0.4108240150088804,0.9080522265465989,0.8637677229720243,-1.0775117223646489,0.7741957763115631,-0.9501804779455227,1
1.0745296536000029,0.7715308156211609,1.7389740022829647,0.94888916479251,0.6180860940873326,1.4662944358135126,-0.4981800274178035,-1.0865934650343947,1.6432960600355222,-0.4934477439521624,-0.026714465658928405,1.3322589027320104,0.25681895549548844,0.8330000436680589,0
-0.7630053057540283,0.7715308156211609,-0.7602495116660754,0.2079003033971988,-1.307276714705441,-1.6053471634500138,1.3156007057233507,0.920307393868181,-0.4108240150088804,1.3140942740742776,0.8637677229720243,-1.0775117223646489,-0.08809892504856129,-0.9501804779455227,1
1.7515162175725405,-1.2961245095504037,1.0891758886562142,-1.2740774193934234,1.666695188134834,-1.6053471634500138,-1.191684425383539,-1.0865934650343947,-1.4378840525310816,-1.0435692276993398,-0.9171966542898811,0.1273735901836806,-0.17432839518457374,1.7245903044748498,0
0.39754308962746504,0.7715308156211609,-0.9102029225030177,0.94888916479251,0.8511103372089995,-1.264053652420733,1.4222936900257714,0.920307393868181,-0.4108240150088804,1.7070381910365473,0.8637677229720243,-1.0775117223646489,1.0328841867196004,-0.05859021713873188,1
-0.5695805731904461,-1.2961245095504037,1.5390361211670416,0.2079003033971988,-1.19950300226167,1.4662944358135126,-0.2847940588129618,0.920307393868181,0.6162360225133209,-0.2707795243402095,-1.8076788429208337,1.3322589027320104,0.25681895549548844,-0.9501804779455227,1
0.8811049210364206,0.7715308156211609,0.6393156561453871,0.94888916479251,1.0550065499404582,-0.24017311933289098,0.8888287685136673,-1.0865934650343947,-0.4108240150088804,1.130720446158552,0.8637677229720243,-1.0775117223646489,0.6017368360395382,-0.05859021713873188,0
-0.6662929394722371,0.7715308156211609,-0.2604048088762673,0.2079003033971988,-1.275235881276212,-0.5814666303621717,-0.3381405509641722,0.920307393868181,1.6432960600355222,-0.5065458745175714,-0.026714465658928405,0.1273735901836806,-0.0018694549125488533,-0.9501804779455227,1
1.6548038512907495,-1.2961245095504037,0.4393777750294639,-0.5330885579981124,0.7928542764285829,0.10112039169638974,1.0488682449672986,-1.0865934650343947,-0.4108240150088804,0.9080522265465989,0.8637677229720243,-1.0775117223646489,1.2053431269916253,-0.05859021713873188,0
0.010693624500300621,0.7715308156211609,-1.609985506408749,-2.0150662807887345,-0.2266267872287103,-0.9227601413914523,-1.458416886139591,0.920307393868181,-1.4378840525310816,-1.2138449250496566,-0.9171966542898811,0.1273735901836806,3.102391469983899,-0.05859021713873188,1
0.4942554559092562,-1.2961245095504037,-0.010482457481363327,0.94888916479251,0.7637262460383745,-0.5814666303621717,0.462056831303984,0.920307393868181,-0.4108240150088804,0.6329914846730105,0.8637677229720243,-1.0775117223646489,0.6879663061755507,-0.9501804779455227,1
1.9449409501361228,0.7715308156211609,0.4393777750294639,-1.2740774193934234,1.8705914008662927,0.10112039169638974,-0.5515265195690139,-1.0865934650343947,1.6432960600355222,-0.6637234413024791,-0.026714465658928405,1.3322589027320104,-0.3467873354565986,1.7245903044748498,0
-0.3761558406268638,0.7715308156211609,0.7892690669823295,0.2079003033971988,-1.19950300226167,-1.6053471634500138,1.368947197874561,0.920307393868181,-0.4108240150088804,1.4843699714245946,0.8637677229720243,-1.0775117223646489,0.25681895549548844,-0.9501804779455227,1
1.1712420198817939,-1.2961245095504037,-0.11045139803932492,0.94888916479251,0.6763421548677493,0.10112039169638974,-1.0849914410811181,-1.0865934650343947,0.6162360225133209,-0.9780785748722948,-1.8076788429208337,0.1273735901836806,0.3430484256315009,0.8330000436680589,0
-0.1827311080632816,0.7715308156211609,-0.4603426899921905,0.94888916479251,0.3559338205754572,1.4662944358135126,1.4222936900257714,0.920307393868181,-0.4108240150088804,1.8511176272560461,0.8637677229720243,-1.0775117223646489,1.2053431269916253,-0.9501804779455227,1
-0.8597176720358194,0.7715308156211609,-0.6102961008291329,0.2079003033971988,-1.3334919420566285,1.1250009247842319,0.7821357842112465,0.920307393868181,1.6432960600355222,-0.035013174162847924,-0.026714465658928405,1.3322589027320104,-0.26055786532058617,-0.9501804779455227,1
1.3646667524453762,-1.2961245095504037,-0.41035821971320974,-0.5330885579981124,0.7054701852579577,0.7837074137549511,-0.3914870431153827,-1.0865934650343947,-0.4108240150088804,-0.3886626994288904,0.8637677229720243,1.3322589027320104,1.0328841867196004,-0.05859021713873188,0
0.20411835706388284,0.7715308156211609,0.3394088344715023,0.94888916479251,0.7928542764285829,0.10112039169638974,-0.8716054724762764,0.920307393868181,-1.4378840525310816,-0.8994897914798409,-0.9171966542898811,0.1273735901836806,0.946654716583588,-0.9501804779455227,1
-0.6662929394722371,-1.2961245095504037,0.9892069480982527,0.2079003033971988,-1.2694102751981702,-0.5814666303621717,1.2622542135721402,0.920307393868181,-0.4108240150088804,1.1438185767239608,0.8637677229720243,-1.0775117223646489,-0.0018694549125488533,-0.9501804779455227,0
1.8482285838543318,0.7715308156211609,-0.3103892791552481,-1.2740774193934234,1.7249512489152508,0.7837074137549511,-1.3517239018371703,-1.0865934650343947,0.6162360225133209,-1.1221580110917935,-1.8076788429208337,0.1273735901836806,-0.17432839518457374,1.7245903044748498,1
-0.0860187417814905,-1.2961245095504037,0.889238007540291,0.94888916479251,0.5481788211508325,-1.6053471634500138,0.5154033234551945,0.920307393868181,-0.4108240150088804,0.1090662620566511,0.8637677229720243,1.3322589027320104,0.877671140474778,-0.9501804779455227,1
0.6876801884728384,0.7715308156211609,-1.2600942144558833,0.94888916479251,1.0113145043551457,1.1250009247842319,-0.12475458235933058,-1.0865934650343947,1.6432960600355222,-0.24458326320939164,-0.026714465658928405,1.3322589027320104,0.6189827300667408,-0.05859021713873188,0
-0.9564300383176104,0.7715308156211609,-0.16043586831830572,0.2079003033971988,-1.3480559572517328,-0.24017311933289098,1.4222936900257714,0.920307393868181,-0.4108240150088804,1.8511176272560461,0.8637677229720243,-1.0775117223646489,-0.3295414414293961,-0.9501804779455227,1
1.4613791187271672,-1.2961245095504037,1.7889584725619454,-1.2740774193934234,1.4132813237400212,1.4662944358135126,-1.1383379332323285,-1.0865934650343947,-1.4378840525310816,-1.0435692276993398,-0.9171966542898811,0.1273735901836806,-0.0708530310213588,1.7245903044748498,0
-0.3761558406268638,0.7715308156211609,-0.9102029225030177,-2.0150662807887345,-0.2790572419310854,-1.264053652420733,1.1022147371185091,0.920307393868181,-0.4108240150088804,0.7770709208925091,0.8637677229720243,-1.0775117223646489,2.947178423739077,-0.05859021713873188,1
0.9778172873182117,-1.2961245095504037,-1.609985506408749,0.94888916479251,0.8307207159358537,-0.9227601413914523,0.835482276362457,-1.0865934650343947,0.6162360225133209,0.9604447488082352,-1.8076788429208337,-1.0775117223646489,0.44652378979471585,0.8330000436680589,1
-0.7630053057540283,0.7715308156211609,-0.8602184522240369,0.2079003033971988,-1.289799896471316,-0.5814666303621717,-0.4981800274178035,0.920307393868181,-0.4108240150088804,-0.5851346579100252,0.8637677229720243,1.3322589027320104,-0.0708530310213588,-0.9501804779455227,0
1.6548038512907495,0.7715308156211609,-1.0101718630609793,-0.5330885579981124,0.7433366247652285,-1.6053471634500138,-1.1383379332323285,-1.0865934650343947,1.6432960600355222,-1.0828636193955667,-0.026714465658928405,0.1273735901836806,1.2225890210188277,-0.05859021713873188,1
0.20411835706388284,-1.2961245095504037,-1.1101408036189409,0.94888916479251,0.5394404120337699,0.44241390272567044,1.368947197874561,0.920307393868181,-0.4108240150088804,1.5236643631208215,0.8637677229720243,-1.0775117223646489,0.877671140474778,-0.9501804779455227,0
-1.0531424045994016,0.7715308156211609,-1.4600320955718065,0.2079003033971988,-1.3655327754858577,1.1250009247842319,0.4087103391527736,0.920307393868181,-1.4378840525310816,0.21385130657992285,-0.9171966542898811,1.3322589027320104,-0.502000381701421,-0.9501804779455227,1
0.5909678221910473,0.7715308156211609,-0.4603426899921905,0.94888916479251,0.9181048071064788,1.4662944358135126,-0.3381405509641722,-1.0865934650343947,-0.4108240150088804,-0.34936830773266336,0.8637677229720243,1.3322589027320104,0.877671140474778,-0.05859021713873188,1
1.2679543861635851,-1.2961245095504037,-1.2101097441769024,0.94888916479251,0.6559525335946035,0.10112039169638974,-0.9782984567786973,-1.0865934650343947,1.6432960600355222,-0.8994897914798409,-0.026714465658928405,0.1273735901836806,0.27406484952269095,0.8330000436680589,0
-0.47286820690865494,0.7715308156211609,0.2894243641925215,0.2079003033971988,-1.1849389870665659,-0.24017311933289098,1.3156007057233507,0.920307393868181,-0.4108240150088804,1.2617017518126419,0.8637677229720243,-1.0775117223646489,0.3602943196587034,-0.9501804779455227,1
2.041653316417914,0.7715308156211609,-0.21042033859728654,-1.2740774193934234,2.0599235984026474,0.7837074137549511,-1.3517239018371703,-1.0865934650343947,0.6162360225133209,-1.1745505333534296,-1.8076788429208337,0.1273735901836806,-0.4157709115654086,1.7245903044748498,0
-0.2794434743450727,-1.2961245095504037,0.3394088344715023,0.94888916479251,0.42292829047293645,0.10112039169638974,1.4222936900257714,0.920307393868181,-0.4108240150088804,1.759430713298183,0.8637677229720243,-1.0775117223646489,0.7052122002027531,-0.9501804779455227,1
0.7843925547546295,0.7715308156211609,0.08948648307659827,0.94888916479251,0.9763608678868956,-0.24017311933289098,0.6220963077576153,-1.0865934650343947,1.6432960600355222,0.4758139178881028,-0.026714465658928405,-1.0775117223646489,0.5327532599307283,-0.05859021713873188,1
-0.8597176720358194,0.7715308156211609,1.189144829214176,0.2079003033971988,-1.3160151238225035,-0.5814666303621717,-0.5515265195690139,0.920307393868181,-0.4108240150088804,-0.6375271801716612,0.8637677229720243,1.3322589027320104,-0.15708250115737124,-0.9501804779455227,0
1.5580914850089584,-1.2961245095504037,1.8389429428409263,-0.5330885579981124,0.7142085943750203,1.4662944358135126,-0.818258980325066,-1.0865934650343947,-1.4378840525310816,-0.8470972692182049,-0.9171966542898811,0.1273735901836806,1.1363595508828153,-0.05859021713873188,1
-0.0860187417814905,0.7715308156211609,-0.8102339819450561,-2.0150662807887345,-0.249929211540877,0.44241390272567044,1.1555612292697195,0.920307393868181,-0.4108240150088804,1.0390335322006887,0.8637677229720243,-1.0775117223646489,3.033407893875089,-0.05859021713873188,0
1.8482285838543318,0.7715308156211609,1.5890205914460223,-1.2740774193934234,1.8268993552809802,0.7837074137549511,-1.191684425383539,-1.0865934650343947,0.6162360225133209,-1.0959617499609757,-1.8076788429208337,0.1273735901836806,-0.2433119712933837,1.7245903044748498,1
0.10740599078209173,-1.2961245095504037,1.3890827103300991,0.94888916479251,0.6268245032043951,0.10112039169638974,0.7287892920600361,0.920307393868181,-0.4108240150088804,0.3710288733648308,0.8637677229720243,1.3322589027320104,0.7914416703387656,-0.9501804779455227,1
1.0745296536000029,0.7715308156211609,1.7389740022829647,0.94888916479251,0.6268245032043951,1.4662944358135126,-0.3381405509641722,-1.0865934650343947,1.6432960600355222,-0.45415335225593534,-0.026714465658928405,1.3322589027320104,0.27406484952269095,0.8330000436680589,0
-0.7630053057540283,0.7715308156211609,-0.7602495116660754,0.2079003033971988,-1.30436391166642,-1.6053471634500138,1.4222936900257714,0.920307393868181,-0.4108240150088804,1.7070381910365473,0.8637677229720243,-1.0775117223646489,-0.0708530310213588,-0.9501804779455227,1
1.7515162175725405,-1.2961245095504037,1.0891758886562142,-1.2740774193934234,1.6812592033299383,-1.6053471634500138,-1.0316449489299078,-1.0865934650343947,-1.4378840525310816,-1.0173729665685216,-0.9171966542898811,0.1273735901836806,-0.15708250115737124,1.7245903044748498,0
0.39754308962746504,0.7715308156211609,-0.9102029225030177,0.94888916479251,0.8598487463260621,-1.264053652420733,0.9955217528160882,0.920307393868181,-0.4108240150088804,0.7115802680654641,0.8637677229720243,-1.0775117223646489,1.0501300807468028,-0.05859021713873188,1
-0.5695805731904461,-1.2961245095504037,1.5390361211670416,0.2079003033971988,-1.196590199222649,1.4662944358135126,0.8888287685136673,0.920307393868181,0.6162360225133209,1.078327923896916,-1.8076788429208337,-1.0775117223646489,0.27406484952269095,-0.9501804779455227,1
0.8811049210364206,0.7715308156211609,0.6393156561453871,0.94888916479251,1.0637449590575208,-0.24017311933289098,-0.4981800274178035,-1.0865934650343947,-0.4108240150088804,-0.6113309190408431,0.8637677229720243,1.3322589027320104,0.6189827300667408,-0.05859021713873188,0
-0.6662929394722371,0.7715308156211609,-0.2604048088762673,0.2079003033971988,-1.272323078237191,-0.5814666303621717,-0.9249519646274869,0.920307393868181,1.6432960600355222,-0.9387841831760678,-0.026714465658928405,0.1273735901836806,0.015376439114653634,-0.9501804779455227,1
1.6548038512907495,-1.2961245095504037,0.4393777750294639,-0.5330885579981124,0.8015926855456453,0.10112039169638974,1.368947197874561,-1.0865934650343947,-0.4108240150088804,1.4843699714245946,0.8637677229720243,-1.0775117223646489,1.2225890210188277,-0.05859021713873188,0
0.010693624500300621,0.7715308156211609,-1.609985506408749,-2.0150662807887345,-0.22080118115066863,-0.9227601413914523,0.4087103391527736,0.920307393868181,-1.4378840525310816,0.13526252318746898,-0.9171966542898811,1.3322589027320104,3.1196373640111017,-0.05859021713873188,1
0.4942554559092562,-1.2961245095504037,-0.010482457481363327,0.94888916479251,0.7724646551554369,-0.5814666303621717,-0.23144756666175142,0.920307393868181,-0.4108240150088804,-0.3100739160364366,0.8637677229720243,1.3322589027320104,0.7052122002027531,-0.9501804779455227,1
1.9449409501361228,0.7715308156211609,0.4393777750294639,-1.2740774193934234,1.8851554160613968,0.10112039169638974,-0.818258980325066,-1.0865934650343947,1.6432960600355222,-0.8601953997836138,-0.026714465658928405,0.1273735901836806,-0.3295414414293961,1.7245903044748498,0
-0.3761558406268638,0.7715308156211609,0.7892690669823295,0.2079003033971988,-1.196590199222649,-1.6053471634500138,1.3156007057233507,0.920307393868181,-0.4108240150088804,1.2878980129434598,0.8637677229720243,-1.0775117223646489,0.27406484952269095,-0.9501804779455227,1
1.1712420198817939,-1.2961245095504037,-0.11045139803932492,0.94888916479251,0.6850805639848119,0.10112039169638974,-1.2983774096859597,-1.0865934650343947,0.6162360225133209,-1.1090598805263847,-1.8076788429208337,0.1273735901836806,0.3602943196587034,0.8330000436680589,0
-0.1827311080632816,0.7715308156211609,-0.4603426899921905,0.94888916479251,0.3646722296925197,1.4662944358135126,1.4222936900257714,0.920307393868181,-0.4108240150088804,1.8642157578214549,0.8637677229720243,-1.0775117223646489,1.2225890210188277,-0.9501804779455227,1
-0.8597176720358194,0.7715308156211609,-0.6102961008291329,0.2079003033971988,-1.3305791390176076,1.1250009247842319,0.5687498156064048,0.920307393868181,1.6432960600355222,0.279341959406968,-0.026714465658928405,1.3322589027320104,-0.2433119712933837,-0.9501804779455227,1
1.3646667524453762,-1.2961245095504037,-0.41035821971320974,-0.5330885579981124,0.7142085943750203,0.7837074137549511,-0.6582195038714348,-1.0865934650343947,-0.4108240150088804,-0.6899197024332971,0.8637677229720243,1.3322589027320104,1.0501300807468028,-0.05859021713873188,0
0.20411835706388284,0.7715308156211609,0.3394088344715023,0.94888916479251,0.8015926855456453,0.10112039169638974,-0.7649124881738556,0.920307393868181,-1.4378840525310816,-0.820901008087387,-0.9171966542898811,0.1273735901836806,0.9639006106107905,-0.9501804779455227,1
-0.6662929394722371,-1.2961245095504037,0.9892069480982527,0.2079003033971988,-1.2664974721591493,-0.5814666303621717,1.2089077214209298,0.920307393868181,-0.4108240150088804,1.0652297933315071,0.8637677229720243,-1.0775117223646489,0.015376439114653634,-0.9501804779455227,0
1.8482285838543318,0.7715308156211609,-0.3103892791552481,-1.2740774193934234,1.739515264110355,0.7837074137549511,-1.1383379332323285,-1.0865934650343947,0.6162360225133209,-1.0697654888301575,-1.8076788429208337,0.1273735901836806,-0.15708250115737124,1.7245903044748498,1
-0.0860187417814905,-1.2961245095504037,0.889238007540291,0.94888916479251,0.556917230267895,-1.6053471634500138,0.7287892920600361,0.920307393868181,-0.4108240150088804,0.9080522265465989,0.8637677229720243,-1.0775117223646489,0.8949170345019806,-0.9501804779455227,1
0.6876801884728384,0.7715308156211609,-1.2600942144558833,0.94888916479251,1.020052913472208,1.1250009247842319,-0.4981800274178035,-1.0865934650343947,1.6432960600355222,-0.4934477439521624,-0.026714465658928405,1.3322589027320104,0.6362286240939432,-0.05859021713873188,0
-0.9564300383176104,0.7715308156211609,-0.16043586831830572,0.2079003033971988,-1.345143154212712,-0.24017311933289098,1.3156007057233507,0.920307393868181,-0.4108240150088804,1.3140942740742776,0.8637677229720243,-1.0775117223646489,-0.3122955474021936,-0.9501804779455227,1
1.4613791187271672,-1.2961245095504037,1.7889584725619454,-1.2740774193934234,1.4220197328570838,1.4662944358135126,-1.191684425383539,-1.0865934650343947,-1.4378840525310816,-1.0435692276993398,-0.9171966542898811,0.1273735901836806,-0.05360713699415632,1.7245903044748498,0
-0.3761558406268638,0.7715308156211609,-0.9102029225030177,-2.0150662807887345,-0.2732316358530437,-1.264053652420733,1.4222936900257714,0.920307393868181,-0.4108240150088804,1.7070381910365473,0.8637677229720243,-1.0775117223646489,2.9644243177662792,-0.05859021713873188,1
0.9778172873182117,-1.2961245095504037,-1.609985506408749,0.94888916479251,0.8394591250529162,-0.9227601413914523,-0.2847940588129618,-1.0865934650343947,0.6162360225133209,-0.2707795243402095,-1.8076788429208337,1.3322589027320104,0.4637696838219183,0.8330000436680589,1
-0.7630053057540283,0.7715308156211609,-0.8602184522240369,0.2079003033971988,-1.2868870934322951,-0.5814666303621717,0.8888287685136673,0.920307393868181,-0.4108240150088804,1.130720446158552,0.8637677229720243,-1.0775117223646489,-0.05360713699415632,-0.9501804779455227,0
1.6548038512907495,0.7715308156211609,-1.0101718630609793,-0.5330885579981124,0.7520750338822911,-1.6053471634500138,-0.3381405509641722,-1.0865934650343947,1.6432960600355222,-0.5065458745175714,-0.026714465658928405,0.1273735901836806,1.2398349150460304,-0.05859021713873188,1
0.20411835706388284,-1.2961245095504037,-1.1101408036189409,0.94888916479251,0.5481788211508325,0.44241390272567044,1.0488682449672986,0.920307393868181,-0.4108240150088804,0.9080522265465989,0.8637677229720243,-1.0775117223646489,0.8949170345019806,-0.9501804779455227,0
-1.0531424045994016,0.7715308156211609,-1.4600320955718065,0.2079003033971988,-1.3626199724468369,1.1250009247842319,-1.458416886139591,0.920307393868181,-1.4378840525310816,-1.2138449250496566,-0.9171966542898811,0.1273735901836806,-0.4847544876742185,-0.9501804779455227,1
0.5909678221910473,0.7715308156211609,-0.4603426899921905,0.94888916479251,0.9268432162235414,1.4662944358135126,0.462056831303984,-1.0865934650343947,-0.4108240150088804,0.6329914846730105,0.8637677229720243,-1.0775117223646489,0.8949170345019806,-0.05859021713873188,1
1.2679543861635851,-1.2961245095504037,-1.2101097441769024,0.94888916479251,0.664690942711666,0.10112039169638974,-0.5515265195690139,-1.0865934650343947,1.6432960600355222,-0.6637234413024791,-0.026714465658928405,1.3322589027320104,0.29131074354989345,0.8330000436680589,0
-0.47286820690865494,0.7715308156211609,0.2894243641925215,0.2079003033971988,-1.182026184027545,-0.24017311933289098,1.368947197874561,0.920307393868181,-0.4108240150088804,1.4843699714245946,0.8637677229720243,-1.0775117223646489,0.3775402136859059,-0.9501804779455227,1
2.041653316417914,0.7715308156211609,-0.21042033859728654,-1.2740774193934234,2.0744876135977517,0.7837074137549511,-1.0849914410811181,-1.0865934650343947,0.6162360225133209,-0.9780785748722948,-1.8076788429208337,0.1273735901836806,-0.39852501753820607,1.7245903044748498,0
-0.2794434743450727,-1.2961245095504037,0.3394088344715023,0.94888916479251,0.431666699589999,0.10112039169638974,1.4222936900257714,0.920307393868181,-0.4108240150088804,1.8511176272560461,0.8637677229720243,-1.0775117223646489,0.7224580942299557,-0.9501804779455227,1
0.7843925547546295,0.7715308156211609,0.08948648307659827,0.94888916479251,0.985099277003958,-0.24017311933289098,0.7821357842112465,-1.0865934650343947,1.6432960600355222,-0.035013174162847924,-0.026714465658928405,1.3322589027320104,0.5499991539579308,-0.05859021713873188,1
-0.8597176720358194,0.7715308156211609,1.189144829214176,0.2079003033971988,-1.3131023207834827,-0.5814666303621717,-0.3914870431153827,0.920307393868181,-0.4108240150088804,-0.3886626994288904,0.8637677229720243,1.3322589027320104,-0.13983660713016877,-0.9501804779455227,0
1.5580914850089584,-1.2961245095504037,1.8389429428409263,-0.5330885579981124,0.7229470034920827,1.4662944358135126,-0.8716054724762764,-1.0865934650343947,-1.4378840525310816,-0.8994897914798409,-0.9171966542898811,0.1273735901836806,1.153605444910018,-0.05859021713873188,1
-0.0860187417814905,0.7715308156211609,-0.8102339819450561,-2.0150662807887345,-0.24410360546283533,0.44241390272567044,1.2622542135721402,0.920307393868181,-0.4108240150088804,1.1438185767239608,0.8637677229720243,-1.0775117223646489,3.0506537879022915,-0.05859021713873188,0
1.8482285838543318,0.7715308156211609,1.5890205914460223,-1.2740774193934234,1.8414633704760843,0.7837074137549511,-1.3517239018371703,-1.0865934650343947,0.6162360225133209,-1.1221580110917935,-1.8076788429208337,0.1273735901836806,-0.2260660772661812,1.7245903044748498,1
0.10740599078209173,-1.2961245095504037,1.3890827103300991,0.94888916479251,0.6355629123214576,0.10112039169638974,0.7821357842112465,0.920307393868181,-0.4108240150088804,0.9342484876774173,0.8637677229720243,-1.0775117223646489,0.8086875643659681,-0.9501804779455227,1
1.0745296536000029,0.7715308156211609,1.7389740022829647,0.94888916479251,0.6355629123214576,1.4662944358135126,-0.4981800274178035,-1.0865934650343947,1.6432960600355222,-0.4672514828213443,-0.026714465658928405,1.3322589027320104,0.29131074354989345,0.8330000436680589,0
-0.7630053057540283,0.7715308156211609,-0.7602495116660754,0.2079003033971988,-1.3014511086273994,-1.6053471634500138,1.3156007057233507,0.920307393868181,-0.4108240150088804,1.3402905352050956,0.8637677229720243,-1.0775117223646489,-0.05360713699415632,-0.9501804779455227,1
1.7515162175725405,-1.2961245095504037,1.0891758886562142,-1.2740774193934234,1.6958232185250424,-1.6053471634500138,-1.1383379332323285,-1.0865934650343947,-1.4378840525310816,-1.0304710971339308,-0.9171966542898811,0.1273735901836806,-0.13983660713016877,1.7245903044748498,0
0.39754308962746504,0.7715308156211609,-0.9102029225030177,0.94888916479251,0.8685871554431246,-1.264053652420733,1.4222936900257714,0.920307393868181,-0.4108240150088804,1.733234452167365,0.8637677229720243,-1.0775117223646489,1.0673759747740055,-0.05859021713873188,1
-0.5695805731904461,-1.2961245095504037,1.5390361211670416,0.2079003033971988,-1.1936773961836284,1.4662944358135126,-0.2847940588129618,0.920307393868181,0.6162360225133209,-0.24458326320939164,-1.8076788429208337,1.3322589027320104,0.29131074354989345,-0.9501804779455227,1
0.8811049210364206,0.7715308156211609,0.6393156561453871,0.94888916479251,1.0724833681745831,-0.24017311933289098,0.8888287685136673,-1.0865934650343947,-0.4108240150088804,1.15691670728937,0.8637677229720243,-1.0775117223646489,0.6362286240939432,-0.05859021713873188,0
-0.6662929394722371,0.7715308156211609,-0.2604048088762673,0.2079003033971988,-1.2694102751981702,-0.5814666303621717,-0.2847940588129618,0.920307393868181,1.6432960600355222,-0.48034961338675325,-0.026714465658928405,0.1273735901836806,0.03262233314185612,-0.9501804779455227,1
1.6548038512907495,-1.2961245095504037,0.4393777750294639,-0.5330885579981124,0.8103310946627078,0.10112039169638974,1.0488682449672986,-1.0865934650343947,-0.4108240150088804,0.9342484876774173,0.8637677229720243,-1.0775117223646489,1.2398349150460304,-0.05859021713873188,0
0.010693624500300621,0.7715308156211609,-1.609985506408749,-2.0150662807887345,-0.21497557507262696,-0.9227601413914523,-1.4050703939883806,0.920307393868181,-1.4378840525310816,-1.2007467944842474,-0.9171966542898811,0.1273735901836806,3.136883258038304,-0.05859021713873188,1
0.4942554559092562,-1.2961245095504037,-0.010482457481363327,0.94888916479251,0.7812030642724995,-0.5814666303621717,0.5154033234551945,0.920307393868181,-0.4108240150088804,0.6591877458038283,0.8637677229720243,-1.0775117223646489,0.7224580942299557,-0.9501804779455227,1
1.9449409501361228,0.7715308156211609,0.4393777750294639,-1.2740774193934234,1.8997194312565011,0.10112039169638974,-0.5515265195690139,-1.0865934650343947,1.6432960600355222,-0.6375271801716612,-0.026714465658928405,1.3322589027320104,-0.3122955474021936,1.7245903044748498,0
-0.3761558406268638,0.7715308156211609,0.7892690669823295,0.2079003033971988,-1.1936773961836284,-1.6053471634500138,1.368947197874561,0.920307393868181,-0.4108240150088804,1.5105662325554123,0.8637677229720243,-1.0775117223646489,0.29131074354989345,-0.9501804779455227,1
1.1712420198817939,-1.2961245095504037,-0.11045139803932492,0.94888916479251,0.6938189731018743,0.10112039169638974,-1.0316449489299078,-1.0865934650343947,0.6162360225133209,-0.9649804443068858,-1.8076788429208337,0.1273735901836806,0.3775402136859059,0.8330000436680589,0
-0.1827311080632816,0.7715308156211609,-0.4603426899921905,0.94888916479251,0.37341063880958225,1.4662944358135126,1.4222936900257714,0.920307393868181,-0.4108240150088804,1.877313888386864,0.8637677229720243,-1.0775117223646489,1.2398349150460304,-0.9501804779455227,1
-0.8597176720358194,0.7715308156211609,-0.6102961008291329,0.2079003033971988,-1.327666335978587,1.1250009247842319,0.7821357842112465,0.920307393868181,1.6432960600355222,-0.008816913032029817,-0.026714465658928405,1.3322589027320104,-0.2260660772661812,-0.9501804779455227,1
1.3646667524453762,-1.2961245095504037,-0.41035821971320974,-0.5330885579981124,0.7229470034920827,0.7837074137549511,-0.3381405509641722,-1.0865934650343947,-0.4108240150088804,-0.36246643829807257,0.8637677229720243,1.3322589027320104,1.0673759747740055,-0.05859021713873188,0
0.20411835706388284,0.7715308156211609,0.3394088344715023,0.94888916479251,0.8103310946627078,0.10112039169638974,-0.818258980325066,0.920307393868181,-1.4378840525310816,-0.8863916609144319,-0.9171966542898811,0.1273735901836806,0.9811465046379929,-0.9501804779455227,1
-0.6662929394722371,-1.2961245095504037,0.9892069480982527,0.2079003033971988,-1.2635846691201285,-0.5814666303621717,1.2622542135721402,0.920307393868181,-0.4108240150088804,1.1700148378547786,0.8637677229720243,-1.0775117223646489,0.03262233314185612,-0.9501804779455227,0
1.8482285838543318,0.7715308156211609,-0.3103892791552481,-1.2740774193934234,1.7540792793054591,0.7837074137549511,-1.3517239018371703,-1.0865934650343947,0.6162360225133209,-1.1090598805263847,-1.8076788429208337,0.1273735901836806,-0.13983660713016877,1.7245903044748498,1
-0.0860187417814905,-1.2961245095504037,0.889238007540291,0.94888916479251,0.5656556393849576,-1.6053471634500138,0.5687498156064048,0.920307393868181,-0.4108240150088804,0.13526252318746898,0.8637677229720243,1.3322589027320104,0.912162928529183,-0.9501804779455227,1
0.6876801884728384,0.7715308156211609,-1.2600942144558833,0.94888916479251,1.0287913225892706,1.1250009247842319,-0.12475458235933058,-1.0865934650343947,1.6432960600355222,-0.21838700207857353,-0.026714465658928405,1.3322589027320104,0.6534745181211457,-0.05859021713873188,0
-0.9564300383176104,0.7715308156211609,-0.16043586831830572,0.2079003033971988,-1.342230351173691,-0.24017311933289098,1.4222936900257714,0.920307393868181,-0.4108240150088804,1.877313888386864,0.8637677229720243,-1.0775117223646489,-0.29504965337499117,-0.9501804779455227,1
1.4613791187271672,-1.2961245095504037,1.7889584725619454,-1.2740774193934234,1.4307581419741462,1.4662944358135126,-1.0849914410811181,-1.0865934650343947,-1.4378840525310816,-1.0304710971339308,-0.9171966542898811,0.1273735901836806,-0.03636124296695383,1.7245903044748498,0
-0.3761558406268638,0.7715308156211609,-0.9102029225030177,-2.0150662807887345,-0.267406029775002,-1.264053652420733,1.1022147371185091,0.920307393868181,-0.4108240150088804,0.8032671820233274,0.8637677229720243,-1.0775117223646489,2.9816702117934817,-0.05859021713873188,1
0.9778172873182117,-1.2961245095504037,-1.609985506408749,0.94888916479251,0.8481975341699788,-0.9227601413914523,0.835482276362457,-1.0865934650343947,0.6162360225133209,0.986641009939053,-1.8076788429208337,-1.0775117223646489,0.4810155778491208,0.8330000436680589,1
-0.7630053057540283,0.7715308156211609,-0.8602184522240369,0.2079003033971988,-1.2839742903932743,-0.5814666303621717,-0.4448335352665931,0.920307393868181,-0.4108240150088804,-0.5589383967792073,0.8637677229720243,1.3322589027320104,-0.03636124296695383,-0.9501804779455227,0
1.6548038512907495,0.7715308156211609,-1.0101718630609793,-0.5330885579981124,0.7608134429993536,-1.6053471634500138,-1.0849914410811181,-1.0865934650343947,1.6432960600355222,-1.0697654888301575,-0.026714465658928405,0.1273735901836806,1.2570808090732328,-0.05859021713873188,1
0.20411835706388284,-1.2961245095504037,-1.1101408036189409,0.94888916479251,0.556917230267895,0.44241390272567044,1.368947197874561,0.920307393868181,-0.4108240150088804,1.5498606242516395,0.8637677229720243,-1.0775117223646489,0.912162928529183,-0.9501804779455227,0
-1.0531424045994016,0.7715308156211609,-1.4600320955718065,0.2079003033971988,-1.359707169407816,1.1250009247842319,0.462056831303984,0.920307393868181,-1.4378840525310816,0.24004756771074096,-0.9171966542898811,1.3322589027320104,-0.467508593647016,-0.9501804779455227,1
0.5909678221910473,0.7715308156211609,-0.4603426899921905,0.94888916479251,0.9355816253406039,1.4662944358135126,-0.2847940588129618,-1.0865934650343947,-0.4108240150088804,-0.3231720466018455,0.8637677229720243,1.3322589027320104,0.912162928529183,-0.05859021713873188,1
1.2679543861635851,-1.2961245095504037,-1.2101097441769024,0.94888916479251,0.6734293518287285,0.10112039169638974,-0.9249519646274869,-1.0865934650343947,1.6432960600355222,-0.8863916609144319,-0.026714465658928405,0.1273735901836806,0.30855663757709595,0.8330000436680589,0
-0.47286820690865494,0.7715308156211609,0.2894243641925215,0.2079003033971988,-1.1791133809885241,-0.24017311933289098,1.3156007057233507,0.920307393868181,-0.4108240150088804,1.2878980129434598,0.8637677229720243,-1.0775117223646489,0.39478610771310835,-0.9501804779455227,1
2.041653316417914,0.7715308156211609,-0.21042033859728654,-1.2740774193934234,2.0890516287928556,0.7837074137549511,-1.2983774096859597,-1.0865934650343947,0.6162360225133209,-1.1614524027880206,-1.8076788429208337,0.1273735901836806,-0.38127912351100357,1.7245903044748498,0
-0.2794434743450727,-1.2961245095504037,0.3394088344715023,0.94888916479251,0.4404051087070615,0.10112039169638974,1.4222936900257714,0.920307393868181,-0.4108240150088804,1.7856269744290012,0.8637677229720243,-1.0775117223646489,0.7397039882571581,-0.9501804779455227,1
0.7843925547546295,0.7715308156211609,0.08948648307659827,0.94888916479251,0.9938376861210206,-0.24017311933289098,0.6220963077576153,-1.0865934650343947,1.6432960600355222,0.5020101790189206,-0.026714465658928405,-1.0775117223646489,0.5672450479851332,-0.05859021713873188,1
-0.8597176720358194,0.7715308156211609,1.189144829214176,0.2079003033971988,-1.3101895177444618,-0.5814666303621717,-0.4981800274178035,0.920307393868181,-0.4108240150088804,-0.6113309190408431,0.8637677229720243,1.3322589027320104,-0.12259071310296626,-0.9501804779455227,0
1.5580914850089584,-1.2961245095504037,1.8389429428409263,-0.5330885579981124,0.7316854126091452,1.4662944358135126,-0.7649124881738556,-1.0865934650343947,-1.4378840525310816,-0.820901008087387,-0.9171966542898811,0.1273735901836806,1.1708513389372204,-0.05859021713873188,1
-0.0860187417814905,0.7715308156211609,-0.8102339819450561,-2.0150662807887345,-0.23827799938479366,0.44241390272567044,1.2089077214209298,0.920307393868181,-0.4108240150088804,1.0652297933315071,0.8637677229720243,-1.0775117223646489,3.067899681929494,-0.05859021713873188,0
1.8482285838543318,0.7715308156211609,1.5890205914460223,-1.2740774193934234,1.8560273856711884,0.7837074137549511,-1.1383379332323285,-1.0865934650343947,0.6162360225133209,-1.0828636193955667,-1.8076788429208337,0.1273735901836806,-0.20882018323897872,1.7245903044748498,1
0.10740599078209173,-1.2961245095504037,1.3890827103300991,0.94888916479251,0.6443013214385201,0.10112039169638974,0.7821357842112465,0.920307393868181,-0.4108240150088804,0.39722513449564867,0.8637677229720243,1.3322589027320104,0.8259334583931706,-0.9501804779455227,1
1.0745296536000029,0.7715308156211609,1.7389740022829647,0.94888916479251,0.6443013214385201,1.4662944358135126,-0.2847940588129618,-1.0865934650343947,1.6432960600355222,-0.4279570911251175,-0.026714465658928405,1.3322589027320104,0.30855663757709595,0.8330000436680589,0
-0.7630053057540283,0.7715308156211609,-0.7602495116660754,0.2079003033971988,-1.2985383055883786,-1.6053471634500138,1.4222936900257714,0.920307393868181,-0.4108240150088804,1.733234452167365,0.8637677229720243,-1.0775117223646489,-0.03636124296695383,-0.9501804779455227,1
1.7515162175725405,-1.2961245095504037,1.0891758886562142,-1.2740774193934234,1.7103872337201467,-1.6053471634500138,-0.9782984567786973,-1.0865934650343947,-1.4378840525310816,-1.0042748360031128,-0.9171966542898811,0.1273735901836806,-0.12259071310296626,1.7245903044748498,0
0.39754308962746504,0.7715308156211609,-0.9102029225030177,0.94888916479251,0.8773255645601871,-1.264053652420733,0.9955217528160882,0.920307393868181,-0.4108240150088804,0.7377765291962824,0.8637677229720243,-1.0775117223646489,1.084621868801208,-0.05859021713873188,1
-0.5695805731904461,-1.2961245095504037,1.5390361211670416,0.2079003033971988,-1.1907645931446076,1.4662944358135126,0.8888287685136673,0.920307393868181,0.6162360225133209,1.1045241850277336,-1.8076788429208337,-1.0775117223646489,0.30855663757709595,-0.9501804779455227,1
0.8811049210364206,0.7715308156211609,0.6393156561453871,0.94888916479251,1.0812217772916457,-0.24017311933289098,-0.4448335352665931,-1.0865934650343947,-0.4108240150088804,-0.5851346579100252,0.8637677229720243,1.3322589027320104,0.6534745181211457,-0.05859021713873188,0
-0.6662929394722371,0.7715308156211609,-0.2604048088762673,0.2079003033971988,-1.2664974721591493,-0.5814666303621717,-0.8716054724762764,0.920307393868181,1.6432960600355222,-0.9256860526106587,-0.026714465658928405,0.1273735901836806,0.04986822716905861,-0.9501804779455227,1
1.6548038512907495,-1.2961245095504037,0.4393777750294639,-0.5330885579981124,0.8190695037797704,0.10112039169638974,1.368947197874561,-1.0865934650343947,-0.4108240150088804,1.5105662325554123,0.8637677229720243,-1.0775117223646489,1.2570808090732328,-0.05859021713873188,0
0.010693624500300621,0.7715308156211609,-1.609985506408749,-2.0150662807887345,-0.20914996899458527,-0.9227601413914523,0.462056831303984,0.920307393868181,-1.4378840525310816,0.16145878431828686,-0.9171966542898811,1.3322589027320104,3.1541291520655066,-0.05859021713873188,1
0.4942554559092562,-1.2961245095504037,-0.010482457481363327,0.94888916479251,0.789941473389562,-0.5814666303621717,-0.23144756666175142,0.920307393868181,-0.4108240150088804,-0.28387765490561845,0.8637677229720243,1.3322589027320104,0.7397039882571581,-0.9501804779455227,1
1.9449409501361228,0.7715308156211609,0.4393777750294639,-1.2740774193934234,1.9142834464516054,0.10112039169638974,-0.7649124881738556,-1.0865934650343947,1.6432960600355222,-0.833999138652796,-0.026714465658928405,0.1273735901836806,-0.29504965337499117,1.7245903044748498,0
-0.3761558406268638,0.7715308156211609,0.7892690669823295,0.2079003033971988,-1.1907645931446076,-1.6053471634500138,1.3156007057233507,0.920307393868181,-0.4108240150088804,1.3140942740742776,0.8637677229720243,-1.0775117223646489,0.30855663757709595,-0.9501804779455227,1
1.1712420198817939,-1.2961245095504037,-0.11045139803932492,0.94888916479251,0.7025573822189368,0.10112039169638974,-1.2450309175347494,-1.0865934650343947,0.6162360225133209,-1.0959617499609757,-1.8076788429208337,0.1273735901836806,0.39478610771310835,0.8330000436680589,0
-0.1827311080632816,0.7715308156211609,-0.4603426899921905,0.94888916479251,0.3821490479266447,1.4662944358135126,1.4222936900257714,0.920307393868181,-0.4108240150088804,1.8904120189522728,0.8637677229720243,-1.0775117223646489,1.2570808090732328,-0.9501804779455227,1
-0.8597176720358194,0.7715308156211609,-0.6102961008291329,0.2079003033971988,-1.324753532939566,1.1250009247842319,0.6220963077576153,0.920307393868181,1.6432960600355222,0.3055382205377859,-0.026714465658928405,1.3322589027320104,-0.20882018323897872,-0.9501804779455227,1
1.3646667524453762,-1.2961245095504037,-0.41035821971320974,-0.5330885579981124,0.7316854126091452,0.7837074137549511,-0.6048730117202243,-1.0865934650343947,-0.4108240150088804,-0.6637234413024791,0.8637677229720243,1.3322589027320104,1.084621868801208,-0.05859021713873188,0
0.20411835706388284,0.7715308156211609,0.3394088344715023,0.94888916479251,0.8190695037797704,0.10112039169638974,-0.7115659960226451,0.920307393868181,-1.4378840525310816,-0.7947047469565689,-0.9171966542898811,0.1273735901836806,0.9983923986651955,-0.9501804779455227,1
-0.6662929394722371,-1.2961245095504037,0.9892069480982527,0.2079003033971988,-1.2606718660811076,-0.5814666303621717,1.2089077214209298,0.920307393868181,-0.4108240150088804,1.0914260544623249,0.8637677229720243,-1.0775117223646489,0.04986822716905861,-0.9501804779455227,0
1.8482285838543318,0.7715308156211609,-0.3103892791552481,-1.2740774193934234,1.7686432945005635,0.7837074137549511,-1.0849914410811181,-1.0865934650343947,0.6162360225133209,-1.0566673582647486,-1.8076788429208337,0.1273735901836806,-0.12259071310296626,1.7245903044748498,1
-0.0860187417814905,-1.2961245095504037,0.889238007540291,0.94888916479251,0.57439404850202,-1.6053471634500138,0.7821357842112465,0.920307393868181,-0.4108240150088804,0.9342484876774173,0.8637677229720243,-1.0775117223646489,0.9294088225563855,-0.9501804779455227,1
0.6876801884728384,0.7715308156211609,-1.2600942144558833,0.94888916479251,1.0375297317063332,1.1250009247842319,-0.4981800274178035,-1.0865934650343947,1.6432960600355222,-0.4672514828213443,-0.026714465658928405,1.3322589027320104,0.6707204121483482,-0.05859021713873188,0
-0.9564300383176104,0.7715308156211609,-0.16043586831830572,0.2079003033971988,-1.3393175481346702,-0.24017311933289098,1.3156007057233507,0.920307393868181,-0.4108240150088804,1.3402905352050956,0.8637677229720243,-1.0775117223646489,-0.27780375934778867,-0.9501804779455227,1
1.4613791187271672,-1.2961245095504037,1.7889584725619454,-1.2740774193934234,1.4394965510912088,1.4662944358135126,-1.1383379332323285,-1.0865934650343947,-1.4378840525310816,-1.0304710971339308,-0.9171966542898811,0.1273735901836806,-0.01911534893975134,1.7245903044748498,0
-0.3761558406268638,0.7715308156211609,-0.9102029225030177,-2.0150662807887345,-0.26158042369696033,-1.264053652420733,1.4222936900257714,0.920307393868181,-0.4108240150088804,1.733234452167365,0.8637677229720243,-1.0775117223646489,2.998916105820684,-0.05859021713873188,1
0.9778172873182117,-1.2961245095504037,-1.609985506408749,0.94888916479251,0.8569359432870413,-0.9227601413914523,-0.2847940588129618,-1.0865934650343947,0.6162360225133209,-0.24458326320939164,-1.8076788429208337,1.3322589027320104,0.4982614718763233,0.8330000436680589,1
-0.7630053057540283,0.7715308156211609,-0.8602184522240369,0.2079003033971988,-1.2810614873542534,-0.5814666303621717,0.8888287685136673,0.920307393868181,-0.4108240150088804,1.15691670728937,0.8637677229720243,-1.0775117223646489,-0.01911534893975134,-0.9501804779455227,0
1.6548038512907495,0.7715308156211609,-1.0101718630609793,-0.5330885579981124,0.7695518521164161,-1.6053471634500138,-0.2847940588129618,-1.0865934650343947,1.6432960600355222,-0.48034961338675325,-0.026714465658928405,0.1273735901836806,1.2743267031004353,-0.05859021713873188,1
0.20411835706388284,-1.2961245095504037,-1.1101408036189409,0.94888916479251,0.5656556393849576,0.44241390272567044,1.0488682449672986,0.920307393868181,-0.4108240150088804,0.9342484876774173,0.8637677229720243,-1.0775117223646489,0.9294088225563855,-0.9501804779455227,0
-1.0531424045994016,0.7715308156211609,-1.4600320955718065,0.2079003033971988,-1.3567943663687954,1.1250009247842319,-1.4050703939883806,0.920307393868181,-1.4378840525310816,-1.2007467944842474,-0.9171966542898811,0.1273735901836806,-0.4502626996198135,-0.9501804779455227,1
0.5909678221910473,0.7715308156211609,-0.4603426899921905,0.94888916479251,0.9443200344576663,1.4662944358135126,0.5154033234551945,-1.0865934650343947,-0.4108240150088804,0.6591877458038283,0.8637677229720243,-1.0775117223646489,0.9294088225563855,-0.05859021713873188,1
1.2679543861635851,-1.2961245095504037,-1.2101097441769024,0.94888916479251,0.682167760945791,0.10112039169638974,-0.5515265195690139,-1.0865934650343947,1.6432960600355222,-0.6375271801716612,-0.026714465658928405,1.3322589027320104,0.3258025316042984,0.8330000436680589,0
-0.47286820690865494,0.7715308156211609,0.2894243641925215,0.2079003033971988,-1.1762005779495033,-0.24017311933289098,1.368947197874561,0.920307393868181,-0.4108240150088804,1.5105662325554123,0.8637677229720243,-1.0775117223646489,0.41203200174031085,-0.9501804779455227,1
2.041653316417914,0.7715308156211609,-0.21042033859728654,-1.2740774193934234,2.10361564398796,0.7837074137549511,-1.0316449489299078,-1.0865934650343947,0.6162360225133209,-0.9649804443068858,-1.8076788429208337,0.1273735901836806,-0.3640332294838011,1.7245903044748498,0
-0.2794434743450727,-1.2961245095504037,0.3394088344715023,0.94888916479251,0.449143517824124,0.10112039169638974,1.4222936900257714,0.920307393868181,-0.4108240150088804,1.877313888386864,0.8637677229720243,-1.0775117223646489,0.7569498822843607,-0.9501804779455227,1
0.7843925547546295,0.7715308156211609,0.08948648307659827,0.94888916479251,1.002576095238083,-0.24017311933289098,0.7821357842112465,-1.0865934650343947,1.6432960600355222,-0.008816913032029817,-0.026714465658928405,1.3322589027320104,0.5844909420123358,-0.05859021713873188,1
-0.8597176720358194,0.7715308156211609,1.189144829214176,0.2079003033971988,-1.307276714705441,-0.5814666303621717,-0.3381405509641722,0.920307393868181,-0.4108240150088804,-0.36246643829807257,0.8637677229720243,1.3322589027320104,-0.10534481907576378,-0.9501804779455227,0
1.5580914850089584,-1.2961245095504037,1.8389429428409263,-0.5330885579981124,0.7404238217262078,1.4662944358135126,-0.818258980325066,-1.0865934650343947,-1.4378840525310816,-0.8863916609144319,-0.9171966542898811,0.1273735901836806,1.1880972329644228,-0.05859021713873188,1
-0.0860187417814905,0.7715308156211609,-0.8102339819450561,-2.0150662807887345,-0.23245239330675196,0.44241390272567044,1.2622542135721402,0.920307393868181,-0.4108240150088804,1.1700148378547786,0.8637677229720243,-1.0775117223646489,3.0851455759566964,-0.05859021713873188,0
1.8482285838543318,0.7715308156211609,1.5890205914460223,-1.2740774193934234,1.8705914008662927,0.7837074137549511,-1.3517239018371703,-1.0865934650343947,0.6162360225133209,-1.1090598805263847,-1.8076788429208337,0.1273735901836806,-0.19157428921177622,1.7245903044748498,1
0.10740599078209173,-1.2961245095504037,1.3890827103300991,0.94888916479251,0.6530397305555826,0.10112039169638974,0.5687498156064048,0.920307393868181,-0.4108240150088804,0.13526252318746898,0.8637677229720243,1.3322589027320104,0.843179352420373,-0.9501804779455227,1
1.0745296536000029,0.7715308156211609,1.7389740022829647,0.94888916479251,0.6530397305555826,1.4662944358135126,-0.12475458235933058,-1.0865934650343947,1.6432960600355222,-0.21838700207857353,-0.026714465658928405,1.3322589027320104,0.3258025316042984,0.8330000436680589,0
-0.7630053057540283,0.7715308156211609,-0.7602495116660754,0.2079003033971988,-1.2956255025493577,-1.6053471634500138,1.4222936900257714,0.920307393868181,-0.4108240150088804,1.877313888386864,0.8637677229720243,-1.0775117223646489,-0.01911534893975134,-0.9501804779455227,1
1.7515162175725405,-1.2961245095504037,1.0891758886562142,-1.2740774193934234,1.7249512489152508,-1.6053471634500138,-1.0849914410811181,-1.0865934650343947,-1.4378840525310816,-1.0304710971339308,-0.9171966542898811,0.1273735901836806,-0.10534481907576378,1.7245903044748498,0
0.39754308962746504,0.7715308156211609,-0.9102029225030177,0.94888916479251,0.8860639736772496,-1.264053652420733,1.1022147371185091,0.920307393868181,-0.4108240150088804,0.8032671820233274,0.8637677229720243,-1.0775117223646489,1.1018677628284104,-0.05859021713873188,1
-0.5695805731904461,-1.2961245095504037,1.5390361211670416,0.2079003033971988,-1.1878517901055867,1.4662944358135126,0.835482276362457,0.920307393868181,0.6162360225133209,0.986641009939053,-1.8076788429208337,-1.0775117223646489,0.3258025316042984,-0.9501804779455227,1
0.8811049210364206,0.7715308156211609,0.6393156561453871,0.94888916479251,1.0899601864087083,-0.24017311933289098,-0.4448335352665931,-1.0865934650343947,-0.4108240150088804,-0.5589383967792073,0.8637677229720243,1.3322589027320104,0.6707204121483482,-0.05859021713873188,0
-0.6662929394722371,0.7715308156211609,-0.2604048088762673,0.2079003033971988,-1.2635846691201285,-0.5814666303621717,-1.0849914410811181,0.920307393868181,1.6432960600355222,-1.0697654888301575,-0.026714465658928405,0.1273735901836806,0.0671141211962611,-0.9501804779455227,1
1.6548038512907495,-1.2961245095504037,0.4393777750294639,-0.5330885579981124,0.8278079128968329,0.10112039169638974,1.368947197874561,-1.0865934650343947,-0.4108240150088804,1.5498606242516395,0.8637677229720243,-1.0775117223646489,1.2743267031004353,-0.05859021713873188,0
0.010693624500300621,0.7715308156211609,-1.609985506408749,-2.0150662807887345,-0.2033243629165436,-0.9227601413914523,0.462056831303984,0.920307393868181,-1.4378840525310816,0.24004756771074096,-0.9171966542898811,1.3322589027320104,3.171375046092709,-0.05859021713873188,1
0.4942554559092562,-1.2961245095504037,-0.010482457481363327,0.94888916479251,0.7986798825066245,-0.5814666303621717,-0.2847940588129618,0.920307393868181,-0.4108240150088804,-0.3231720466018455,0.8637677229720243,1.3322589027320104,0.7569498822843607,-0.9501804779455227,1
1.9449409501361228,0.7715308156211609,0.4393777750294639,-1.2740774193934234,1.9288474616467097,0.10112039169638974,-0.9249519646274869,-1.0865934650343947,1.6432960600355222,-0.8863916609144319,-0.026714465658928405,0.1273735901836806,-0.27780375934778867,1.7245903044748498,0
-0.3761558406268638,0.7715308156211609,0.7892690669823295,0.2079003033971988,-1.1878517901055867,-1.6053471634500138,1.3156007057233507,0.920307393868181,-0.4108240150088804,1.2878980129434598,0.8637677229720243,-1.0775117223646489,0.3258025316042984,-0.9501804779455227,1
1.1712420198817939,-1.2961245095504037,-0.11045139803932492,0.94888916479251,0.7112957913359994,0.10112039169638974,-1.2983774096859597,-1.0865934650343947,0.6162360225133209,-1.1614524027880206,-1.8076788429208337,0.1273735901836806,0.41203200174031085,0.8330000436680589,0
-0.1827311080632816,0.7715308156211609,-0.4603426899921905,0.94888916479251,0.39088745704370725,1.4662944358135126,1.4222936900257714,0.920307393868181,-0.4108240150088804,1.7856269744290012,0.8637677229720243,-1.0775117223646489,1.2743267031004353,-0.9501804779455227,1
-0.8597176720358194,0.7715308156211609,-0.6102961008291329,0.2079003033971988,-1.3218407299005452,1.1250009247842319,0.6220963077576153,0.920307393868181,1.6432960600355222,0.5020101790189206,-0.026714465658928405,-1.0775117223646489,-0.19157428921177622,-0.9501804779455227,1
1.3646667524453762,-1.2961245095504037,-0.41035821971320974,-0.5330885579981124,0.7404238217262078,0.7837074137549511,-0.4981800274178035,-1.0865934650343947,-0.4108240150088804,-0.6113309190408431,0.8637677229720243,1.3322589027320104,1.1018677628284104,-0.05859021713873188,0
0.20411835706388284,0.7715308156211609,0.3394088344715023,0.94888916479251,0.8278079128968329,0.10112039169638974,-0.7649124881738556,0.920307393868181,-1.4378840525310816,-0.820901008087387,-0.9171966542898811,0.1273735901836806,1.015638292692398,-0.9501804779455227,1
-0.6662929394722371,-1.2961245095504037,0.9892069480982527,0.2079003033971988,-1.2577590630420867,-0.5814666303621717,1.2089077214209298,0.920307393868181,-0.4108240150088804,1.0652297933315071,0.8637677229720243,-1.0775117223646489,0.0671141211962611,-0.9501804779455227,0
1.8482285838543318,0.7715308156211609,-0.3103892791552481,-1.2740774193934234,1.7832073096956675,0.7837074137549511,-1.1383379332323285,-1.0865934650343947,0.6162360225133209,-1.0828636193955667,-1.8076788429208337,0.1273735901836806,-0.10534481907576378,1.7245903044748498,1
0.010693624500300621,-1.2961245095504037,0.889238007540291,0.94888916479251,0.5831324576190825,-1.6053471634500138,0.7821357842112465,0.920307393868181,-0.4108240150088804,0.39722513449564867,0.8637677229720243,1.3322589027320104,0.946654716583588,-0.9501804779455227,1
0.7843925547546295,0.7715308156211609,-1.2600942144558833,0.94888916479251,1.0462681408233956,1.1250009247842319,-0.2847940588129618,-1.0865934650343947,1.6432960600355222,-0.4279570911251175,-0.026714465658928405,1.3322589027320104,0.6879663061755507,-0.05859021713873188,0
-0.8597176720358194,0.7715308156211609,-0.16043586831830572,0.2079003033971988,-1.3364047450956493,-0.24017311933289098,1.4222936900257714,0.920307393868181,-0.4108240150088804,1.733234452167365,0.8637677229720243,-1.0775117223646489,-0.26055786532058617,-0.9501804779455227,1
1.5580914850089584,-1.2961245095504037,1.7889584725619454,-1.2740774193934234,1.4482349602082714,1.4662944358135126,-0.9782984567786973,-1.0865934650343947,-1.4378840525310816,-1.0042748360031128,-0.9171966542898811,0.1273735901836806,-0.0018694549125488533,1.7245903044748498,0
-0.2794434743450727,0.7715308156211609,-0.9102029225030177,-2.0150662807887345,-0.25575481761891866,-1.264053652420733,0.9955217528160882,0.920307393868181,-0.4108240150088804,0.7377765291962824,0.8637677229720243,-1.0775117223646489,3.0161619998478866,-0.05859021713873188,1
1.0745296536000029,-1.2961245095504037,-1.609985506408749,0.94888916479251,0.8656743524041037,-0.9227601413914523,0.8888287685136673,-1.0865934650343947,0.6162360225133209,1.1045241850277336,-1.8076788429208337,-1.0775117223646489,0.5155073659035257,0.8330000436680589,1
-0.6662929394722371,0.7715308156211609,-0.8602184522240369,0.2079003033971988,-1.2781486843152325,-0.5814666303621717,-0.4448335352665931,0.920307393868181,-0.4108240150088804,-0.5851346579100252,0.8637677229720243,1.3322589027320104,-0.0018694549125488533,-0.9501804779455227,0
1.7515162175725405,0.7715308156211609,-1.0101718630609793,-0.5330885579981124,0.7782902612334787,-1.6053471634500138,-0.8716054724762764,-1.0865934650343947,1.6432960600355222,-0.9256860526106587,-0.026714465658928405,0.1273735901836806,1.2915725971276377,-0.05859021713873188,1
0.30083072334567396,-1.2961245095504037,-1.1101408036189409,0.94888916479251,0.57439404850202,0.44241390272567044,1.368947197874561,0.920307393868181,-0.4108240150088804,1.5105662325554123,0.8637677229720243,-1.0775117223646489,0.946654716583588,-0.9501804779455227,0
-0.9564300383176104,0.7715308156211609,-1.4600320955718065,0.2079003033971988,-1.3538815633297745,1.1250009247842319,0.462056831303984,0.920307393868181,-1.4378840525310816,0.16145878431828686,-0.9171966542898811,1.3322589027320104,-0.4330168055926111,-0.9501804779455227,1
0.6876801884728384,0.7715308156211609,-0.4603426899921905,0.94888916479251,0.9530584435747289,1.4662944358135126,-0.23144756666175142,-1.0865934650343947,-0.4108240150088804,-0.28387765490561845,0.8637677229720243,1.3322589027320104,0.946654716583588,-0.05859021713873188,1
1.3646667524453762,-1.2961245095504037,-1.2101097441769024,0.94888916479251,0.6909061700628535,0.10112039169638974,-0.7649124881738556,-1.0865934650343947,1.6432960600355222,-0.833999138652796,-0.026714465658928405,0.1273735901836806,0.3430484256315009,0.8330000436680589,0
-0.3761558406268638,0.7715308156211609,0.2894243641925215,0.2079003033971988,-1.1732877749104824,-0.24017311933289098,1.3156007057233507,0.920307393868181,-0.4108240150088804,1.3140942740742776,0.8637677229720243,-1.0775117223646489,0.42927789576751335,-0.9501804779455227,1
2.138365682699705,0.7715308156211609,-0.21042033859728654,-1.2740774193934234,2.1327436743781685,0.7837074137549511,-1.2450309175347494,-1.0865934650343947,0.6162360225133209,-1.0959617499609757,-1.8076788429208337,0.1273735901836806,-0.3467873354565986,1.7245903044748498,0
-0.1827311080632816,-1.2961245095504037,0.3394088344715023,0.94888916479251,0.4578819269411865,0.10112039169638974,1.4222936900257714,0.920307393868181,-0.4108240150088804,1.8904120189522728,0.8637677229720243,-1.0775117223646489,0.7741957763115631,-0.9501804779455227,1
0.8811049210364206,0.7715308156211609,0.08948648307659827,0.94888916479251,1.0113145043551457,-0.24017311933289098,0.6220963077576153,-1.0865934650343947,1.6432960600355222,0.3055382205377859,-0.026714465658928405,1.3322589027320104,0.6017368360395382,-0.05859021713873188,1
-0.7630053057540283,0.7715308156211609,1.189144829214176,0.2079003033971988,-1.30436391166642,-0.5814666303621717,-0.6048730117202243,0.920307393868181,-0.4108240150088804,-0.6637234413024791,0.8637677229720243,1.3322589027320104,-0.08809892504856129,-0.9501804779455227,0
1.6548038512907495,-1.2961245095504037,1.8389429428409263,-0.5330885579981124,0.7491622308432703,1.4662944358135126,-0.7115659960226451,-1.0865934650343947,-1.4378840525310816,-0.7947047469565689,-0.9171966542898811,0.1273735901836806,1.2053431269916253,-0.05859021713873188,1
0.010693624500300621,0.7715308156211609,-0.8102339819450561,-2.0150662807887345,-0.2266267872287103,0.44241390272567044,1.2089077214209298,0.920307393868181,-0.4108240150088804,1.0914260544623249,0.8637677229720243,-1.0775117223646489,3.102391469983899,-0.05859021713873188,0
1.9449409501361228,0.7715308156211609,1.5890205914460223,-1.2740774193934234,1.8997194312565011,0.7837074137549511,-1.0849914410811181,-1.0865934650343947,0.6162360225133209,-1.0566673582647486,-1.8076788429208337,0.1273735901836806,-0.17432839518457374,1.7245903044748498,1
0.20411835706388284,-1.2961245095504037,1.3890827103300991,0.94888916479251,0.6617781396726451,0.10112039169638974,0.7821357842112465,0.920307393868181,-0.4108240150088804,0.9342484876774173,0.8637677229720243,-1.0775117223646489,0.8604252464475756,-0.9501804779455227,1
1.1712420198817939,0.7715308156211609,1.7389740022829647,0.94888916479251,0.6617781396726451,1.4662944358135126,-0.4981800274178035,-1.0865934650343947,1.6432960600355222,-0.4672514828213443,-0.026714465658928405,1.3322589027320104,0.3430484256315009,0.8330000436680589,0
-0.6662929394722371,0.7715308156211609,-0.7602495116660754,0.2079003033971988,-1.2927126995103368,-1.6053471634500138,1.3156007057233507,0.920307393868181,-0.4108240150088804,1.3402905352050956,0.8637677229720243,-1.0775117223646489,-0.0018694549125488533,-0.9501804779455227,1
1.8482285838543318,-1.2961245095504037,1.0891758886562142,-1.2740774193934234,1.7540792793054591,-1.6053471634500138,-1.1383379332323285,-1.0865934650343947,-1.4378840525310816,-1.0304710971339308,-0.9171966542898811,0.1273735901836806,-0.08809892504856129,1.7245903044748498,0
0.4942554559092562,0.7715308156211609,-0.9102029225030177,0.94888916479251,0.8948023827943121,-1.264053652420733,1.4222936900257714,0.920307393868181,-0.4108240150088804,1.733234452167365,0.8637677229720243,-1.0775117223646489,1.1191136568556128,-0.05859021713873188,1
-0.47286820690865494,-1.2961245095504037,1.5390361211670416,0.2079003033971988,-1.1849389870665659,1.4662944358135126,-0.2847940588129618,0.920307393868181,0.6162360225133209,-0.24458326320939164,-1.8076788429208337,1.3322589027320104,0.3430484256315009,-0.9501804779455227,1
0.9778172873182117,0.7715308156211609,0.6393156561453871,0.94888916479251,1.0986985955257709,-0.24017311933289098,0.8888287685136673,-1.0865934650343947,-0.4108240150088804,1.15691670728937,0.8637677229720243,-1.0775117223646489,0.6879663061755507,-0.05859021713873188,0
-0.5695805731904461,0.7715308156211609,-0.2604048088762673,0.2079003033971988,-1.2606718660811076,-0.5814666303621717,-0.2847940588129618,0.920307393868181,1.6432960600355222,-0.48034961338675325,-0.026714465658928405,0.1273735901836806,0.08436001522346359,-0.9501804779455227,1
1.7515162175725405,-1.2961245095504037,0.4393777750294639,-0.5330885579981124,0.8365463220138953,0.10112039169638974,1.0488682449672986,-1.0865934650343947,-0.4108240150088804,0.9342484876774173,0.8637677229720243,-1.0775117223646489,1.2915725971276377,-0.05859021713873188,0
0.10740599078209173,0.7715308156211609,-1.609985506408749,-2.0150662807887345,-0.19749875683850193,-0.9227601413914523,-1.4050703939883806,0.920307393868181,-1.4378840525310816,-1.2007467944842474,-0.9171966542898811,0.1273735901836806,3.1886209401199115,-0.05859021713873188,1
0.5909678221910473,-1.2961245095504037,-0.010482457481363327,0.94888916479251,0.8074182916236871,-0.5814666303621717,0.5154033234551945,0.920307393868181,-0.4108240150088804,0.6591877458038283,0.8637677229720243,-1.0775117223646489,0.7741957763115631,-0.9501804779455227,1
2.041653316417914,0.7715308156211609,0.4393777750294639,-1.2740774193934234,1.9579754920369181,0.10112039169638974,-0.5515265195690139,-1.0865934650343947,1.6432960600355222,-0.6375271801716612,-0.026714465658928405,1.3322589027320104,-0.26055786532058617,1.7245903044748498,0
-0.2794434743450727,0.7715308156211609,0.7892690669823295,0.2079003033971988,-1.1849389870665659,-1.6053471634500138,1.368947197874561,0.920307393868181,-0.4108240150088804,1.5105662325554123,0.8637677229720243,-1.0775117223646489,0.3430484256315009,-0.9501804779455227,1
1.2679543861635851,-1.2961245095504037,-0.11045139803932492,0.94888916479251,0.7200342004530619,0.10112039169638974,-1.0316449489299078,-1.0865934650343947,0.6162360225133209,-0.9649804443068858,-1.8076788429208337,0.1273735901836806,0.42927789576751335,0.8330000436680589,0
-0.0860187417814905,0.7715308156211609,-0.4603426899921905,0.94888916479251,0.3996258661607698,1.4662944358135126,1.4222936900257714,0.920307393868181,-0.4108240150088804,1.877313888386864,0.8637677229720243,-1.0775117223646489,1.2915725971276377,-0.9501804779455227,1
-0.7630053057540283,0.7715308156211609,-0.6102961008291329,0.2079003033971988,-1.3189279268615244,1.1250009247842319,0.7821357842112465,0.920307393868181,1.6432960600355222,-0.008816913032029817,-0.026714465658928405,1.3322589027320104,-0.17432839518457374,-0.9501804779455227,1
1.4613791187271672,-1.2961245095504037,-0.41035821971320974,-0.5330885579981124,0.7491622308432703,0.7837074137549511,-0.3381405509641722,-1.0865934650343947,-0.4108240150088804,-0.36246643829807257,0.8637677229720243,1.3322589027320104,1.1191136568556128,-0.05859021713873188,0
0.30083072334567396,0.7715308156211609,0.3394088344715023,0.94888916479251,0.8365463220138953,0.10112039169638974,-0.818258980325066,0.920307393868181,-1.4378840525310816,-0.8863916609144319,-0.9171966542898811,0.1273735901836806,1.0328841867196004,-0.9501804779455227,1
-0.5695805731904461,-1.2961245095504037,0.9892069480982527,0.2079003033971988,-1.2548462600030659,-0.5814666303621717,1.2622542135721402,0.920307393868181,-0.4108240150088804,1.1700148378547786,0.8637677229720243,-1.0775117223646489,0.08436001522346359,-0.9501804779455227,0
1.9449409501361228,0.7715308156211609,-0.3103892791552481,-1.2740774193934234,1.812335340085876,0.7837074137549511,-1.3517239018371703,-1.0865934650343947,0.6162360225133209,-1.1090598805263847,-1.8076788429208337,0.1273735901836806,-0.08809892504856129,1.7245903044748498,1
0.010693624500300621,-1.2961245095504037,0.889238007540291,0.94888916479251,0.5918708667361451,-1.6053471634500138,0.5687498156064048,0.920307393868181,-0.4108240150088804,0.13526252318746898,0.8637677229720243,1.3322589027320104,0.9639006106107905,-0.9501804779455227,1
0.7843925547546295,0.7715308156211609,-1.2600942144558833,0.94888916479251,1.0550065499404582,1.1250009247842319,-0.12475458235933058,-1.0865934650343947,1.6432960600355222,-0.21838700207857353,-0.026714465658928405,1.3322589027320104,0.7052122002027531,-0.05859021713873188,0
-0.8597176720358194,0.7715308156211609,-0.16043586831830572,0.2079003033971988,-1.3334919420566285,-0.24017311933289098,1.4222936900257714,0.920307393868181,-0.4108240150088804,1.877313888386864,0.8637677229720243,-1.0775117223646489,-0.2433119712933837,-0.9501804779455227,1
1.5580914850089584,-1.2961245095504037,1.7889584725619454,-1.2740774193934234,1.4569733693253337,1.4662944358135126,-1.0849914410811181,-1.0865934650343947,-1.4378840525310816,-1.0304710971339308,-0.9171966542898811,0.1273735901836806,0.015376439114653634,1.7245903044748498,0
-0.2794434743450727,0.7715308156211609,-0.9102029225030177,-2.0150662807887345,-0.249929211540877,-1.264053652420733,1.1022147371185091,0.920307393868181,-0.4108240150088804,0.8032671820233274,0.8637677229720243,-1.0775117223646489,3.033407893875089,-0.05859021713873188,1
1.0745296536000029,-1.2961245095504037,-1.609985506408749,0.94888916479251,0.8744127615211663,-0.9227601413914523,0.835482276362457,-1.0865934650343947,0.6162360225133209,0.986641009939053,-1.8076788429208337,-1.0775117223646489,0.5327532599307283,0.8330000436680589,1
-0.6662929394722371,0.7715308156211609,-0.8602184522240369,0.2079003033971988,-1.275235881276212,-0.5814666303621717,-0.4448335352665931,0.920307393868181,-0.4108240150088804,-0.5589383967792073,0.8637677229720243,1.3322589027320104,0.015376439114653634,-0.9501804779455227,0
1.7515162175725405,0.7715308156211609,-1.0101718630609793,-0.5330885579981124,0.7870286703505411,-1.6053471634500138,-1.0849914410811181,-1.0865934650343947,1.6432960600355222,-1.0697654888301575,-0.026714465658928405,0.1273735901836806,1.3088184911548402,-0.05859021713873188,1
0.30083072334567396,-1.2961245095504037,-1.1101408036189409,0.94888916479251,0.5831324576190825,0.44241390272567044,1.368947197874561,0.920307393868181,-0.4108240150088804,1.5498606242516395,0.8637677229720243,-1.0775117223646489,0.9639006106107905,-0.9501804779455227,0
-0.9564300383176104,0.7715308156211609,-1.4600320955718065,0.2079003033971988,-1.3509687602907536,1.1250009247842319,0.462056831303984,0.920307393868181,-1.4378840525310816,0.24004756771074096,-0.9171966542898811,1.3322589027320104,-0.4157709115654086,-0.9501804779455227,1
0.6876801884728384,0.7715308156211609,-0.4603426899921905,0.94888916479251,0.9617968526917914,1.4662944358135126,-0.2847940588129618,-1.0865934650343947,-0.4108240150088804,-0.3231720466018455,0.8637677229720243,1.3322589027320104,0.9639006106107905,-0.05859021713873188,1
1.3646667524453762,-1.2961245095504037,-1.2101097441769024,0.94888916479251,0.6996445791799161,0.10112039169638974,-0.9249519646274869,-1.0865934650343947,1.6432960600355222,-0.8863916609144319,-0.026714465658928405,0.1273735901836806,0.3602943196587034,0.8330000436680589,0
-0.3761558406268638,0.7715308156211609,0.2894243641925215,0.2079003033971988,-1.1703749718714616,-0.24017311933289098,1.3156007057233507,0.920307393868181,-0.4108240150088804,1.2878980129434598,0.8637677229720243,-1.0775117223646489,0.44652378979471585,-0.9501804779455227,1
2.138365682699705,0.7715308156211609,-0.21042033859728654,-1.2740774193934234,2.1473076895732723,0.7837074137549511,-1.2983774096859597,-1.0865934650343947,0.6162360225133209,-1.1614524027880206,-1.8076788429208337,0.1273735901836806,-0.3295414414293961,1.7245903044748498,0
-0.1827311080632816,-1.2961245095504037,0.3394088344715023,0.94888916479251,0.46662033605824904,0.10112039169638974,1.4222936900257714,0.920307393868181,-0.4108240150088804,1.7856269744290012,0.8637677229720243,-1.0775117223646489,0.7914416703387656,-0.9501804779455227,1
0.8811049210364206,0.7715308156211609,0.08948648307659827,0.94888916479251,1.020052913472208,-0.24017311933289098,0.6220963077576153,-1.0865934650343947,1.6432960600355222,0.5020101790189206,-0.026714465658928405,-1.0775117223646489,0.6189827300667408,-0.05859021713873188,1
-0.7630053057540283,0.7715308156211609,1.189144829214176,0.2079003033971988,-1.3014511086273994,-0.5814666303621717,-0.4981800274178035,0.920307393868181,-0.4108240150088804,-0.6113309190408431,0.8637677229720243,1.3322589027320104,-0.0708530310213588,-0.9501804779455227,0
1.6548038512907495,-1.2961245095504037,1.8389429428409263,-0.5330885579981124,0.7579006399603327,1.4662944358135126,-0.7649124881738556,-1.0865934650343947,-1.4378840525310816,-0.820901008087387,-0.9171966542898811,0.1273735901836806,1.2225890210188277,-0.05859021713873188,1
0.010693624500300621,0.7715308156211609,-0.8102339819450561,-2.0150662807887345,-0.22080118115066863,0.44241390272567044,1.2089077214209298,0.920307393868181,-0.4108240150088804,1.0652297933315071,0.8637677229720243,-1.0775117223646489,3.1196373640111017,-0.05859021713873188,0
1.9449409501361228,0.7715308156211609,1.5890205914460223,-1.2740774193934234,1.9142834464516054,0.7837074137549511,-1.1383379332323285,-1.0865934650343947,0.6162360225133209,-1.0828636193955667,-1.8076788429208337,0.1273735901836806,-0.15708250115737124,1.7245903044748498,1
0.20411835706388284,-1.2961245095504037,1.3890827103300991,0.94888916479251,0.6705165487897077,0.10112039169638974,0.7821357842112465,0.920307393868181,-0.4108240150088804,0.39722513449564867,0.8637677229720243,1.3322589027320104,0.877671140474778,-0.9501804779455227,1
1.1712420198817939,0.7715308156211609,1.7389740022829647,0.94888916479251,0.6705165487897077,1.4662944358135126,-0.2847940588129618,-1.0865934650343947,1.6432960600355222,-0.4279570911251175,-0.026714465658928405,1.3322589027320104,0.3602943196587034,0.8330000436680589,0
-0.6662929394722371,0.7715308156211609,-0.7602495116660754,0.2079003033971988,-1.289799896471316,-1.6053471634500138,1.4222936900257714,0.920307393868181,-0.4108240150088804,1.733234452167365,0.8637677229720243,-1.0775117223646489,0.015376439114653634,-0.9501804779455227,1
1.8482285838543318,-1.2961245095504037,1.0891758886562142,-1.2740774193934234,1.7686432945005635,-1.6053471634500138,-0.9782984567786973,-1.0865934650343947,-1.4378840525310816,-1.0042748360031128,-0.9171966542898811,0.1273735901836806,-0.0708530310213588,1.7245903044748498,0
0.4942554559092562,0.7715308156211609,-0.9102029225030177,0.94888916479251,0.9035407919113746,-1.264053652420733,0.9955217528160882,0.920307393868181,-0.4108240150088804,0.7377765291962824,0.8637677229720243,-1.0775117223646489,1.1363595508828153,-0.05859021713873188,1
-0.47286820690865494,-1.2961245095504037,1.5390361211670416,0.2079003033971988,-1.182026184027545,1.4662944358135126,0.8888287685136673,0.920307393868181,0.6162360225133209,1.1045241850277336,-1.8076788429208337,-1.0775117223646489,0.3602943196587034,-0.9501804779455227,1
0.9778172873182117,0.7715308156211609,0.6393156561453871,0.94888916479251,1.1074370046428332,-0.24017311933289098,-0.4448335352665931,-1.0865934650343947,-0.4108240150088804,-0.5851346579100252,0.8637677229720243,1.3322589027320104,0.7052122002027531,-0.05859021713873188,0
-0.5695805731904461,0.7715308156211609,-0.2604048088762673,0.2079003033971988,-1.2577590630420867,-0.5814666303621717,-0.8716054724762764,0.920307393868181,1.6432960600355222,-0.9256860526106587,-0.026714465658928405,0.1273735901836806,0.10160590925066608,-0.9501804779455227,1
1.7515162175725405,-1.2961245095504037,0.4393777750294639,-0.5330885579981124,0.8452847311309579,0.10112039169638974,1.368947197874561,-1.0865934650343947,-0.4108240150088804,1.5105662325554123,0.8637677229720243,-1.0775117223646489,1.3088184911548402,-0.05859021713873188,0
0.10740599078209173,0.7715308156211609,-1.609985506408749,-2.0150662807887345,-0.19167315076046024,-0.9227601413914523,0.462056831303984,0.920307393868181,-1.4378840525310816,0.16145878431828686,-0.9171966542898811,1.3322589027320104,3.205866834147114,-0.05859021713873188,1
0.5909678221910473,-1.2961245095504037,-0.010482457481363327,0.94888916479251,0.8161567007407495,-0.5814666303621717,-0.23144756666175142,0.920307393868181,-0.4108240150088804,-0.28387765490561845,0.8637677229720243,1.3322589027320104,0.7914416703387656,-0.9501804779455227,1
2.041653316417914,0.7715308156211609,0.4393777750294639,-1.2740774193934234,1.9725395072320222,0.10112039169638974,-0.7649124881738556,-1.0865934650343947,1.6432960600355222,-0.833999138652796,-0.026714465658928405,0.1273735901836806,-0.2433119712933837,1.7245903044748498,0
-0.2794434743450727,0.7715308156211609,0.7892690669823295,0.2079003033971988,-1.182026184027545,-1.6053471634500138,1.3156007057233507,0.920307393868181,-0.4108240150088804,1.3140942740742776,0.8637677229720243,-1.0775117223646489,0.3602943196587034,-0.9501804779455227,1
1.2679543861635851,-1.2961245095504037,-0.11045139803932492,0.94888916479251,0.7287726095701244,0.10112039169638974,-1.2450309175347494,-1.0865934650343947,0.6162360225133209,-1.0959617499609757,-1.8076788429208337,0.1273735901836806,0.44652378979471585,0.8330000436680589,0
-0.0860187417814905,0.7715308156211609,-0.4603426899921905,0.94888916479251,0.40836427527783226,1.4662944358135126,1.4222936900257714,0.920307393868181,-0.4108240150088804,1.8904120189522728,0.8637677229720243,-1.0775117223646489,1.3088184911548402,-0.9501804779455227,1
-0.7630053057540283,0.7715308156211609,-0.6102961008291329,0.2079003033971988,-1.3160151238225035,1.1250009247842319,0.6220963077576153,0.920307393868181,1.6432960600355222,0.3055382205377859,-0.026714465658928405,1.3322589027320104,-0.15708250115737124,-0.9501804779455227,1
1.4613791187271672,-1.2961245095504037,-0.41035821971320974,-0.5330885579981124,0.7579006399603327,0.7837074137549511,-0.6048730117202243,-1.0865934650343947,-0.4108240150088804,-0.6637234413024791,0.8637677229720243,1.3322589027320104,1.1363595508828153,-0.05859021713873188,0
0.30083072334567396,0.7715308156211609,0.3394088344715023,0.94888916479251,0.8452847311309579,0.10112039169638974,-0.7115659960226451,0.920307393868181,-1.4378840525310816,-0.7947047469565689,-0.9171966542898811,0.1273735901836806,1.0501300807468028,-0.9501804779455227,1
-0.5695805731904461,-1.2961245095504037,0.9892069480982527,0.2079003033971988,-1.251933456964045,-0.5814666303621717,1.2089077214209298,0.920307393868181,-0.4108240150088804,1.0914260544623249,0.8637677229720243,-1.0775117223646489,0.10160590925066608,-0.9501804779455227,0
1.9449409501361228,0.7715308156211609,-0.3103892791552481,-1.2740774193934234,1.8268993552809802,0.7837074137549511,-1.0849914410811181,-1.0865934650343947,0.6162360225133209,-1.0566673582647486,-1.8076788429208337,0.1273735901836806,-0.0708530310213588,1.7245903044748498,1
0.010693624500300621,-1.2961245095504037,0.889238007540291,0.94888916479251,0.6006092758532076,-1.6053471634500138,0.7821357842112465,0.920307393868181,-0.4108240150088804,0.9342484876774173,0.8637677229720243,-1.0775117223646489,0.9811465046379929,-0.9501804779455227,1
0.7843925547546295,0.7715308156211609,-1.2600942144558833,0.94888916479251,1.0637449590575208,1.1250009247842319,-0.4981800274178035,-1.0865934650343947,1.6432960600355222,-0.4672514828213443,-0.026714465658928405,1.3322589027320104,0.7224580942299557,-0.05859021713873188,0
-0.8597176720358194,0.7715308156211609,-0.16043586831830572,0.2079003033971988,-1.3305791390176076,-0.24017311933289098,1.3156007057233507,0.920307393868181,-0.4108240150088804,1.3402905352050956,0.8637677229720243,-1.0775117223646489,-0.2260660772661812,-0.9501804779455227,1
1.5580914850089584,-1.2961245095504037,1.7889584725619454,-1.2740774193934234,1.4657117784423963,1.4662944358135126,-1.1383379332323285,-1.0865934650343947,-1.4378840525310816,-1.0304710971339308,-0.9171966542898811,0.1273735901836806,0.03262233314185612,1.7245903044748498,0
-0.2794434743450727,0.7715308156211609,-0.9102029225030177,-2.0150662807887345,-0.24410360546283533,-1.264053652420733,1.4222936900257714,0.920307393868181,-0.4108240150088804,1.733234452167365,0.8637677229720243,-1.0775117223646489,3.0506537879022915,-0.05859021713873188,1
1.0745296536000029,-1.2961245095504037,-1.609985506408749,0.94888916479251,0.8831511706382288,-0.9227601413914523,-0.2847940588129618,-1.0865934650343947,0.6162360225133209,-0.24458326320939164,-1.8076788429208337,1.3322589027320104,0.5499991539579308,0.8330000436680589,1
-0.6662929394722371,0.7715308156211609,-0.8602184522240369,0.2079003033971988,-1.272323078237191,-0.5814666303621717,0.8888287685136673,0.920307393868181,-0.4108240150088804,1.15691670728937,0.8637677229720243,-1.0775117223646489,0.03262233314185612,-0.9501804779455227,0
1.7515162175725405,0.7715308156211609,-1.0101718630609793,-0.5330885579981124,0.7957670794676036,-1.6053471634500138,-0.2847940588129618,-1.0865934650343947,1.6432960600355222,-0.48034961338675325,-0.026714465658928405,0.1273735901836806,1.3260643851820426,-0.05859021713873188,1
0.30083072334567396,-1.2961245095504037,-1.1101408036189409,0.94888916479251,0.5918708667361451,0.44241390272567044,1.0488682449672986,0.920307393868181,-0.4108240150088804,0.9342484876774173,0.8637677229720243,-1.0775117223646489,0.9811465046379929,-0.9501804779455227,0
-0.9564300383176104,0.7715308156211609,-1.4600320955718065,0.2079003033971988,-1.3480559572517328,1.1250009247842319,-1.4050703939883806,0.920307393868181,-1.4378840525310816,-1.2007467944842474,-0.9171966542898811,0.1273735901836806,-0.39852501753820607,-0.9501804779455227,1
0.6876801884728384,0.7715308156211609,-0.4603426899921905,0.94888916479251,0.970535261808854,1.4662944358135126,0.5154033234551945,-1.0865934650343947,-0.4108240150088804,0.6591877458038283,0.8637677229720243,-1.0775117223646489,0.9811465046379929,-0.05859021713873188,1
1.3646667524453762,-1.2961245095504037,-1.2101097441769024,0.94888916479251,0.7083829882969785,0.10112039169638974,-0.5515265195690139,-1.0865934650343947,1.6432960600355222,-0.6375271801716612,-0.026714465658928405,1.3322589027320104,0.3775402136859059,0.8330000436680589,0
-0.3761558406268638,0.7715308156211609,0.2894243641925215,0.2079003033971988,-1.167462168832441,-0.24017311933289098,1.368947197874561,0.920307393868181,-0.4108240150088804,1.5105662325554123,0.8637677229720243,-1.0775117223646489,0.4637696838219183,-0.9501804779455227,1
2.138365682699705,0.7715308156211609,-0.21042033859728654,-1.2740774193934234,2.1618717047683766,0.7837074137549511,-1.0316449489299078,-1.0865934650343947,0.6162360225133209,-0.9649804443068858,-1.8076788429208337,0.1273735901836806,-0.3122955474021936,1.7245903044748498,0
-0.1827311080632816,-1.2961245095504037,0.3394088344715023,0.94888916479251,0.4753587451753115,0.10112039169638974,1.4222936900257714,0.920307393868181,-0.4108240150088804,1.877313888386864,0.8637677229720243,-1.0775117223646489,0.8086875643659681,-0.9501804779455227,1
0.8811049210364206,0.7715308156211609,0.08948648307659827,0.94888916479251,1.0287913225892706,-0.24017311933289098,0.7821357842112465,-1.0865934650343947,1.6432960600355222,-0.008816913032029817,-0.026714465658928405,1.3322589027320104,0.6362286240939432,-0.05859021713873188,1
-0.7630053057540283,0.7715308156211609,1.189144829214176,0.2079003033971988,-1.2985383055883786,-0.5814666303621717,-0.3381405509641722,0.920307393868181,-0.4108240150088804,-0.36246643829807257,0.8637677229720243,1.3322589027320104,-0.05360713699415632,-0.9501804779455227,0
1.6548038512907495,-1.2961245095504037,1.8389429428409263,-0.5330885579981124,0.7666390490773953,1.4662944358135126,-0.818258980325066,-1.0865934650343947,-1.4378840525310816,-0.8863916609144319,-0.9171966542898811,0.1273735901836806,1.2398349150460304,-0.05859021713873188,1
0.010693624500300621,0.7715308156211609,-0.8102339819450561,-2.0150662807887345,-0.21497557507262696,0.44241390272567044,1.2622542135721402,0.920307393868181,-0.4108240150088804,1.1700148378547786,0.8637677229720243,-1.0775117223646489,3.136883258038304,-0.05859021713873188,0
1.9449409501361228,0.7715308156211609,1.5890205914460223,-1.2740774193934234,1.9288474616467097,0.7837074137549511,-1.3517239018371703,-1.0865934650343947,0.6162360225133209,-1.1090598805263847,-1.8076788429208337,0.1273735901836806,-0.13983660713016877,1.7245903044748498,1
0.20411835706388284,-1.2961245095504037,1.3890827103300991,0.94888916479251,0.6792549579067702,0.10112039169638974,0.835482276362457,0.920307393868181,-0.4108240150088804,0.9735428793736438,0.8637677229720243,-1.0775117223646489,0.8949170345019806,-0.9501804779455227,1
1.1712420198817939,0.7715308156211609,1.7389740022829647,0.94888916479251,0.6792549579067702,1.4662944358135126,-0.4448335352665931,-1.0865934650343947,1.6432960600355222,-0.4410552216905264,-0.026714465658928405,1.3322589027320104,0.3775402136859059,0.8330000436680589,0
-0.6662929394722371,0.7715308156211609,-0.7602495116660754,0.2079003033971988,-1.2868870934322951,-1.6053471634500138,1.368947197874561,0.920307393868181,-0.4108240150088804,1.3795849269013225,0.8637677229720243,-1.0775117223646489,0.03262233314185612,-0.9501804779455227,1
1.8482285838543318,-1.2961245095504037,1.0891758886562142,-1.2740774193934234,1.7832073096956675,-1.6053471634500138,-1.1383379332323285,-1.0865934650343947,-1.4378840525310816,-1.0173729665685216,-0.9171966542898811,0.1273735901836806,-0.05360713699415632,1.7245903044748498,0
0.4942554559092562,0.7715308156211609,-0.9102029225030177,0.94888916479251,0.9122792010284372,-1.264053652420733,1.4222936900257714,0.920307393868181,-0.4108240150088804,1.7725288438635922,0.8637677229720243,-1.0775117223646489,1.153605444910018,-0.05859021713873188,1
-0.47286820690865494,-1.2961245095504037,1.5390361211670416,0.2079003033971988,-1.1791133809885241,1.4662944358135126,-0.23144756666175142,0.920307393868181,0.6162360225133209,-0.21838700207857353,-1.8076788429208337,1.3322589027320104,0.3775402136859059,-0.9501804779455227,1
0.9778172873182117,0.7715308156211609,0.6393156561453871,0.94888916479251,1.1161754137598958,-0.24017311933289098,0.9421752606648778,-1.0865934650343947,-0.4108240150088804,1.1831129684201878,0.8637677229720243,-1.0775117223646489,0.7224580942299557,-0.05859021713873188,0
-0.5695805731904461,0.7715308156211609,-0.2604048088762673,0.2079003033971988,-1.2548462600030659,-0.5814666303621717,-0.23144756666175142,0.920307393868181,1.6432960600355222,-0.45415335225593534,-0.026714465658928405,0.1273735901836806,0.11885180327786857,-0.9501804779455227,1
1.7515162175725405,-1.2961245095504037,0.4393777750294639,-0.5330885579981124,0.8540231402480204,0.10112039169638974,1.1022147371185091,-1.0865934650343947,-0.4108240150088804,0.9735428793736438,0.8637677229720243,-1.0775117223646489,1.3260643851820426,-0.05859021713873188,0
0.10740599078209173,0.7715308156211609,-1.609985506408749,-2.0150662807887345,-0.18584754468241857,-0.9227601413914523,-1.4050703939883806,0.920307393868181,-1.4378840525310816,-1.1876486639188384,-0.9171966542898811,0.1273735901836806,3.2231127281743164,-0.05859021713873188,1
0.5909678221910473,-1.2961245095504037,-0.010482457481363327,0.94888916479251,0.824895109857812,-0.5814666303621717,0.5154033234551945,0.920307393868181,-0.4108240150088804,0.6984821375000554,0.8637677229720243,-1.0775117223646489,0.8086875643659681,-0.9501804779455227,1
2.041653316417914,0.7715308156211609,0.4393777750294639,-1.2740774193934234,1.9871035224271265,0.10112039169638974,-0.4981800274178035,-1.0865934650343947,1.6432960600355222,-0.6113309190408431,-0.026714465658928405,1.3322589027320104,-0.2260660772661812,1.7245903044748498,0
-0.2794434743450727,0.7715308156211609,0.7892690669823295,0.2079003033971988,-1.1791133809885241,-1.6053471634500138,1.368947197874561,0.920307393868181,-0.4108240150088804,1.5367624936862303,0.8637677229720243,-1.0775117223646489,0.3775402136859059,-0.9501804779455227,1
1.2679543861635851,-1.2961245095504037,-0.11045139803932492,0.94888916479251,0.7375110186871869,0.10112039169638974,-1.0316449489299078,-1.0865934650343947,0.6162360225133209,-0.9518823137414768,-1.8076788429208337,0.1273735901836806,0.4637696838219183,0.8330000436680589,0
-0.0860187417814905,0.7715308156211609,-0.4603426899921905,0.94888916479251,0.4171026843948948,1.4662944358135126,1.4222936900257714,0.920307393868181,-0.4108240150088804,1.903510149517682,0.8637677229720243,-1.0775117223646489,1.3260643851820426,-0.9501804779455227,1
-0.7630053057540283,0.7715308156211609,-0.6102961008291329,0.2079003033971988,-1.3131023207834827,1.1250009247842319,0.835482276362457,0.920307393868181,1.6432960600355222,0.030477478664197,-0.026714465658928405,1.3322589027320104,-0.13983660713016877,-0.9501804779455227,1
1.4613791187271672,-1.2961245095504037,-0.41035821971320974,-0.5330885579981124,0.7666390490773953,0.7837074137549511,-0.2847940588129618,-1.0865934650343947,-0.4108240150088804,-0.33627017716725444,0.8637677229720243,1.3322589027320104,1.153605444910018,-0.05859021713873188,0
0.30083072334567396,0.7715308156211609,0.3394088344715023,0.94888916479251,0.8540231402480204,0.10112039169638974,-0.818258980325066,0.920307393868181,-1.4378840525310816,-0.8732935303490229,-0.9171966542898811,0.1273735901836806,1.0673759747740055,-0.9501804779455227,1
-0.5695805731904461,-1.2961245095504037,0.9892069480982527,0.2079003033971988,-1.2490206539250241,-0.5814666303621717,1.3156007057233507,0.920307393868181,-0.4108240150088804,1.196211098985597,0.8637677229720243,-1.0775117223646489,0.11885180327786857,-0.9501804779455227,0
1.9449409501361228,0.7715308156211609,-0.3103892791552481,-1.2740774193934234,1.8414633704760843,0.7837074137549511,-1.2983774096859597,-1.0865934650343947,0.6162360225133209,-1.0959617499609757,-1.8076788429208337,0.1273735901836806,-0.05360713699415632,1.7245903044748498,1
0.010693624500300621,-1.2961245095504037,0.889238007540291,0.94888916479251,0.60934768497027,-1.6053471634500138,0.6220963077576153,0.920307393868181,-0.4108240150088804,0.174556914883696,0.8637677229720243,1.3322589027320104,0.9983923986651955,-0.9501804779455227,1
0.7843925547546295,0.7715308156211609,-1.2600942144558833,0.94888916479251,1.0724833681745831,1.1250009247842319,-0.07140809020812015,-1.0865934650343947,1.6432960600355222,-0.19219074094775565,-0.026714465658928405,1.3322589027320104,0.7397039882571581,-0.05859021713873188,0
-0.8597176720358194,0.7715308156211609,-0.16043586831830572,0.2079003033971988,-1.327666335978587,-0.24017311933289098,1.4222936900257714,0.920307393868181,-0.4108240150088804,1.9166082800830913,0.8637677229720243,-1.0775117223646489,-0.20882018323897872,-0.9501804779455227,1
1.5580914850089584,-1.2961245095504037,1.7889584725619454,-1.2740774193934234,1.474450187559459,1.4662944358135126,-1.0316449489299078,-1.0865934650343947,-1.4378840525310816,-1.0042748360031128,-0.9171966542898811,0.1273735901836806,0.04986822716905861,1.7245903044748498,0
-0.2794434743450727,0.7715308156211609,-0.9102029225030177,-2.0150662807887345,-0.23827799938479366,-1.264053652420733,1.1555612292697195,0.920307393868181,-0.4108240150088804,0.842561573719554,0.8637677229720243,-1.0775117223646489,3.067899681929494,-0.05859021713873188,1
1.0745296536000029,-1.2961245095504037,-1.609985506408749,0.94888916479251,0.8918895797552913,-0.9227601413914523,0.8888287685136673,-1.0865934650343947,0.6162360225133209,1.02593540163528,-1.8076788429208337,-1.0775117223646489,0.5672450479851332,0.8330000436680589,1
-0.6662929394722371,0.7715308156211609,-0.8602184522240369,0.2079003033971988,-1.2694102751981702,-0.5814666303621717,-0.4448335352665931,0.920307393868181,-0.4108240150088804,-0.5327421356483892,0.8637677229720243,1.3322589027320104,0.04986822716905861,-0.9501804779455227,0
1.7515162175725405,0.7715308156211609,-1.0101718630609793,-0.5330885579981124,0.8045054885846662,-1.6053471634500138,-1.0316449489299078,-1.0865934650343947,1.6432960600355222,-1.0566673582647486,-0.026714465658928405,0.1273735901836806,1.3433102792092453,-0.05859021713873188,1
0.30083072334567396,-1.2961245095504037,-1.1101408036189409,0.94888916479251,0.6006092758532076,0.44241390272567044,1.368947197874561,0.920307393868181,-0.4108240150088804,1.5760568853824573,0.8637677229720243,-1.0775117223646489,0.9983923986651955,-0.9501804779455227,0
-0.9564300383176104,0.7715308156211609,-1.4600320955718065,0.2079003033971988,-1.345143154212712,1.1250009247842319,0.462056831303984,0.920307393868181,-1.4378840525310816,0.26624382884155884,-0.9171966542898811,1.3322589027320104,-0.38127912351100357,-0.9501804779455227,1
0.6876801884728384,0.7715308156211609,-0.4603426899921905,0.94888916479251,0.9792736709259164,1.4662944358135126,-0.23144756666175142,-1.0865934650343947,-0.4108240150088804,-0.29697578547102765,0.8637677229720243,1.3322589027320104,0.9983923986651955,-0.05859021713873188,1
1.3646667524453762,-1.2961245095504037,-1.2101097441769024,0.94888916479251,0.717121397414041,0.10112039169638974,-0.8716054724762764,-1.0865934650343947,1.6432960600355222,-0.8732935303490229,-0.026714465658928405,0.1273735901836806,0.39478610771310835,0.8330000436680589,0
-0.3761558406268638,0.7715308156211609,0.2894243641925215,0.2079003033971988,-1.16454936579342,-0.24017311933289098,1.368947197874561,0.920307393868181,-0.4108240150088804,1.3140942740742776,0.8637677229720243,-1.0775117223646489,0.4810155778491208,-0.9501804779455227,1
2.138365682699705,0.7715308156211609,-0.21042033859728654,-1.2740774193934234,2.176435719963481,0.7837074137549511,-1.2983774096859597,-1.0865934650343947,0.6162360225133209,-1.1483542722226117,-1.8076788429208337,0.1273735901836806,-0.29504965337499117,1.7245903044748498,0
-0.1827311080632816,-1.2961245095504037,0.3394088344715023,0.94888916479251,0.48409715429237404,0.10112039169638974,1.4222936900257714,0.920307393868181,-0.4108240150088804,1.8118232355598192,0.8637677229720243,-1.0775117223646489,0.8259334583931706,-0.9501804779455227,1
0.8811049210364206,0.7715308156211609,0.08948648307659827,0.94888916479251,1.0375297317063332,-0.24017311933289098,0.6754427999088257,-1.0865934650343947,1.6432960600355222,0.5282064401497385,-0.026714465658928405,-1.0775117223646489,0.6534745181211457,-0.05859021713873188,1
-0.7630053057540283,0.7715308156211609,1.189144829214176,0.2079003033971988,-1.2956255025493577,-0.5814666303621717,-0.4981800274178035,0.920307393868181,-0.4108240150088804,-0.5851346579100252,0.8637677229720243,1.3322589027320104,-0.03636124296695383,-0.9501804779455227,0
1.6548038512907495,-1.2961245095504037,1.8389429428409263,-0.5330885579981124,0.7753774581944578,1.4662944358135126,-0.7115659960226451,-1.0865934650343947,-1.4378840525310816,-0.7947047469565689,-0.9171966542898811,0.1273735901836806,1.2570808090732328,-0.05859021713873188,1
0.010693624500300621,0.7715308156211609,-0.8102339819450561,-2.0150662807887345,-0.20914996899458527,0.44241390272567044,1.2622542135721402,0.920307393868181,-0.4108240150088804,1.1045241850277336,0.8637677229720243,-1.0775117223646489,3.1541291520655066,-0.05859021713873188,0
1.9449409501361228,0.7715308156211609,1.5890205914460223,-1.2740774193934234,1.9434114768418138,0.7837074137549511,-1.0849914410811181,-1.0865934650343947,0.6162360225133209,-1.0697654888301575,-1.8076788429208337,0.1273735901836806,-0.12259071310296626,1.7245903044748498,1
0.20411835706388284,-1.2961245095504037,1.3890827103300991,0.94888916479251,0.6879933670238326,0.10112039169638974,0.835482276362457,0.920307393868181,-0.4108240150088804,0.43651952619187573,0.8637677229720243,1.3322589027320104,0.912162928529183,-0.9501804779455227,1
1.1712420198817939,0.7715308156211609,1.7389740022829647,0.94888916479251,0.6879933670238326,1.4662944358135126,-0.23144756666175142,-1.0865934650343947,1.6432960600355222,-0.40176082999429935,-0.026714465658928405,1.3322589027320104,0.39478610771310835,0.8330000436680589,0
-0.6662929394722371,0.7715308156211609,-0.7602495116660754,0.2079003033971988,-1.2839742903932743,-1.6053471634500138,1.4222936900257714,0.920307393868181,-0.4108240150088804,1.7725288438635922,0.8637677229720243,-1.0775117223646489,0.04986822716905861,-0.9501804779455227,1
1.8482285838543318,-1.2961245095504037,1.0891758886562142,-1.2740774193934234,1.7977713248907718,-1.6053471634500138,-0.9782984567786973,-1.0865934650343947,-1.4378840525310816,-0.9911767054377038,-0.9171966542898811,0.1273735901836806,-0.03636124296695383,1.7245903044748498,0
0.4942554559092562,0.7715308156211609,-0.9102029225030177,0.94888916479251,0.9210176101454997,-1.264053652420733,1.0488682449672986,0.920307393868181,-0.4108240150088804,0.7639727903271003,0.8637677229720243,-1.0775117223646489,1.1708513389372204,-0.05859021713873188,1
-0.47286820690865494,-1.2961245095504037,1.5390361211670416,0.2079003033971988,-1.1762005779495033,1.4662944358135126,0.9421752606648778,0.920307393868181,0.6162360225133209,1.1438185767239608,-1.8076788429208337,-1.0775117223646489,0.39478610771310835,-0.9501804779455227,1
0.9778172873182117,0.7715308156211609,0.6393156561453871,0.94888916479251,1.1249138228769584,-0.24017311933289098,-0.4448335352665931,-1.0865934650343947,-0.4108240150088804,-0.5458402662137981,0.8637677229720243,1.3322589027320104,0.7397039882571581,-0.05859021713873188,0
-0.5695805731904461,0.7715308156211609,-0.2604048088762673,0.2079003033971988,-1.251933456964045,-0.5814666303621717,-0.818258980325066,0.920307393868181,1.6432960600355222,-0.9125879220452499,-0.026714465658928405,0.1273735901836806,0.13609769730507104,-0.9501804779455227,1
1.7515162175725405,-1.2961245095504037,0.4393777750294639,-0.5330885579981124,0.862761549365083,0.10112039169638974,1.368947197874561,-1.0865934650343947,-0.4108240150088804,1.5498606242516395,0.8637677229720243,-1.0775117223646489,1.3433102792092453,-0.05859021713873188,0
0.10740599078209173,0.7715308156211609,-1.609985506408749,-2.0150662807887345,-0.1800219386043769,-0.9227601413914523,0.5154033234551945,0.920307393868181,-1.4378840525310816,0.2007531760145139,-0.9171966542898811,1.3322589027320104,3.240358622201519,-0.05859021713873188,1
0.5909678221910473,-1.2961245095504037,-0.010482457481363327,0.94888916479251,0.8336335189748746,-0.5814666303621717,-0.178101074510541,0.920307393868181,-0.4108240150088804,-0.2576813937748006,0.8637677229720243,1.3322589027320104,0.8259334583931706,-0.9501804779455227,1
2.041653316417914,0.7715308156211609,0.4393777750294639,-1.2740774193934234,2.0016675376222306,0.10112039169638974,-0.7649124881738556,-1.0865934650343947,1.6432960600355222,-0.820901008087387,-0.026714465658928405,0.1273735901836806,-0.20882018323897872,1.7245903044748498,0
-0.2794434743450727,0.7715308156211609,0.7892690669823295,0.2079003033971988,-1.1762005779495033,-1.6053471634500138,1.368947197874561,0.920307393868181,-0.4108240150088804,1.3533886657705048,0.8637677229720243,-1.0775117223646489,0.39478610771310835,-0.9501804779455227,1
1.2679543861635851,-1.2961245095504037,-0.11045139803932492,0.94888916479251,0.7462494278042494,0.10112039169638974,-1.2450309175347494,-1.0865934650343947,0.6162360225133209,-1.0828636193955667,-1.8076788429208337,0.1273735901836806,0.4810155778491208,0.8330000436680589,0
-0.0860187417814905,0.7715308156211609,-0.4603426899921905,0.94888916479251,0.4258410935119573,1.4662944358135126,1.4222936900257714,0.920307393868181,-0.4108240150088804,1.9297064106484998,0.8637677229720243,-1.0775117223646489,1.3433102792092453,-0.9501804779455227,1
-0.7630053057540283,0.7715308156211609,-0.6102961008291329,0.2079003033971988,-1.3101895177444618,1.1250009247842319,0.6754427999088257,0.920307393868181,1.6432960600355222,0.3448326122340129,-0.026714465658928405,1.3322589027320104,-0.12259071310296626,-0.9501804779455227,1
1.4613791187271672,-1.2961245095504037,-0.41035821971320974,-0.5330885579981124,0.7753774581944578,0.7837074137549511,-0.5515265195690139,-1.0865934650343947,-0.4108240150088804,-0.6375271801716612,0.8637677229720243,1.3322589027320104,1.1708513389372204,-0.05859021713873188,0
0.30083072334567396,0.7715308156211609,0.3394088344715023,0.94888916479251,0.862761549365083,0.10112039169638974,-0.6582195038714348,0.920307393868181,-1.4378840525310816,-0.768508485825751,-0.9171966542898811,0.1273735901836806,1.084621868801208,-0.9501804779455227,1
-0.5695805731904461,-1.2961245095504037,0.9892069480982527,0.2079003033971988,-1.2461078508860035,-0.5814666303621717,1.2622542135721402,0.920307393868181,-0.4108240150088804,1.130720446158552,0.8637677229720243,-1.0775117223646489,0.13609769730507104,-0.9501804779455227,0
1.9449409501361228,0.7715308156211609,-0.3103892791552481,-1.2740774193934234,1.8560273856711884,0.7837074137549511,-1.0316449489299078,-1.0865934650343947,0.6162360225133209,-1.0435692276993398,-1.8076788429208337,0.1273735901836806,-0.03636124296695383,1.7245903044748498,1
0.010693624500300621,-1.2961245095504037,0.889238007540291,0.94888916479251,0.6180860940873326,-1.6053471634500138,0.835482276362457,0.920307393868181,-0.4108240150088804,0.9735428793736438,0.8637677229720243,-1.0775117223646489,1.015638292692398,-0.9501804779455227,1
0.7843925547546295,0.7715308156211609,-1.2600942144558833,0.94888916479251,1.0812217772916457,1.1250009247842319,-0.4448335352665931,-1.0865934650343947,1.6432960600355222,-0.4410552216905264,-0.026714465658928405,1.3322589027320104,0.7569498822843607,-0.05859021713873188,0
-0.8597176720358194,0.7715308156211609,-0.16043586831830572,0.2079003033971988,-1.324753532939566,-0.24017311933289098,1.368947197874561,0.920307393868181,-0.4108240150088804,1.3795849269013225,0.8637677229720243,-1.0775117223646489,-0.19157428921177622,-0.9501804779455227,1
1.5580914850089584,-1.2961245095504037,1.7889584725619454,-1.2740774193934234,1.4831885966765213,1.4662944358135126,-1.1383379332323285,-1.0865934650343947,-1.4378840525310816,-1.0173729665685216,-0.9171966542898811,0.1273735901836806,0.0671141211962611,1.7245903044748498,0
-0.2794434743450727,0.7715308156211609,-0.9102029225030177,-2.0150662807887345,-0.23245239330675196,-1.264053652420733,1.4222936900257714,0.920307393868181,-0.4108240150088804,1.7725288438635922,0.8637677229720243,-1.0775117223646489,3.0851455759566964,-0.05859021713873188,1
1.0745296536000029,-1.2961245095504037,-1.609985506408749,0.94888916479251,0.9006279888723538,-0.9227601413914523,-0.23144756666175142,-1.0865934650343947,0.6162360225133209,-0.21838700207857353,-1.8076788429208337,1.3322589027320104,0.5844909420123358,0.8330000436680589,1
-0.6662929394722371,0.7715308156211609,-0.8602184522240369,0.2079003033971988,-1.2664974721591493,-0.5814666303621717,0.9421752606648778,0.920307393868181,-0.4108240150088804,1.1831129684201878,0.8637677229720243,-1.0775117223646489,0.0671141211962611,-0.9501804779455227,0
1.7515162175725405,0.7715308156211609,-1.0101718630609793,-0.5330885579981124,0.8132438977017287,-1.6053471634500138,-0.23144756666175142,-1.0865934650343947,1.6432960600355222,-0.45415335225593534,-0.026714465658928405,0.1273735901836806,1.3605561732364477,-0.05859021713873188,1
0.30083072334567396,-1.2961245095504037,-1.1101408036189409,0.94888916479251,0.60934768497027,0.44241390272567044,1.1022147371185091,0.920307393868181,-0.4108240150088804,0.9735428793736438,0.8637677229720243,-1.0775117223646489,1.015638292692398,-0.9501804779455227,0
-0.9564300383176104,0.7715308156211609,-1.4600320955718065,0.2079003033971988,-1.342230351173691,1.1250009247842319,-1.4050703939883806,0.920307393868181,-1.4378840525310816,-1.1876486639188384,-0.9171966542898811,0.1273735901836806,-0.3640332294838011,-0.9501804779455227,1
0.6876801884728384,0.7715308156211609,-0.4603426899921905,0.94888916479251,0.9880120800429789,1.4662944358135126,0.5154033234551945,-1.0865934650343947,-0.4108240150088804,0.6984821375000554,0.8637677229720243,-1.0775117223646489,1.015638292692398,-0.05859021713873188,1
1.3646667524453762,-1.2961245095504037,-1.2101097441769024,0.94888916479251,0.7258598065311036,0.10112039169638974,-0.4981800274178035,-1.0865934650343947,1.6432960600355222,-0.6113309190408431,-0.026714465658928405,1.3322589027320104,0.41203200174031085,0.8330000436680589,0
-0.3761558406268638,0.7715308156211609,0.2894243641925215,0.2079003033971988,-1.1616365627543992,-0.24017311933289098,1.368947197874561,0.920307393868181,-0.4108240150088804,1.5367624936862303,0.8637677229720243,-1.0775117223646489,0.4982614718763233,-0.9501804779455227,1
2.138365682699705,0.7715308156211609,-0.21042033859728654,-1.2740774193934234,2.190999735158585,0.7837074137549511,-1.0316449489299078,-1.0865934650343947,0.6162360225133209,-0.9518823137414768,-1.8076788429208337,0.1273735901836806,-0.27780375934778867,1.7245903044748498,0
-0.1827311080632816,-1.2961245095504037,0.3394088344715023,0.94888916479251,0.4928355634094366,0.10112039169638974,1.4222936900257714,0.920307393868181,-0.4108240150088804,1.903510149517682,0.8637677229720243,-1.0775117223646489,0.843179352420373,-0.9501804779455227,1
0.8811049210364206,0.7715308156211609,0.08948648307659827,0.94888916479251,1.0462681408233956,-0.24017311933289098,0.835482276362457,-1.0865934650343947,1.6432960600355222,0.030477478664197,-0.026714465658928405,1.3322589027320104,0.6707204121483482,-0.05859021713873188,1
-0.7630053057540283,0.7715308156211609,1.189144829214176,0.2079003033971988,-1.2927126995103368,-0.5814666303621717,-0.2847940588129618,0.920307393868181,-0.4108240150088804,-0.33627017716725444,0.8637677229720243,1.3322589027320104,-0.01911534893975134,-0.9501804779455227,0
1.6548038512907495,-1.2961245095504037,1.8389429428409263,-0.5330885579981124,0.7841158673115203,1.4662944358135126,-0.818258980325066,-1.0865934650343947,-1.4378840525310816,-0.8732935303490229,-0.9171966542898811,0.1273735901836806,1.2743267031004353,-0.05859021713873188,1
0.010693624500300621,0.7715308156211609,-0.8102339819450561,-2.0150662807887345,-0.2033243629165436,0.44241390272567044,1.3156007057233507,0.920307393868181,-0.4108240150088804,1.196211098985597,0.8637677229720243,-1.0775117223646489,3.171375046092709,-0.05859021713873188,0
1.9449409501361228,0.7715308156211609,1.5890205914460223,-1.2740774193934234,1.9579754920369181,0.7837074137549511,-1.2983774096859597,-1.0865934650343947,0.6162360225133209,-1.0959617499609757,-1.8076788429208337,0.1273735901836806,-0.10534481907576378,1.7245903044748498,1
0.20411835706388284,-1.2961245095504037,1.3890827103300991,0.94888916479251,0.6967317761408952,0.10112039169638974,0.6220963077576153,0.920307393868181,-0.4108240150088804,0.174556914883696,0.8637677229720243,1.3322589027320104,0.9294088225563855,-0.9501804779455227,1
1.1712420198817939,0.7715308156211609,1.7389740022829647,0.94888916479251,0.6967317761408952,1.4662944358135126,-0.07140809020812015,-1.0865934650343947,1.6432960600355222,-0.19219074094775565,-0.026714465658928405,1.3322589027320104,0.41203200174031085,0.8330000436680589,0
-0.6662929394722371,0.7715308156211609,-0.7602495116660754,0.2079003033971988,-1.2810614873542534,-1.6053471634500138,1.4222936900257714,0.920307393868181,-0.4108240150088804,1.9166082800830913,0.8637677229720243,-1.0775117223646489,0.0671141211962611,-0.9501804779455227,1
1.8482285838543318,-1.2961245095504037,1.0891758886562142,-1.2740774193934234,1.812335340085876,-1.6053471634500138,-1.0316449489299078,-1.0865934650343947,-1.4378840525310816,-1.0042748360031128,-0.9171966542898811,0.1273735901836806,-0.01911534893975134,1.7245903044748498,0
0.4942554559092562,0.7715308156211609,-0.9102029225030177,0.94888916479251,0.9297560192625622,-1.264053652420733,1.1555612292697195,0.920307393868181,-0.4108240150088804,0.842561573719554,0.8637677229720243,-1.0775117223646489,1.1880972329644228,-0.05859021713873188,1
-0.47286820690865494,-1.2961245095504037,1.5390361211670416,0.2079003033971988,-1.1732877749104824,1.4662944358135126,0.8888287685136673,0.920307393868181,0.6162360225133209,1.02593540163528,-1.8076788429208337,-1.0775117223646489,0.41203200174031085,-0.9501804779455227,1
0.9778172873182117,0.7715308156211609,0.6393156561453871,0.94888916479251,1.1336522319940208,-0.24017311933289098,-0.4448335352665931,-1.0865934650343947,-0.4108240150088804,-0.5327421356483892,0.8637677229720243,1.3322589027320104,0.7569498822843607,-0.05859021713873188,0
-0.5695805731904461,0.7715308156211609,-0.2604048088762673,0.2079003033971988,-1.2490206539250241,-0.5814666303621717,-1.0316449489299078,0.920307393868181,1.6432960600355222,-1.0566673582647486,-0.026714465658928405,0.1273735901836806,0.15334359133227354,-0.9501804779455227,1
1.7515162175725405,-1.2961245095504037,0.4393777750294639,-0.5330885579981124,0.8714999584821455,0.10112039169638974,1.368947197874561,-1.0865934650343947,-0.4108240150088804,1.5760568853824573,0.8637677229720243,-1.0775117223646489,1.3605561732364477,-0.05859021713873188,0
0.10740599078209173,0.7715308156211609,-1.609985506408749,-2.0150662807887345,-0.17419633252633523,-0.9227601413914523,0.462056831303984,0.920307393868181,-1.4378840525310816,0.26624382884155884,-0.9171966542898811,1.3322589027320104,3.2576045162287213,-0.05859021713873188,1
0.5909678221910473,-1.2961245095504037,-0.010482457481363327,0.94888916479251,0.8423719280919371,-0.5814666303621717,-0.23144756666175142,0.920307393868181,-0.4108240150088804,-0.29697578547102765,0.8637677229720243,1.3322589027320104,0.843179352420373,-0.9501804779455227,1
2.041653316417914,0.7715308156211609,0.4393777750294639,-1.2740774193934234,2.016231552817335,0.10112039169638974,-0.8716054724762764,-1.0865934650343947,1.6432960600355222,-0.8732935303490229,-0.026714465658928405,0.1273735901836806,-0.19157428921177622,1.7245903044748498,0
-0.2794434743450727,0.7715308156211609,0.7892690669823295,0.2079003033971988,-1.1732877749104824,-1.6053471634500138,1.368947197874561,0.920307393868181,-0.4108240150088804,1.3140942740742776,0.8637677229720243,-1.0775117223646489,0.41203200174031085,-0.9501804779455227,1
1.2679543861635851,-1.2961245095504037,-0.11045139803932492,0.94888916479251,0.7549878369213119,0.10112039169638974,-1.2983774096859597,-1.0865934650343947,0.6162360225133209,-1.1483542722226117,-1.8076788429208337,0.1273735901836806,0.4982614718763233,0.8330000436680589,0
-0.0860187417814905,0.7715308156211609,-0.4603426899921905,0.94888916479251,0.4345795026290198,1.4662944358135126,1.4222936900257714,0.920307393868181,-0.4108240150088804,1.8118232355598192,0.8637677229720243,-1.0775117223646489,1.3605561732364477,-0.9501804779455227,1
-0.7630053057540283,0.7715308156211609,-0.6102961008291329,0.2079003033971988,-1.307276714705441,1.1250009247842319,0.6754427999088257,0.920307393868181,1.6432960600355222,0.5282064401497385,-0.026714465658928405,-1.0775117223646489,-0.10534481907576378,-0.9501804779455227,1
1.4613791187271672,-1.2961245095504037,-0.41035821971320974,-0.5330885579981124,0.7841158673115203,0.7837074137549511,-0.4981800274178035,-1.0865934650343947,-0.4108240150088804,-0.5851346579100252,0.8637677229720243,1.3322589027320104,1.1880972329644228,-0.05859021713873188,0
0.30083072334567396,0.7715308156211609,0.3394088344715023,0.94888916479251,0.8714999584821455,0.10112039169638974,-0.7115659960226451,0.920307393868181,-1.4378840525310816,-0.7947047469565689,-0.9171966542898811,0.1273735901836806,1.1018677628284104,-0.9501804779455227,1
-0.5695805731904461,-1.2961245095504037,0.9892069480982527,0.2079003033971988,-1.2431950478469826,-0.5814666303621717,1.2622542135721402,0.920307393868181,-0.4108240150088804,1.1045241850277336,0.8637677229720243,-1.0775117223646489,0.15334359133227354,-0.9501804779455227,0
1.9449409501361228,0.7715308156211609,-0.3103892791552481,-1.2740774193934234,1.8705914008662927,0.7837074137549511,-1.0849914410811181,-1.0865934650343947,0.6162360225133209,-1.0697654888301575,-1.8076788429208337,0.1273735901836806,-0.01911534893975134,1.7245903044748498,1
0.10740599078209173,-1.2961245095504037,0.889238007540291,0.94888916479251,0.6268245032043951,-1.6053471634500138,0.835482276362457,0.920307393868181,-0.4108240150088804,0.43651952619187573,0.8637677229720243,1.3322589027320104,1.0328841867196004,-0.9501804779455227,1
0.8811049210364206,0.7715308156211609,-1.2600942144558833,0.94888916479251,1.0899601864087083,1.1250009247842319,-0.23144756666175142,-1.0865934650343947,1.6432960600355222,-0.40176082999429935,-0.026714465658928405,1.3322589027320104,0.7741957763115631,-0.05859021713873188,0
-0.7630053057540283,0.7715308156211609,-0.16043586831830572,0.2079003033971988,-1.3218407299005452,-0.24017311933289098,1.4222936900257714,0.920307393868181,-0.4108240150088804,1.7725288438635922,0.8637677229720243,-1.0775117223646489,-0.17432839518457374,-0.9501804779455227,1
1.6548038512907495,-1.2961245095504037,1.7889584725619454,-1.2740774193934234,1.4919270057935838,1.4662944358135126,-0.9782984567786973,-1.0865934650343947,-1.4378840525310816,-0.9911767054377038,-0.9171966542898811,0.1273735901836806,0.08436001522346359,1.7245903044748498,0
-0.1827311080632816,0.7715308156211609,-0.9102029225030177,-2.0150662807887345,-0.2266267872287103,-1.264053652420733,1.0488682449672986,0.920307393868181,-0.4108240150088804,0.7639727903271003,0.8637677229720243,-1.0775117223646489,3.102391469983899,-0.05859021713873188,1
1.1712420198817939,-1.2961245095504037,-1.609985506408749,0.94888916479251,0.9093663979894163,-0.9227601413914523,0.9421752606648778,-1.0865934650343947,0.6162360225133209,1.1438185767239608,-1.8076788429208337,-1.0775117223646489,0.6017368360395382,0.8330000436680589,1
-0.5695805731904461,0.7715308156211609,-0.8602184522240369,0.2079003033971988,-1.2635846691201285,-0.5814666303621717,-0.4448335352665931,0.920307393868181,-0.4108240150088804,-0.5458402662137981,0.8637677229720243,1.3322589027320104,0.08436001522346359,-0.9501804779455227,0
1.8482285838543318,0.7715308156211609,-1.0101718630609793,-0.5330885579981124,0.8219823068187913,-1.6053471634500138,-0.818258980325066,-1.0865934650343947,1.6432960600355222,-0.9125879220452499,-0.026714465658928405,0.1273735901836806,1.3778020672636502,-0.05859021713873188,1
0.39754308962746504,-1.2961245095504037,-1.1101408036189409,0.94888916479251,0.6180860940873326,0.44241390272567044,1.368947197874561,0.920307393868181,-0.4108240150088804,1.5498606242516395,0.8637677229720243,-1.0775117223646489,1.0328841867196004,-0.9501804779455227,0
-0.8597176720358194,0.7715308156211609,-1.4600320955718065,0.2079003033971988,-1.3393175481346702,1.1250009247842319,0.5154033234551945,0.920307393868181,-1.4378840525310816,0.2007531760145139,-0.9171966542898811,1.3322589027320104,-0.3467873354565986,-0.9501804779455227,1
0.7843925547546295,0.7715308156211609,-0.4603426899921905,0.94888916479251,0.9967504891600415,1.4662944358135126,-0.178101074510541,-1.0865934650343947,-0.4108240150088804,-0.2576813937748006,0.8637677229720243,1.3322589027320104,1.0328841867196004,-0.05859021713873188,1
1.4613791187271672,-1.2961245095504037,-1.2101097441769024,0.94888916479251,0.7345982156481661,0.10112039169638974,-0.7649124881738556,-1.0865934650343947,1.6432960600355222,-0.820901008087387,-0.026714465658928405,0.1273735901836806,0.42927789576751335,0.8330000436680589,0
-0.2794434743450727,0.7715308156211609,0.2894243641925215,0.2079003033971988,-1.1587237597153783,-0.24017311933289098,1.368947197874561,0.920307393868181,-0.4108240150088804,1.3533886657705048,0.8637677229720243,-1.0775117223646489,0.5155073659035257,-0.9501804779455227,1
2.138365682699705,0.7715308156211609,-0.21042033859728654,-1.2740774193934234,2.205563750353689,0.7837074137549511,-1.2450309175347494,-1.0865934650343947,0.6162360225133209,-1.0828636193955667,-1.8076788429208337,0.1273735901836806,-0.26055786532058617,1.7245903044748498,0
-0.0860187417814905,-1.2961245095504037,0.3394088344715023,0.94888916479251,0.501573972526499,0.10112039169638974,1.4222936900257714,0.920307393868181,-0.4108240150088804,1.9297064106484998,0.8637677229720243,-1.0775117223646489,0.8604252464475756,-0.9501804779455227,1
0.9778172873182117,0.7715308156211609,0.08948648307659827,0.94888916479251,1.0550065499404582,-0.24017311933289098,0.6754427999088257,-1.0865934650343947,1.6432960600355222,0.3448326122340129,-0.026714465658928405,1.3322589027320104,0.6879663061755507,-0.05859021713873188,1
-0.6662929394722371,0.7715308156211609,1.189144829214176,0.2079003033971988,-1.289799896471316,-0.5814666303621717,-0.5515265195690139,0.920307393868181,-0.4108240150088804,-0.6375271801716612,0.8637677229720243,1.3322589027320104,-0.0018694549125488533,-0.9501804779455227,0
1.7515162175725405,-1.2961245095504037,1.8389429428409263,-0.5330885579981124,0.7928542764285829,1.4662944358135126,-0.6582195038714348,-1.0865934650343947,-1.4378840525310816,-0.768508485825751,-0.9171966542898811,0.1273735901836806,1.2915725971276377,-0.05859021713873188,1
0.10740599078209173,0.7715308156211609,-0.8102339819450561,-2.0150662807887345,-0.19749875683850193,0.44241390272567044,1.2622542135721402,0.920307393868181,-0.4108240150088804,1.130720446158552,0.8637677229720243,-1.0775117223646489,3.1886209401199115,-0.05859021713873188,0
2.041653316417914,0.7715308156211609,1.5890205914460223,-1.2740774193934234,1.9725395072320222,0.7837074137549511,-1.0316449489299078,-1.0865934650343947,0.6162360225133209,-1.0435692276993398,-1.8076788429208337,0.1273735901836806,-0.08809892504856129,1.7245903044748498,1
0.30083072334567396,-1.2961245095504037,1.3890827103300991,0.94888916479251,0.7054701852579577,0.10112039169638974,0.835482276362457,0.920307393868181,-0.4108240150088804,0.9735428793736438,0.8637677229720243,-1.0775117223646489,0.946654716583588,-0.9501804779455227,1
1.2679543861635851,0.7715308156211609,1.7389740022829647,0.94888916479251,0.7054701852579577,1.4662944358135126,-0.4448335352665931,-1.0865934650343947,1.6432960600355222,-0.4410552216905264,-0.026714465658928405,1.3322589027320104,0.42927789576751335,0.8330000436680589,0
-0.5695805731904461,0.7715308156211609,-0.7602495116660754,0.2079003033971988,-1.2781486843152325,-1.6053471634500138,1.368947197874561,0.920307393868181,-0.4108240150088804,1.3795849269013225,0.8637677229720243,-1.0775117223646489,0.08436001522346359,-0.9501804779455227,1
1.9449409501361228,-1.2961245095504037,1.0891758886562142,-1.2740774193934234,1.8268993552809802,-1.6053471634500138,-1.1383379332323285,-1.0865934650343947,-1.4378840525310816,-1.0173729665685216,-0.9171966542898811,0.1273735901836806,-0.0018694549125488533,1.7245903044748498,0
0.5909678221910473,0.7715308156211609,-0.9102029225030177,0.94888916479251,0.9384944283796247,-1.264053652420733,1.4222936900257714,0.920307393868181,-0.4108240150088804,1.7725288438635922,0.8637677229720243,-1.0775117223646489,1.2053431269916253,-0.05859021713873188,1
-0.3761558406268638,-1.2961245095504037,1.5390361211670416,0.2079003033971988,-1.1703749718714616,1.4662944358135126,-0.23144756666175142,0.920307393868181,0.6162360225133209,-0.21838700207857353,-1.8076788429208337,1.3322589027320104,0.42927789576751335,-0.9501804779455227,1
1.0745296536000029,0.7715308156211609,0.6393156561453871,0.94888916479251,1.1423906411110833,-0.24017311933289098,0.9421752606648778,-1.0865934650343947,-0.4108240150088804,1.1831129684201878,0.8637677229720243,-1.0775117223646489,0.7741957763115631,-0.05859021713873188,0
-0.47286820690865494,0.7715308156211609,-0.2604048088762673,0.2079003033971988,-1.2461078508860035,-0.5814666303621717,-0.23144756666175142,0.920307393868181,1.6432960600355222,-0.45415335225593534,-0.026714465658928405,0.1273735901836806,0.17058948535947602,-0.9501804779455227,1
1.8482285838543318,-1.2961245095504037,0.4393777750294639,-0.5330885579981124,0.8802383675992079,0.10112039169638974,1.1022147371185091,-1.0865934650343947,-0.4108240150088804,0.9735428793736438,0.8637677229720243,-1.0775117223646489,1.3778020672636502,-0.05859021713873188,0
0.20411835706388284,0.7715308156211609,-1.609985506408749,-2.0150662807887345,-0.16837072644829354,-0.9227601413914523,-1.4050703939883806,0.920307393868181,-1.4378840525310816,-1.1876486639188384,-0.9171966542898811,0.1273735901836806,3.2748504102559237,-0.05859021713873188,1
0.6876801884728384,-1.2961245095504037,-0.010482457481363327,0.94888916479251,0.8511103372089995,-0.5814666303621717,0.5154033234551945,0.920307393868181,-0.4108240150088804,0.6984821375000554,0.8637677229720243,-1.0775117223646489,0.8604252464475756,-0.9501804779455227,1
2.138365682699705,0.7715308156211609,0.4393777750294639,-1.2740774193934234,2.0307955680124388,0.10112039169638974,-0.4981800274178035,-1.0865934650343947,1.6432960600355222,-0.6113309190408431,-0.026714465658928405,1.3322589027320104,-0.17432839518457374,1.7245903044748498,0
-0.1827311080632816,0.7715308156211609,0.7892690669823295,0.2079003033971988,-1.1703749718714616,-1.6053471634500138,1.368947197874561,0.920307393868181,-0.4108240150088804,1.5367624936862303,0.8637677229720243,-1.0775117223646489,0.42927789576751335,-0.9501804779455227,1
1.3646667524453762,-1.2961245095504037,-0.11045139803932492,0.94888916479251,0.7637262460383745,0.10112039169638974,-1.0316449489299078,-1.0865934650343947,0.6162360225133209,-0.9518823137414768,-1.8076788429208337,0.1273735901836806,0.5155073659035257,0.8330000436680589,0
0.010693624500300621,0.7715308156211609,-0.4603426899921905,0.94888916479251,0.4433179117460823,1.4662944358135126,1.4222936900257714,0.920307393868181,-0.4108240150088804,1.903510149517682,0.8637677229720243,-1.0775117223646489,1.3778020672636502,-0.9501804779455227,1
-0.6662929394722371,0.7715308156211609,-0.6102961008291329,0.2079003033971988,-1.30436391166642,1.1250009247842319,0.835482276362457,0.920307393868181,1.6432960600355222,0.030477478664197,-0.026714465658928405,1.3322589027320104,-0.08809892504856129,-0.9501804779455227,1
1.5580914850089584,-1.2961245095504037,-0.41035821971320974,-0.5330885579981124,0.7928542764285829,0.7837074137549511,-0.2847940588129618,-1.0865934650343947,-0.4108240150088804,-0.33627017716725444,0.8637677229720243,1.3322589027320104,1.2053431269916253,-0.05859021713873188,0
0.39754308962746504,0.7715308156211609,0.3394088344715023,0.94888916479251,0.8802383675992079,0.10112039169638974,-0.818258980325066,0.920307393868181,-1.4378840525310816,-0.8732935303490229,-0.9171966542898811,0.1273735901836806,1.1191136568556128,-0.9501804779455227,1
-0.47286820690865494,-1.2961245095504037,0.9892069480982527,0.2079003033971988,-1.2402822448079618,-0.5814666303621717,1.3156007057233507,0.920307393868181,-0.4108240150088804,1.196211098985597,0.8637677229720243,-1.0775117223646489,0.17058948535947602,-0.9501804779455227,0
2.041653316417914,0.7715308156211609,-0.3103892791552481,-1.2740774193934234,1.8851554160613968,0.7837074137549511,-1.2983774096859597,-1.0865934650343947,0.6162360225133209,-1.0959617499609757,-1.8076788429208337,0.1273735901836806,-0.0018694549125488533,1.7245903044748498,1
0.10740599078209173,-1.2961245095504037,0.889238007540291,0.94888916479251,0.6355629123214576,-1.6053471634500138,0.6220963077576153,0.920307393868181,-0.4108240150088804,0.174556914883696,0.8637677229720243,1.3322589027320104,1.0501300807468028,-0.9501804779455227,1
0.8811049210364206,0.7715308156211609,-1.2600942144558833,0.94888916479251,1.0986985955257709,1.1250009247842319,-0.07140809020812015,-1.0865934650343947,1.6432960600355222,-0.19219074094775565,-0.026714465658928405,1.3322589027320104,0.7914416703387656,-0.05859021713873188,0
-0.7630053057540283,0.7715308156211609,-0.16043586831830572,0.2079003033971988,-1.3189279268615244,-0.24017311933289098,1.4222936900257714,0.920307393868181,-0.4108240150088804,1.9166082800830913,0.8637677229720243,-1.0775117223646489,-0.15708250115737124,-0.9501804779455227,1
1.6548038512907495,-1.2961245095504037,1.7889584725619454,-1.2740774193934234,1.5006654149106464,1.4662944358135126,-1.0316449489299078,-1.0865934650343947,-1.4378840525310816,-1.0042748360031128,-0.9171966542898811,0.1273735901836806,0.10160590925066608,1.7245903044748498,0
-0.1827311080632816,0.7715308156211609,-0.9102029225030177,-2.0150662807887345,-0.22080118115066863,-1.264053652420733,1.1555612292697195,0.920307393868181,-0.4108240150088804,0.842561573719554,0.8637677229720243,-1.0775117223646489,3.1196373640111017,-0.05859021713873188,1
1.1712420198817939,-1.2961245095504037,-1.609985506408749,0.94888916479251,0.9181048071064788,-0.9227601413914523,0.8888287685136673,-1.0865934650343947,0.6162360225133209,1.02593540163528,-1.8076788429208337,-1.0775117223646489,0.6189827300667408,0.8330000436680589,1
-0.5695805731904461,0.7715308156211609,-0.8602184522240369,0.2079003033971988,-1.2606718660811076,-0.5814666303621717,-0.4448335352665931,0.920307393868181,-0.4108240150088804,-0.5327421356483892,0.8637677229720243,1.3322589027320104,0.10160590925066608,-0.9501804779455227,0
1.8482285838543318,0.7715308156211609,-1.0101718630609793,-0.5330885579981124,0.8307207159358537,-1.6053471634500138,-1.0316449489299078,-1.0865934650343947,1.6432960600355222,-1.0566673582647486,-0.026714465658928405,0.1273735901836806,1.3950479612908526,-0.05859021713873188,1
0.39754308962746504,-1.2961245095504037,-1.1101408036189409,0.94888916479251,0.6268245032043951,0.44241390272567044,1.368947197874561,0.920307393868181,-0.4108240150088804,1.5760568853824573,0.8637677229720243,-1.0775117223646489,1.0501300807468028,-0.9501804779455227,0
-0.8597176720358194,0.7715308156211609,-1.4600320955718065,0.2079003033971988,-1.3364047450956493,1.1250009247842319,0.462056831303984,0.920307393868181,-1.4378840525310816,0.26624382884155884,-0.9171966542898811,1.3322589027320104,-0.3295414414293961,-0.9501804779455227,1
0.7843925547546295,0.7715308156211609,-0.4603426899921905,0.94888916479251,1.005488898277104,1.4662944358135126,-0.23144756666175142,-1.0865934650343947,-0.4108240150088804,-0.29697578547102765,0.8637677229720243,1.3322589027320104,1.0501300807468028,-0.05859021713873188,1
1.4613791187271672,-1.2961245095504037,-1.2101097441769024,0.94888916479251,0.7433366247652285,0.10112039169638974,-0.8716054724762764,-1.0865934650343947,1.6432960600355222,-0.8732935303490229,-0.026714465658928405,0.1273735901836806,0.44652378979471585,0.8330000436680589,0
-0.2794434743450727,0.7715308156211609,0.2894243641925215,0.2079003033971988,-1.1558109566763575,-0.24017311933289098,1.368947197874561,0.920307393868181,-0.4108240150088804,1.3140942740742776,0.8637677229720243,-1.0775117223646489,0.5327532599307283,-0.9501804779455227,1
2.138365682699705,0.7715308156211609,-0.21042033859728654,-1.2740774193934234,2.2201277655487934,0.7837074137549511,-1.2983774096859597,-1.0865934650343947,0.6162360225133209,-1.1483542722226117,-1.8076788429208337,0.1273735901836806,-0.2433119712933837,1.7245903044748498,0
-0.0860187417814905,-1.2961245095504037,0.3394088344715023,0.94888916479251,0.5103123816435616,0.10112039169638974,1.4222936900257714,0.920307393868181,-0.4108240150088804,1.8118232355598192,0.8637677229720243,-1.0775117223646489,0.877671140474778,-0.9501804779455227,1
0.9778172873182117,0.7715308156211609,0.08948648307659827,0.94888916479251,1.0637449590575208,-0.24017311933289098,0.6754427999088257,-1.0865934650343947,1.6432960600355222,0.5282064401497385,-0.026714465658928405,-1.0775117223646489,0.7052122002027531,-0.05859021713873188,1
-0.6662929394722371,0.7715308156211609,1.189144829214176,0.2079003033971988,-1.2868870934322951,-0.5814666303621717,-0.4981800274178035,0.920307393868181,-0.4108240150088804,-0.5851346579100252,0.8637677229720243,1.3322589027320104,0.015376439114653634,-0.9501804779455227,0
1.7515162175725405,-1.2961245095504037,1.8389429428409263,-0.5330885579981124,0.8015926855456453,1.4662944358135126,-0.7115659960226451,-1.0865934650343947,-1.4378840525310816,-0.7947047469565689,-0.9171966542898811,0.1273735901836806,1.3088184911548402,-0.05859021713873188,1
0.10740599078209173,0.7715308156211609,-0.8102339819450561,-2.0150662807887345,-0.19167315076046024,0.44241390272567044,1.2622542135721402,0.920307393868181,-0.4108240150088804,1.1045241850277336,0.8637677229720243,-1.0775117223646489,3.205866834147114,-0.05859021713873188,0
2.041653316417914,0.7715308156211609,1.5890205914460223,-1.2740774193934234,1.9871035224271265,0.7837074137549511,-1.0849914410811181,-1.0865934650343947,0.6162360225133209,-1.0697654888301575,-1.8076788429208337,0.1273735901836806,-0.0708530310213588,1.7245903044748498,1
0.30083072334567396,-1.2961245095504037,1.3890827103300991,0.94888916479251,0.7142085943750203,0.10112039169638974,0.835482276362457,0.920307393868181,-0.4108240150088804,0.43651952619187573,0.8637677229720243,1.3322589027320104,0.9639006106107905,-0.9501804779455227,1
1.2679543861635851,0.7715308156211609,1.7389740022829647,0.94888916479251,0.7142085943750203,1.4662944358135126,-0.23144756666175142,-1.0865934650343947,1.6432960600355222,-0.40176082999429935,-0.026714465658928405,1.3322589027320104,0.44652378979471585,0.8330000436680589,0
-0.5695805731904461,0.7715308156211609,-0.7602495116660754,0.2079003033971988,-1.275235881276212,-1.6053471634500138,1.4222936900257714,0.920307393868181,-0.4108240150088804,1.7725288438635922,0.8637677229720243,-1.0775117223646489,0.10160590925066608,-0.9501804779455227,1
1.9449409501361228,-1.2961245095504037,1.0891758886562142,-1.2740774193934234,1.8414633704760843,-1.6053471634500138,-0.9782984567786973,-1.0865934650343947,-1.4378840525310816,-0.9911767054377038,-0.9171966542898811,0.1273735901836806,0.015376439114653634,1.7245903044748498,0
0.5909678221910473,0.7715308156211609,-0.9102029225030177,0.94888916479251,0.9472328374966872,-1.264053652420733,1.0488682449672986,0.920307393868181,-0.4108240150088804,0.7639727903271003,0.8637677229720243,-1.0775117223646489,1.2225890210188277,-0.05859021713873188,1
-0.3761558406268638,-1.2961245095504037,1.5390361211670416,0.2079003033971988,-1.167462168832441,1.4662944358135126,0.9421752606648778,0.920307393868181,0.6162360225133209,1.1438185767239608,-1.8076788429208337,-1.0775117223646489,0.44652378979471585,-0.9501804779455227,1
1.0745296536000029,0.7715308156211609,0.6393156561453871,0.94888916479251,1.151129050228146,-0.24017311933289098,-0.4448335352665931,-1.0865934650343947,-0.4108240150088804,-0.5458402662137981,0.8637677229720243,1.3322589027320104,0.7914416703387656,-0.05859021713873188,0
-0.47286820690865494,0.7715308156211609,-0.2604048088762673,0.2079003033971988,-1.2431950478469826,-0.5814666303621717,-0.818258980325066,0.920307393868181,1.6432960600355222,-0.9125879220452499,-0.026714465658928405,0.1273735901836806,0.18783537938667852,-0.9501804779455227,1
1.8482285838543318,-1.2961245095504037,0.4393777750294639,-0.5330885579981124,0.8889767767162705,0.10112039169638974,1.368947197874561,-1.0865934650343947,-0.4108240150088804,1.5498606242516395,0.8637677229720243,-1.0775117223646489,1.3950479612908526,-0.05859021713873188,0
0.20411835706388284,0.7715308156211609,-1.609985506408749,-2.0150662807887345,-0.16254512037025187,-0.9227601413914523,0.5154033234551945,0.920307393868181,-1.4378840525310816,0.2007531760145139,-0.9171966542898811,1.3322589027320104,3.292096304283126,-0.05859021713873188,1
0.6876801884728384,-1.2961245095504037,-0.010482457481363327,0.94888916479251,0.8598487463260621,-0.5814666303621717,-0.178101074510541,0.920307393868181,-0.4108240150088804,-0.2576813937748006,0.8637677229720243,1.3322589027320104,0.877671140474778,-0.9501804779455227,1
2.138365682699705,0.7715308156211609,0.4393777750294639,-1.2740774193934234,2.045359583207543,0.10112039169638974,-0.7649124881738556,-1.0865934650343947,1.6432960600355222,-0.820901008087387,-0.026714465658928405,0.1273735901836806,-0.15708250115737124,1.7245903044748498,0
-0.1827311080632816,0.7715308156211609,0.7892690669823295,0.2079003033971988,-1.167462168832441,-1.6053471634500138,1.368947197874561,0.920307393868181,-0.4108240150088804,1.3533886657705048,0.8637677229720243,-1.0775117223646489,0.44652378979471585,-0.9501804779455227,1
1.3646667524453762,-1.2961245095504037,-0.11045139803932492,0.94888916479251,0.7724646551554369,0.10112039169638974,-1.2450309175347494,-1.0865934650343947,0.6162360225133209,-1.0828636193955667,-1.8076788429208337,0.1273735901836806,0.5327532599307283,0.8330000436680589,0
0.010693624500300621,0.7715308156211609,-0.4603426899921905,0.94888916479251,0.45205632086314484,1.4662944358135126,1.4222936900257714,0.920307393868181,-0.4108240150088804,1.9297064106484998,0.8637677229720243,-1.0775117223646489,1.3950479612908526,-0.9501804779455227,1
-0.6662929394722371,0.7715308156211609,-0.6102961008291329,0.2079003033971988,-1.3014511086273994,1.1250009247842319,0.6754427999088257,0.920307393868181,1.6432960600355222,0.3448326122340129,-0.026714465658928405,1.3322589027320104,-0.0708530310213588,-0.9501804779455227,1
1.5580914850089584,-1.2961245095504037,-0.41035821971320974,-0.5330885579981124,0.8015926855456453,0.7837074137549511,-0.5515265195690139,-1.0865934650343947,-0.4108240150088804,-0.6375271801716612,0.8637677229720243,1.3322589027320104,1.2225890210188277,-0.05859021713873188,0
0.39754308962746504,0.7715308156211609,0.3394088344715023,0.94888916479251,0.8889767767162705,0.10112039169638974,-0.6582195038714348,0.920307393868181,-1.4378840525310816,-0.768508485825751,-0.9171966542898811,0.1273735901836806,1.1363595508828153,-0.9501804779455227,1
-0.47286820690865494,-1.2961245095504037,0.9892069480982527,0.2079003033971988,-1.237369441768941,-0.5814666303621717,1.2622542135721402,0.920307393868181,-0.4108240150088804,1.130720446158552,0.8637677229720243,-1.0775117223646489,0.18783537938667852,-0.9501804779455227,0
2.041653316417914,0.7715308156211609,-0.3103892791552481,-1.2740774193934234,1.8997194312565011,0.7837074137549511,-1.0316449489299078,-1.0865934650343947,0.6162360225133209,-1.0435692276993398,-1.8076788429208337,0.1273735901836806,0.015376439114653634,1.7245903044748498,1
0.10740599078209173,-1.2961245095504037,0.889238007540291,0.94888916479251,0.6443013214385201,-1.6053471634500138,0.835482276362457,0.920307393868181,-0.4108240150088804,0.9735428793736438,0.8637677229720243,-1.0775117223646489,1.0673759747740055,-0.9501804779455227,1
0.8811049210364206,0.7715308156211609,-1.2600942144558833,0.94888916479251,1.1074370046428332,1.1250009247842319,-0.4448335352665931,-1.0865934650343947,1.6432960600355222,-0.4410552216905264,-0.026714465658928405,1.3322589027320104,0.8086875643659681,-0.05859021713873188,0
-0.7630053057540283,0.7715308156211609,-0.16043586831830572,0.2079003033971988,-1.3160151238225035,-0.24017311933289098,1.368947197874561,0.920307393868181,-0.4108240150088804,1.3795849269013225,0.8637677229720243,-1.0775117223646489,-0.13983660713016877,-0.9501804779455227,1
1.6548038512907495,-1.2961245095504037,1.7889584725619454,-1.2740774193934234,1.5094038240277088,1.4662944358135126,-1.1383379332323285,-1.0865934650343947,-1.4378840525310816,-1.0173729665685216,-0.9171966542898811,0.1273735901836806,0.11885180327786857,1.7245903044748498,0
-0.1827311080632816,0.7715308156211609,-0.9102029225030177,-2.0150662807887345,-0.21497557507262696,-1.264053652420733,1.4222936900257714,0.920307393868181,-0.4108240150088804,1.7725288438635922,0.8637677229720243,-1.0775117223646489,3.136883258038304,-0.05859021713873188,1
1.1712420198817939,-1.2961245095504037,-1.609985506408749,0.94888916479251,0.9268432162235414,-0.9227601413914523,-0.23144756666175142,-1.0865934650343947,0.6162360225133209,-0.21838700207857353,-1.8076788429208337,1.3322589027320104,0.6362286240939432,0.8330000436680589,1
-0.5695805731904461,0.7715308156211609,-0.8602184522240369,0.2079003033971988,-1.2577590630420867,-0.5814666303621717,0.9421752606648778,0.920307393868181,-0.4108240150088804,1.1831129684201878,0.8637677229720243,-1.0775117223646489,0.11885180327786857,-0.9501804779455227,0
1.8482285838543318,0.7715308156211609,-1.0101718630609793,-0.5330885579981124,0.8394591250529162,-1.6053471634500138,-0.23144756666175142,-1.0865934650343947,1.6432960600355222,-0.45415335225593534,-0.026714465658928405,0.1273735901836806,1.412293855318055,-0.05859021713873188,1
0.39754308962746504,-1.2961245095504037,-1.1101408036189409,0.94888916479251,0.6355629123214576,0.44241390272567044,1.1022147371185091,0.920307393868181,-0.4108240150088804,0.9735428793736438,0.8637677229720243,-1.0775117223646489,1.0673759747740055,-0.9501804779455227,0
-0.8597176720358194,0.7715308156211609,-1.4600320955718065,0.2079003033971988,-1.3334919420566285,1.1250009247842319,-1.4050703939883806,0.920307393868181,-1.4378840525310816,-1.1876486639188384,-0.9171966542898811,0.1273735901836806,-0.3122955474021936,-0.9501804779455227,1
0.7843925547546295,0.7715308156211609,-0.4603426899921905,0.94888916479251,1.0142273073941666,1.4662944358135126,0.5154033234551945,-1.0865934650343947,-0.4108240150088804,0.6984821375000554,0.8637677229720243,-1.0775117223646489,1.0673759747740055,-0.05859021713873188,1
1.4613791187271672,-1.2961245095504037,-1.2101097441769024,0.94888916479251,0.7520750338822911,0.10112039169638974,-0.4981800274178035,-1.0865934650343947,1.6432960600355222,-0.6113309190408431,-0.026714465658928405,1.3322589027320104,0.4637696838219183,0.8330000436680589,0
-0.2794434743450727,0.7715308156211609,0.2894243641925215,0.2079003033971988,-1.1528981536373366,-0.24017311933289098,1.368947197874561,0.920307393868181,-0.4108240150088804,1.5367624936862303,0.8637677229720243,-1.0775117223646489,0.5499991539579308,-0.9501804779455227,1
2.138365682699705,0.7715308156211609,-0.21042033859728654,-1.2740774193934234,2.2346917807438977,0.7837074137549511,-1.0316449489299078,-1.0865934650343947,0.6162360225133209,-0.9518823137414768,-1.8076788429208337,0.1273735901836806,-0.2260660772661812,1.7245903044748498,0
-0.0860187417814905,-1.2961245095504037,0.3394088344715023,0.94888916479251,0.5190507907606241,0.10112039169638974,1.4222936900257714,0.920307393868181,-0.4108240150088804,1.903510149517682,0.8637677229720243,-1.0775117223646489,0.8949170345019806,-0.9501804779455227,1
0.9778172873182117,0.7715308156211609,0.08948648307659827,0.94888916479251,1.0724833681745831,-0.24017311933289098,0.835482276362457,-1.0865934650343947,1.6432960600355222,0.030477478664197,-0.026714465658928405,1.3322589027320104,0.7224580942299557,-0.05859021713873188,1
-0.6662929394722371,0.7715308156211609,1.189144829214176,0.2079003033971988,-1.2839742903932743,-0.5814666303621717,-0.2847940588129618,0.920307393868181,-0.4108240150088804,-0.33627017716725444,0.8637677229720243,1.3322589027320104,0.03262233314185612,-0.9501804779455227,0
1.7515162175725405,-1.2961245095504037,1.8389429428409263,-0.5330885579981124,0.8103310946627078,1.4662944358135126,-0.818258980325066,-1.0865934650343947,-1.4378840525310816,-0.8732935303490229,-0.9171966542898811,0.1273735901836806,1.3260643851820426,-0.05859021713873188,1
0.10740599078209173,0.7715308156211609,-0.8102339819450561,-2.0150662807887345,-0.18584754468241857,0.44241390272567044,1.3156007057233507,0.920307393868181,-0.4108240150088804,1.196211098985597,0.8637677229720243,-1.0775117223646489,3.2231127281743164,-0.05859021713873188,0
2.041653316417914,0.7715308156211609,1.5890205914460223,-1.2740774193934234,2.0016675376222306,0.7837074137549511,-1.2983774096859597,-1.0865934650343947,0.6162360225133209,-1.0959617499609757,-1.8076788429208337,0.1273735901836806,-0.05360713699415632,1.7245903044748498,1
0.30083072334567396,-1.2961245095504037,1.3890827103300991,0.94888916479251,0.7229470034920827,0.10112039169638974,0.6220963077576153,0.920307393868181,-0.4108240150088804,0.174556914883696,0.8637677229720243,1.3322589027320104,0.9811465046379929,-0.9501804779455227,1
1.2679543861635851,0.7715308156211609,1.7389740022829647,0.94888916479251,0.7229470034920827,1.4662944358135126,-0.07140809020812015,-1.0865934650343947,1.6432960600355222,-0.19219074094775565,-0.026714465658928405,1.3322589027320104,0.4637696838219183,0.8330000436680589,0
-0.5695805731904461,0.7715308156211609,-0.7602495116660754,0.2079003033971988,-1.272323078237191,-1.6053471634500138,1.4222936900257714,0.920307393868181,-0.4108240150088804,1.9166082800830913,0.8637677229720243,-1.0775117223646489,0.11885180327786857,-0.9501804779455227,1
1.9449409501361228,-1.2961245095504037,1.0891758886562142,-1.2740774193934234,1.8560273856711884,-1.6053471634500138,-1.0316449489299078,-1.0865934650343947,-1.4378840525310816,-1.0042748360031128,-0.9171966542898811,0.1273735901836806,0.03262233314185612,1.7245903044748498,0
0.5909678221910473,0.7715308156211609,-0.9102029225030177,0.94888916479251,0.9559712466137498,-1.264053652420733,1.1555612292697195,0.920307393868181,-0.4108240150088804,0.842561573719554,0.8637677229720243,-1.0775117223646489,1.2398349150460304,-0.05859021713873188,1
-0.3761558406268638,-1.2961245095504037,1.5390361211670416,0.2079003033971988,-1.16454936579342,1.4662944358135126,0.8888287685136673,0.920307393868181,0.6162360225133209,1.02593540163528,-1.8076788429208337,-1.0775117223646489,0.4637696838219183,-0.9501804779455227,1
1.0745296536000029,0.7715308156211609,0.6393156561453871,0.94888916479251,1.1598674593452083,-0.24017311933289098,-0.4448335352665931,-1.0865934650343947,-0.4108240150088804,-0.5327421356483892,0.8637677229720243,1.3322589027320104,0.8086875643659681,-0.05859021713873188,0
-0.47286820690865494,0.7715308156211609,-0.2604048088762673,0.2079003033971988,-1.2402822448079618,-0.5814666303621717,-1.0316449489299078,0.920307393868181,1.6432960600355222,-1.0566673582647486,-0.026714465658928405,0.1273735901836806,0.205081273413881,-0.9501804779455227,1
1.8482285838543318,-1.2961245095504037,0.4393777750294639,-0.5330885579981124,0.897715185833333,0.10112039169638974,1.368947197874561,-1.0865934650343947,-0.4108240150088804,1.5760568853824573,0.8637677229720243,-1.0775117223646489,1.412293855318055,-0.05859021713873188,0
0.20411835706388284,0.7715308156211609,-1.609985506408749,-2.0150662807887345,-0.1567195142922102,-0.9227601413914523,0.462056831303984,0.920307393868181,-1.4378840525310816,0.26624382884155884,-0.9171966542898811,1.3322589027320104,3.309342198310329,-0.05859021713873188,1
0.6876801884728384,-1.2961245095504037,-0.010482457481363327,0.94888916479251,0.8685871554431246,-0.5814666303621717,-0.23144756666175142,0.920307393868181,-0.4108240150088804,-0.29697578547102765,0.8637677229720243,1.3322589027320104,0.8949170345019806,-0.9501804779455227,1
2.138365682699705,0.7715308156211609,0.4393777750294639,-1.2740774193934234,2.0599235984026474,0.10112039169638974,-0.8716054724762764,-1.0865934650343947,1.6432960600355222,-0.8732935303490229,-0.026714465658928405,0.1273735901836806,-0.13983660713016877,1.7245903044748498,0
-0.1827311080632816,0.7715308156211609,0.7892690669823295,0.2079003033971988,-1.16454936579342,-1.6053471634500138,1.368947197874561,0.920307393868181,-0.4108240150088804,1.3140942740742776,0.8637677229720243,-1.0775117223646489,0.4637696838219183,-0.9501804779455227,1
1.3646667524453762,-1.2961245095504037,-0.11045139803932492,0.94888916479251,0.7812030642724995,0.10112039169638974,-1.2983774096859597,-1.0865934650343947,0.6162360225133209,-1.1483542722226117,-1.8076788429208337,0.1273735901836806,0.5499991539579308,0.8330000436680589,0
0.010693624500300621,0.7715308156211609,-0.4603426899921905,0.94888916479251,0.4607947299802074,1.4662944358135126,1.4222936900257714,0.920307393868181,-0.4108240150088804,1.8118232355598192,0.8637677229720243,-1.0775117223646489,1.412293855318055,-0.9501804779455227,1
-0.6662929394722371,0.7715308156211609,-0.6102961008291329,0.2079003033971988,-1.2985383055883786,1.1250009247842319,0.6754427999088257,0.920307393868181,1.6432960600355222,0.5282064401497385,-0.026714465658928405,-1.0775117223646489,-0.05360713699415632,-0.9501804779455227,1
1.5580914850089584,-1.2961245095504037,-0.41035821971320974,-0.5330885579981124,0.8103310946627078,0.7837074137549511,-0.4981800274178035,-1.0865934650343947,-0.4108240150088804,-0.5851346579100252,0.8637677229720243,1.3322589027320104,1.2398349150460304,-0.05859021713873188,0
0.39754308962746504,0.7715308156211609,0.3394088344715023,0.94888916479251,0.897715185833333,0.10112039169638974,-0.7115659960226451,0.920307393868181,-1.4378840525310816,-0.7947047469565689,-0.9171966542898811,0.1273735901836806,1.153605444910018,-0.9501804779455227,1
-0.47286820690865494,-1.2961245095504037,0.9892069480982527,0.2079003033971988,-1.23445663872992,-0.5814666303621717,1.2622542135721402,0.920307393868181,-0.4108240150088804,1.1045241850277336,0.8637677229720243,-1.0775117223646489,0.205081273413881,-0.9501804779455227,0
2.041653316417914,0.7715308156211609,-0.3103892791552481,-1.2740774193934234,1.9142834464516054,0.7837074137549511,-1.0849914410811181,-1.0865934650343947,0.6162360225133209,-1.0697654888301575,-1.8076788429208337,0.1273735901836806,0.03262233314185612,1.7245903044748498,1
0.10740599078209173,-1.2961245095504037,0.889238007540291,0.94888916479251,0.6530397305555826,-1.6053471634500138,0.835482276362457,0.920307393868181,-0.4108240150088804,0.43651952619187573,0.8637677229720243,1.3322589027320104,1.084621868801208,-0.9501804779455227,1
0.8811049210364206,0.7715308156211609,-1.2600942144558833,0.94888916479251,1.1161754137598958,1.1250009247842319,-0.23144756666175142,-1.0865934650343947,1.6432960600355222,-0.40176082999429935,-0.026714465658928405,1.3322589027320104,0.8259334583931706,-0.05859021713873188,0
-0.7630053057540283,0.7715308156211609,-0.16043586831830572,0.2079003033971988,-1.3131023207834827,-0.24017311933289098,1.4222936900257714,0.920307393868181,-0.4108240150088804,1.7725288438635922,0.8637677229720243,-1.0775117223646489,-0.12259071310296626,-0.9501804779455227,1
1.6548038512907495,-1.2961245095504037,1.7889584725619454,-1.2740774193934234,1.5181422331447714,1.4662944358135126,-0.9782984567786973,-1.0865934650343947,-1.4378840525310816,-0.9911767054377038,-0.9171966542898811,0.1273735901836806,0.13609769730507104,1.7245903044748498,0
-0.1827311080632816,0.7715308156211609,-0.9102029225030177,-2.0150662807887345,-0.20914996899458527,-1.264053652420733,1.0488682449672986,0.920307393868181,-0.4108240150088804,0.7639727903271003,0.8637677229720243,-1.0775117223646489,3.1541291520655066,-0.05859021713873188,1
1.1712420198817939,-1.2961245095504037,-1.609985506408749,0.94888916479251,0.9355816253406039,-0.9227601413914523,0.9421752606648778,-1.0865934650343947,0.6162360225133209,1.1438185767239608,-1.8076788429208337,-1.0775117223646489,0.6534745181211457,0.8330000436680589,1
-0.5695805731904461,0.7715308156211609,-0.8602184522240369,0.2079003033971988,-1.2548462600030659,-0.5814666303621717,-0.4448335352665931,0.920307393868181,-0.4108240150088804,-0.5458402662137981,0.8637677229720243,1.3322589027320104,0.13609769730507104,-0.9501804779455227,0
1.8482285838543318,0.7715308156211609,-1.0101718630609793,-0.5330885579981124,0.8481975341699788,-1.6053471634500138,-0.818258980325066,-1.0865934650343947,1.6432960600355222,-0.9125879220452499,-0.026714465658928405,0.1273735901836806,1.4295397493452577,-0.05859021713873188,1
0.39754308962746504,-1.2961245095504037,-1.1101408036189409,0.94888916479251,0.6443013214385201,0.44241390272567044,1.368947197874561,0.920307393868181,-0.4108240150088804,1.5498606242516395,0.8637677229720243,-1.0775117223646489,1.084621868801208,-0.9501804779455227,0
-0.8597176720358194,0.7715308156211609,-1.4600320955718065,0.2079003033971988,-1.3305791390176076,1.1250009247842319,0.5154033234551945,0.920307393868181,-1.4378840525310816,0.2007531760145139,-0.9171966542898811,1.3322589027320104,-0.29504965337499117,-0.9501804779455227,1
0.7843925547546295,0.7715308156211609,-0.4603426899921905,0.94888916479251,1.022965716511229,1.4662944358135126,-0.178101074510541,-1.0865934650343947,-0.4108240150088804,-0.2576813937748006,0.8637677229720243,1.3322589027320104,1.084621868801208,-0.05859021713873188,1
1.4613791187271672,-1.2961245095504037,-1.2101097441769024,0.94888916479251,0.7608134429993536,0.10112039169638974,-0.7649124881738556,-1.0865934650343947,1.6432960600355222,-0.820901008087387,-0.026714465658928405,0.1273735901836806,0.4810155778491208,0.8330000436680589,0
-0.2794434743450727,0.7715308156211609,0.2894243641925215,0.2079003033971988,-1.1499853505983157,-0.24017311933289098,1.368947197874561,0.920307393868181,-0.4108240150088804,1.3533886657705048,0.8637677229720243,-1.0775117223646489,0.5672450479851332,-0.9501804779455227,1
2.138365682699705,0.7715308156211609,-0.21042033859728654,-1.2740774193934234,2.2492557959390016,0.7837074137549511,-1.2450309175347494,-1.0865934650343947,0.6162360225133209,-1.0828636193955667,-1.8076788429208337,0.1273735901836806,-0.20882018323897872,1.7245903044748498,0
-0.0860187417814905,-1.2961245095504037,0.3394088344715023,0.94888916479251,0.5277891998776866,0.10112039169638974,1.4222936900257714,0.920307393868181,-0.4108240150088804,1.9297064106484998,0.8637677229720243,-1.0775117223646489,0.912162928529183,-0.9501804779455227,1
0.9778172873182117,0.7715308156211609,0.08948648307659827,0.94888916479251,1.0812217772916457,-0.24017311933289098,0.6754427999088257,-1.0865934650343947,1.6432960600355222,0.3448326122340129,-0.026714465658928405,1.3322589027320104,0.7397039882571581,-0.05859021713873188,1
-0.6662929394722371,0.7715308156211609,1.189144829214176,0.2079003033971988,-1.2810614873542534,-0.5814666303621717,-0.5515265195690139,0.920307393868181,-0.4108240150088804,-0.6375271801716612,0.8637677229720243,1.3322589027320104,0.04986822716905861,-0.9501804779455227,0
1.7515162175725405,-1.2961245095504037,1.8389429428409263,-0.5330885579981124,0.8190695037797704,1.4662944358135126,-0.6582195038714348,-1.0865934650343947,-1.4378840525310816,-0.768508485825751,-0.9171966542898811,0.1273735901836806,1.3433102792092453,-0.05859021713873188,1
0.10740599078209173,0.7715308156211609,-0.8102339819450561,-2.0150662807887345,-0.1800219386043769,0.44241390272567044,1.2622542135721402,0.920307393868181,-0.4108240150088804,1.130720446158552,0.8637677229720243,-1.0775117223646489,3.240358622201519,-0.05859021713873188,0
2.041653316417914,0.7715308156211609,1.5890205914460223,-1.2740774193934234,2.016231552817335,0.7837074137549511,-1.0316449489299078,-1.0865934650343947,0.6162360225133209,-1.0435692276993398,-1.8076788429208337,0.1273735901836806,-0.03636124296695383,1.7245903044748498,1
0.30083072334567396,-1.2961245095504037,1.3890827103300991,0.94888916479251,0.7316854126091452,0.10112039169638974,0.835482276362457,0.920307393868181,-0.4108240150088804,0.9735428793736438,0.8637677229720243,-1.0775117223646489,0.9983923986651955,-0.9501804779455227,1
1.2679543861635851,0.7715308156211609,1.7389740022829647,0.94888916479251,0.7316854126091452,1.4662944358135126,-0.4448335352665931,-1.0865934650343947,1.6432960600355222,-0.4410552216905264,-0.026714465658928405,1.3322589027320104,0.4810155778491208,0.8330000436680589,0
-0.5695805731904461,0.7715308156211609,-0.7602495116660754,0.2079003033971988,-1.2694102751981702,-1.6053471634500138,1.368947197874561,0.920307393868181,-0.4108240150088804,1.3795849269013225,0.8637677229720243,-1.0775117223646489,0.13609769730507104,-0.9501804779455227,1
1.9449409501361228,-1.2961245095504037,1.0891758886562142,-1.2740774193934234,1.8705914008662927,-1.6053471634500138,-1.1383379332323285,-1.0865934650343947,-1.4378840525310816,-1.0173729665685216,-0.9171966542898811,0.1273735901836806,0.04986822716905861,1.7245903044748498,0
0.5909678221910473,0.7715308156211609,-0.9102029225030177,0.94888916479251,0.9647096557308122,-1.264053652420733,1.4222936900257714,0.920307393868181,-0.4108240150088804,1.7725288438635922,0.8637677229720243,-1.0775117223646489,1.2570808090732328,-0.05859021713873188,1
-0.3761558406268638,-1.2961245095504037,1.5390361211670416,0.2079003033971988,-1.1616365627543992,1.4662944358135126,-0.23144756666175142,0.920307393868181,0.6162360225133209,-0.21838700207857353,-1.8076788429208337,1.3322589027320104,0.4810155778491208,-0.9501804779455227,1
1.0745296536000029,0.7715308156211609,0.6393156561453871,0.94888916479251,1.1686058684622709,-0.24017311933289098,0.9421752606648778,-1.0865934650343947,-0.4108240150088804,1.1831129684201878,0.8637677229720243,-1.0775117223646489,0.8259334583931706,-0.05859021713873188,0
-0.47286820690865494,0.7715308156211609,-0.2604048088762673,0.2079003033971988,-1.237369441768941,-0.5814666303621717,-0.23144756666175142,0.920307393868181,1.6432960600355222,-0.45415335225593534,-0.026714465658928405,0.1273735901836806,0.2223271674410835,-0.9501804779455227,1
1.8482285838543318,-1.2961245095504037,0.4393777750294639,-0.5330885579981124,0.9064535949503955,0.10112039169638974,1.1022147371185091,-1.0865934650343947,-0.4108240150088804,0.9735428793736438,0.8637677229720243,-1.0775117223646489,1.4295397493452577,-0.05859021713873188,0
0.20411835706388284,0.7715308156211609,-1.609985506408749,-2.0150662807887345,-0.1508939082141685,-0.9227601413914523,-1.4050703939883806,0.920307393868181,-1.4378840525310816,-1.1876486639188384,-0.9171966542898811,0.1273735901836806,3.3265880923375315,-0.05859021713873188,1
0.6876801884728384,-1.2961245095504037,-0.010482457481363327,0.94888916479251,0.8773255645601871,-0.5814666303621717,0.5154033234551945,0.920307393868181,-0.4108240150088804,0.6984821375000554,0.8637677229720243,-1.0775117223646489,0.912162928529183,-0.9501804779455227,1
2.138365682699705,0.7715308156211609,0.4393777750294639,-1.2740774193934234,2.0744876135977517,0.10112039169638974,-0.4981800274178035,-1.0865934650343947,1.6432960600355222,-0.6113309190408431,-0.026714465658928405,1.3322589027320104,-0.12259071310296626,1.7245903044748498,0
-0.1827311080632816,0.7715308156211609,0.7892690669823295,0.2079003033971988,-1.1616365627543992,-1.6053471634500138,1.368947197874561,0.920307393868181,-0.4108240150088804,1.5367624936862303,0.8637677229720243,-1.0775117223646489,0.4810155778491208,-0.9501804779455227,1
1.3646667524453762,-1.2961245095504037,-0.11045139803932492,0.94888916479251,0.789941473389562,0.10112039169638974,-1.0316449489299078,-1.0865934650343947,0.6162360225133209,-0.9518823137414768,-1.8076788429208337,0.1273735901836806,0.5672450479851332,0.8330000436680589,0
0.010693624500300621,0.7715308156211609,-0.4603426899921905,0.94888916479251,0.46953313909726985,1.4662944358135126,1.4222936900257714,0.920307393868181,-0.4108240150088804,1.903510149517682,0.8637677229720243,-1.0775117223646489,1.4295397493452577,-0.9501804779455227,1
-0.6662929394722371,0.7715308156211609,-0.6102961008291329,0.2079003033971988,-1.2956255025493577,1.1250009247842319,0.835482276362457,0.920307393868181,1.6432960600355222,0.030477478664197,-0.026714465658928405,1.3322589027320104,-0.03636124296695383,-0.9501804779455227,1
1.5580914850089584,-1.2961245095504037,-0.41035821971320974,-0.5330885579981124,0.8190695037797704,0.7837074137549511,-0.2847940588129618,-1.0865934650343947,-0.4108240150088804,-0.33627017716725444,0.8637677229720243,1.3322589027320104,1.2570808090732328,-0.05859021713873188,0
0.39754308962746504,0.7715308156211609,0.3394088344715023,0.94888916479251,0.9064535949503955,0.10112039169638974,-0.818258980325066,0.920307393868181,-1.4378840525310816,-0.8732935303490229,-0.9171966542898811,0.1273735901836806,1.1708513389372204,-0.9501804779455227,1
-0.47286820690865494,-1.2961245095504037,0.9892069480982527,0.2079003033971988,-1.2315438356908992,-0.5814666303621717,1.3156007057233507,0.920307393868181,-0.4108240150088804,1.196211098985597,0.8637677229720243,-1.0775117223646489,0.2223271674410835,-0.9501804779455227,0
2.041653316417914,0.7715308156211609,-0.3103892791552481,-1.2740774193934234,1.9288474616467097,0.7837074137549511,-1.2983774096859597,-1.0865934650343947,0.6162360225133209,-1.0959617499609757,-1.8076788429208337,0.1273735901836806,0.04986822716905861,1.7245903044748498,1
0.10740599078209173,-1.2961245095504037,0.889238007540291,0.94888916479251,0.6617781396726451,-1.6053471634500138,0.6220963077576153,0.920307393868181,-0.4108240150088804,0.174556914883696,0.8637677229720243,1.3322589027320104,1.1018677628284104,-0.9501804779455227,1
0.8811049210364206,0.7715308156211609,-1.2600942144558833,0.94888916479251,1.1249138228769584,1.1250009247842319,-0.07140809020812015,-1.0865934650343947,1.6432960600355222,-0.19219074094775565,-0.026714465658928405,1.3322589027320104,0.843179352420373,-0.05859021713873188,0
-0.7630053057540283,0.7715308156211609,-0.16043586831830572,0.2079003033971988,-1.3101895177444618,-0.24017311933289098,1.4222936900257714,0.920307393868181,-0.4108240150088804,1.9166082800830913,0.8637677229720243,-1.0775117223646489,-0.10534481907576378,-0.9501804779455227,1
1.6548038512907495,-1.2961245095504037,1.7889584725619454,-1.2740774193934234,1.526880642261834,1.4662944358135126,-1.0316449489299078,-1.0865934650343947,-1.4378840525310816,-1.0042748360031128,-0.9171966542898811,0.1273735901836806,0.15334359133227354,1.7245903044748498,0
-0.1827311080632816,0.7715308156211609,-0.9102029225030177,-2.0150662807887345,-0.2033243629165436,-1.264053652420733,1.1555612292697195,0.920307393868181,-0.4108240150088804,0.842561573719554,0.8637677229720243,-1.0775117223646489,3.171375046092709,-0.05859021713873188,1
1.1712420198817939,-1.2961245095504037,-1.609985506408749,0.94888916479251,0.9443200344576663,-0.9227601413914523,0.8888287685136673,-1.0865934650343947,0.6162360225133209,1.02593540163528,-1.8076788429208337,-1.0775117223646489,0.6707204121483482,0.8330000436680589,1
-0.5695805731904461,0.7715308156211609,-0.8602184522240369,0.2079003033971988,-1.251933456964045,-0.5814666303621717,-0.4448335352665931,0.920307393868181,-0.4108240150088804,-0.5327421356483892,0.8637677229720243,1.3322589027320104,0.15334359133227354,-0.9501804779455227,0
1.8482285838543318,0.7715308156211609,-1.0101718630609793,-0.5330885579981124,0.8569359432870413,-1.6053471634500138,-1.0316449489299078,-1.0865934650343947,1.6432960600355222,-1.0566673582647486,-0.026714465658928405,0.1273735901836806,1.4467856433724602,-0.05859021713873188,1
0.39754308962746504,-1.2961245095504037,-1.1101408036189409,0.94888916479251,0.6530397305555826,0.44241390272567044,1.368947197874561,0.920307393868181,-0.4108240150088804,1.5760568853824573,0.8637677229720243,-1.0775117223646489,1.1018677628284104,-0.9501804779455227,0
-0.8597176720358194,0.7715308156211609,-1.4600320955718065,0.2079003033971988,-1.327666335978587,1.1250009247842319,0.462056831303984,0.920307393868181,-1.4378840525310816,0.26624382884155884,-0.9171966542898811,1.3322589027320104,-0.27780375934778867,-0.9501804779455227,1
0.7843925547546295,0.7715308156211609,-0.4603426899921905,0.94888916479251,1.0317041256282915,1.4662944358135126,-0.23144756666175142,-1.0865934650343947,-0.4108240150088804,-0.29697578547102765,0.8637677229720243,1.3322589027320104,1.1018677628284104,-0.05859021713873188,1
1.4613791187271672,-1.2961245095504037,-1.2101097441769024,0.94888916479251,0.7695518521164161,0.10112039169638974,-0.8716054724762764,-1.0865934650343947,1.6432960600355222,-0.8732935303490229,-0.026714465658928405,0.1273735901836806,0.4982614718763233,0.8330000436680589,0
-0.2794434743450727,0.7715308156211609,0.2894243641925215,0.2079003033971988,-1.1470725475592949,-0.24017311933289098,1.368947197874561,0.920307393868181,-0.4108240150088804,1.3140942740742776,0.8637677229720243,-1.0775117223646489,0.5844909420123358,-0.9501804779455227,1
2.138365682699705,0.7715308156211609,-0.21042033859728654,-1.2740774193934234,2.263819811134106,0.7837074137549511,-1.2983774096859597,-1.0865934650343947,0.6162360225133209,-1.1483542722226117,-1.8076788429208337,0.1273735901836806,-0.19157428921177622,1.7245903044748498,0
-0.0860187417814905,-1.2961245095504037,0.3394088344715023,0.94888916479251,0.5365276089947492,0.10112039169638974,1.4222936900257714,0.920307393868181,-0.4108240150088804,1.8118232355598192,0.8637677229720243,-1.0775117223646489,0.9294088225563855,-0.9501804779455227,1
0.9778172873182117,0.7715308156211609,0.08948648307659827,0.94888916479251,1.0899601864087083,-0.24017311933289098,0.6754427999088257,-1.0865934650343947,1.6432960600355222,0.5282064401497385,-0.026714465658928405,-1.0775117223646489,0.7569498822843607,-0.05859021713873188,1
-0.6662929394722371,0.7715308156211609,1.189144829214176,0.2079003033971988,-1.2781486843152325,-0.5814666303621717,-0.4981800274178035,0.920307393868181,-0.4108240150088804,-0.5851346579100252,0.8637677229720243,1.3322589027320104,0.0671141211962611,-0.9501804779455227,0
1.7515162175725405,-1.2961245095504037,1.8389429428409263,-0.5330885579981124,0.8278079128968329,1.4662944358135126,-0.7115659960226451,-1.0865934650343947,-1.4378840525310816,-0.7947047469565689,-0.9171966542898811,0.1273735901836806,1.3605561732364477,-0.05859021713873188,1
0.10740599078209173,0.7715308156211609,-0.8102339819450561,-2.0150662807887345,-0.17419633252633523,0.44241390272567044,1.2622542135721402,0.920307393868181,-0.4108240150088804,1.1045241850277336,0.8637677229720243,-1.0775117223646489,3.2576045162287213,-0.05859021713873188,0
2.041653316417914,0.7715308156211609,1.5890205914460223,-1.2740774193934234,2.0307955680124388,0.7837074137549511,-1.0849914410811181,-1.0865934650343947,0.6162360225133209,-1.0697654888301575,-1.8076788429208337,0.1273735901836806,-0.01911534893975134,1.7245903044748498,1
0.30083072334567396,-1.2961245095504037,1.3890827103300991,0.94888916479251,0.7404238217262078,0.10112039169638974,0.835482276362457,0.920307393868181,-0.4108240150088804,0.43651952619187573,0.8637677229720243,1.3322589027320104,1.015638292692398,-0.9501804779455227,1
1.2679543861635851,0.7715308156211609,1.7389740022829647,0.94888916479251,0.7404238217262078,1.4662944358135126,-0.23144756666175142,-1.0865934650343947,1.6432960600355222,-0.40176082999429935,-0.026714465658928405,1.3322589027320104,0.4982614718763233,0.8330000436680589,0
-0.5695805731904461,0.7715308156211609,-0.7602495116660754,0.2079003033971988,-1.2664974721591493,-1.6053471634500138,1.4222936900257714,0.920307393868181,-0.4108240150088804,1.7725288438635922,0.8637677229720243,-1.0775117223646489,0.15334359133227354,-0.9501804779455227,1
1.9449409501361228,-1.2961245095504037,1.0891758886562142,-1.2740774193934234,1.8851554160613968,-1.6053471634500138,-0.9782984567786973,-1.0865934650343947,-1.4378840525310816,-0.9911767054377038,-0.9171966542898811,0.1273735901836806,0.0671141211962611,1.7245903044748498,0
0.5909678221910473,0.7715308156211609,-0.9102029225030177,0.94888916479251,0.9734480648478747,-1.264053652420733,1.0488682449672986,0.920307393868181,-0.4108240150088804,0.7639727903271003,0.8637677229720243,-1.0775117223646489,1.2743267031004353,-0.05859021713873188,1
-0.3761558406268638,-1.2961245095504037,1.5390361211670416,0.2079003033971988,-1.1587237597153783,1.4662944358135126,0.9421752606648778,0.920307393868181,0.6162360225133209,1.1438185767239608,-1.8076788429208337,-1.0775117223646489,0.4982614718763233,-0.9501804779455227,1
1.0745296536000029,0.7715308156211609,0.6393156561453871,0.94888916479251,1.1773442775793335,-0.24017311933289098,-0.4448335352665931,-1.0865934650343947,-0.4108240150088804,-0.5458402662137981,0.8637677229720243,1.3322589027320104,0.843179352420373,-0.05859021713873188,0
-0.47286820690865494,0.7715308156211609,-0.2604048088762673,0.2079003033971988,-1.23445663872992,-0.5814666303621717,-0.818258980325066,0.920307393868181,1.6432960600355222,-0.9125879220452499,-0.026714465658928405,0.1273735901836806,0.23957306146828597,-0.9501804779455227,1
1.8482285838543318,-1.2961245095504037,0.4393777750294639,-0.5330885579981124,0.915192004067458,0.10112039169638974,1.368947197874561,-1.0865934650343947,-0.4108240150088804,1.5498606242516395,0.8637677229720243,-1.0775117223646489,1.4467856433724602,-0.05859021713873188,0
0.20411835706388284,0.7715308156211609,-1.609985506408749,-2.0150662807887345,-0.14506830213612684,-0.9227601413914523,0.5154033234551945,0.920307393868181,-1.4378840525310816,0.2007531760145139,-0.9171966542898811,1.3322589027320104,3.343833986364734,-0.05859021713873188,1
0.6876801884728384,-1.2961245095504037,-0.010482457481363327,0.94888916479251,0.8860639736772496,-0.5814666303621717,-0.178101074510541,0.920307393868181,-0.4108240150088804,-0.2576813937748006,0.8637677229720243,1.3322589027320104,0.9294088225563855,-0.9501804779455227,1
2.138365682699705,0.7715308156211609,0.4393777750294639,-1.2740774193934234,2.0890516287928556,0.10112039169638974,-0.7649124881738556,-1.0865934650343947,1.6432960600355222,-0.820901008087387,-0.026714465658928405,0.1273735901836806,-0.10534481907576378,1.7245903044748498,0
-0.1827311080632816,0.7715308156211609,0.7892690669823295,0.2079003033971988,-1.1587237597153783,-1.6053471634500138,1.368947197874561,0.920307393868181,-0.4108240150088804,1.3533886657705048,0.8637677229720243,-1.0775117223646489,0.4982614718763233,-0.9501804779455227,1
1.3646667524453762,-1.2961245095504037,-0.11045139803932492,0.94888916479251,0.7986798825066245,0.10112039169638974,-1.2450309175347494,-1.0865934650343947,0.6162360225133209,-1.0828636193955667,-1.8076788429208337,0.1273735901836806,0.5844909420123358,0.8330000436680589,0
0.010693624500300621,0.7715308156211609,-0.4603426899921905,0.94888916479251,0.4782715482143324,1.4662944358135126,1.4222936900257714,0.920307393868181,-0.4108240150088804,1.9297064106484998,0.8637677229720243,-1.0775117223646489,1.4467856433724602,-0.9501804779455227,1
-0.6662929394722371,0.7715308156211609,-0.6102961008291329,0.2079003033971988,-1.2927126995103368,1.1250009247842319,0.6754427999088257,0.920307393868181,1.6432960600355222,0.3448326122340129,-0.026714465658928405,1.3322589027320104,-0.01911534893975134,-0.9501804779455227,1
1.5580914850089584,-1.2961245095504037,-0.41035821971320974,-0.5330885579981124,0.8278079128968329,0.7837074137549511,-0.5515265195690139,-1.0865934650343947,-0.4108240150088804,-0.6375271801716612,0.8637677229720243,1.3322589027320104,1.2743267031004353,-0.05859021713873188,0
0.39754308962746504,0.7715308156211609,0.3394088344715023,0.94888916479251,0.915192004067458,0.10112039169638974,-0.6582195038714348,0.920307393868181,-1.4378840525310816,-0.768508485825751,-0.9171966542898811,0.1273735901836806,1.1880972329644228,-0.9501804779455227,1
-0.47286820690865494,-1.2961245095504037,0.9892069480982527,0.2079003033971988,-1.2286310326518783,-0.5814666303621717,1.2622542135721402,0.920307393868181,-0.4108240150088804,1.130720446158552,0.8637677229720243,-1.0775117223646489,0.23957306146828597,-0.9501804779455227,0
2.041653316417914,0.7715308156211609,-0.3103892791552481,-1.2740774193934234,1.9434114768418138,0.7837074137549511,-1.0316449489299078,-1.0865934650343947,0.6162360225133209,-1.0435692276993398,-1.8076788429208337,0.1273735901836806,0.0671141211962611,1.7245903044748498,1
