customer_id,age,gender,city,state,city_tier,occupation,monthly_income,cricket_interest_score,favorite_ipl_team,favorite_player,,preferred_streaming_platform,fantasy_cricket_user,sports_equipment_spending_per_month,preferred_shopping_platform,cricket_search_frequency_per_month,device_type,digital_engagement_score,likely_to_buy_cricket_kit
CUST0001,21,Male,Mumbai,Maharashtra,Tier 1,Student,18000,8.7,Mumbai Indians,Rohit Sharma,6,JioHotstar,Yes,2400,Amazon,22,Mobile,84.2,Yes
CUST0002,34,Female,Bengaluru,Karnataka,Tier 1,Working Professional,72000,6.2,Royal Challengers Bengaluru,Virat Kohli,4,TV,No,1200,Flipkart,10,Laptop,62.8,No
CUST0003,18,Male,Hyderabad,Telangana,Tier 1,Student,12000,9.1,Sunrisers Hyderabad,Pat Cummins,7,JioHotstar,Yes,3100,Amazon,28,Mobile,91.3,Yes
CUST0004,42,Male,Jaipur,Rajasthan,Tier 2,Business,98000,5.4,Rajasthan Royals,Sanju Samson,3,TV,No,1800,Local Store,7,Smart TV,48.9,No
CUST0005,27,Female,Pune,Maharashtra,Tier 1,Working Professional,56000,7.5,Chennai Super Kings,MS Dhoni,5,JioHotstar,Yes,2200,Amazon,16,Mobile,76.4,Yes
CUST0006,23,Male,Lucknow,Uttar Pradesh,Tier 2,Athlete,28000,8.9,Lucknow Super Giants,KL Rahul,6,JioHotstar,Yes,4200,Brand Website,24,Mobile,88.1,Yes
CUST0007,31,Male,Delhi,Delhi,Tier 1,Working Professional,65000,4.8,Delhi Capitals,Rishabh Pant,2,TV,No,900,Flipkart,5,Laptop,44.7,No
CUST0008,16,Female,Indore,Madhya Pradesh,Tier 2,Student,8000,7.9,Royal Challengers Bengaluru,Virat Kohli,6,YouTube Highlights,Yes,1400,Amazon,18,Mobile,79.5,Yes
CUST0009,38,Male,Chennai,Tamil Nadu,Tier 1,Coach,85000,8.1,Chennai Super Kings,Ravindra Jadeja,5,TV,No,5100,Brand Website,14,Smart TV,68.2,Yes
CUST0010,25,Male,Ahmedabad,Gujarat,Tier 1,Working Professional,47000,6.8,Gujarat Titans,Shubman Gill,4,JioHotstar,Yes,2500,Amazon,13,Mobile,71.6,Yes
CUST0011,29,Female,Kolkata,West Bengal,Tier 1,Working Professional,53000,5.9,Kolkata Knight Riders,Andre Russell,3,JioHotstar,No,1500,Flipkart,8,Laptop,58.1,No
CUST0012,19,Male,Patna,Bihar,Tier 2,Student,11000,9.4,Mumbai Indians,Jasprit Bumrah,7,JioHotstar,Yes,2700,Amazon,31,Mobile,94.5,Yes
CUST0013,45,Male,Nagpur,Maharashtra,Tier 2,Business,125000,4.2,Chennai Super Kings,MS Dhoni,1,TV,No,800,Local Store,3,Smart TV,36.9,No
CUST0014,26,Female,Surat,Gujarat,Tier 2,Working Professional,48000,7.1,Rajasthan Royals,Yashasvi Jaiswal,5,JioHotstar,Yes,2300,Flipkart,15,Mobile,74.2,Yes
CUST0015,22,Male,Kanpur,Uttar Pradesh,Tier 2,Student,15000,8.5,Lucknow Super Giants,Nicholas Pooran,6,JioHotstar,Yes,1800,Amazon,20,Mobile,82.3,Yes
CUST0016,36,Female,Bhopal,Madhya Pradesh,Tier 2,Coach,62000,6.3,Royal Challengers Bengaluru,Faf du Plessis,4,TV,No,2900,Brand Website,11,Laptop,59.8,No
CUST0017,28,Male,Chandigarh,Chandigarh,Tier 1,Working Professional,59000,7.8,Punjab Kings,Shikhar Dhawan,5,JioHotstar,Yes,2600,Amazon,19,Mobile,80.7,Yes
CUST0018,41,Male,Visakhapatnam,Andhra Pradesh,Tier 2,Business,104000,5.1,Sunrisers Hyderabad,Heinrich Klaasen,2,TV,No,1600,Local Store,6,Smart TV,46.3,No
CUST0019,17,Male,Coimbatore,Tamil Nadu,Tier 2,Student,7000,8.8,Chennai Super Kings,MS Dhoni,7,JioHotstar,Yes,2100,Amazon,25,Mobile,89.7,Yes
CUST0020,33,Female,Kochi,Kerala,Tier 2,Working Professional,68000,6.5,Mumbai Indians,Suryakumar Yadav,4,JioHotstar,No,1900,Flipkart,9,Laptop,63.4,No
CUST0021,24,Male,Noida,Uttar Pradesh,Tier 1,Athlete,32000,9.2,Royal Challengers Bengaluru,Virat Kohli,7,JioHotstar,Yes,5300,Brand Website,29,Mobile,93.8,Yes
CUST0022,39,Female,Raipur,Chhattisgarh,Tier 2,Business,91000,4.9,Delhi Capitals,David Warner,2,TV,No,1200,Local Store,4,Smart TV,41.7,No
CUST0023,20,Male,Vadodara,Gujarat,Tier 2,Student,10000,8.4,Gujarat Titans,Rashid Khan,6,YouTube Highlights,Yes,1700,Amazon,21,Mobile,81.1,Yes
CUST0024,27,Male,Delhi,Delhi,Tier 1,Working Professional,61000,7.0,Kolkata Knight Riders,Rinku Singh,5,JioHotstar,Yes,2400,Amazon,14,Laptop,75.6,Yes
CUST0025,52,Male,Ludhiana,Punjab,Tier 2,Business,135000,3.8,Punjab Kings,Arshdeep Singh,1,TV,No,700,Local Store,2,Smart TV,33.5,No
CUST0026,30,Female,Thane,Maharashtra,Tier 1,Working Professional,58000,6.9,Mumbai Indians,Hardik Pandya,4,JioHotstar,No,2100,Flipkart,12,Mobile,67.8,No
CUST0027,18,Male,Guwahati,Assam,Tier 2,Student,9000,9.3,Rajasthan Royals,Jos Buttler,7,JioHotstar,Yes,2500,Amazon,30,Mobile,95.1,Yes
CUST0028,35,Male,Ranchi,Jharkhand,Tier 2,Coach,72000,7.4,Chennai Super Kings,MS Dhoni,5,TV,No,4500,Brand Website,13,Smart TV,66.9,Yes
CUST0029,23,Female,Mysuru,Karnataka,Tier 2,Student,14000,7.7,Royal Challengers Bengaluru,Virat Kohli,6,JioHotstar,Yes,1600,Amazon,17,Mobile,78.6,Yes
CUST0030,44,Male,Nashik,Maharashtra,Tier 2,Business,112000,5.6,Mumbai Indians,Rohit Sharma,3,TV,No,1400,Local Store,5,Smart TV,49.1,No
CUST0031,26,Male,Hyderabad,Telangana,Tier 1,Working Professional,54000,8.0,Sunrisers Hyderabad,Travis Head,6,JioHotstar,Yes,3200,Amazon,22,Mobile,86.4,Yes
CUST0032,32,Female,Bhubaneswar,Odisha,Tier 2,Working Professional,49000,6.1,Kolkata Knight Riders,Sunil Narine,4,YouTube Highlights,No,1800,Flipkart,9,Laptop,57.2,No
CUST0033,15,Male,Varanasi,Uttar Pradesh,Tier 3,Student,6000,8.9,Chennai Super Kings,Ruturaj Gaikwad,7,JioHotstar,Yes,1200,Amazon,24,Mobile,88.5,Yes
CUST0034,37,Male,Amritsar,Punjab,Tier 2,Business,88000,5.7,Punjab Kings,Liam Livingstone,3,TV,No,2100,Local Store,6,Smart TV,51.3,No
CUST0035,29,Female,Mumbai,Maharashtra,Tier 1,Working Professional,79000,7.3,Mumbai Indians,Jasprit Bumrah,5,JioHotstar,Yes,2600,Amazon,18,Laptop,79.2,Yes
CUST0036,22,Male,Patiala,Punjab,Tier 2,Athlete,26000,9.0,Punjab Kings,Arshdeep Singh,6,JioHotstar,Yes,4800,Brand Website,27,Mobile,90.7,Yes
CUST0037,40,Female,Meerut,Uttar Pradesh,Tier 2,Coach,67000,6.0,Delhi Capitals,Rishabh Pant,4,TV,No,3100,Brand Website,10,Smart TV,55.8,No
CUST0038,19,Male,Agra,Uttar Pradesh,Tier 2,Student,9000,8.6,Rajasthan Royals,Yuzvendra Chahal,6,JioHotstar,Yes,1500,Amazon,23,Mobile,84.9,Yes
CUST0039,28,Male,Chennai,Tamil Nadu,Tier 1,Working Professional,63000,7.2,Chennai Super Kings,MS Dhoni,5,JioHotstar,Yes,2800,Flipkart,16,Mobile,77.1,Yes
CUST0040,48,Female,Aurangabad,Maharashtra,Tier 2,Business,97000,4.4,Sunrisers Hyderabad,Pat Cummins,2,TV,No,1300,Local Store,4,Smart TV,39.4,No
CUST0041,21,Male,Siliguri,West Bengal,Tier 2,Student,11000,8.3,Kolkata Knight Riders,Shreyas Iyer,6,JioHotstar,Yes,1900,Amazon,19,Mobile,83.7,Yes
CUST0042,34,Male,Bengaluru,Karnataka,Tier 1,Working Professional,85000,6.7,Royal Challengers Bengaluru,Virat Kohli,4,JioHotstar,No,2200,Brand Website,11,Laptop,69.5,No
CUST0043,27,Female,Jaipur,Rajasthan,Tier 2,Working Professional,52000,7.6,Rajasthan Royals,Sanju Samson,5,JioHotstar,Yes,2400,Amazon,15,Mobile,78.9,Yes
CUST0044,31,Male,Dehradun,Uttarakhand,Tier 2,Coach,58000,6.4,Delhi Capitals,Axar Patel,4,TV,No,3500,Brand Website,10,Laptop,60.7,No
CUST0045,18,Male,Jamshedpur,Jharkhand,Tier 2,Student,8500,9.5,Mumbai Indians,Suryakumar Yadav,7,JioHotstar,Yes,2600,Amazon,32,Mobile,96.4,Yes
CUST0046,43,Female,Madurai,Tamil Nadu,Tier 2,Business,92000,5.0,Chennai Super Kings,Ravindra Jadeja,3,TV,No,1700,Local Store,5,Smart TV,45.2,No
CUST0047,24,Male,Faridabad,Haryana,Tier 1,Working Professional,46000,8.2,Royal Challengers Bengaluru,Virat Kohli,6,JioHotstar,Yes,2900,Amazon,21,Mobile,85.5,Yes
CUST0048,38,Male,Vijayawada,Andhra Pradesh,Tier 2,Coach,74000,6.6,Sunrisers Hyderabad,Abhishek Sharma,4,TV,No,3900,Brand Website,12,Smart TV,61.9,No
CUST0049,20,Female,Udaipur,Rajasthan,Tier 2,Student,9500,8.7,Rajasthan Royals,Yashasvi Jaiswal,7,JioHotstar,Yes,1800,Flipkart,25,Mobile,87.1,Yes
CUST0050,46,Male,Kolhapur,Maharashtra,Tier 2,Business,108000,4.7,Mumbai Indians,Rohit Sharma,2,TV,No,1500,Local Store,4,Smart TV,42.6,No
CUST0051,25,Male,Ahmednagar,Maharashtra,Tier 2,Working Professional,42000,7.9,Chennai Super Kings,Ruturaj Gaikwad,5,JioHotstar,Yes,2400,Amazon,18,Mobile,81.2,Yes
CUST0052,33,Female,Delhi,Delhi,Tier 1,Working Professional,76000,6.4,Delhi Capitals,Rishabh Pant,4,TV,No,1900,Flipkart,11,Laptop,66.1,No
CUST0053,19,Male,Gwalior,Madhya Pradesh,Tier 2,Student,9500,9.2,Royal Challengers Bengaluru,Virat Kohli,7,JioHotstar,Yes,2800,Amazon,29,Mobile,93.6,Yes
CUST0054,41,Male,Kota,Rajasthan,Tier 2,Business,98000,5.1,Rajasthan Royals,Jos Buttler,3,TV,No,1600,Local Store,5,Smart TV,47.8,No
CUST0055,28,Female,Thiruvananthapuram,Kerala,Tier 2,Working Professional,57000,7.0,Mumbai Indians,Jasprit Bumrah,5,JioHotstar,Yes,2300,Amazon,15,Mobile,74.4,Yes
CUST0056,22,Male,Prayagraj,Uttar Pradesh,Tier 2,Athlete,26000,8.8,Lucknow Super Giants,KL Rahul,6,JioHotstar,Yes,4600,Brand Website,24,Mobile,89.2,Yes
CUST0057,36,Male,Surat,Gujarat,Tier 2,Business,84000,5.9,Gujarat Titans,Shubman Gill,3,TV,No,2100,Flipkart,8,Laptop,54.6,No
CUST0058,17,Female,Jabalpur,Madhya Pradesh,Tier 2,Student,7000,8.4,Chennai Super Kings,MS Dhoni,6,YouTube Highlights,Yes,1400,Amazon,20,Mobile,82.1,Yes
CUST0059,30,Male,Panipat,Haryana,Tier 2,Working Professional,51000,6.8,Punjab Kings,Arshdeep Singh,4,JioHotstar,No,2200,Flipkart,12,Laptop,68.9,No
CUST0060,24,Male,Bengaluru,Karnataka,Tier 1,Working Professional,62000,8.1,Royal Challengers Bengaluru,Faf du Plessis,6,JioHotstar,Yes,3100,Amazon,23,Mobile,87.5,Yes
CUST0061,47,Female,Tiruchirappalli,Tamil Nadu,Tier 2,Coach,69000,5.3,Sunrisers Hyderabad,Pat Cummins,2,TV,No,3200,Brand Website,6,Smart TV,44.1,No
CUST0062,20,Male,Patna,Bihar,Tier 2,Student,10000,9.0,Mumbai Indians,Suryakumar Yadav,7,JioHotstar,Yes,2500,Amazon,30,Mobile,94.8,Yes
CUST0063,39,Male,Navi Mumbai,Maharashtra,Tier 1,Business,118000,6.2,Mumbai Indians,Rohit Sharma,4,TV,No,2600,Brand Website,9,Laptop,61.4,No
CUST0064,26,Female,Chennai,Tamil Nadu,Tier 1,Working Professional,54000,7.5,Chennai Super Kings,Ravindra Jadeja,5,JioHotstar,Yes,2700,Amazon,17,Mobile,78.3,Yes
CUST0065,18,Male,Dhanbad,Jharkhand,Tier 2,Student,8500,9.4,Kolkata Knight Riders,Rinku Singh,7,JioHotstar,Yes,2100,Amazon,31,Mobile,95.2,Yes
CUST0066,35,Male,Gurugram,Haryana,Tier 1,Working Professional,93000,6.7,Delhi Capitals,David Warner,4,JioHotstar,No,2400,Brand Website,10,Laptop,70.5,No
CUST0067,23,Female,Hubli,Karnataka,Tier 2,Student,13000,8.0,Royal Challengers Bengaluru,Virat Kohli,6,JioHotstar,Yes,1700,Flipkart,19,Mobile,80.9,Yes
CUST0068,44,Male,Srinagar,Jammu and Kashmir,Tier 2,Business,102000,4.6,Chennai Super Kings,MS Dhoni,2,TV,No,1200,Local Store,4,Smart TV,38.7,No
CUST0069,27,Male,Mumbai,Maharashtra,Tier 1,Athlete,38000,8.9,Mumbai Indians,Jasprit Bumrah,6,JioHotstar,Yes,5200,Brand Website,26,Mobile,91.6,Yes
CUST0070,32,Female,Nagpur,Maharashtra,Tier 2,Working Professional,61000,6.1,Sunrisers Hyderabad,Heinrich Klaasen,4,TV,No,2000,Amazon,9,Laptop,59.3,No
CUST0071,16,Male,Aligarh,Uttar Pradesh,Tier 3,Student,6000,8.7,Rajasthan Royals,Sanju Samson,7,JioHotstar,Yes,1300,Amazon,23,Mobile,86.2,Yes
CUST0072,40,Male,Bhubaneswar,Odisha,Tier 2,Coach,72000,5.8,Kolkata Knight Riders,Andre Russell,3,TV,No,3400,Brand Website,7,Smart TV,52.6,No
CUST0073,29,Female,Pune,Maharashtra,Tier 1,Working Professional,68000,7.4,Chennai Super Kings,MS Dhoni,5,JioHotstar,Yes,2500,Amazon,16,Mobile,77.9,Yes
CUST0074,21,Male,Meerut,Uttar Pradesh,Tier 2,Student,12000,9.1,Lucknow Super Giants,Nicholas Pooran,7,JioHotstar,Yes,2200,Flipkart,28,Mobile,92.7,Yes
CUST0075,37,Male,Visakhapatnam,Andhra Pradesh,Tier 2,Business,86000,5.5,Sunrisers Hyderabad,Abhishek Sharma,3,TV,No,1800,Local Store,6,Laptop,49.9,No
CUST0076,26,Female,Noida,Uttar Pradesh,Tier 1,Working Professional,59000,7.8,Royal Challengers Bengaluru,Virat Kohli,5,JioHotstar,Yes,2800,Amazon,20,Mobile,82.5,Yes
CUST0077,19,Male,Rourkela,Odisha,Tier 2,Student,9000,8.5,Mumbai Indians,Hardik Pandya,6,JioHotstar,Yes,1600,Amazon,22,Mobile,84.6,Yes
CUST0078,48,Female,Salem,Tamil Nadu,Tier 2,Business,95000,4.9,Chennai Super Kings,Ruturaj Gaikwad,2,TV,No,1400,Local Store,5,Smart TV,41.2,No
CUST0079,31,Male,Hyderabad,Telangana,Tier 1,Working Professional,71000,7.2,Sunrisers Hyderabad,Travis Head,5,JioHotstar,Yes,2900,Brand Website,14,Laptop,75.4,Yes
CUST0080,22,Male,Warangal,Telangana,Tier 2,Athlete,24000,9.3,Sunrisers Hyderabad,Pat Cummins,7,JioHotstar,Yes,4900,Brand Website,27,Mobile,94.1,Yes
CUST0081,43,Male,Ajmer,Rajasthan,Tier 2,Coach,64000,5.4,Rajasthan Royals,Yashasvi Jaiswal,3,TV,No,3100,Local Store,7,Smart TV,50.7,No
CUST0082,24,Female,Indore,Madhya Pradesh,Tier 2,Working Professional,47000,7.7,Kolkata Knight Riders,Sunil Narine,5,JioHotstar,Yes,2100,Amazon,18,Mobile,79.8,Yes
CUST0083,18,Male,Kanpur,Uttar Pradesh,Tier 2,Student,8000,9.5,Royal Challengers Bengaluru,Virat Kohli,7,JioHotstar,Yes,2400,Amazon,33,Mobile,97.3,Yes
CUST0084,34,Male,Kochi,Kerala,Tier 2,Business,89000,6.0,Mumbai Indians,Rohit Sharma,4,TV,No,2300,Flipkart,9,Laptop,58.4,No
CUST0085,27,Female,Ahmedabad,Gujarat,Tier 1,Working Professional,64000,7.1,Gujarat Titans,Rashid Khan,5,JioHotstar,Yes,2600,Amazon,15,Mobile,76.8,Yes
CUST0086,42,Male,Bareilly,Uttar Pradesh,Tier 2,Coach,68000,5.7,Delhi Capitals,Axar Patel,3,TV,No,3300,Brand Website,8,Smart TV,53.2,No
CUST0087,20,Male,Nellore,Andhra Pradesh,Tier 2,Student,9500,8.8,Sunrisers Hyderabad,Heinrich Klaasen,6,JioHotstar,Yes,1800,Amazon,24,Mobile,87.6,Yes
CUST0088,29,Female,Kolkata,West Bengal,Tier 1,Working Professional,62000,7.3,Kolkata Knight Riders,Shreyas Iyer,5,JioHotstar,Yes,2400,Flipkart,17,Laptop,78.5,Yes
CUST0089,51,Male,Solapur,Maharashtra,Tier 2,Business,121000,4.3,Chennai Super Kings,MS Dhoni,1,TV,No,900,Local Store,3,Smart TV,35.9,No
CUST0090,23,Male,Vadodara,Gujarat,Tier 2,Student,14000,8.6,Gujarat Titans,Shubman Gill,6,JioHotstar,Yes,2000,Amazon,21,Mobile,85.8,Yes
CUST0091,38,Female,Mangalore,Karnataka,Tier 2,Working Professional,69000,6.2,Royal Challengers Bengaluru,Virat Kohli,4,TV,No,2200,Brand Website,10,Laptop,63.7,No
CUST0092,17,Male,Gaya,Bihar,Tier 2,Student,7500,9.1,Mumbai Indians,Jasprit Bumrah,7,JioHotstar,Yes,1500,Amazon,29,Mobile,93.4,Yes
CUST0093,30,Male,Chandigarh,Chandigarh,Tier 1,Working Professional,78000,7.0,Punjab Kings,Shikhar Dhawan,5,JioHotstar,No,2600,Amazon,13,Laptop,72.1,Yes
CUST0094,45,Female,Jodhpur,Rajasthan,Tier 2,Business,97000,5.0,Rajasthan Royals,Jos Buttler,2,TV,No,1600,Local Store,5,Smart TV,43.6,No
CUST0095,25,Male,Lucknow,Uttar Pradesh,Tier 1,Athlete,34000,8.7,Lucknow Super Giants,KL Rahul,6,JioHotstar,Yes,5100,Brand Website,25,Mobile,90.1,Yes
CUST0096,36,Male,Coimbatore,Tamil Nadu,Tier 2,Working Professional,66000,6.5,Chennai Super Kings,Ravindra Jadeja,4,JioHotstar,No,2100,Flipkart,11,Laptop,64.5,No
CUST0097,19,Female,Raipur,Chhattisgarh,Tier 2,Student,8500,8.9,Delhi Capitals,Rishabh Pant,7,JioHotstar,Yes,1700,Amazon,26,Mobile,88.8,Yes
CUST0098,41,Male,Shimla,Himachal Pradesh,Tier 2,Coach,71000,5.6,Punjab Kings,Liam Livingstone,3,TV,No,3500,Brand Website,7,Smart TV,51.7,No
CUST0099,28,Female,Thane,Maharashtra,Tier 1,Working Professional,60000,7.6,Mumbai Indians,Suryakumar Yadav,5,JioHotstar,Yes,2700,Amazon,18,Mobile,80.3,Yes
CUST0100,22,Male,Dehradun,Uttarakhand,Tier 2,Student,12500,9.2,Royal Challengers Bengaluru,Virat Kohli,7,JioHotstar,Yes,2300,Amazon,30,Mobile,94.5,Yes
CUST0101,27,Male,Mumbai,Maharashtra,Tier 1,Working Professional,68000,7.8,Mumbai Indians,Rohit Sharma,5,JioHotstar,Yes,3200,Amazon,18,Mobile,82.4,Yes
CUST0102,19,Female,Patna,Bihar,Tier 2,Student,9000,8.9,Chennai Super Kings,MS Dhoni,7,JioHotstar,Yes,1700,Flipkart,26,Mobile,91.8,Yes
CUST0103,35,Male,Jaipur,Rajasthan,Tier 2,Business,92000,5.6,Rajasthan Royals,Sanju Samson,3,TV,No,2100,Local Store,7,Laptop,52.7,No
CUST0104,22,Male,Hyderabad,Telangana,Tier 1,Athlete,30000,9.3,Sunrisers Hyderabad,Pat Cummins,7,JioHotstar,Yes,5400,Brand Website,31,Mobile,95.1,Yes
CUST0105,41,Female,Indore,Madhya Pradesh,Tier 2,Coach,71000,6.2,Royal Challengers Bengaluru,Virat Kohli,4,TV,No,3500,Brand Website,10,Smart TV,58.9,No
CUST0106,24,Male,Lucknow,Uttar Pradesh,Tier 1,Working Professional,48000,8.0,Lucknow Super Giants,KL Rahul,6,JioHotstar,Yes,2800,Amazon,21,Mobile,84.7,Yes
CUST0107,17,Male,Nashik,Maharashtra,Tier 2,Student,7500,9.4,Mumbai Indians,Jasprit Bumrah,7,JioHotstar,Yes,1600,Amazon,33,Mobile,96.3,Yes
CUST0108,33,Female,Bengaluru,Karnataka,Tier 1,Working Professional,81000,6.7,Royal Challengers Bengaluru,Faf du Plessis,4,JioHotstar,No,2400,Flipkart,11,Laptop,69.1,No
CUST0109,28,Male,Kolkata,West Bengal,Tier 1,Working Professional,59000,7.5,Kolkata Knight Riders,Rinku Singh,5,JioHotstar,Yes,2600,Amazon,16,Mobile,79.6,Yes
CUST0110,45,Male,Surat,Gujarat,Tier 2,Business,108000,4.9,Gujarat Titans,Shubman Gill,2,TV,No,1400,Local Store,5,Smart TV,44.2,No
CUST0111,20,Female,Chennai,Tamil Nadu,Tier 1,Student,11000,8.7,Chennai Super Kings,Ravindra Jadeja,6,JioHotstar,Yes,1900,Amazon,24,Mobile,87.5,Yes
CUST0112,31,Male,Pune,Maharashtra,Tier 1,Working Professional,72000,7.1,Mumbai Indians,Suryakumar Yadav,5,JioHotstar,No,2500,Brand Website,14,Laptop,73.3,Yes
CUST0113,18,Male,Kanpur,Uttar Pradesh,Tier 2,Student,8500,9.1,Royal Challengers Bengaluru,Virat Kohli,7,JioHotstar,Yes,2200,Amazon,30,Mobile,94.2,Yes
CUST0114,39,Female,Kochi,Kerala,Tier 2,Working Professional,68000,6.0,Delhi Capitals,Rishabh Pant,3,TV,No,1800,Flipkart,8,Laptop,56.8,No
CUST0115,26,Male,Ahmedabad,Gujarat,Tier 1,Athlete,36000,8.8,Gujarat Titans,Rashid Khan,6,JioHotstar,Yes,5000,Brand Website,27,Mobile,90.9,Yes
CUST0116,47,Male,Amritsar,Punjab,Tier 2,Business,115000,4.5,Punjab Kings,Shikhar Dhawan,2,TV,No,1200,Local Store,4,Smart TV,39.5,No
CUST0117,23,Female,Noida,Uttar Pradesh,Tier 1,Student,15000,8.3,Delhi Capitals,David Warner,6,JioHotstar,Yes,2100,Amazon,22,Mobile,83.7,Yes
CUST0118,34,Male,Coimbatore,Tamil Nadu,Tier 2,Working Professional,64000,6.4,Chennai Super Kings,Ruturaj Gaikwad,4,JioHotstar,No,2300,Flipkart,10,Laptop,63.2,No
CUST0119,16,Male,Guwahati,Assam,Tier 2,Student,6500,9.5,Rajasthan Royals,Yashasvi Jaiswal,7,JioHotstar,Yes,1400,Amazon,35,Mobile,97.1,Yes
CUST0120,42,Female,Nagpur,Maharashtra,Tier 2,Coach,73000,5.8,Mumbai Indians,Hardik Pandya,3,TV,No,3200,Brand Website,7,Smart TV,51.6,No
CUST0121,29,Male,Delhi,Delhi,Tier 1,Working Professional,77000,7.4,Delhi Capitals,Axar Patel,5,JioHotstar,Yes,2900,Amazon,17,Laptop,78.4,Yes
CUST0122,21,Male,Bhopal,Madhya Pradesh,Tier 2,Student,12000,8.6,Royal Challengers Bengaluru,Virat Kohli,6,JioHotstar,Yes,1800,Amazon,25,Mobile,86.5,Yes
CUST0123,37,Female,Vijayawada,Andhra Pradesh,Tier 2,Business,89000,5.5,Sunrisers Hyderabad,Heinrich Klaasen,3,TV,No,1900,Local Store,6,Laptop,49.8,No
CUST0124,25,Male,Chandigarh,Chandigarh,Tier 1,Working Professional,56000,7.9,Punjab Kings,Arshdeep Singh,5,JioHotstar,Yes,3100,Amazon,19,Mobile,81.9,Yes
CUST0125,19,Female,Ranchi,Jharkhand,Tier 2,Student,9500,9.0,Chennai Super Kings,MS Dhoni,7,JioHotstar,Yes,1700,Flipkart,28,Mobile,92.4,Yes
CUST0126,44,Male,Jodhpur,Rajasthan,Tier 2,Business,101000,5.0,Rajasthan Royals,Jos Buttler,2,TV,No,1500,Local Store,5,Smart TV,43.7,No
CUST0127,28,Male,Thane,Maharashtra,Tier 1,Working Professional,61000,7.3,Mumbai Indians,Jasprit Bumrah,5,JioHotstar,Yes,2700,Amazon,16,Mobile,76.9,Yes
CUST0128,32,Female,Mysuru,Karnataka,Tier 2,Working Professional,58000,6.1,Royal Challengers Bengaluru,Virat Kohli,4,TV,No,2200,Flipkart,9,Laptop,60.5,No
CUST0129,18,Male,Meerut,Uttar Pradesh,Tier 2,Student,8000,9.2,Lucknow Super Giants,Nicholas Pooran,7,JioHotstar,Yes,2000,Amazon,31,Mobile,95.4,Yes
CUST0130,40,Male,Raipur,Chhattisgarh,Tier 2,Coach,70000,5.7,Kolkata Knight Riders,Andre Russell,3,TV,No,3400,Brand Website,8,Smart TV,53.4,No
CUST0131,24,Female,Vadodara,Gujarat,Tier 2,Working Professional,49000,7.7,Gujarat Titans,Shubman Gill,5,JioHotstar,Yes,2500,Amazon,18,Mobile,80.1,Yes
CUST0132,52,Male,Siliguri,West Bengal,Tier 2,Business,126000,4.2,Kolkata Knight Riders,Sunil Narine,1,TV,No,1000,Local Store,3,Smart TV,34.8,No
CUST0133,22,Male,Faridabad,Haryana,Tier 1,Athlete,28000,8.9,Punjab Kings,Liam Livingstone,6,JioHotstar,Yes,4700,Brand Website,26,Mobile,91.3,Yes
CUST0134,36,Female,Hubli,Karnataka,Tier 2,Working Professional,65000,6.3,Royal Challengers Bengaluru,Faf du Plessis,4,JioHotstar,No,2100,Flipkart,11,Laptop,64.7,No
CUST0135,20,Male,Udaipur,Rajasthan,Tier 2,Student,10000,8.8,Rajasthan Royals,Sanju Samson,7,JioHotstar,Yes,1900,Amazon,27,Mobile,89.6,Yes
CUST0136,43,Male,Patiala,Punjab,Tier 2,Business,97000,5.1,Punjab Kings,Shikhar Dhawan,2,TV,No,1600,Local Store,5,Smart TV,45.1,No
CUST0137,27,Female,Visakhapatnam,Andhra Pradesh,Tier 2,Working Professional,54000,7.2,Sunrisers Hyderabad,Abhishek Sharma,5,JioHotstar,Yes,2600,Amazon,15,Mobile,77.5,Yes
CUST0138,30,Male,Mumbai,Maharashtra,Tier 1,Working Professional,83000,7.0,Mumbai Indians,Rohit Sharma,5,JioHotstar,No,3000,Brand Website,14,Laptop,74.2,Yes
CUST0139,17,Male,Gaya,Bihar,Tier 2,Student,7000,9.3,Chennai Super Kings,Ravindra Jadeja,7,JioHotstar,Yes,1500,Amazon,34,Mobile,96.5,Yes
CUST0140,41,Female,Tirupati,Andhra Pradesh,Tier 2,Coach,69000,5.9,Sunrisers Hyderabad,Pat Cummins,3,TV,No,3300,Brand Website,7,Smart TV,52.3,No
CUST0141,26,Male,Hyderabad,Telangana,Tier 1,Working Professional,62000,8.1,Sunrisers Hyderabad,Travis Head,6,JioHotstar,Yes,3200,Amazon,21,Mobile,85.9,Yes
CUST0142,19,Female,Agra,Uttar Pradesh,Tier 2,Student,9000,8.7,Delhi Capitals,Rishabh Pant,7,JioHotstar,Yes,1700,Flipkart,26,Mobile,90.7,Yes
CUST0143,35,Male,Aurangabad,Maharashtra,Tier 2,Business,91000,5.6,Mumbai Indians,Suryakumar Yadav,3,TV,No,2200,Local Store,6,Laptop,51.4,No
CUST0144,23,Male,Bengaluru,Karnataka,Tier 1,Athlete,34000,9.1,Royal Challengers Bengaluru,Virat Kohli,7,JioHotstar,Yes,5200,Brand Website,29,Mobile,93.8,Yes
CUST0145,48,Female,Madurai,Tamil Nadu,Tier 2,Business,99000,4.7,Chennai Super Kings,MS Dhoni,2,TV,No,1400,Local Store,4,Smart TV,40.6,No
CUST0146,29,Male,Pune,Maharashtra,Tier 1,Working Professional,69000,7.6,Chennai Super Kings,Ruturaj Gaikwad,5,JioHotstar,Yes,2800,Amazon,17,Mobile,79.7,Yes
CUST0147,18,Male,Jamshedpur,Jharkhand,Tier 2,Student,8500,9.4,Kolkata Knight Riders,Rinku Singh,7,JioHotstar,Yes,2100,Amazon,32,Mobile,96.9,Yes
CUST0148,38,Female,Kochi,Kerala,Tier 2,Working Professional,71000,6.2,Mumbai Indians,Hardik Pandya,4,TV,No,2300,Flipkart,10,Laptop,62.8,No
CUST0149,24,Male,Noida,Uttar Pradesh,Tier 1,Working Professional,52000,8.0,Lucknow Super Giants,KL Rahul,6,JioHotstar,Yes,2900,Amazon,22,Mobile,84.1,Yes
CUST0150,45,Male,Solapur,Maharashtra,Tier 2,Business,107000,4.8,Rajasthan Royals,Yashasvi Jaiswal,2,TV,No,1500,Local Store,5,Smart TV,42.9,No
CUST0151,21,Male,Patna,Bihar,Tier 2,Student,11000,8.8,Mumbai Indians,Jasprit Bumrah,7,JioHotstar,Yes,1900,Amazon,27,Mobile,90.8,Yes
CUST0152,34,Female,Chennai,Tamil Nadu,Tier 1,Working Professional,74000,6.5,Chennai Super Kings,MS Dhoni,4,JioHotstar,No,2300,Flipkart,11,Laptop,67.4,No
CUST0153,28,Male,Delhi,Delhi,Tier 1,Working Professional,69000,7.7,Delhi Capitals,Rishabh Pant,5,JioHotstar,Yes,3000,Amazon,18,Mobile,81.7,Yes
CUST0154,17,Male,Gorakhpur,Uttar Pradesh,Tier 3,Student,6500,9.4,Royal Challengers Bengaluru,Virat Kohli,7,JioHotstar,Yes,1400,Amazon,34,Mobile,96.8,Yes
CUST0155,42,Male,Ahmedabad,Gujarat,Tier 1,Business,116000,5.2,Gujarat Titans,Shubman Gill,3,TV,No,2100,Local Store,6,Smart TV,48.1,No
CUST0156,25,Female,Pune,Maharashtra,Tier 1,Working Professional,56000,7.9,Chennai Super Kings,Ruturaj Gaikwad,5,JioHotstar,Yes,2600,Amazon,19,Mobile,80.9,Yes
CUST0157,30,Male,Hyderabad,Telangana,Tier 1,Athlete,39000,9.0,Sunrisers Hyderabad,Pat Cummins,6,JioHotstar,Yes,5100,Brand Website,28,Mobile,92.5,Yes
CUST0158,39,Female,Indore,Madhya Pradesh,Tier 2,Coach,68000,5.9,Rajasthan Royals,Sanju Samson,3,TV,No,3200,Brand Website,8,Laptop,54.7,No
CUST0159,19,Male,Kanpur,Uttar Pradesh,Tier 2,Student,9500,9.1,Lucknow Super Giants,Nicholas Pooran,7,JioHotstar,Yes,2000,Amazon,31,Mobile,94.1,Yes
CUST0160,46,Male,Nagpur,Maharashtra,Tier 2,Business,104000,4.7,Mumbai Indians,Rohit Sharma,2,TV,No,1500,Local Store,4,Smart TV,41.6,No
CUST0161,24,Female,Bengaluru,Karnataka,Tier 1,Working Professional,61000,7.6,Royal Challengers Bengaluru,Faf du Plessis,5,JioHotstar,Yes,2800,Amazon,17,Mobile,79.5,Yes
CUST0162,33,Male,Jaipur,Rajasthan,Tier 2,Working Professional,72000,6.8,Rajasthan Royals,Yashasvi Jaiswal,4,JioHotstar,No,2500,Flipkart,12,Laptop,69.3,No
CUST0163,18,Male,Ranchi,Jharkhand,Tier 2,Student,8000,9.5,Kolkata Knight Riders,Rinku Singh,7,JioHotstar,Yes,1700,Amazon,35,Mobile,97.5,Yes
CUST0164,37,Female,Kochi,Kerala,Tier 2,Working Professional,66000,6.1,Mumbai Indians,Suryakumar Yadav,4,TV,No,2200,Flipkart,10,Laptop,61.2,No
CUST0165,22,Male,Noida,Uttar Pradesh,Tier 1,Athlete,31000,8.7,Delhi Capitals,Axar Patel,6,JioHotstar,Yes,4800,Brand Website,26,Mobile,89.7,Yes
CUST0166,44,Male,Surat,Gujarat,Tier 2,Business,98000,5.0,Gujarat Titans,Rashid Khan,2,TV,No,1800,Local Store,5,Smart TV,43.4,No
CUST0167,26,Female,Kolkata,West Bengal,Tier 1,Working Professional,58000,7.4,Kolkata Knight Riders,Andre Russell,5,JioHotstar,Yes,2500,Amazon,16,Mobile,77.8,Yes
CUST0168,20,Male,Patiala,Punjab,Tier 2,Student,10500,8.9,Punjab Kings,Arshdeep Singh,7,JioHotstar,Yes,1900,Amazon,29,Mobile,91.9,Yes
CUST0169,41,Female,Mysuru,Karnataka,Tier 2,Coach,71000,5.6,Royal Challengers Bengaluru,Virat Kohli,3,TV,No,3400,Brand Website,7,Smart TV,51.3,No
CUST0170,29,Male,Mumbai,Maharashtra,Tier 1,Working Professional,81000,7.2,Mumbai Indians,Hardik Pandya,5,JioHotstar,No,3100,Brand Website,15,Laptop,74.8,Yes
CUST0171,16,Male,Guwahati,Assam,Tier 2,Student,7000,9.3,Rajasthan Royals,Jos Buttler,7,JioHotstar,Yes,1500,Amazon,33,Mobile,95.9,Yes
CUST0172,35,Female,Visakhapatnam,Andhra Pradesh,Tier 2,Working Professional,64000,6.3,Sunrisers Hyderabad,Heinrich Klaasen,4,JioHotstar,No,2100,Flipkart,11,Laptop,63.5,No
CUST0173,27,Male,Chandigarh,Chandigarh,Tier 1,Working Professional,67000,7.8,Punjab Kings,Shikhar Dhawan,5,JioHotstar,Yes,2900,Amazon,18,Mobile,82.2,Yes
CUST0174,48,Male,Udaipur,Rajasthan,Tier 2,Business,111000,4.4,Rajasthan Royals,Sanju Samson,1,TV,No,1200,Local Store,3,Smart TV,37.8,No
CUST0175,23,Female,Bhopal,Madhya Pradesh,Tier 2,Student,14000,8.1,Chennai Super Kings,Ravindra Jadeja,6,JioHotstar,Yes,2200,Amazon,23,Mobile,84.3,Yes
CUST0176,32,Male,Hyderabad,Telangana,Tier 1,Working Professional,76000,7.0,Sunrisers Hyderabad,Travis Head,5,JioHotstar,No,2800,Brand Website,14,Laptop,72.1,Yes
CUST0177,19,Male,Dhanbad,Jharkhand,Tier 2,Student,9000,9.2,Kolkata Knight Riders,Sunil Narine,7,JioHotstar,Yes,1800,Amazon,30,Mobile,94.7,Yes
CUST0178,43,Female,Coimbatore,Tamil Nadu,Tier 2,Business,94000,5.1,Chennai Super Kings,MS Dhoni,2,TV,No,1600,Local Store,5,Smart TV,44.6,No
CUST0179,25,Male,Bengaluru,Karnataka,Tier 1,Athlete,35000,8.8,Royal Challengers Bengaluru,Virat Kohli,6,JioHotstar,Yes,5000,Brand Website,27,Mobile,91.4,Yes
CUST0180,38,Male,Lucknow,Uttar Pradesh,Tier 1,Working Professional,73000,6.6,Lucknow Super Giants,KL Rahul,4,JioHotstar,No,2400,Flipkart,10,Laptop,66.9,No
CUST0181,21,Female,Raipur,Chhattisgarh,Tier 2,Student,12000,8.5,Delhi Capitals,David Warner,6,JioHotstar,Yes,2100,Amazon,25,Mobile,86.7,Yes
CUST0182,45,Male,Nellore,Andhra Pradesh,Tier 2,Coach,69000,5.5,Sunrisers Hyderabad,Abhishek Sharma,3,TV,No,3300,Brand Website,7,Smart TV,50.4,No
CUST0183,28,Male,Pune,Maharashtra,Tier 1,Working Professional,64000,7.5,Chennai Super Kings,Ruturaj Gaikwad,5,JioHotstar,Yes,2700,Amazon,17,Mobile,78.6,Yes
CUST0184,17,Male,Agra,Uttar Pradesh,Tier 2,Student,7500,9.4,Mumbai Indians,Suryakumar Yadav,7,JioHotstar,Yes,1600,Amazon,34,Mobile,96.2,Yes
CUST0185,36,Female,Thiruvananthapuram,Kerala,Tier 2,Working Professional,67000,6.0,Mumbai Indians,Jasprit Bumrah,4,TV,No,2200,Flipkart,9,Laptop,60.1,No
CUST0186,24,Male,Faridabad,Haryana,Tier 1,Working Professional,53000,8.0,Punjab Kings,Liam Livingstone,6,JioHotstar,Yes,3000,Amazon,21,Mobile,84.9,Yes
CUST0187,50,Male,Aurangabad,Maharashtra,Tier 2,Business,119000,4.1,Chennai Super Kings,Ravindra Jadeja,1,TV,No,1000,Local Store,2,Smart TV,35.1,No
CUST0188,20,Female,Jabalpur,Madhya Pradesh,Tier 2,Student,10000,8.7,Rajasthan Royals,Yashasvi Jaiswal,7,JioHotstar,Yes,1900,Amazon,28,Mobile,89.4,Yes
CUST0189,31,Male,Delhi,Delhi,Tier 1,Working Professional,79000,7.1,Delhi Capitals,Rishabh Pant,5,JioHotstar,No,2900,Brand Website,13,Laptop,73.7,Yes
CUST0190,42,Female,Salem,Tamil Nadu,Tier 2,Coach,70000,5.7,Chennai Super Kings,MS Dhoni,3,TV,No,3100,Brand Website,8,Smart TV,52.1,No
CUST0191,22,Male,Ahmedabad,Gujarat,Tier 1,Student,15000,8.9,Gujarat Titans,Shubman Gill,6,JioHotstar,Yes,2400,Amazon,27,Mobile,90.2,Yes
CUST0192,39,Male,Meerut,Uttar Pradesh,Tier 2,Business,87000,5.3,Lucknow Super Giants,Nicholas Pooran,2,TV,No,1700,Local Store,5,Laptop,46.8,No
CUST0193,27,Female,Mumbai,Maharashtra,Tier 1,Working Professional,72000,7.7,Mumbai Indians,Rohit Sharma,5,JioHotstar,Yes,2800,Amazon,18,Mobile,80.7,Yes
CUST0194,18,Male,Siliguri,West Bengal,Tier 2,Student,8500,9.1,Kolkata Knight Riders,Rinku Singh,7,JioHotstar,Yes,1700,Amazon,32,Mobile,95.3,Yes
CUST0195,34,Male,Vadodara,Gujarat,Tier 2,Working Professional,65000,6.4,Gujarat Titans,Rashid Khan,4,JioHotstar,No,2300,Flipkart,11,Laptop,64.2,No
CUST0196,46,Female,Tiruchirappalli,Tamil Nadu,Tier 2,Business,98000,4.8,Sunrisers Hyderabad,Pat Cummins,2,TV,No,1500,Local Store,4,Smart TV,42.7,No
CUST0197,25,Male,Noida,Uttar Pradesh,Tier 1,Athlete,36000,8.8,Delhi Capitals,Axar Patel,6,JioHotstar,Yes,5100,Brand Website,28,Mobile,92.1,Yes
CUST0198,37,Male,Kochi,Kerala,Tier 2,Working Professional,69000,6.2,Mumbai Indians,Hardik Pandya,4,JioHotstar,No,2400,Flipkart,10,Laptop,62.9,No
CUST0199,19,Female,Warangal,Telangana,Tier 2,Student,9500,9.0,Sunrisers Hyderabad,Travis Head,7,JioHotstar,Yes,2000,Amazon,30,Mobile,93.5,Yes
CUST0200,44,Male,Ajmer,Rajasthan,Tier 2,Coach,72000,5.4,Rajasthan Royals,Jos Buttler,3,TV,No,3400,Brand Website,7,Smart TV,50.9,No
CUST0201,26,Male,Chennai,Tamil Nadu,Tier 1,Working Professional,62000,7.8,Chennai Super Kings,MS Dhoni,5,JioHotstar,Yes,2900,Amazon,18,Mobile,81.6,Yes
CUST0202,18,Female,Patna,Bihar,Tier 2,Student,8500,9.2,Mumbai Indians,Jasprit Bumrah,7,JioHotstar,Yes,1600,Amazon,31,Mobile,95.2,Yes
CUST0203,39,Male,Surat,Gujarat,Tier 2,Business,97000,5.4,Gujarat Titans,Shubman Gill,3,TV,No,1900,Local Store,6,Laptop,49.7,No
CUST0204,23,Male,Hyderabad,Telangana,Tier 1,Athlete,34000,9.0,Sunrisers Hyderabad,Pat Cummins,7,JioHotstar,Yes,5200,Brand Website,29,Mobile,93.8,Yes
CUST0205,44,Female,Indore,Madhya Pradesh,Tier 2,Coach,72000,5.8,Rajasthan Royals,Sanju Samson,3,TV,No,3300,Brand Website,8,Smart TV,53.1,No
CUST0206,27,Male,Delhi,Delhi,Tier 1,Working Professional,71000,7.5,Delhi Capitals,Rishabh Pant,5,JioHotstar,Yes,3100,Amazon,17,Laptop,79.4,Yes
CUST0207,17,Male,Guwahati,Assam,Tier 2,Student,7000,9.5,Royal Challengers Bengaluru,Virat Kohli,7,JioHotstar,Yes,1500,Amazon,35,Mobile,97.1,Yes
CUST0208,32,Female,Pune,Maharashtra,Tier 1,Working Professional,76000,6.6,Chennai Super Kings,Ruturaj Gaikwad,4,JioHotstar,No,2400,Flipkart,11,Laptop,68.3,No
CUST0209,25,Male,Bengaluru,Karnataka,Tier 1,Working Professional,59000,8.1,Royal Challengers Bengaluru,Faf du Plessis,6,JioHotstar,Yes,3000,Amazon,22,Mobile,85.6,Yes
CUST0210,48,Male,Kota,Rajasthan,Tier 2,Business,108000,4.6,Rajasthan Royals,Yashasvi Jaiswal,2,TV,No,1400,Local Store,4,Smart TV,40.9,No
CUST0211,20,Female,Kolkata,West Bengal,Tier 1,Student,12000,8.8,Kolkata Knight Riders,Rinku Singh,6,JioHotstar,Yes,1900,Amazon,27,Mobile,89.7,Yes
CUST0212,36,Male,Noida,Uttar Pradesh,Tier 1,Working Professional,82000,6.9,Lucknow Super Giants,KL Rahul,4,JioHotstar,No,2600,Brand Website,12,Laptop,71.2,No
CUST0213,19,Male,Ranchi,Jharkhand,Tier 2,Student,9000,9.1,Chennai Super Kings,Ravindra Jadeja,7,JioHotstar,Yes,1800,Amazon,32,Mobile,94.6,Yes
CUST0214,42,Female,Visakhapatnam,Andhra Pradesh,Tier 2,Business,91000,5.2,Sunrisers Hyderabad,Heinrich Klaasen,2,TV,No,1700,Local Store,5,Smart TV,44.3,No
CUST0215,24,Male,Mumbai,Maharashtra,Tier 1,Athlete,37000,8.9,Mumbai Indians,Suryakumar Yadav,6,JioHotstar,Yes,5000,Brand Website,28,Mobile,91.8,Yes
CUST0216,35,Female,Jaipur,Rajasthan,Tier 2,Working Professional,65000,6.3,Rajasthan Royals,Jos Buttler,4,TV,No,2200,Flipkart,10,Laptop,61.5,No
CUST0217,21,Male,Kanpur,Uttar Pradesh,Tier 2,Student,11000,8.7,Lucknow Super Giants,Nicholas Pooran,7,JioHotstar,Yes,2100,Amazon,26,Mobile,88.9,Yes
CUST0218,46,Male,Amritsar,Punjab,Tier 2,Coach,70000,5.5,Punjab Kings,Arshdeep Singh,3,TV,No,3400,Brand Website,7,Smart TV,50.6,No
CUST0219,28,Female,Ahmedabad,Gujarat,Tier 1,Working Professional,68000,7.4,Gujarat Titans,Rashid Khan,5,JioHotstar,Yes,2700,Amazon,16,Mobile,78.7,Yes
CUST0220,16,Male,Aligarh,Uttar Pradesh,Tier 3,Student,6000,9.4,Royal Challengers Bengaluru,Virat Kohli,7,JioHotstar,Yes,1300,Amazon,34,Mobile,96.5,Yes
CUST0221,31,Male,Hyderabad,Telangana,Tier 1,Working Professional,78000,7.0,Sunrisers Hyderabad,Travis Head,5,JioHotstar,No,2900,Brand Website,13,Laptop,73.4,Yes
CUST0222,40,Female,Coimbatore,Tamil Nadu,Tier 2,Coach,69000,5.7,Chennai Super Kings,MS Dhoni,3,TV,No,3200,Brand Website,8,Smart TV,52.2,No
CUST0223,22,Male,Bhopal,Madhya Pradesh,Tier 2,Student,13000,8.5,Mumbai Indians,Hardik Pandya,6,JioHotstar,Yes,2200,Amazon,24,Mobile,86.1,Yes
CUST0224,37,Male,Vadodara,Gujarat,Tier 2,Business,88000,5.9,Gujarat Titans,Shubman Gill,3,TV,No,2000,Local Store,6,Laptop,55.8,No
CUST0225,26,Female,Chandigarh,Chandigarh,Tier 1,Working Professional,61000,7.6,Punjab Kings,Liam Livingstone,5,JioHotstar,Yes,2800,Amazon,18,Mobile,80.4,Yes
CUST0226,18,Male,Dhanbad,Jharkhand,Tier 2,Student,8500,9.3,Kolkata Knight Riders,Andre Russell,7,JioHotstar,Yes,1700,Amazon,33,Mobile,95.7,Yes
CUST0227,43,Female,Nagpur,Maharashtra,Tier 2,Business,96000,5.1,Mumbai Indians,Rohit Sharma,2,TV,No,1600,Local Store,5,Smart TV,43.8,No
CUST0228,29,Male,Pune,Maharashtra,Tier 1,Working Professional,73000,7.3,Chennai Super Kings,Ruturaj Gaikwad,5,JioHotstar,Yes,3000,Brand Website,17,Laptop,77.3,Yes
CUST0229,20,Female,Meerut,Uttar Pradesh,Tier 2,Student,9500,8.9,Delhi Capitals,David Warner,7,JioHotstar,Yes,1900,Amazon,29,Mobile,92.1,Yes
CUST0230,45,Male,Madurai,Tamil Nadu,Tier 2,Coach,71000,5.4,Sunrisers Hyderabad,Pat Cummins,3,TV,No,3300,Brand Website,7,Smart TV,51.1,No
CUST0231,27,Male,Bengaluru,Karnataka,Tier 1,Working Professional,67000,7.9,Royal Challengers Bengaluru,Virat Kohli,6,JioHotstar,Yes,3200,Amazon,20,Mobile,83.9,Yes
CUST0232,38,Female,Kochi,Kerala,Tier 2,Working Professional,66000,6.2,Mumbai Indians,Jasprit Bumrah,4,JioHotstar,No,2300,Flipkart,10,Laptop,62.6,No
CUST0233,19,Male,Patiala,Punjab,Tier 2,Student,10000,9.0,Punjab Kings,Shikhar Dhawan,7,JioHotstar,Yes,1800,Amazon,30,Mobile,93.3,Yes
CUST0234,41,Male,Raipur,Chhattisgarh,Tier 2,Business,93000,5.3,Delhi Capitals,Axar Patel,2,TV,No,1700,Local Store,5,Smart TV,45.7,No
CUST0235,24,Female,Mumbai,Maharashtra,Tier 1,Working Professional,57000,7.8,Mumbai Indians,Suryakumar Yadav,5,JioHotstar,Yes,2600,Amazon,18,Mobile,79.8,Yes
CUST0236,34,Male,Lucknow,Uttar Pradesh,Tier 1,Working Professional,76000,6.7,Lucknow Super Giants,KL Rahul,4,JioHotstar,No,2500,Brand Website,12,Laptop,69.8,No
CUST0237,17,Male,Siliguri,West Bengal,Tier 2,Student,7500,9.4,Kolkata Knight Riders,Sunil Narine,7,JioHotstar,Yes,1500,Amazon,35,Mobile,96.9,Yes
CUST0238,39,Female,Warangal,Telangana,Tier 2,Coach,68000,5.8,Sunrisers Hyderabad,Abhishek Sharma,3,TV,No,3100,Brand Website,8,Smart TV,53.7,No
CUST0239,23,Male,Faridabad,Haryana,Tier 1,Athlete,33000,8.8,Punjab Kings,Arshdeep Singh,6,JioHotstar,Yes,4900,Brand Website,27,Mobile,90.5,Yes
CUST0240,47,Male,Jodhpur,Rajasthan,Tier 2,Business,109000,4.5,Rajasthan Royals,Sanju Samson,2,TV,No,1400,Local Store,4,Smart TV,39.9,No
CUST0241,25,Female,Thane,Maharashtra,Tier 1,Working Professional,62000,7.5,Mumbai Indians,Rohit Sharma,5,JioHotstar,Yes,2800,Amazon,17,Mobile,78.9,Yes
CUST0242,36,Male,Vijayawada,Andhra Pradesh,Tier 2,Working Professional,64000,6.4,Sunrisers Hyderabad,Heinrich Klaasen,4,JioHotstar,No,2200,Flipkart,11,Laptop,63.4,No
CUST0243,18,Male,Gaya,Bihar,Tier 2,Student,8000,9.2,Chennai Super Kings,MS Dhoni,7,JioHotstar,Yes,1700,Amazon,32,Mobile,95.0,Yes
CUST0244,44,Female,Salem,Tamil Nadu,Tier 2,Business,95000,5.0,Chennai Super Kings,Ravindra Jadeja,2,TV,No,1600,Local Store,5,Smart TV,42.4,No
CUST0245,28,Male,Delhi,Delhi,Tier 1,Working Professional,72000,7.2,Delhi Capitals,Rishabh Pant,5,JioHotstar,Yes,3000,Brand Website,16,Laptop,76.5,Yes
CUST0246,21,Female,Udaipur,Rajasthan,Tier 2,Student,11500,8.6,Rajasthan Royals,Yashasvi Jaiswal,6,JioHotstar,Yes,2100,Amazon,25,Mobile,87.2,Yes
CUST0247,33,Male,Noida,Uttar Pradesh,Tier 1,Working Professional,79000,6.8,Lucknow Super Giants,Nicholas Pooran,4,JioHotstar,No,2600,Brand Website,12,Laptop,70.4,No
CUST0248,19,Male,Jamshedpur,Jharkhand,Tier 2,Student,9000,9.1,Kolkata Knight Riders,Rinku Singh,7,JioHotstar,Yes,1800,Amazon,31,Mobile,94.4,Yes
CUST0249,42,Female,Tirupati,Andhra Pradesh,Tier 2,Coach,70000,5.6,Sunrisers Hyderabad,Travis Head,3,TV,No,3200,Brand Website,7,Smart TV,51.8,No
CUST0250,26,Male,Ahmedabad,Gujarat,Tier 1,Athlete,36000,8.9,Gujarat Titans,Rashid Khan,6,JioHotstar,Yes,5100,Brand Website,28,Mobile,91.6,Yes
CUST0251,21,Male,Kochi,Kerala,Tier 2,Student,9364,7.58,Mumbai Indians,AB de Villiers,5,JioHotstar,No,836,Amazon,33,Mobile,62.27,No
CUST0252,19,Female,Coimbatore,Tamil Nadu,Tier 2,Student,8730,8.93,Royal Challengers Bengaluru,Jasprit Bumrah,5,JioHotstar,Yes,1541,Amazon,44,Laptop,67.02,Yes
CUST0253,33,Male,Visakhapatnam,Andhra Pradesh,Tier 2,Working Professional,49265,8.14,Rajasthan Royals,Rishabh Pant,5,JioHotstar,Yes,1291,Amazon,28,Mobile,67.07,Yes
CUST0254,24,Male,Indore,Madhya Pradesh,Tier 2,Working Professional,54997,7.14,Punjab Kings,KL Rahul,6,JioHotstar,Yes,769,Flipkart,38,Mobile,79.11,No
CUST0255,24,Male,Bengaluru,Karnataka,Tier 1,Working Professional,44152,8.24,Sunrisers Hyderabad,Jasprit Bumrah,7,JioHotstar,No,1952,Brand Website,31,Laptop,57.42,Yes
CUST0256,38,Male,Lucknow,Uttar Pradesh,Tier 2,Business,52937,6.64,Mumbai Indians,Shubman Gill,4,JioHotstar,No,466,Flipkart,26,Mobile,,No
CUST0257,36,Female,Vadodara,Gujarat,Tier 2,Working Professional,32639,7.3,Delhi Capitals,Rishabh Pant,5,JioHotstar,No,460,Local Store,24,Mobile,41.06,No
CUST0258,34,Female,Lucknow,Uttar Pradesh,Tier 2,Working Professional,41050,8.57,Lucknow Super Giants,MS Dhoni,5,TV,Yes,2056,Flipkart,45,Laptop,77.89,No
CUST0259,32,Male,Ahmedabad,Gujarat,Tier 1,Athlete,47164,8.03,Sunrisers Hyderabad,Jasprit Bumrah,6,JioHotstar,Yes,2737,Amazon,39,Mobile,56.95,No
CUST0260,36,Male,Bhopal,Madhya Pradesh,Tier 2,Business,39250,9.66,Sunrisers Hyderabad,KL Rahul,7,JioHotstar,Yes,1385,Local Store,46,Smart TV,69.77,No
CUST0261,35,Male,Agra,Uttar Pradesh,Tier 3,Student,9261,7.85,Royal Challengers Bengaluru,Pat Cummins,5,TV,No,1566,Local Store,29,Smart TV,38.88,Yes
CUST0262,37,Male,Coimbatore,Tamil Nadu,Tier 2,Working Professional,40189,9.11,Rajasthan Royals,Jos Buttler,7,TV,No,1562,Local Store,39,Laptop,56.78,Yes
CUST0263,22,Male,Chandigarh,Punjab,Tier 2,Student,5388,8.5,Lucknow Super Giants,Pat Cummins,5,TV,Yes,1397,Local Store,41,Laptop,75.22,No
CUST0264,50,Male,Vadodara,Gujarat,Tier 2,Business,26389,6.64,Chennai Super Kings,KL Rahul,5,JioHotstar,No,922,Local Store,23,Laptop,48.02,No
CUST0265,30,Female,Surat,Gujarat,Tier 2,Business,78395,8.89,Chennai Super Kings,Shubman Gill,5,JioHotstar,No,2108,Flipkart,28,Laptop,69.16,Yes
CUST0266,36,Male,Nagpur,Maharashtra,Tier 2,Business,21231,6.3,Sunrisers Hyderabad,AB de Villiers,5,JioHotstar,No,684,Local Store,25,Mobile,52.03,No
CUST0267,16,Male,Meerut,Uttar Pradesh,Tier 3,Student,7950,,Lucknow Super Giants,Rishabh Pant,3,JioHotstar,Yes,684,Flipkart,29,Smart TV,50.38,No
CUST0268,41,Male,Dehradun,Uttarakhand,Tier 3,Coach,34584,9.07,Delhi Capitals,Yuzvendra Chahal,5,JioHotstar,No,386,Local Store,38,Smart TV,73.98,Yes
CUST0269,40,Male,Coimbatore,Tamil Nadu,Tier 2,Business,48796,8.33,Punjab Kings,Jos Buttler,5,JioHotstar,No,140,Local Store,32,Mobile,49.8,Yes
CUST0270,31,Male,Bengaluru,Karnataka,Tier 1,Working Professional,31888,6.38,Rajasthan Royals,MS Dhoni,5,JioHotstar,Yes,807,Amazon,38,Smart TV,47.63,Yes
CUST0271,35,Female,Delhi,Delhi,Tier 1,Business,102924,9.01,Sunrisers Hyderabad,Rishabh Pant,7,YouTube Highlights,No,1848,Amazon,29,Laptop,71.62,No
CUST0272,16,Male,Nagpur,Maharashtra,Tier 2,Working Professional,36627,8.21,Royal Challengers Bengaluru,Jos Buttler,5,JioHotstar,No,533,Local Store,35,Laptop,61.01,Yes
CUST0273,21,Female,Pune,Maharashtra,Tier 1,Coach,36106,5.89,Delhi Capitals,Rishabh Pant,6,JioHotstar,No,2042,Flipkart,19,Smart TV,59.58,No
CUST0274,29,Female,Indore,Madhya Pradesh,Tier 2,Working Professional,52182,8.75,Lucknow Super Giants,Jos Buttler,6,JioHotstar,Yes,1136,Local Store,36,Smart TV,71.58,No
CUST0275,20,Male,Hyderabad,Telangana,Tier 1,Working Professional,41699,8.48,Lucknow Super Giants,Ravindra Jadeja,5,TV,No,1246,Flipkart,47,Smart TV,,No
CUST0276,33,Male,Mumbai,Maharashtra,Tier 1,Business,50529,7.89,Kolkata Knight Riders,KL Rahul,7,JioHotstar,No,1354,Amazon,33,Mobile,42.37,No
CUST0277,40,Male,Meerut,Uttar Pradesh,Tier 3,Business,37010,6.62,Gujarat Titans,AB de Villiers,3,TV,Yes,967,Flipkart,37,Laptop,47.77,No
CUST0278,47,Male,Visakhapatnam,Andhra Pradesh,Tier 2,Working Professional,36691,8.88,Gujarat Titans,Virat Kohli,6,JioHotstar,Yes,1174,Local Store,47,Laptop,57.38,No
CUST0279,25,Male,Kochi,Kerala,Tier 2,Business,43470,7.35,Kolkata Knight Riders,David Warner,6,JioHotstar,No,1664,Flipkart,32,Smart TV,45.07,Yes
CUST0280,29,Male,Kolkata,West Bengal,Tier 1,Working Professional,59430,8.11,Lucknow Super Giants,AB de Villiers,7,JioHotstar,Yes,1582,Local Store,40,Mobile,59.33,Yes
CUST0281,35,Male,Coimbatore,Tamil Nadu,Tier 2,Business,61374,7.79,Gujarat Titans,Jasprit Bumrah,5,TV,Yes,1384,Flipkart,37,Smart TV,63.64,No
CUST0282,32,Male,Chennai,Tamil Nadu,Tier 1,Business,118228,9.02,Punjab Kings,Jasprit Bumrah,6,YouTube Highlights,Yes,818,Flipkart,45,Laptop,70.84,No
CUST0283,21,Male,Chennai,Tamil Nadu,Tier 1,Coach,29879,9.11,Punjab Kings,Shubman Gill,5,YouTube Highlights,No,4393,Amazon,38,Mobile,87.08,Yes
CUST0284,40,Female,Jaipur,Rajasthan,Tier 2,Working Professional,51119,,Kolkata Knight Riders,Jasprit Bumrah,5,YouTube Highlights,No,631,Amazon,21,Smart TV,33.69,No
CUST0285,32,Female,Mysuru,Karnataka,Tier 3,Athlete,43414,9.35,Kolkata Knight Riders,Suryakumar Yadav,5,YouTube Highlights,No,3458,Local Store,38,Mobile,,No
CUST0286,25,Female,Delhi,Delhi,Tier 1,Working Professional,47408,7.09,Delhi Capitals,Suryakumar Yadav,3,YouTube Highlights,Yes,537,Brand Website,39,Mobile,75.34,No
CUST0287,55,Male,Delhi,Delhi,Tier 1,Business,79478,7.48,Lucknow Super Giants,Virat Kohli,6,JioHotstar,No,1396,Brand Website,24,Mobile,57.92,No
CUST0288,13,Male,Mumbai,Maharashtra,Tier 1,Student,11644,5.5,Gujarat Titans,Hardik Pandya,2,JioHotstar,Yes,1265,Local Store,30,Mobile,68.21,No
CUST0289,33,Female,Patna,Bihar,Tier 2,Coach,75300,6.44,Mumbai Indians,Suryakumar Yadav,4,JioHotstar,No,3140,Amazon,21,Laptop,60.4,Yes
CUST0290,21,Female,Indore,Madhya Pradesh,Tier 2,Student,10110,7.27,Gujarat Titans,Rohit Sharma,2,JioHotstar,Yes,1578,Local Store,36,Mobile,68.81,Yes
CUST0291,14,Female,Tiruchirappalli,Tamil Nadu,Tier 3,Working Professional,41417,9.13,Chennai Super Kings,KL Rahul,7,JioHotstar,No,1371,Amazon,41,Mobile,82.32,No
CUST0292,23,Male,Chennai,Tamil Nadu,Tier 1,Working Professional,61667,5.74,Sunrisers Hyderabad,Jasprit Bumrah,2,JioHotstar,No,1189,Flipkart,25,Mobile,,No
CUST0293,36,Male,Pune,Maharashtra,Tier 1,Working Professional,76959,7.36,Punjab Kings,Rohit Sharma,2,TV,No,973,Flipkart,30,Mobile,48.01,No
CUST0294,23,Male,Bengaluru,Karnataka,Tier 1,Athlete,36813,8.67,Kolkata Knight Riders,KL Rahul,5,TV,No,1760,Local Store,33,Smart TV,83.01,No
CUST0295,45,Female,Mumbai,Maharashtra,Tier 1,Business,99405,5.52,Gujarat Titans,Yuzvendra Chahal,4,TV,No,561,Local Store,26,Mobile,40.32,Yes
CUST0296,55,Male,Vadodara,Gujarat,Tier 2,Business,66927,8.35,Mumbai Indians,Pat Cummins,5,YouTube Highlights,Yes,1424,Brand Website,39,Laptop,57.79,No
CUST0297,20,Male,Varanasi,Uttar Pradesh,Tier 3,Working Professional,26507,9.3,Sunrisers Hyderabad,Jasprit Bumrah,6,TV,Yes,1260,Amazon,41,Mobile,80.89,Yes
CUST0298,23,Male,Agra,Uttar Pradesh,Tier 3,Student,6161,8.81,Punjab Kings,MS Dhoni,5,TV,No,2045,Local Store,29,Laptop,62.88,Yes
CUST0299,25,Male,Lucknow,Uttar Pradesh,Tier 2,Working Professional,43984,8.68,Rajasthan Royals,,5,JioHotstar,Yes,1458,Local Store,40,Mobile,98.69,No
CUST0300,18,Male,Kolkata,West Bengal,Tier 1,Student,3720,8.27,Royal Challengers Bengaluru,Rohit Sharma,4,TV,Yes,652,Amazon,26,Mobile,82.31,No
CUST0301,35,Male,Pune,Maharashtra,Tier 1,Student,12923,7.53,Mumbai Indians,Rohit Sharma,4,JioHotstar,No,1511,Flipkart,29,Mobile,46.66,No
CUST0302,38,Female,Chandigarh,Punjab,Tier 2,Business,20000,4.61,Delhi Capitals,MS Dhoni,2,TV,Yes,545,Flipkart,13,Laptop,33.35,Yes
CUST0303,20,Female,Kochi,Kerala,Tier 2,Student,9034,7.11,Punjab Kings,Yuzvendra Chahal,5,TV,Yes,419,Amazon,40,Mobile,49.09,Yes
CUST0304,18,Male,Delhi,Delhi,Tier 1,Student,4125,8.58,Lucknow Super Giants,Ravindra Jadeja,5,TV,Yes,1482,Flipkart,38,Mobile,79.73,No
CUST0305,18,Female,Visakhapatnam,Andhra Pradesh,Tier 2,Student,9335,8.9,Rajasthan Royals,Jasprit Bumrah,7,TV,No,1438,Flipkart,32,Smart TV,72.14,No
CUST0306,35,Female,Dehradun,Uttarakhand,Tier 3,Working Professional,22267,8.26,Royal Challengers Bengaluru,KL Rahul,4,JioHotstar,Yes,1385,Local Store,39,Mobile,77.36,No
CUST0307,18,Female,Lucknow,Uttar Pradesh,Tier 2,Student,10066,6.29,Rajasthan Royals,Pat Cummins,3,TV,Yes,691,Flipkart,31,Mobile,53.16,No
CUST0308,28,Male,Visakhapatnam,Andhra Pradesh,Tier 2,Working Professional,59092,8.14,Kolkata Knight Riders,Shubman Gill,5,TV,No,1899,Amazon,30,Mobile,60.81,No
CUST0309,14,Male,Delhi,Delhi,Tier 1,Working Professional,45110,5.33,Sunrisers Hyderabad,David Warner,3,JioHotstar,No,591,Amazon,21,Mobile,50.87,No
CUST0310,27,Male,Agra,Uttar Pradesh,Tier 3,Athlete,28854,6.97,Royal Challengers Bengaluru,Rishabh Pant,4,JioHotstar,No,2366,Amazon,20,Mobile,56.3,Yes
CUST0311,19,Male,Surat,Gujarat,Tier 2,Coach,63318,7.98,Mumbai Indians,David Warner,6,TV,No,3116,Flipkart,26,Mobile,68.29,No
CUST0312,26,Male,Indore,Madhya Pradesh,Tier 2,Business,62732,5.97,Mumbai Indians,Jasprit Bumrah,3,JioHotstar,Yes,872,Amazon,29,Smart TV,50.31,No
CUST0313,50,Male,Lucknow,Uttar Pradesh,Tier 2,Coach,55425,4.73,Gujarat Titans,KL Rahul,2,TV,No,1607,Flipkart,21,Mobile,23.48,No
CUST0314,52,Male,Bengaluru,Karnataka,Tier 1,Business,54684,6.48,Chennai Super Kings,Suryakumar Yadav,3,JioHotstar,Yes,882,Brand Website,22,Smart TV,55.44,No
CUST0315,25,Female,Dehradun,Uttarakhand,Tier 3,Working Professional,24065,5.95,Kolkata Knight Riders,David Warner,2,TV,Yes,872,Local Store,31,Smart TV,36.16,No
CUST0316,28,Female,Chennai,Tamil Nadu,Tier 1,Athlete,35118,7.57,Rajasthan Royals,Jasprit Bumrah,4,JioHotstar,Yes,3858,Local Store,39,Mobile,64.62,Yes
CUST0317,46,Female,Patna,Bihar,Tier 2,Working Professional,36758,8.94,Lucknow Super Giants,KL Rahul,5,TV,Yes,892,Brand Website,31,Mobile,70.87,No
CUST0318,23,Male,Dehradun,Uttarakhand,Tier 3,Working Professional,42386,5.58,Chennai Super Kings,MS Dhoni,4,TV,No,872,Local Store,28,Laptop,35.6,No
CUST0319,34,Male,Chandigarh,Punjab,Tier 2,Athlete,57913,9.59,Sunrisers Hyderabad,Rohit Sharma,5,YouTube Highlights,No,3414,Amazon,40,Mobile,68.9,No
CUST0320,28,Male,Vadodara,Gujarat,Tier 2,Athlete,24055,7.96,Royal Challengers Bengaluru,Rishabh Pant,4,TV,No,2462,Flipkart,33,Laptop,43.3,Yes
CUST0321,23,Male,Kolkata,West Bengal,Tier 1,Working Professional,53911,8.45,Sunrisers Hyderabad,Ravindra Jadeja,7,JioHotstar,Yes,549,Flipkart,42,Mobile,59.49,No
CUST0322,41,Male,Ranchi,Jharkhand,Tier 3,Athlete,47343,5.73,Delhi Capitals,David Warner,3,TV,Yes,2432,Flipkart,20,Mobile,17.79,No
CUST0323,42,Male,Raipur,Chhattisgarh,Tier 3,Business,31110,7.0,Punjab Kings,David Warner,6,JioHotstar,No,1222,Local Store,27,Mobile,52.36,Yes
CUST0324,14,Female,Hyderabad,Telangana,Tier 1,Student,13871,5.8,Punjab Kings,Suryakumar Yadav,4,YouTube Highlights,No,1025,Amazon,21,Mobile,55.3,No
CUST0325,27,Male,Bhopal,Madhya Pradesh,Tier 2,Working Professional,43200,7.7,Gujarat Titans,Rishabh Pant,5,JioHotstar,No,145,Amazon,36,Laptop,57.93,No
CUST0326,32,Female,Chandigarh,Punjab,Tier 2,Working Professional,45131,7.44,Chennai Super Kings,MS Dhoni,7,JioHotstar,Yes,733,Flipkart,31,Mobile,60.12,Yes
CUST0327,26,Female,Ahmedabad,Gujarat,Tier 1,Working Professional,48778,7.47,Royal Challengers Bengaluru,AB de Villiers,4,TV,Yes,1189,Flipkart,39,Smart TV,66.43,No
CUST0328,37,Male,Raipur,Chhattisgarh,Tier 3,Working Professional,15000,6.89,Rajasthan Royals,Suryakumar Yadav,5,JioHotstar,No,1708,Amazon,23,Mobile,66.41,No
CUST0329,37,Male,Nagpur,Maharashtra,Tier 2,Business,52833,6.27,Royal Challengers Bengaluru,Virat Kohli,4,JioHotstar,Yes,1215,Brand Website,29,Smart TV,56.44,No
CUST0330,29,Male,Raipur,Chhattisgarh,Tier 3,Working Professional,24024,5.15,Lucknow Super Giants,Rishabh Pant,3,TV,No,902,Flipkart,16,Mobile,48.84,No
CUST0331,35,Female,Patna,Bihar,Tier 2,Working Professional,56160,4.91,Royal Challengers Bengaluru,KL Rahul,4,TV,Yes,867,Local Store,18,Mobile,33.22,Yes
CUST0332,30,Female,Pune,Maharashtra,Tier 1,Business,52971,6.94,Lucknow Super Giants,Hardik Pandya,5,TV,No,1145,Amazon,26,Smart TV,49.02,No
CUST0333,16,Female,Delhi,Delhi,Tier 1,Student,4601,7.26,Kolkata Knight Riders,Suryakumar Yadav,4,YouTube Highlights,No,830,Local Store,28,Laptop,64.65,Yes
CUST0334,26,Female,Kolkata,West Bengal,Tier 1,Working Professional,46420,8.22,Sunrisers Hyderabad,,5,TV,Yes,1214,Flipkart,29,Mobile,86.49,Yes
CUST0335,53,Male,Ahmedabad,Gujarat,Tier 1,Business,27582,7.28,Kolkata Knight Riders,MS Dhoni,4,TV,Yes,816,Amazon,34,Mobile,77.06,No
CUST0336,41,Male,Varanasi,Uttar Pradesh,Tier 3,Working Professional,25740,,Rajasthan Royals,MS Dhoni,5,JioHotstar,No,775,Local Store,36,Mobile,52.73,No
CUST0337,16,Male,Ranchi,Jharkhand,Tier 3,Working Professional,33689,9.93,Mumbai Indians,Hardik Pandya,6,TV,Yes,1890,Flipkart,32,Smart TV,83.03,Yes
CUST0338,41,Male,Delhi,Delhi,Tier 1,Working Professional,35429,6.39,Delhi Capitals,,3,JioHotstar,No,286,Flipkart,23,Smart TV,54.31,Yes
CUST0339,14,Male,Chennai,Tamil Nadu,Tier 1,Student,12703,8.78,Mumbai Indians,Ravindra Jadeja,7,JioHotstar,No,1152,Flipkart,38,Mobile,69.77,Yes
CUST0340,21,Female,Agra,Uttar Pradesh,Tier 3,Student,3715,7.71,Royal Challengers Bengaluru,Jos Buttler,4,JioHotstar,Yes,1003,Flipkart,31,Mobile,78.28,No
CUST0341,35,Female,Pune,Maharashtra,Tier 1,Working Professional,48784,6.19,Royal Challengers Bengaluru,KL Rahul,6,TV,No,824,Flipkart,15,Mobile,38.19,No
CUST0342,27,Female,Bengaluru,Karnataka,Tier 1,Working Professional,84149,9.69,Royal Challengers Bengaluru,Rishabh Pant,7,JioHotstar,Yes,1700,Amazon,44,Mobile,,No
CUST0343,39,Female,Indore,Madhya Pradesh,Tier 2,Working Professional,47961,5.61,Chennai Super Kings,Pat Cummins,4,YouTube Highlights,No,1144,Amazon,30,Laptop,55.5,No
CUST0344,31,Male,Delhi,Delhi,Tier 1,Student,10751,6.77,Royal Challengers Bengaluru,Rohit Sharma,3,JioHotstar,No,1323,Flipkart,33,Mobile,62.34,No
CUST0345,21,Female,Hyderabad,Telangana,Tier 1,Student,11218,8.85,Chennai Super Kings,Virat Kohli,7,JioHotstar,No,1216,Flipkart,38,Smart TV,71.78,Yes
CUST0346,16,Female,Patna,Bihar,Tier 2,Business,59458,3.96,Mumbai Indians,AB de Villiers,3,TV,No,295,Local Store,16,Laptop,42.1,Yes
CUST0347,31,Male,Chennai,Tamil Nadu,Tier 1,Working Professional,42244,9.44,Kolkata Knight Riders,Ravindra Jadeja,7,JioHotstar,No,811,Local Store,36,Mobile,64.1,Yes
CUST0348,30,Male,Varanasi,Uttar Pradesh,Tier 3,Business,56586,7.71,Gujarat Titans,Shubman Gill,5,TV,Yes,1225,Flipkart,31,Mobile,52.85,No
CUST0349,34,Female,Visakhapatnam,Andhra Pradesh,Tier 2,Working Professional,54551,9.34,Punjab Kings,Ravindra Jadeja,7,TV,Yes,297,Flipkart,45,Laptop,63.78,No
CUST0350,26,Male,Kolkata,West Bengal,Tier 1,Working Professional,59737,,Gujarat Titans,Rohit Sharma,4,JioHotstar,No,1711,Amazon,35,Mobile,61.14,No
CUST0351,52,Male,Kochi,Kerala,Tier 2,Business,74601,9.9,Lucknow Super Giants,Rohit Sharma,7,TV,Yes,659,Amazon,41,Mobile,72.47,No
CUST0352,16,Male,Indore,Madhya Pradesh,Tier 2,Working Professional,32571,7.15,Punjab Kings,David Warner,5,JioHotstar,Yes,721,Local Store,25,Laptop,73.11,No
CUST0353,24,Female,Mumbai,Maharashtra,Tier 1,Coach,62127,8.94,Punjab Kings,Jasprit Bumrah,7,JioHotstar,No,3820,Brand Website,38,Mobile,79.2,No
CUST0354,29,Male,Jaipur,Rajasthan,Tier 2,Working Professional,48940,6.25,Mumbai Indians,Jasprit Bumrah,3,JioHotstar,No,826,Flipkart,23,Mobile,69.3,Yes
CUST0355,30,Male,Indore,Madhya Pradesh,Tier 2,Working Professional,32293,8.85,Rajasthan Royals,Rohit Sharma,7,JioHotstar,Yes,1579,Flipkart,40,Mobile,62.06,Yes
CUST0356,36,Male,Chennai,Tamil Nadu,Tier 1,Business,59842,4.3,Lucknow Super Giants,Hardik Pandya,3,YouTube Highlights,No,511,Flipkart,28,Mobile,44.09,No
CUST0357,31,Male,Patna,Bihar,Tier 2,Working Professional,28957,8.4,Punjab Kings,Jasprit Bumrah,4,JioHotstar,No,1879,Flipkart,28,Smart TV,75.08,No
CUST0358,38,Male,Ranchi,Jharkhand,Tier 3,Business,20000,7.32,Royal Challengers Bengaluru,David Warner,4,JioHotstar,No,1059,Local Store,30,Mobile,49.43,No
CUST0359,29,Male,Guwahati,Assam,Tier 3,Working Professional,23847,9.03,Mumbai Indians,Jasprit Bumrah,4,JioHotstar,Yes,440,Amazon,32,Mobile,55.66,Yes
CUST0360,34,Female,Mumbai,Maharashtra,Tier 1,Working Professional,87881,6.28,Mumbai Indians,KL Rahul,4,TV,Yes,1863,Amazon,27,Laptop,39.99,No
CUST0361,24,Female,Delhi,Delhi,Tier 1,Student,12471,8.67,Rajasthan Royals,Hardik Pandya,7,TV,No,1919,Local Store,35,Smart TV,83.96,No
CUST0362,25,Female,Surat,Gujarat,Tier 2,Student,8554,7.6,Kolkata Knight Riders,Yuzvendra Chahal,5,JioHotstar,Yes,788,Flipkart,33,Mobile,61.98,Yes
CUST0363,32,Female,Jaipur,Rajasthan,Tier 2,Business,32415,6.12,Rajasthan Royals,Yuzvendra Chahal,7,YouTube Highlights,No,769,Brand Website,26,Smart TV,48.54,Yes
CUST0364,23,Female,Visakhapatnam,Andhra Pradesh,Tier 2,Business,73429,6.19,Kolkata Knight Riders,Shubman Gill,1,JioHotstar,Yes,997,Brand Website,32,Smart TV,68.12,Yes
CUST0365,51,Male,Varanasi,Uttar Pradesh,Tier 3,Working Professional,27299,7.63,Gujarat Titans,Yuzvendra Chahal,4,YouTube Highlights,Yes,1077,Brand Website,39,Mobile,61.49,No
CUST0366,26,Female,Hyderabad,Telangana,Tier 1,Athlete,31479,5.4,Royal Challengers Bengaluru,Jos Buttler,4,JioHotstar,Yes,2359,Brand Website,23,Smart TV,64.49,Yes
CUST0367,33,Female,Chennai,Tamil Nadu,Tier 1,Working Professional,58513,6.26,Royal Challengers Bengaluru,Virat Kohli,7,TV,No,1272,Amazon,27,Laptop,39.06,Yes
CUST0368,31,Female,Kochi,Kerala,Tier 2,Athlete,51804,7.17,Sunrisers Hyderabad,Jos Buttler,3,JioHotstar,No,1104,Flipkart,27,Laptop,45.02,Yes
CUST0369,26,Female,Ranchi,Jharkhand,Tier 3,Business,31229,8.27,Kolkata Knight Riders,David Warner,7,JioHotstar,Yes,1053,Brand Website,38,Mobile,52.17,No
CUST0370,15,Male,Chandigarh,Punjab,Tier 2,Working Professional,41518,6.71,Rajasthan Royals,Jos Buttler,5,TV,Yes,1853,Local Store,34,Mobile,53.09,No
CUST0371,15,Male,Agra,Uttar Pradesh,Tier 3,Athlete,44851,7.67,Kolkata Knight Riders,Suryakumar Yadav,4,YouTube Highlights,Yes,1118,Amazon,40,Mobile,43.63,No
CUST0372,15,Female,Bhopal,Madhya Pradesh,Tier 2,Student,4659,8.97,Rajasthan Royals,KL Rahul,6,JioHotstar,Yes,1404,Flipkart,43,Mobile,64.63,No
CUST0373,26,Female,Raipur,Chhattisgarh,Tier 3,Working Professional,37528,7.66,Rajasthan Royals,Jasprit Bumrah,5,JioHotstar,Yes,2038,Flipkart,39,Laptop,59.14,Yes
CUST0374,15,Female,Meerut,Uttar Pradesh,Tier 3,Student,5307,6.21,Sunrisers Hyderabad,Pat Cummins,4,JioHotstar,Yes,362,Flipkart,21,Laptop,48.5,No
CUST0375,37,Female,Dehradun,Uttarakhand,Tier 3,Coach,61168,9.74,Royal Challengers Bengaluru,Rohit Sharma,5,JioHotstar,No,3418,Local Store,45,Mobile,46.01,Yes
CUST0376,26,Male,Chennai,Tamil Nadu,Tier 1,Student,8471,8.82,Delhi Capitals,Virat Kohli,7,YouTube Highlights,Yes,2046,Flipkart,34,Mobile,49.47,No
CUST0377,25,Male,Mumbai,Maharashtra,Tier 1,Working Professional,46396,6.56,Gujarat Titans,KL Rahul,7,TV,No,1611,Local Store,29,Mobile,50.8,Yes
CUST0378,13,Male,Guwahati,Assam,Tier 3,Student,11614,5.75,Chennai Super Kings,Virat Kohli,2,YouTube Highlights,Yes,1089,Amazon,32,Mobile,48.63,No
CUST0379,17,Female,Patna,Bihar,Tier 2,Athlete,64298,9.2,Chennai Super Kings,David Warner,4,JioHotstar,Yes,2724,Flipkart,45,Mobile,76.63,Yes
CUST0380,19,Female,Pune,Maharashtra,Tier 1,Student,5326,9.74,Kolkata Knight Riders,Ravindra Jadeja,7,TV,Yes,1438,Brand Website,44,Mobile,96.54,Yes
CUST0381,32,Female,Patna,Bihar,Tier 2,Working Professional,42217,5.53,Lucknow Super Giants,Ravindra Jadeja,2,JioHotstar,Yes,924,Flipkart,22,Laptop,38.33,No
CUST0382,22,Female,Agra,Uttar Pradesh,Tier 3,Student,9567,3.12,Sunrisers Hyderabad,Pat Cummins,0,TV,No,189,Amazon,12,Laptop,19.65,No
CUST0383,41,Male,Surat,Gujarat,Tier 2,Working Professional,21242,7.67,Chennai Super Kings,KL Rahul,7,TV,Yes,469,Local Store,41,Mobile,71.15,Yes
CUST0384,50,Female,Hyderabad,Telangana,Tier 1,Coach,54742,6.82,Sunrisers Hyderabad,Yuzvendra Chahal,4,JioHotstar,No,1658,Amazon,25,Mobile,55.74,No
CUST0385,35,Female,Agra,Uttar Pradesh,Tier 3,Athlete,48807,8.98,Delhi Capitals,Ravindra Jadeja,4,TV,No,2246,Flipkart,36,Mobile,63.97,No
CUST0386,50,Female,Mumbai,Maharashtra,Tier 1,Working Professional,71572,8.45,Rajasthan Royals,Pat Cummins,5,JioHotstar,No,1536,Flipkart,41,Mobile,67.37,Yes
CUST0387,24,Female,Delhi,Delhi,Tier 1,Working Professional,30894,9.4,Kolkata Knight Riders,Jasprit Bumrah,4,YouTube Highlights,Yes,1053,Amazon,45,Mobile,78.46,Yes
CUST0388,48,Male,Ahmedabad,Gujarat,Tier 1,Coach,65121,7.52,Royal Challengers Bengaluru,Hardik Pandya,5,TV,Yes,895,Local Store,29,Mobile,66.41,Yes
CUST0389,17,Male,Ranchi,Jharkhand,Tier 3,Working Professional,21879,8.55,Sunrisers Hyderabad,Shubman Gill,6,TV,No,1061,Amazon,36,Smart TV,70.36,No
CUST0390,18,Male,Visakhapatnam,Andhra Pradesh,Tier 2,Working Professional,43977,7.73,Mumbai Indians,Ravindra Jadeja,2,TV,No,674,Amazon,31,Mobile,69.01,Yes
CUST0391,44,Male,Delhi,Delhi,Tier 1,Working Professional,44849,9.44,Lucknow Super Giants,Suryakumar Yadav,6,JioHotstar,No,1607,Amazon,42,Mobile,82.8,Yes
CUST0392,35,Male,Patna,Bihar,Tier 2,Working Professional,46640,7.21,Mumbai Indians,Rohit Sharma,4,YouTube Highlights,Yes,929,Amazon,39,Mobile,59.86,Yes
CUST0393,31,Male,Coimbatore,Tamil Nadu,Tier 2,Business,51980,8.96,Delhi Capitals,Jasprit Bumrah,7,TV,No,1262,Local Store,38,Laptop,71.11,No
CUST0394,16,Female,Tiruchirappalli,Tamil Nadu,Tier 3,Student,9419,7.26,Delhi Capitals,Pat Cummins,4,TV,Yes,992,Flipkart,29,Smart TV,62.55,Yes
CUST0395,33,Male,Jodhpur,Rajasthan,Tier 3,Business,42996,8.08,Punjab Kings,Rishabh Pant,5,JioHotstar,Yes,1867,Amazon,39,Laptop,62.95,No
CUST0396,25,Male,Surat,Gujarat,Tier 2,Business,27161,4.8,Punjab Kings,Suryakumar Yadav,3,TV,No,392,Flipkart,19,Mobile,40.75,No
CUST0397,32,Male,Pune,Maharashtra,Tier 1,Business,69775,8.94,Rajasthan Royals,Ravindra Jadeja,6,TV,No,1914,Amazon,29,Laptop,47.42,Yes
CUST0398,22,Male,Kochi,Kerala,Tier 2,Student,8252,7.84,Sunrisers Hyderabad,Rohit Sharma,5,JioHotstar,Yes,513,Flipkart,34,Laptop,70.67,No
CUST0399,19,Male,Bengaluru,Karnataka,Tier 1,Athlete,43154,7.66,Mumbai Indians,David Warner,2,JioHotstar,Yes,2462,Flipkart,42,Mobile,57.88,No
CUST0400,37,Male,Guwahati,Assam,Tier 3,Coach,43402,8.22,Rajasthan Royals,Jos Buttler,3,TV,No,3588,Amazon,33,Mobile,55.42,No
CUST0401,55,Male,Jaipur,Rajasthan,Tier 2,Student,12512,7.89,Gujarat Titans,AB de Villiers,5,JioHotstar,No,1191,Amazon,26,Mobile,68.27,No
CUST0402,13,Male,Indore,Madhya Pradesh,Tier 2,Working Professional,22946,5.7,Sunrisers Hyderabad,Rohit Sharma,3,JioHotstar,Yes,491,Brand Website,23,Laptop,53.25,Yes
CUST0403,23,Male,Ahmedabad,Gujarat,Tier 1,Business,42271,7.88,Royal Challengers Bengaluru,MS Dhoni,3,TV,Yes,1141,Local Store,35,Smart TV,70.89,No
CUST0404,23,Male,Mysuru,Karnataka,Tier 3,Working Professional,20267,6.72,Royal Challengers Bengaluru,Shubman Gill,3,TV,No,1203,Local Store,24,Mobile,43.99,No
CUST0405,52,Female,Surat,Gujarat,Tier 2,Business,62041,8.52,Lucknow Super Giants,Rishabh Pant,5,JioHotstar,No,1111,Local Store,33,Laptop,61.76,No
CUST0406,23,Male,Indore,Madhya Pradesh,Tier 2,Working Professional,29773,8.21,Chennai Super Kings,Pat Cummins,5,TV,Yes,979,Flipkart,33,Mobile,82.93,Yes
CUST0407,38,Male,Vadodara,Gujarat,Tier 2,Working Professional,40195,6.0,Delhi Capitals,KL Rahul,2,TV,Yes,254,Flipkart,27,Mobile,46.76,No
CUST0408,19,Male,Bhopal,Madhya Pradesh,Tier 2,Business,73375,8.06,Lucknow Super Giants,Virat Kohli,5,JioHotstar,Yes,1844,Flipkart,34,Smart TV,79.39,Yes
CUST0409,20,Male,Bengaluru,Karnataka,Tier 1,Athlete,17287,7.89,Royal Challengers Bengaluru,Pat Cummins,6,TV,Yes,1019,Amazon,31,Laptop,70.25,Yes
CUST0410,32,Male,Bengaluru,Karnataka,Tier 1,Athlete,29682,8.97,Rajasthan Royals,David Warner,5,TV,Yes,3964,Local Store,49,Mobile,66.94,Yes
CUST0411,41,Female,Ahmedabad,Gujarat,Tier 1,Business,140577,9.21,Delhi Capitals,Rishabh Pant,7,TV,No,769,Flipkart,35,Mobile,70.96,No
CUST0412,32,Male,Tiruchirappalli,Tamil Nadu,Tier 3,Working Professional,22924,6.98,Punjab Kings,Suryakumar Yadav,3,JioHotstar,No,602,Brand Website,27,Laptop,53.59,No
CUST0413,18,Male,Delhi,Delhi,Tier 1,Student,7359,5.74,Lucknow Super Giants,Shubman Gill,2,TV,Yes,915,Amazon,22,Laptop,44.41,No
CUST0414,39,Male,Mumbai,Maharashtra,Tier 1,Athlete,39574,6.19,Mumbai Indians,,4,JioHotstar,Yes,1678,Flipkart,21,Mobile,64.77,Yes
CUST0415,49,Female,Indore,Madhya Pradesh,Tier 2,Coach,32509,7.23,Chennai Super Kings,Jos Buttler,2,JioHotstar,No,2028,Local Store,29,Mobile,59.11,No
CUST0416,39,Male,Kolkata,West Bengal,Tier 1,Business,70519,8.73,Chennai Super Kings,Pat Cummins,7,YouTube Highlights,No,1393,Local Store,37,Laptop,76.96,No
CUST0417,42,Male,Pune,Maharashtra,Tier 1,Working Professional,65255,7.33,Mumbai Indians,KL Rahul,7,JioHotstar,No,957,Flipkart,35,Laptop,45.24,No
CUST0418,19,Male,Indore,Madhya Pradesh,Tier 2,Working Professional,43565,7.59,Chennai Super Kings,,4,JioHotstar,Yes,735,Amazon,22,Mobile,64.73,No
CUST0419,36,Male,Mumbai,Maharashtra,Tier 1,Business,124182,9.3,Delhi Capitals,Rohit Sharma,7,YouTube Highlights,No,1653,Flipkart,31,Laptop,74.82,No
CUST0420,37,Female,Raipur,Chhattisgarh,Tier 3,Working Professional,40757,8.03,Rajasthan Royals,Jos Buttler,6,TV,No,929,Flipkart,33,Smart TV,66.29,Yes
CUST0421,32,Female,Hyderabad,Telangana,Tier 1,Working Professional,45931,9.77,Sunrisers Hyderabad,David Warner,7,TV,No,1716,Amazon,37,Mobile,63.6,Yes
CUST0422,19,Male,Delhi,Delhi,Tier 1,Athlete,38773,9.15,Sunrisers Hyderabad,Jos Buttler,5,JioHotstar,Yes,3436,Amazon,32,Smart TV,87.16,Yes
CUST0423,27,Male,Tiruchirappalli,Tamil Nadu,Tier 3,Coach,58204,6.62,Mumbai Indians,Virat Kohli,3,JioHotstar,Yes,2274,Local Store,33,Mobile,33.44,Yes
CUST0424,31,Female,Surat,Gujarat,Tier 2,Working Professional,26197,7.45,Chennai Super Kings,Virat Kohli,5,TV,No,1151,Amazon,30,Smart TV,,No
CUST0425,35,Male,Meerut,Uttar Pradesh,Tier 3,Working Professional,31188,6.69,Royal Challengers Bengaluru,AB de Villiers,4,YouTube Highlights,No,167,Amazon,29,Laptop,41.35,No
CUST0426,19,Female,Mysuru,Karnataka,Tier 3,Student,7619,9.21,Lucknow Super Giants,Suryakumar Yadav,5,YouTube Highlights,Yes,1685,Local Store,40,Laptop,75.52,No
CUST0427,24,Male,Kochi,Kerala,Tier 2,Working Professional,49838,5.79,Kolkata Knight Riders,Yuzvendra Chahal,6,JioHotstar,No,993,Local Store,18,Laptop,45.22,No
CUST0428,53,Male,Dehradun,Uttarakhand,Tier 3,Coach,80861,9.93,Rajasthan Royals,Jos Buttler,6,TV,No,2126,Local Store,36,Mobile,85.26,No
CUST0429,15,Male,Bengaluru,Karnataka,Tier 1,Working Professional,55475,6.36,Lucknow Super Giants,MS Dhoni,4,TV,No,733,Amazon,23,Mobile,64.48,Yes
CUST0430,27,Male,Kochi,Kerala,Tier 2,Working Professional,39266,9.44,Sunrisers Hyderabad,David Warner,7,JioHotstar,No,1259,Amazon,33,Mobile,68.25,Yes
CUST0431,53,Male,Agra,Uttar Pradesh,Tier 3,Business,34774,7.8,Delhi Capitals,Hardik Pandya,4,TV,No,0,Local Store,27,Laptop,64.17,Yes
CUST0432,24,Female,Lucknow,Uttar Pradesh,Tier 2,Working Professional,50483,9.4,Kolkata Knight Riders,Jos Buttler,6,TV,Yes,1518,Flipkart,48,Laptop,67.4,No
CUST0433,13,Male,Indore,Madhya Pradesh,Tier 2,Student,8103,7.0,Kolkata Knight Riders,MS Dhoni,5,JioHotstar,Yes,1131,Local Store,27,Mobile,62.06,No
CUST0434,31,Female,Bhopal,Madhya Pradesh,Tier 2,Working Professional,33985,7.74,Royal Challengers Bengaluru,Virat Kohli,5,JioHotstar,No,977,Amazon,27,Smart TV,61.82,No
CUST0435,23,Male,Dehradun,Uttarakhand,Tier 3,Athlete,48528,8.81,Lucknow Super Giants,Suryakumar Yadav,5,JioHotstar,No,2762,Local Store,33,Mobile,46.6,No
CUST0436,18,Female,Indore,Madhya Pradesh,Tier 2,Student,7129,5.0,Rajasthan Royals,Ravindra Jadeja,1,YouTube Highlights,Yes,732,Brand Website,22,Smart TV,46.8,No
CUST0437,16,Female,Vadodara,Gujarat,Tier 2,Student,8196,,Sunrisers Hyderabad,David Warner,4,YouTube Highlights,No,1914,Flipkart,31,Mobile,64.2,No
CUST0438,24,Male,Delhi,Delhi,Tier 1,Student,11053,7.47,Delhi Capitals,Rohit Sharma,4,YouTube Highlights,No,1048,Local Store,26,Mobile,55.49,No
CUST0439,54,Female,Ahmedabad,Gujarat,Tier 1,Business,50783,7.54,Mumbai Indians,AB de Villiers,4,TV,No,1744,Flipkart,29,Laptop,63.1,Yes
CUST0440,51,Male,Delhi,Delhi,Tier 1,Business,65655,4.31,Punjab Kings,Jos Buttler,1,TV,No,429,Brand Website,20,Mobile,36.72,Yes
CUST0441,28,Male,Surat,Gujarat,Tier 2,Working Professional,36153,8.67,Kolkata Knight Riders,Rohit Sharma,7,JioHotstar,No,1408,Amazon,36,Mobile,49.73,No
CUST0442,35,Female,Hyderabad,Telangana,Tier 1,Athlete,55369,7.38,Gujarat Titans,Pat Cummins,5,JioHotstar,Yes,1964,Amazon,35,Laptop,67.2,Yes
CUST0443,27,Female,Tiruchirappalli,Tamil Nadu,Tier 3,Business,39322,8.24,Chennai Super Kings,Hardik Pandya,6,JioHotstar,No,1390,Amazon,25,Smart TV,31.37,Yes
CUST0444,26,Female,Indore,Madhya Pradesh,Tier 2,Working Professional,30810,6.24,Mumbai Indians,,4,TV,Yes,1019,Brand Website,36,Mobile,31.06,No
CUST0445,28,Male,Raipur,Chhattisgarh,Tier 3,Business,41797,6.09,Rajasthan Royals,Ravindra Jadeja,5,TV,Yes,653,Flipkart,21,Mobile,47.02,No
CUST0446,19,Male,Varanasi,Uttar Pradesh,Tier 3,Business,47356,7.5,Kolkata Knight Riders,Rishabh Pant,5,JioHotstar,Yes,1080,Local Store,39,Mobile,53.78,Yes
CUST0447,19,Male,Bengaluru,Karnataka,Tier 1,Business,125363,6.67,Royal Challengers Bengaluru,Rohit Sharma,4,JioHotstar,Yes,975,Amazon,33,Mobile,68.33,Yes
CUST0448,27,Male,Hyderabad,Telangana,Tier 1,Working Professional,26816,8.08,Royal Challengers Bengaluru,Suryakumar Yadav,3,YouTube Highlights,Yes,1217,Flipkart,40,Mobile,,Yes
CUST0449,52,Female,Jodhpur,Rajasthan,Tier 3,Business,34059,9.05,Delhi Capitals,Rishabh Pant,6,YouTube Highlights,No,1017,Local Store,38,Smart TV,34.8,No
CUST0450,22,Male,Ahmedabad,Gujarat,Tier 1,Athlete,28030,6.27,Royal Challengers Bengaluru,Pat Cummins,2,JioHotstar,No,1639,Flipkart,25,Laptop,53.5,No
CUST0451,36,Male,Kolkata,West Bengal,Tier 1,Working Professional,27897,9.6,Chennai Super Kings,Suryakumar Yadav,6,TV,No,2118,Brand Website,31,Smart TV,80.4,Yes
CUST0452,30,Male,Vadodara,Gujarat,Tier 2,Working Professional,41803,3.98,Rajasthan Royals,Jasprit Bumrah,0,JioHotstar,Yes,315,Flipkart,28,Mobile,30.39,No
CUST0453,29,Female,Coimbatore,Tamil Nadu,Tier 2,Working Professional,44265,9.02,Rajasthan Royals,Jos Buttler,7,JioHotstar,No,423,Flipkart,36,Mobile,34.1,Yes
CUST0454,53,Male,Mysuru,Karnataka,Tier 3,Working Professional,32967,8.12,Rajasthan Royals,Pat Cummins,5,TV,No,1722,Flipkart,28,Laptop,71.08,No
CUST0455,16,Male,Kolkata,West Bengal,Tier 1,Business,20000,5.6,Delhi Capitals,Rishabh Pant,3,JioHotstar,No,205,Amazon,19,Mobile,71.71,Yes
CUST0456,23,Male,Mysuru,Karnataka,Tier 3,Working Professional,30277,8.22,Kolkata Knight Riders,Virat Kohli,3,JioHotstar,Yes,1183,Brand Website,34,Mobile,58.87,No
CUST0457,53,Male,Surat,Gujarat,Tier 2,Athlete,19148,3.52,Punjab Kings,Suryakumar Yadav,3,JioHotstar,No,1166,Amazon,11,Laptop,26.09,Yes
CUST0458,38,Male,Hyderabad,Telangana,Tier 1,Working Professional,44146,8.5,Delhi Capitals,Suryakumar Yadav,4,JioHotstar,No,1168,Amazon,40,Laptop,52.23,No
CUST0459,30,Male,Guwahati,Assam,Tier 3,Working Professional,24789,7.66,Punjab Kings,MS Dhoni,3,JioHotstar,No,880,Amazon,24,Mobile,56.56,Yes
CUST0460,52,Male,Chennai,Tamil Nadu,Tier 1,Athlete,34193,5.96,Gujarat Titans,Ravindra Jadeja,4,YouTube Highlights,No,539,Local Store,26,Laptop,53.55,No
CUST0461,42,Male,Mumbai,Maharashtra,Tier 1,Business,140206,6.35,Delhi Capitals,Jos Buttler,4,YouTube Highlights,No,296,Local Store,20,Laptop,62.92,No
CUST0462,23,Female,Bengaluru,Karnataka,Tier 1,Business,117367,,Delhi Capitals,Rohit Sharma,4,YouTube Highlights,Yes,464,Flipkart,31,Laptop,61.24,Yes
CUST0463,18,Male,Mumbai,Maharashtra,Tier 1,Student,9266,9.83,Delhi Capitals,Virat Kohli,6,TV,Yes,1574,Local Store,49,Laptop,91.05,No
CUST0464,14,Male,Kolkata,West Bengal,Tier 1,Athlete,62338,9.37,Punjab Kings,Jasprit Bumrah,4,JioHotstar,Yes,2864,Local Store,41,Mobile,,Yes
CUST0465,17,Male,Kolkata,West Bengal,Tier 1,Student,6191,7.11,Gujarat Titans,Virat Kohli,5,JioHotstar,No,1508,Amazon,30,Mobile,81.36,No
CUST0466,28,Female,Hyderabad,Telangana,Tier 1,Coach,59732,7.11,Rajasthan Royals,Hardik Pandya,2,JioHotstar,Yes,1667,Local Store,27,Mobile,65.12,Yes
CUST0467,36,Male,Lucknow,Uttar Pradesh,Tier 2,Working Professional,33995,9.85,Chennai Super Kings,Shubman Gill,7,TV,Yes,2002,Flipkart,46,Smart TV,79.21,Yes
CUST0468,15,Male,Ahmedabad,Gujarat,Tier 1,Athlete,48296,7.69,Punjab Kings,Rohit Sharma,5,TV,Yes,2847,Flipkart,38,Mobile,81.03,Yes
CUST0469,17,Female,Varanasi,Uttar Pradesh,Tier 3,Student,5291,9.13,Kolkata Knight Riders,Jasprit Bumrah,5,YouTube Highlights,Yes,1787,Flipkart,44,Mobile,88.21,Yes
CUST0470,17,Male,Visakhapatnam,Andhra Pradesh,Tier 2,Athlete,50852,6.34,Punjab Kings,Rishabh Pant,5,YouTube Highlights,No,2568,Brand Website,22,Mobile,48.77,Yes
CUST0471,27,Male,Agra,Uttar Pradesh,Tier 3,Working Professional,34523,7.22,Mumbai Indians,AB de Villiers,2,TV,Yes,1053,Brand Website,35,Mobile,34.63,No
CUST0472,35,Male,Coimbatore,Tamil Nadu,Tier 2,Business,51957,7.41,Kolkata Knight Riders,KL Rahul,5,TV,No,736,Amazon,30,Mobile,47.04,No
CUST0473,44,Male,Mysuru,Karnataka,Tier 3,Business,37981,8.04,Rajasthan Royals,Rishabh Pant,4,JioHotstar,No,981,Flipkart,24,Smart TV,59.39,Yes
CUST0474,20,Female,Lucknow,Uttar Pradesh,Tier 2,Working Professional,21055,7.19,Sunrisers Hyderabad,Pat Cummins,2,JioHotstar,Yes,750,Flipkart,29,Mobile,62.33,Yes
CUST0475,38,Male,Bhopal,Madhya Pradesh,Tier 2,Working Professional,24715,6.39,Mumbai Indians,Ravindra Jadeja,4,YouTube Highlights,Yes,995,Flipkart,27,Laptop,45.35,Yes
CUST0476,25,Male,Hyderabad,Telangana,Tier 1,Working Professional,71383,4.91,Kolkata Knight Riders,Hardik Pandya,4,JioHotstar,Yes,1281,Amazon,28,Laptop,65.0,No
CUST0477,20,Male,Vadodara,Gujarat,Tier 2,Working Professional,29568,6.11,Rajasthan Royals,KL Rahul,4,JioHotstar,Yes,496,Amazon,31,Mobile,72.44,No
CUST0478,40,Female,Ahmedabad,Gujarat,Tier 1,Business,134756,7.62,Punjab Kings,Rohit Sharma,4,TV,No,1488,Flipkart,23,Laptop,71.88,No
CUST0479,52,Male,Pune,Maharashtra,Tier 1,Athlete,35946,8.42,Lucknow Super Giants,Jos Buttler,6,TV,No,3398,Flipkart,33,Laptop,62.33,Yes
CUST0480,39,Male,Kolkata,West Bengal,Tier 1,Business,76556,8.24,Delhi Capitals,Shubman Gill,5,TV,No,1009,Flipkart,37,Mobile,82.45,No
CUST0481,38,Male,Nagpur,Maharashtra,Tier 2,Business,47814,7.34,Kolkata Knight Riders,Pat Cummins,3,TV,No,1239,Flipkart,28,Smart TV,56.35,No
CUST0482,16,Male,Kochi,Kerala,Tier 2,Student,7117,7.81,Sunrisers Hyderabad,Rohit Sharma,6,TV,Yes,1138,Local Store,30,Laptop,76.25,No
CUST0483,19,Female,Kolkata,West Bengal,Tier 1,Working Professional,45539,7.65,Delhi Capitals,Pat Cummins,4,JioHotstar,Yes,622,Amazon,38,Mobile,86.02,Yes
CUST0484,30,Male,Jaipur,Rajasthan,Tier 2,Working Professional,24865,7.12,Delhi Capitals,Rohit Sharma,4,TV,Yes,832,Amazon,34,Mobile,65.29,No
CUST0485,42,Male,Jodhpur,Rajasthan,Tier 3,Business,57447,7.6,Chennai Super Kings,Yuzvendra Chahal,4,YouTube Highlights,No,1197,Local Store,30,Smart TV,68.44,No
CUST0486,27,Male,Lucknow,Uttar Pradesh,Tier 2,Working Professional,23602,6.69,Lucknow Super Giants,David Warner,5,JioHotstar,No,1238,Local Store,26,Mobile,46.26,Yes
CUST0487,22,Male,Indore,Madhya Pradesh,Tier 2,Athlete,37794,7.09,Kolkata Knight Riders,Rohit Sharma,3,JioHotstar,Yes,3360,Amazon,26,Mobile,63.41,No
CUST0488,21,Male,Coimbatore,Tamil Nadu,Tier 2,Working Professional,36340,4.16,Delhi Capitals,Yuzvendra Chahal,3,JioHotstar,No,481,Flipkart,20,Mobile,21.83,No
CUST0489,53,Female,Agra,Uttar Pradesh,Tier 3,Business,40095,8.83,Kolkata Knight Riders,KL Rahul,5,TV,No,1086,Brand Website,41,Mobile,59.27,No
CUST0490,54,Male,Mysuru,Karnataka,Tier 3,Coach,35056,7.4,Delhi Capitals,KL Rahul,6,YouTube Highlights,Yes,2864,Amazon,35,Mobile,70.08,No
CUST0491,28,Female,Jaipur,Rajasthan,Tier 2,Working Professional,39860,7.27,Chennai Super Kings,AB de Villiers,4,JioHotstar,No,1176,Local Store,31,Smart TV,29.17,Yes
CUST0492,55,Male,Delhi,Delhi,Tier 1,Working Professional,77198,6.95,Lucknow Super Giants,Jos Buttler,6,TV,No,1763,Flipkart,20,Mobile,45.01,Yes
CUST0493,18,Male,Visakhapatnam,Andhra Pradesh,Tier 2,Student,13494,6.62,Lucknow Super Giants,MS Dhoni,4,JioHotstar,Yes,190,Local Store,38,Laptop,52.22,No
CUST0494,18,Female,Surat,Gujarat,Tier 2,Student,4486,8.87,Royal Challengers Bengaluru,Pat Cummins,6,JioHotstar,Yes,2217,Amazon,38,Mobile,79.81,Yes
CUST0495,32,Male,Mumbai,Maharashtra,Tier 1,Coach,36409,8.12,Lucknow Super Giants,Pat Cummins,3,JioHotstar,Yes,1910,Flipkart,39,Mobile,79.22,No
CUST0496,28,Male,Varanasi,Uttar Pradesh,Tier 3,Coach,23296,9.65,Chennai Super Kings,Virat Kohli,3,JioHotstar,No,4919,Brand Website,36,Mobile,65.21,No
CUST0497,20,Female,Guwahati,Assam,Tier 3,Working Professional,50160,6.28,Rajasthan Royals,Rohit Sharma,4,JioHotstar,Yes,1176,Amazon,33,Laptop,76.51,No
CUST0498,17,Male,Ranchi,Jharkhand,Tier 3,Working Professional,21283,5.37,Kolkata Knight Riders,Jasprit Bumrah,3,TV,No,701,Amazon,15,Mobile,44.57,No
CUST0499,27,Male,Chandigarh,Punjab,Tier 2,Working Professional,44808,6.76,Chennai Super Kings,Suryakumar Yadav,5,JioHotstar,Yes,352,Amazon,34,Smart TV,42.77,No
CUST0500,22,Female,Kolkata,West Bengal,Tier 1,Student,10793,7.11,Rajasthan Royals,KL Rahul,5,TV,No,565,Amazon,24,Smart TV,71.75,Yes
CUST0501,20,Male,Lucknow,Uttar Pradesh,Tier 2,Student,11390,8.33,Gujarat Titans,Shubman Gill,5,JioHotstar,Yes,1370,Amazon,43,Mobile,74.58,No
CUST0502,18,Male,Dehradun,Uttarakhand,Tier 3,Business,46935,6.99,Delhi Capitals,Suryakumar Yadav,4,YouTube Highlights,Yes,1587,Flipkart,29,Smart TV,55.95,No
CUST0503,51,Female,Bengaluru,Karnataka,Tier 1,Working Professional,75514,8.95,Royal Challengers Bengaluru,Virat Kohli,5,JioHotstar,No,1660,Flipkart,37,Mobile,74.22,No
CUST0504,23,Male,Lucknow,Uttar Pradesh,Tier 2,Athlete,36516,5.31,Royal Challengers Bengaluru,MS Dhoni,3,JioHotstar,Yes,297,Amazon,36,Laptop,40.27,No
CUST0505,35,Male,Agra,Uttar Pradesh,Tier 3,Working Professional,27983,8.58,Lucknow Super Giants,Rohit Sharma,4,JioHotstar,Yes,1530,Local Store,40,Laptop,75.64,No
CUST0506,18,Male,Lucknow,Uttar Pradesh,Tier 2,Business,60530,9.37,Royal Challengers Bengaluru,,7,YouTube Highlights,Yes,0,Local Store,43,Mobile,71.05,No
CUST0507,30,Male,Jodhpur,Rajasthan,Tier 3,Coach,50731,6.65,Lucknow Super Giants,Rohit Sharma,4,JioHotstar,Yes,1670,Local Store,28,Mobile,55.5,Yes
CUST0508,33,Male,Pune,Maharashtra,Tier 1,Working Professional,74540,8.86,Kolkata Knight Riders,Rohit Sharma,7,TV,Yes,1467,Flipkart,45,Smart TV,74.02,Yes
CUST0509,18,Female,Dehradun,Uttarakhand,Tier 3,Student,4912,7.42,Chennai Super Kings,AB de Villiers,5,JioHotstar,Yes,1121,Flipkart,23,Mobile,70.77,Yes
CUST0510,42,Male,Pune,Maharashtra,Tier 1,Working Professional,15000,6.42,Gujarat Titans,Jasprit Bumrah,4,TV,No,923,Flipkart,15,Laptop,37.89,No
CUST0511,40,Male,Ahmedabad,Gujarat,Tier 1,Working Professional,61907,5.49,Royal Challengers Bengaluru,Pat Cummins,3,YouTube Highlights,No,910,Flipkart,21,Mobile,33.79,Yes
CUST0512,24,Male,Kolkata,West Bengal,Tier 1,Working Professional,54144,9.66,Lucknow Super Giants,MS Dhoni,7,JioHotstar,No,1391,Local Store,40,Mobile,72.02,No
CUST0513,28,Female,Ahmedabad,Gujarat,Tier 1,Business,60804,5.95,Sunrisers Hyderabad,Ravindra Jadeja,5,JioHotstar,No,742,Brand Website,27,Laptop,30.51,Yes
CUST0514,20,Male,Jaipur,Rajasthan,Tier 2,Student,6934,6.25,Chennai Super Kings,Virat Kohli,3,JioHotstar,Yes,926,Local Store,23,Smart TV,61.55,No
CUST0515,30,Female,Pune,Maharashtra,Tier 1,Athlete,32613,9.24,Chennai Super Kings,Rohit Sharma,7,JioHotstar,Yes,1456,Local Store,44,Laptop,84.88,Yes
CUST0516,29,Male,Raipur,Chhattisgarh,Tier 3,Working Professional,21191,5.29,Delhi Capitals,David Warner,2,JioHotstar,No,730,Amazon,16,Mobile,38.9,Yes
CUST0517,40,Female,Indore,Madhya Pradesh,Tier 2,Working Professional,47069,6.04,Rajasthan Royals,Virat Kohli,3,JioHotstar,No,1079,Local Store,11,Mobile,67.77,No
CUST0518,33,Female,Pune,Maharashtra,Tier 1,Working Professional,56819,7.0,Lucknow Super Giants,Jos Buttler,6,TV,No,934,Local Store,29,Laptop,46.53,No
CUST0519,25,Male,Mysuru,Karnataka,Tier 3,Athlete,25053,7.37,Chennai Super Kings,Rishabh Pant,4,TV,Yes,2250,Flipkart,40,Mobile,88.53,Yes
CUST0520,19,Male,Visakhapatnam,Andhra Pradesh,Tier 2,Student,11412,8.54,Lucknow Super Giants,AB de Villiers,5,TV,No,1776,Amazon,39,Mobile,78.52,No
CUST0521,40,Female,Varanasi,Uttar Pradesh,Tier 3,Business,42744,7.12,Delhi Capitals,Jos Buttler,4,TV,No,1153,Amazon,26,Mobile,57.34,No
CUST0522,34,Male,Mumbai,Maharashtra,Tier 1,Coach,42390,8.68,Punjab Kings,Yuzvendra Chahal,4,TV,Yes,2593,Amazon,31,Smart TV,63.56,Yes
CUST0523,39,Male,Coimbatore,Tamil Nadu,Tier 2,Working Professional,34816,9.04,Punjab Kings,David Warner,5,JioHotstar,No,867,Local Store,39,Mobile,55.16,Yes
CUST0524,33,Female,Tiruchirappalli,Tamil Nadu,Tier 3,Business,35607,5.27,Chennai Super Kings,MS Dhoni,2,TV,No,857,Local Store,26,Mobile,33.13,No
CUST0525,34,Male,Kolkata,West Bengal,Tier 1,Business,122058,5.77,Gujarat Titans,Rishabh Pant,4,JioHotstar,No,471,Flipkart,24,Mobile,54.92,Yes
CUST0526,16,Female,Ahmedabad,Gujarat,Tier 1,Student,10646,6.55,Gujarat Titans,Rohit Sharma,5,JioHotstar,Yes,121,Local Store,38,Mobile,76.07,No
CUST0527,42,Male,Mysuru,Karnataka,Tier 3,Coach,39490,7.39,Sunrisers Hyderabad,AB de Villiers,6,TV,No,1959,Brand Website,26,Mobile,37.8,No
CUST0528,49,Male,Nagpur,Maharashtra,Tier 2,Business,90801,8.6,Rajasthan Royals,David Warner,5,YouTube Highlights,Yes,601,Amazon,37,Laptop,70.55,No
CUST0529,42,Female,Visakhapatnam,Andhra Pradesh,Tier 2,Business,96694,7.49,Delhi Capitals,Jos Buttler,3,YouTube Highlights,No,1338,Amazon,29,Mobile,41.09,No
CUST0530,26,Male,Chandigarh,Punjab,Tier 2,Business,56358,7.1,Punjab Kings,Yuzvendra Chahal,4,TV,No,964,Local Store,23,Smart TV,60.89,Yes
CUST0531,40,Female,Kochi,Kerala,Tier 2,Working Professional,31276,5.98,Chennai Super Kings,Suryakumar Yadav,1,TV,No,1054,Local Store,12,Mobile,36.75,Yes
CUST0532,30,Female,Kochi,Kerala,Tier 2,Working Professional,53690,5.05,Mumbai Indians,AB de Villiers,4,TV,Yes,1253,Flipkart,24,Mobile,42.04,No
CUST0533,33,Male,Dehradun,Uttarakhand,Tier 3,Working Professional,53323,8.22,Gujarat Titans,AB de Villiers,6,TV,No,1387,Amazon,41,Laptop,41.23,No
CUST0534,38,Male,Chennai,Tamil Nadu,Tier 1,Athlete,35663,7.92,Punjab Kings,Rishabh Pant,6,TV,Yes,1164,Local Store,41,Mobile,74.32,Yes
CUST0535,27,Male,Chandigarh,Punjab,Tier 2,Working Professional,37921,5.14,Rajasthan Royals,AB de Villiers,4,JioHotstar,Yes,599,Flipkart,25,Mobile,49.85,No
CUST0536,53,Male,Ahmedabad,Gujarat,Tier 1,Working Professional,57137,2.75,Gujarat Titans,AB de Villiers,1,TV,No,291,Flipkart,10,Mobile,11.26,Yes
CUST0537,28,Female,Hyderabad,Telangana,Tier 1,Working Professional,24867,6.85,Mumbai Indians,Suryakumar Yadav,4,JioHotstar,Yes,1236,Brand Website,31,Mobile,64.27,No
CUST0538,30,Male,Guwahati,Assam,Tier 3,Working Professional,35572,9.31,Sunrisers Hyderabad,Virat Kohli,7,JioHotstar,Yes,451,Local Store,41,Mobile,63.04,No
CUST0539,38,Male,Chandigarh,Punjab,Tier 2,Working Professional,39823,3.97,Royal Challengers Bengaluru,Suryakumar Yadav,2,TV,No,542,Local Store,17,Mobile,24.53,No
CUST0540,24,Male,Jodhpur,Rajasthan,Tier 3,Working Professional,34220,8.11,Sunrisers Hyderabad,Jos Buttler,5,JioHotstar,Yes,1725,Amazon,35,Mobile,54.36,No
CUST0541,26,Male,Mumbai,Maharashtra,Tier 1,Coach,47144,7.83,Gujarat Titans,Hardik Pandya,5,TV,No,1938,Amazon,23,Laptop,55.09,No
CUST0542,32,Female,Dehradun,Uttarakhand,Tier 3,Working Professional,35472,7.66,Gujarat Titans,,5,TV,Yes,1828,Flipkart,30,Smart TV,60.98,Yes
CUST0543,17,Male,Delhi,Delhi,Tier 1,Student,2799,6.54,Delhi Capitals,Rohit Sharma,7,TV,Yes,692,Amazon,31,Smart TV,76.83,No
CUST0544,55,Female,Delhi,Delhi,Tier 1,Working Professional,58011,6.9,Rajasthan Royals,Yuzvendra Chahal,3,TV,No,1740,Local Store,27,Mobile,52.84,Yes
CUST0545,22,Female,Delhi,Delhi,Tier 1,Student,8939,,Punjab Kings,Rishabh Pant,6,JioHotstar,Yes,1667,Amazon,45,Laptop,84.52,No
CUST0546,53,Male,Visakhapatnam,Andhra Pradesh,Tier 2,Athlete,47734,7.68,Delhi Capitals,Ravindra Jadeja,4,JioHotstar,No,2378,Local Store,28,Mobile,79.15,No
CUST0547,33,Male,Kochi,Kerala,Tier 2,Working Professional,47740,5.38,Mumbai Indians,AB de Villiers,3,YouTube Highlights,No,569,Amazon,13,Smart TV,34.41,Yes
CUST0548,13,Female,Hyderabad,Telangana,Tier 1,Business,56263,8.84,Kolkata Knight Riders,Ravindra Jadeja,5,JioHotstar,No,1318,Amazon,36,Mobile,75.86,Yes
CUST0549,43,Female,Mysuru,Karnataka,Tier 3,Working Professional,25168,7.22,Gujarat Titans,David Warner,5,TV,Yes,1335,Flipkart,31,Mobile,52.09,No
CUST0550,20,Male,Chandigarh,Punjab,Tier 2,Student,6325,6.31,Royal Challengers Bengaluru,Pat Cummins,5,TV,No,792,Amazon,29,Mobile,50.4,Yes
CUST0551,49,Male,Delhi,Delhi,Tier 1,Business,118730,3.5,Sunrisers Hyderabad,Pat Cummins,1,YouTube Highlights,Yes,516,Amazon,10,Laptop,39.7,No
CUST0552,29,Male,Chennai,Tamil Nadu,Tier 1,Working Professional,41181,8.91,Kolkata Knight Riders,Jos Buttler,6,JioHotstar,Yes,1345,Brand Website,44,Mobile,86.11,Yes
CUST0553,25,Male,Patna,Bihar,Tier 2,Student,5023,7.75,Sunrisers Hyderabad,Yuzvendra Chahal,4,TV,No,204,Amazon,36,Smart TV,74.79,No
CUST0554,13,Male,Bengaluru,Karnataka,Tier 1,Student,2014,8.35,Royal Challengers Bengaluru,Jos Buttler,7,JioHotstar,Yes,273,Flipkart,36,Mobile,79.59,No
CUST0555,35,Female,Kochi,Kerala,Tier 2,Business,40754,3.79,Gujarat Titans,Yuzvendra Chahal,1,YouTube Highlights,No,366,Local Store,7,Smart TV,30.89,Yes
CUST0556,23,Male,Coimbatore,Tamil Nadu,Tier 2,Working Professional,47440,8.07,Gujarat Titans,David Warner,7,TV,Yes,1611,Amazon,43,Smart TV,62.43,No
CUST0557,30,Female,Ranchi,Jharkhand,Tier 3,Coach,55865,7.19,Rajasthan Royals,MS Dhoni,5,JioHotstar,No,1428,Flipkart,31,Mobile,,No
CUST0558,37,Female,Guwahati,Assam,Tier 3,Working Professional,15000,8.66,Sunrisers Hyderabad,Hardik Pandya,5,YouTube Highlights,No,1515,Local Store,37,Laptop,70.2,Yes
CUST0559,31,Male,Lucknow,Uttar Pradesh,Tier 2,Working Professional,31179,8.34,Mumbai Indians,Yuzvendra Chahal,7,JioHotstar,Yes,1589,Local Store,37,Mobile,56.42,Yes
CUST0560,28,Male,Mumbai,Maharashtra,Tier 1,Working Professional,57768,7.38,Delhi Capitals,,4,JioHotstar,Yes,416,Local Store,38,Mobile,69.9,No
CUST0561,16,Female,Dehradun,Uttarakhand,Tier 3,Student,6797,8.69,Mumbai Indians,Rishabh Pant,4,TV,Yes,878,Amazon,37,Mobile,77.95,No
CUST0562,27,Male,Patna,Bihar,Tier 2,Working Professional,19291,9.13,Lucknow Super Giants,Rishabh Pant,7,JioHotstar,Yes,921,Amazon,46,Mobile,64.43,No
CUST0563,22,Male,Nagpur,Maharashtra,Tier 2,Student,9083,6.78,Delhi Capitals,Ravindra Jadeja,7,JioHotstar,Yes,1226,Amazon,30,Mobile,69.59,No
CUST0564,13,Female,Indore,Madhya Pradesh,Tier 2,Coach,28603,8.28,Kolkata Knight Riders,David Warner,5,JioHotstar,Yes,3138,Flipkart,43,Laptop,74.96,Yes
CUST0565,31,Male,Hyderabad,Telangana,Tier 1,Working Professional,68574,8.98,Sunrisers Hyderabad,Yuzvendra Chahal,7,JioHotstar,No,976,Amazon,42,Mobile,67.01,Yes
CUST0566,41,Female,Jodhpur,Rajasthan,Tier 3,Athlete,12583,6.66,Rajasthan Royals,Hardik Pandya,4,YouTube Highlights,No,1748,Amazon,30,Mobile,52.16,Yes
CUST0567,43,Male,Jodhpur,Rajasthan,Tier 3,Working Professional,21099,8.49,Mumbai Indians,Hardik Pandya,4,JioHotstar,Yes,2245,Local Store,31,Laptop,,Yes
CUST0568,16,Female,Agra,Uttar Pradesh,Tier 3,Business,29497,6.41,Royal Challengers Bengaluru,Shubman Gill,4,YouTube Highlights,No,500,Flipkart,31,Mobile,51.97,No
CUST0569,28,Male,Dehradun,Uttarakhand,Tier 3,Athlete,15685,7.81,Chennai Super Kings,MS Dhoni,5,YouTube Highlights,Yes,3491,Local Store,35,Mobile,50.61,Yes
CUST0570,18,Male,Chennai,Tamil Nadu,Tier 1,Athlete,23285,8.33,Delhi Capitals,David Warner,5,JioHotstar,Yes,3269,Flipkart,33,Mobile,81.59,Yes
CUST0571,27,Female,Dehradun,Uttarakhand,Tier 3,Working Professional,36397,7.22,Gujarat Titans,Shubman Gill,2,TV,No,1575,Flipkart,24,Mobile,54.62,No
CUST0572,31,Female,Bhopal,Madhya Pradesh,Tier 2,Working Professional,44260,5.83,Lucknow Super Giants,Pat Cummins,1,JioHotstar,Yes,778,Amazon,28,Smart TV,47.95,No
CUST0573,16,Female,Delhi,Delhi,Tier 1,Student,5930,7.92,Chennai Super Kings,KL Rahul,3,JioHotstar,Yes,1493,Flipkart,40,Mobile,56.05,No
CUST0574,24,Female,Pune,Maharashtra,Tier 1,Student,5555,6.66,Sunrisers Hyderabad,Hardik Pandya,5,JioHotstar,Yes,1294,Brand Website,44,Mobile,43.13,No
CUST0575,53,Male,Hyderabad,Telangana,Tier 1,Working Professional,46348,8.99,Kolkata Knight Riders,Jasprit Bumrah,7,JioHotstar,Yes,1361,Amazon,36,Smart TV,72.93,No
CUST0576,33,Female,Surat,Gujarat,Tier 2,Working Professional,27638,9.49,Delhi Capitals,Virat Kohli,6,JioHotstar,No,1508,Flipkart,30,Smart TV,,No
CUST0577,48,Male,Varanasi,Uttar Pradesh,Tier 3,Coach,35564,9.62,Kolkata Knight Riders,Hardik Pandya,7,JioHotstar,No,3238,Amazon,32,Laptop,67.38,Yes
CUST0578,16,Male,Mysuru,Karnataka,Tier 3,Business,49479,4.27,Rajasthan Royals,Hardik Pandya,2,YouTube Highlights,Yes,506,Amazon,18,Mobile,49.65,No
CUST0579,39,Male,Chennai,Tamil Nadu,Tier 1,Business,67168,7.54,Rajasthan Royals,David Warner,3,TV,No,0,Amazon,34,Mobile,59.07,No
CUST0580,47,Male,Chandigarh,Punjab,Tier 2,Coach,15000,9.31,Lucknow Super Giants,AB de Villiers,6,TV,No,2407,Brand Website,40,Mobile,59.04,Yes
CUST0581,43,Male,Bengaluru,Karnataka,Tier 1,Working Professional,15000,8.05,Gujarat Titans,Rohit Sharma,4,TV,Yes,1006,Flipkart,31,Mobile,72.5,Yes
CUST0582,27,Male,Mumbai,Maharashtra,Tier 1,Working Professional,67648,9.33,Mumbai Indians,Rohit Sharma,7,YouTube Highlights,Yes,779,Amazon,47,Smart TV,93.3,Yes
CUST0583,24,Female,Chennai,Tamil Nadu,Tier 1,Working Professional,52452,6.87,Sunrisers Hyderabad,,5,YouTube Highlights,No,1025,Flipkart,35,Mobile,70.66,No
CUST0584,44,Male,Chennai,Tamil Nadu,Tier 1,Business,69016,7.17,Lucknow Super Giants,Yuzvendra Chahal,4,TV,No,860,Amazon,27,Mobile,74.56,No
CUST0585,28,Female,Bengaluru,Karnataka,Tier 1,Working Professional,65224,4.99,Royal Challengers Bengaluru,Yuzvendra Chahal,3,JioHotstar,No,906,Amazon,19,Laptop,29.19,No
CUST0586,17,Female,Kolkata,West Bengal,Tier 1,Working Professional,70960,5.79,Chennai Super Kings,Jos Buttler,4,YouTube Highlights,No,425,Brand Website,22,Mobile,47.01,No
CUST0587,30,Male,Vadodara,Gujarat,Tier 2,Working Professional,58975,7.03,Delhi Capitals,Hardik Pandya,3,JioHotstar,Yes,1179,Amazon,34,Laptop,48.91,No
CUST0588,28,Male,Delhi,Delhi,Tier 1,Business,26710,7.64,Royal Challengers Bengaluru,Jasprit Bumrah,6,JioHotstar,No,1264,Flipkart,36,Mobile,46.29,No
CUST0589,14,Male,Mumbai,Maharashtra,Tier 1,Working Professional,62286,8.91,Royal Challengers Bengaluru,KL Rahul,4,TV,Yes,979,Amazon,36,Laptop,75.16,Yes
CUST0590,20,Female,Raipur,Chhattisgarh,Tier 3,Student,10587,8.35,Mumbai Indians,AB de Villiers,7,JioHotstar,Yes,877,Local Store,44,Laptop,71.55,Yes
CUST0591,52,Male,Chennai,Tamil Nadu,Tier 1,Coach,51921,9.34,Punjab Kings,Yuzvendra Chahal,6,JioHotstar,Yes,3527,Flipkart,34,Smart TV,66.02,Yes
CUST0592,42,Female,Varanasi,Uttar Pradesh,Tier 3,Business,74170,9.35,Mumbai Indians,Shubman Gill,5,YouTube Highlights,No,2147,Flipkart,32,Laptop,69.52,No
CUST0593,50,Male,Hyderabad,Telangana,Tier 1,Working Professional,78945,7.05,Rajasthan Royals,Pat Cummins,3,TV,Yes,1383,Flipkart,33,Mobile,44.96,No
CUST0594,17,Male,Ahmedabad,Gujarat,Tier 1,Coach,15000,5.94,Chennai Super Kings,Jos Buttler,4,YouTube Highlights,Yes,2273,Local Store,34,Mobile,67.5,No
CUST0595,17,Male,Varanasi,Uttar Pradesh,Tier 3,Student,6713,8.15,Punjab Kings,AB de Villiers,5,JioHotstar,No,2188,Amazon,27,Smart TV,62.12,No
CUST0596,19,Female,Mumbai,Maharashtra,Tier 1,Working Professional,41753,7.75,Chennai Super Kings,KL Rahul,6,JioHotstar,Yes,825,Amazon,32,Mobile,45.86,Yes
CUST0597,34,Male,Ahmedabad,Gujarat,Tier 1,Business,35270,9.01,Punjab Kings,Rohit Sharma,6,TV,Yes,1978,Local Store,42,Laptop,,No
CUST0598,15,Female,Chennai,Tamil Nadu,Tier 1,Student,10060,6.08,Mumbai Indians,Yuzvendra Chahal,2,YouTube Highlights,No,773,Local Store,28,Laptop,55.94,Yes
CUST0599,41,Male,Ahmedabad,Gujarat,Tier 1,Working Professional,58032,5.77,Kolkata Knight Riders,Virat Kohli,4,JioHotstar,No,596,Amazon,22,Mobile,39.03,No
CUST0600,51,Male,Bhopal,Madhya Pradesh,Tier 2,Working Professional,25793,9.45,Kolkata Knight Riders,Hardik Pandya,7,TV,No,1362,Flipkart,39,Laptop,75.67,No
CUST0601,35,Female,Pune,Maharashtra,Tier 1,Working Professional,60798,,Sunrisers Hyderabad,Shubman Gill,5,TV,No,924,Local Store,20,Smart TV,70.26,No
CUST0602,16,Female,Dehradun,Uttarakhand,Tier 3,Student,9745,8.77,Gujarat Titans,Jos Buttler,7,JioHotstar,Yes,398,Flipkart,37,Mobile,88.07,No
CUST0603,33,Male,Agra,Uttar Pradesh,Tier 3,Student,11216,8.45,Gujarat Titans,Jos Buttler,7,TV,No,1213,Brand Website,25,Smart TV,56.4,No
CUST0604,38,Male,Jaipur,Rajasthan,Tier 2,Coach,58097,8.75,Chennai Super Kings,Shubman Gill,6,JioHotstar,No,1072,Local Store,32,Smart TV,46.89,No
CUST0605,40,Male,Mumbai,Maharashtra,Tier 1,Business,63816,9.62,Rajasthan Royals,Jos Buttler,7,TV,Yes,2124,Brand Website,53,Mobile,94.18,No
CUST0606,19,Male,Varanasi,Uttar Pradesh,Tier 3,Student,0,5.99,Lucknow Super Giants,Ravindra Jadeja,3,YouTube Highlights,No,775,Amazon,18,Laptop,47.41,No
CUST0607,50,Female,Indore,Madhya Pradesh,Tier 2,Coach,36350,5.11,Royal Challengers Bengaluru,AB de Villiers,2,TV,No,1204,Flipkart,16,Laptop,23.96,No
CUST0608,32,Female,Meerut,Uttar Pradesh,Tier 3,Business,40488,8.15,Punjab Kings,AB de Villiers,5,TV,Yes,858,Brand Website,37,Mobile,,Yes
CUST0609,13,Male,Kochi,Kerala,Tier 2,Student,6227,8.03,Delhi Capitals,Jos Buttler,3,JioHotstar,Yes,1384,Amazon,41,Mobile,80.01,No
CUST0610,47,Male,Bengaluru,Karnataka,Tier 1,Athlete,31828,8.93,Kolkata Knight Riders,KL Rahul,7,YouTube Highlights,No,3105,Flipkart,37,Smart TV,66.25,Yes
CUST0611,43,Male,Mumbai,Maharashtra,Tier 1,Business,82163,7.21,Sunrisers Hyderabad,Rishabh Pant,2,JioHotstar,No,379,Amazon,26,Laptop,64.14,Yes
CUST0612,13,Male,Kolkata,West Bengal,Tier 1,Athlete,22595,8.87,Sunrisers Hyderabad,David Warner,6,JioHotstar,Yes,2605,Amazon,39,Smart TV,81.52,No
CUST0613,27,Male,Hyderabad,Telangana,Tier 1,Athlete,30450,7.45,Chennai Super Kings,Virat Kohli,6,TV,Yes,1121,Local Store,37,Smart TV,97.05,Yes
CUST0614,23,Female,Jodhpur,Rajasthan,Tier 3,Working Professional,30353,,Sunrisers Hyderabad,Suryakumar Yadav,4,JioHotstar,Yes,532,Brand Website,39,Smart TV,46.44,No
CUST0615,17,Female,Ahmedabad,Gujarat,Tier 1,Student,3030,7.94,Sunrisers Hyderabad,Shubman Gill,6,TV,No,283,Amazon,33,Smart TV,62.71,No
CUST0616,55,Male,Chennai,Tamil Nadu,Tier 1,Business,83308,8.13,Gujarat Titans,Yuzvendra Chahal,5,YouTube Highlights,No,427,Flipkart,41,Mobile,63.27,No
CUST0617,15,Female,Ahmedabad,Gujarat,Tier 1,Coach,36378,6.6,Sunrisers Hyderabad,Pat Cummins,3,JioHotstar,Yes,249,Amazon,32,Smart TV,73.69,No
CUST0618,30,Female,Pune,Maharashtra,Tier 1,Business,44117,6.68,Kolkata Knight Riders,Jos Buttler,2,JioHotstar,Yes,1039,Local Store,23,Mobile,35.69,Yes
CUST0619,36,Female,Dehradun,Uttarakhand,Tier 3,Athlete,32939,4.32,Lucknow Super Giants,MS Dhoni,2,TV,No,1492,Local Store,20,Laptop,49.37,No
CUST0620,43,Female,Delhi,Delhi,Tier 1,Working Professional,19132,5.51,Chennai Super Kings,MS Dhoni,5,TV,No,1303,Amazon,23,Smart TV,38.15,No
CUST0621,17,Female,Chennai,Tamil Nadu,Tier 1,Business,91915,8.12,Rajasthan Royals,Jasprit Bumrah,5,TV,No,2111,Brand Website,35,Mobile,,No
CUST0622,53,Female,Kolkata,West Bengal,Tier 1,Athlete,31643,9.28,Sunrisers Hyderabad,Pat Cummins,6,TV,No,4300,Amazon,35,Laptop,71.76,No
CUST0623,19,Female,Ahmedabad,Gujarat,Tier 1,Working Professional,60175,7.89,Kolkata Knight Riders,Rishabh Pant,5,YouTube Highlights,Yes,370,Amazon,30,Laptop,80.85,Yes
CUST0624,53,Male,Nagpur,Maharashtra,Tier 2,Athlete,21732,9.18,Rajasthan Royals,KL Rahul,7,TV,No,2153,Local Store,51,Smart TV,54.32,No
CUST0625,23,Female,Kolkata,West Bengal,Tier 1,Working Professional,40308,9.4,Kolkata Knight Riders,Jos Buttler,4,JioHotstar,No,965,Amazon,36,Laptop,89.62,No
CUST0626,35,Male,Bengaluru,Karnataka,Tier 1,Working Professional,34236,9.45,Sunrisers Hyderabad,KL Rahul,5,JioHotstar,No,1021,Local Store,34,Mobile,70.28,No
CUST0627,33,Female,Mysuru,Karnataka,Tier 3,Coach,24600,9.64,Rajasthan Royals,Pat Cummins,7,YouTube Highlights,No,3003,Amazon,33,Smart TV,50.96,Yes
CUST0628,32,Male,Mysuru,Karnataka,Tier 3,Working Professional,24243,3.74,Chennai Super Kings,Hardik Pandya,0,JioHotstar,Yes,482,Flipkart,18,Mobile,39.33,No
CUST0629,25,Male,Visakhapatnam,Andhra Pradesh,Tier 2,Working Professional,53207,9.26,Sunrisers Hyderabad,Jasprit Bumrah,7,JioHotstar,Yes,1,Amazon,43,Laptop,96.74,No
CUST0630,13,Male,Lucknow,Uttar Pradesh,Tier 2,Business,59150,6.02,Royal Challengers Bengaluru,Shubman Gill,4,TV,Yes,0,Flipkart,37,Mobile,44.13,Yes
CUST0631,27,Male,Agra,Uttar Pradesh,Tier 3,Working Professional,28848,8.26,Gujarat Titans,David Warner,4,JioHotstar,No,1778,Flipkart,34,Mobile,53.83,No
CUST0632,35,Female,Varanasi,Uttar Pradesh,Tier 3,Athlete,40834,8.27,Royal Challengers Bengaluru,Virat Kohli,6,YouTube Highlights,No,2562,Amazon,24,Mobile,49.28,Yes
CUST0633,32,Male,Raipur,Chhattisgarh,Tier 3,Working Professional,30131,8.28,Gujarat Titans,Rohit Sharma,4,YouTube Highlights,Yes,1163,Amazon,35,Mobile,92.88,No
CUST0634,37,Male,Surat,Gujarat,Tier 2,Working Professional,43340,9.62,Punjab Kings,Ravindra Jadeja,5,JioHotstar,No,1888,Amazon,38,Smart TV,51.9,Yes
CUST0635,42,Female,Indore,Madhya Pradesh,Tier 2,Business,83314,9.58,Delhi Capitals,Rohit Sharma,4,TV,No,1514,Flipkart,35,Mobile,74.09,No
CUST0636,36,Male,Varanasi,Uttar Pradesh,Tier 3,Business,31557,6.68,Chennai Super Kings,Pat Cummins,3,YouTube Highlights,No,1845,Local Store,26,Mobile,33.0,No
CUST0637,30,Male,Pune,Maharashtra,Tier 1,Working Professional,64948,7.8,Lucknow Super Giants,Hardik Pandya,4,JioHotstar,Yes,1119,Amazon,34,Mobile,56.95,Yes
CUST0638,38,Male,Ranchi,Jharkhand,Tier 3,Working Professional,29176,8.02,Chennai Super Kings,Shubman Gill,4,JioHotstar,No,1984,Brand Website,42,Laptop,60.07,Yes
CUST0639,27,Female,Hyderabad,Telangana,Tier 1,Business,95957,8.26,Delhi Capitals,Suryakumar Yadav,5,JioHotstar,Yes,1704,Amazon,31,Mobile,74.89,No
CUST0640,47,Female,Vadodara,Gujarat,Tier 2,Business,30312,9.41,Royal Challengers Bengaluru,KL Rahul,5,TV,Yes,1055,Amazon,37,Mobile,66.39,Yes
CUST0641,47,Female,Indore,Madhya Pradesh,Tier 2,Business,25551,5.44,Rajasthan Royals,Jos Buttler,2,TV,No,1174,Flipkart,20,Laptop,26.3,Yes
CUST0642,36,Female,Delhi,Delhi,Tier 1,Coach,48393,8.67,Rajasthan Royals,David Warner,6,JioHotstar,Yes,3016,Amazon,52,Laptop,71.94,No
CUST0643,24,Male,Jaipur,Rajasthan,Tier 2,Coach,43338,9.58,Rajasthan Royals,Pat Cummins,6,TV,Yes,2041,Flipkart,40,Mobile,79.57,No
CUST0644,20,Male,Agra,Uttar Pradesh,Tier 3,Working Professional,44489,9.62,Gujarat Titans,Jos Buttler,7,YouTube Highlights,Yes,1914,Local Store,48,Smart TV,90.52,No
CUST0645,28,Male,Chennai,Tamil Nadu,Tier 1,Working Professional,49146,7.72,Punjab Kings,AB de Villiers,7,JioHotstar,Yes,1557,Amazon,29,Mobile,75.55,Yes
CUST0646,25,Female,Meerut,Uttar Pradesh,Tier 3,Working Professional,31277,5.95,Sunrisers Hyderabad,KL Rahul,7,JioHotstar,Yes,1106,Local Store,29,Mobile,59.87,No
CUST0647,32,Female,Dehradun,Uttarakhand,Tier 3,Athlete,24104,8.66,Mumbai Indians,Jasprit Bumrah,7,TV,Yes,2243,Amazon,42,Mobile,,Yes
CUST0648,35,Male,Bengaluru,Karnataka,Tier 1,Working Professional,57331,9.25,Sunrisers Hyderabad,Virat Kohli,4,TV,Yes,2129,Amazon,49,Mobile,81.95,Yes
CUST0649,30,Male,Coimbatore,Tamil Nadu,Tier 2,Working Professional,24437,6.62,Punjab Kings,Jos Buttler,4,JioHotstar,No,1151,Local Store,27,Mobile,53.37,Yes
CUST0650,30,Female,Chennai,Tamil Nadu,Tier 1,Coach,43165,6.35,Delhi Capitals,MS Dhoni,4,TV,No,1357,Local Store,22,Laptop,54.76,Yes
CUST0651,32,Female,Mysuru,Karnataka,Tier 3,Working Professional,32283,3.9,Chennai Super Kings,David Warner,1,JioHotstar,Yes,381,Flipkart,25,Laptop,23.76,Yes
CUST0652,36,Female,Bhopal,Madhya Pradesh,Tier 2,Working Professional,45439,8.79,Chennai Super Kings,David Warner,6,TV,No,1137,Local Store,34,Mobile,63.01,Yes
CUST0653,32,Male,Coimbatore,Tamil Nadu,Tier 2,Business,55123,5.18,Chennai Super Kings,Jos Buttler,5,TV,No,521,Amazon,19,Smart TV,36.58,No
CUST0654,36,Male,Bengaluru,Karnataka,Tier 1,Business,155397,8.59,Lucknow Super Giants,Hardik Pandya,7,JioHotstar,Yes,994,Flipkart,39,Mobile,83.69,No
CUST0655,28,Male,Bhopal,Madhya Pradesh,Tier 2,Working Professional,15000,,Punjab Kings,KL Rahul,4,TV,No,951,Amazon,22,Smart TV,64.85,Yes
CUST0656,13,Male,Delhi,Delhi,Tier 1,Student,10595,8.24,Delhi Capitals,Rishabh Pant,6,JioHotstar,Yes,1457,Amazon,37,Mobile,67.5,No
CUST0657,21,Male,Kochi,Kerala,Tier 2,Working Professional,19888,7.53,Kolkata Knight Riders,Pat Cummins,6,TV,Yes,535,Amazon,26,Mobile,60.07,No
CUST0658,43,Female,Ranchi,Jharkhand,Tier 3,Business,67377,6.88,Chennai Super Kings,MS Dhoni,4,TV,No,486,Flipkart,29,Laptop,45.53,No
CUST0659,18,Male,Kochi,Kerala,Tier 2,Coach,78575,5.26,Punjab Kings,Rishabh Pant,3,JioHotstar,No,1119,Flipkart,20,Mobile,54.98,No
CUST0660,32,Male,Guwahati,Assam,Tier 3,Student,7565,5.87,Lucknow Super Giants,Virat Kohli,5,TV,No,501,Local Store,20,Mobile,50.67,No
CUST0661,29,Female,Pune,Maharashtra,Tier 1,Working Professional,25366,6.45,Delhi Capitals,Hardik Pandya,4,JioHotstar,Yes,396,Amazon,35,Laptop,46.51,No
CUST0662,13,Male,Chennai,Tamil Nadu,Tier 1,Student,3888,7.13,Delhi Capitals,Suryakumar Yadav,4,JioHotstar,Yes,1124,Flipkart,33,Mobile,62.31,No
CUST0663,31,Female,Chennai,Tamil Nadu,Tier 1,Coach,37442,8.99,Kolkata Knight Riders,Suryakumar Yadav,4,TV,Yes,4230,Flipkart,41,Smart TV,72.3,Yes
CUST0664,42,Male,Guwahati,Assam,Tier 3,Working Professional,15000,5.06,Mumbai Indians,Pat Cummins,1,YouTube Highlights,No,878,Amazon,24,Smart TV,29.1,Yes
CUST0665,14,Female,Meerut,Uttar Pradesh,Tier 3,Working Professional,24165,8.67,Rajasthan Royals,Pat Cummins,7,TV,Yes,1712,Local Store,34,Mobile,89.36,Yes
CUST0666,37,Female,Ahmedabad,Gujarat,Tier 1,Working Professional,37439,6.33,Rajasthan Royals,Jasprit Bumrah,2,TV,Yes,1331,Flipkart,27,Laptop,54.73,No
CUST0667,29,Male,Kolkata,West Bengal,Tier 1,Working Professional,25243,6.76,Royal Challengers Bengaluru,AB de Villiers,3,TV,Yes,856,Amazon,26,Mobile,64.76,Yes
CUST0668,37,Male,Jaipur,Rajasthan,Tier 2,Business,36278,7.07,Rajasthan Royals,Shubman Gill,4,YouTube Highlights,Yes,1119,Local Store,33,Laptop,65.18,Yes
CUST0669,35,Male,Mumbai,Maharashtra,Tier 1,Coach,40819,8.28,Chennai Super Kings,Suryakumar Yadav,6,TV,No,4860,Local Store,29,Mobile,65.18,Yes
CUST0670,46,Male,Mumbai,Maharashtra,Tier 1,Business,73580,6.32,Delhi Capitals,Pat Cummins,5,JioHotstar,No,1334,Amazon,22,Laptop,,Yes
CUST0671,36,Male,Pune,Maharashtra,Tier 1,Working Professional,49742,6.52,Delhi Capitals,Hardik Pandya,6,TV,No,1154,Flipkart,31,Laptop,46.1,No
CUST0672,24,Female,Delhi,Delhi,Tier 1,Business,57385,8.16,Chennai Super Kings,Jasprit Bumrah,6,YouTube Highlights,No,1776,Local Store,22,Laptop,79.9,Yes
CUST0673,38,Male,Bhopal,Madhya Pradesh,Tier 2,Business,80668,6.87,Delhi Capitals,Jasprit Bumrah,6,JioHotstar,No,1315,Flipkart,22,Mobile,46.57,Yes
CUST0674,32,Female,Varanasi,Uttar Pradesh,Tier 3,Working Professional,40984,8.39,Rajasthan Royals,Rishabh Pant,5,TV,No,1915,Flipkart,31,Mobile,44.6,No
CUST0675,41,Female,Pune,Maharashtra,Tier 1,Working Professional,57290,4.05,Sunrisers Hyderabad,Shubman Gill,1,YouTube Highlights,No,650,Flipkart,15,Laptop,33.55,Yes
CUST0676,43,Male,Coimbatore,Tamil Nadu,Tier 2,Business,48215,7.8,Kolkata Knight Riders,Shubman Gill,4,TV,Yes,1116,Flipkart,35,Laptop,58.95,No
CUST0677,52,Male,Jodhpur,Rajasthan,Tier 3,Business,55573,9.24,Royal Challengers Bengaluru,Yuzvendra Chahal,5,YouTube Highlights,Yes,2544,Flipkart,46,Smart TV,70.55,No
CUST0678,24,Male,Mysuru,Karnataka,Tier 3,Working Professional,25121,9.71,Kolkata Knight Riders,Virat Kohli,7,JioHotstar,No,2111,Local Store,36,Mobile,79.8,No
CUST0679,32,Male,Coimbatore,Tamil Nadu,Tier 2,Athlete,13301,9.14,Royal Challengers Bengaluru,Virat Kohli,5,JioHotstar,Yes,3086,Amazon,38,Mobile,73.94,No
CUST0680,37,Male,Bhopal,Madhya Pradesh,Tier 2,Business,63387,5.95,Punjab Kings,Rishabh Pant,5,TV,No,918,Amazon,34,Mobile,27.27,No
CUST0681,41,Male,Tiruchirappalli,Tamil Nadu,Tier 3,Business,20000,6.88,Delhi Capitals,Yuzvendra Chahal,5,TV,No,631,Amazon,36,Smart TV,57.89,Yes
CUST0682,21,Female,Jaipur,Rajasthan,Tier 2,Student,5227,9.17,Royal Challengers Bengaluru,AB de Villiers,6,TV,No,927,Local Store,34,Laptop,74.23,No
CUST0683,39,Male,Mysuru,Karnataka,Tier 3,Working Professional,31021,8.26,Chennai Super Kings,MS Dhoni,6,TV,Yes,1261,Local Store,40,Mobile,57.3,Yes
CUST0684,36,Female,Chennai,Tamil Nadu,Tier 1,Business,76892,4.19,Mumbai Indians,Hardik Pandya,3,YouTube Highlights,No,570,Flipkart,11,Laptop,29.11,No
CUST0685,30,Male,Kolkata,West Bengal,Tier 1,Coach,53585,4.84,Gujarat Titans,Hardik Pandya,2,JioHotstar,Yes,1326,Amazon,19,Mobile,24.62,No
CUST0686,25,Male,Jaipur,Rajasthan,Tier 2,Working Professional,35698,8.16,Rajasthan Royals,Rishabh Pant,6,YouTube Highlights,Yes,1482,Amazon,28,Mobile,66.84,No
CUST0687,33,Female,Varanasi,Uttar Pradesh,Tier 3,Business,24411,8.08,Royal Challengers Bengaluru,Suryakumar Yadav,5,TV,Yes,1228,Local Store,40,Smart TV,71.59,Yes
CUST0688,26,Female,Surat,Gujarat,Tier 2,Business,52156,7.57,Rajasthan Royals,Hardik Pandya,3,TV,Yes,1587,Amazon,31,Mobile,60.23,No
CUST0689,20,Female,Lucknow,Uttar Pradesh,Tier 2,Student,9971,9.01,Sunrisers Hyderabad,Jasprit Bumrah,7,JioHotstar,Yes,1269,Amazon,39,Mobile,70.8,Yes
CUST0690,39,Female,Tiruchirappalli,Tamil Nadu,Tier 3,Business,34510,8.07,Royal Challengers Bengaluru,MS Dhoni,3,TV,No,1508,Flipkart,37,Mobile,47.39,No
CUST0691,44,Male,Patna,Bihar,Tier 2,Business,53177,9.05,Rajasthan Royals,Suryakumar Yadav,5,YouTube Highlights,No,579,Brand Website,36,Mobile,77.42,No
CUST0692,32,Male,Delhi,Delhi,Tier 1,Working Professional,51236,8.81,Royal Challengers Bengaluru,Ravindra Jadeja,4,JioHotstar,Yes,1523,Amazon,45,Laptop,87.49,Yes
CUST0693,13,Male,Delhi,Delhi,Tier 1,Athlete,14065,6.05,Rajasthan Royals,David Warner,2,JioHotstar,Yes,893,Amazon,38,Mobile,57.19,No
CUST0694,54,Male,Coimbatore,Tamil Nadu,Tier 2,Working Professional,47241,7.93,Kolkata Knight Riders,Jasprit Bumrah,4,YouTube Highlights,No,1867,Local Store,39,Mobile,64.33,No
CUST0695,25,Male,Pune,Maharashtra,Tier 1,Working Professional,64735,9.97,Royal Challengers Bengaluru,MS Dhoni,7,JioHotstar,Yes,2031,Amazon,36,Smart TV,86.82,Yes
CUST0696,13,Male,Pune,Maharashtra,Tier 1,Student,11501,8.65,Delhi Capitals,Rohit Sharma,6,YouTube Highlights,Yes,1536,Flipkart,47,Mobile,92.1,No
CUST0697,14,Male,Raipur,Chhattisgarh,Tier 3,Business,47740,9.04,Lucknow Super Giants,Hardik Pandya,7,TV,Yes,1069,Local Store,38,Mobile,65.24,No
CUST0698,29,Male,Ahmedabad,Gujarat,Tier 1,Coach,18023,6.01,Sunrisers Hyderabad,AB de Villiers,2,TV,Yes,1213,Flipkart,30,Mobile,61.89,No
CUST0699,43,Male,Chandigarh,Punjab,Tier 2,Working Professional,26778,7.99,Kolkata Knight Riders,Jos Buttler,3,TV,No,1131,Flipkart,32,Mobile,72.56,Yes
CUST0700,33,Male,Hyderabad,Telangana,Tier 1,Student,7277,5.48,Delhi Capitals,Suryakumar Yadav,3,JioHotstar,No,1054,Flipkart,29,Smart TV,44.43,No
CUST0701,41,Female,Bengaluru,Karnataka,Tier 1,Business,43380,5.07,Punjab Kings,Rohit Sharma,2,JioHotstar,No,340,Flipkart,21,Mobile,31.98,No
CUST0702,30,Female,Meerut,Uttar Pradesh,Tier 3,Coach,30531,7.03,Chennai Super Kings,MS Dhoni,6,TV,No,2196,Flipkart,35,Mobile,46.61,No
CUST0703,33,Male,Kolkata,West Bengal,Tier 1,Athlete,10589,9.2,Kolkata Knight Riders,Hardik Pandya,7,TV,No,3203,Amazon,29,Smart TV,77.62,No
CUST0704,19,Female,Surat,Gujarat,Tier 2,Student,0,7.78,Punjab Kings,David Warner,4,JioHotstar,Yes,1254,Local Store,32,Mobile,67.49,No
CUST0705,52,Female,Jaipur,Rajasthan,Tier 2,Working Professional,51016,9.3,Punjab Kings,AB de Villiers,7,YouTube Highlights,No,1394,Flipkart,40,Mobile,66.46,No
CUST0706,30,Male,Jaipur,Rajasthan,Tier 2,Athlete,43462,6.51,Lucknow Super Giants,Shubman Gill,1,TV,Yes,2103,Brand Website,32,Mobile,51.18,No
CUST0707,25,Female,Visakhapatnam,Andhra Pradesh,Tier 2,Working Professional,26917,6.99,Rajasthan Royals,AB de Villiers,6,YouTube Highlights,No,1146,Local Store,22,Mobile,,Yes
CUST0708,13,Female,Delhi,Delhi,Tier 1,Working Professional,42675,8.36,Mumbai Indians,Jos Buttler,4,YouTube Highlights,No,1056,Flipkart,35,Laptop,58.4,Yes
CUST0709,15,Female,Vadodara,Gujarat,Tier 2,Business,52454,7.89,Mumbai Indians,KL Rahul,7,JioHotstar,Yes,1466,Amazon,30,Smart TV,53.81,No
CUST0710,36,Male,Bengaluru,Karnataka,Tier 1,Working Professional,49639,8.15,Sunrisers Hyderabad,AB de Villiers,4,YouTube Highlights,No,1387,Amazon,29,Laptop,83.22,Yes
CUST0711,51,Female,Hyderabad,Telangana,Tier 1,Business,103573,6.9,Sunrisers Hyderabad,David Warner,5,JioHotstar,Yes,920,Brand Website,35,Laptop,58.24,No
CUST0712,30,Male,Dehradun,Uttarakhand,Tier 3,Working Professional,15000,8.35,Royal Challengers Bengaluru,Suryakumar Yadav,6,YouTube Highlights,No,1604,Amazon,34,Mobile,51.79,Yes
CUST0713,34,Male,Hyderabad,Telangana,Tier 1,Working Professional,57372,6.26,Chennai Super Kings,Jos Buttler,5,JioHotstar,No,347,Amazon,25,Mobile,56.59,Yes
CUST0714,17,Female,Vadodara,Gujarat,Tier 2,Athlete,29121,8.2,Delhi Capitals,Rohit Sharma,5,YouTube Highlights,Yes,2601,Local Store,35,Smart TV,59.15,Yes
CUST0715,27,Male,Vadodara,Gujarat,Tier 2,Athlete,21658,5.95,Rajasthan Royals,Ravindra Jadeja,3,YouTube Highlights,No,2338,Local Store,24,Laptop,32.93,No
CUST0716,34,Male,Mumbai,Maharashtra,Tier 1,Coach,36183,7.0,Delhi Capitals,Ravindra Jadeja,6,TV,Yes,1976,Local Store,21,Smart TV,49.0,No
CUST0717,18,Male,Chennai,Tamil Nadu,Tier 1,Student,11649,2.91,Punjab Kings,Jasprit Bumrah,1,JioHotstar,Yes,564,Amazon,17,Laptop,39.78,No
CUST0718,40,Male,Kolkata,West Bengal,Tier 1,Business,77662,4.63,Gujarat Titans,Hardik Pandya,4,JioHotstar,Yes,671,Flipkart,32,Smart TV,55.01,No
CUST0719,41,Female,Hyderabad,Telangana,Tier 1,Working Professional,37444,9.04,Mumbai Indians,David Warner,7,JioHotstar,No,1493,Amazon,32,Mobile,54.11,No
CUST0720,35,Male,Mumbai,Maharashtra,Tier 1,Athlete,16047,8.58,Delhi Capitals,Rohit Sharma,6,TV,No,2915,Local Store,48,Smart TV,57.78,Yes
CUST0721,49,Female,Bhopal,Madhya Pradesh,Tier 2,Working Professional,38569,9.57,Punjab Kings,Shubman Gill,4,TV,Yes,1814,Flipkart,41,Mobile,75.04,Yes
CUST0722,19,Female,Dehradun,Uttarakhand,Tier 3,Student,6514,7.45,Kolkata Knight Riders,Virat Kohli,4,JioHotstar,No,1280,Brand Website,20,Smart TV,33.3,No
CUST0723,45,Female,Raipur,Chhattisgarh,Tier 3,Coach,46194,7.78,Mumbai Indians,KL Rahul,5,JioHotstar,No,3931,Amazon,43,Mobile,57.36,Yes
CUST0724,34,Female,Dehradun,Uttarakhand,Tier 3,Working Professional,15000,9.14,Royal Challengers Bengaluru,Jasprit Bumrah,3,TV,No,730,Local Store,31,Smart TV,72.2,Yes
CUST0725,33,Male,Bhopal,Madhya Pradesh,Tier 2,Working Professional,37415,6.91,Sunrisers Hyderabad,Hardik Pandya,4,TV,Yes,404,Local Store,36,Mobile,50.15,No
CUST0726,35,Female,Ahmedabad,Gujarat,Tier 1,Working Professional,66656,5.46,Mumbai Indians,Pat Cummins,4,YouTube Highlights,Yes,620,Amazon,25,Mobile,66.21,Yes
CUST0727,32,Female,Ahmedabad,Gujarat,Tier 1,Business,132054,8.96,Gujarat Titans,MS Dhoni,5,JioHotstar,No,229,Amazon,27,Smart TV,73.31,No
CUST0728,20,Male,Kolkata,West Bengal,Tier 1,Coach,37729,9.0,Lucknow Super Giants,Pat Cummins,5,JioHotstar,Yes,424,Amazon,33,Mobile,83.79,Yes
CUST0729,18,Male,Delhi,Delhi,Tier 1,Athlete,32906,8.31,Chennai Super Kings,Jasprit Bumrah,5,JioHotstar,Yes,4254,Flipkart,40,Mobile,71.63,Yes
CUST0730,41,Female,Bhopal,Madhya Pradesh,Tier 2,Working Professional,31351,6.06,Royal Challengers Bengaluru,Ravindra Jadeja,4,TV,No,636,Flipkart,18,Mobile,43.51,Yes
CUST0731,13,Female,Indore,Madhya Pradesh,Tier 2,Student,6545,6.79,Chennai Super Kings,KL Rahul,2,TV,Yes,985,Local Store,31,Mobile,55.53,Yes
CUST0732,34,Male,Jodhpur,Rajasthan,Tier 3,Business,20000,9.03,Lucknow Super Giants,KL Rahul,4,JioHotstar,No,945,Flipkart,36,Laptop,45.95,No
CUST0733,38,Male,Bengaluru,Karnataka,Tier 1,Working Professional,42404,8.43,Sunrisers Hyderabad,Rohit Sharma,6,TV,No,1744,Flipkart,32,Mobile,67.9,No
CUST0734,36,Male,Ahmedabad,Gujarat,Tier 1,Business,133541,6.21,Sunrisers Hyderabad,AB de Villiers,3,JioHotstar,Yes,438,Local Store,31,Laptop,64.14,No
CUST0735,26,Male,Kolkata,West Bengal,Tier 1,Athlete,27762,5.54,Punjab Kings,Rishabh Pant,2,JioHotstar,No,200,Flipkart,17,Laptop,46.31,Yes
CUST0736,15,Male,Visakhapatnam,Andhra Pradesh,Tier 2,Athlete,37522,8.75,Lucknow Super Giants,Rishabh Pant,5,TV,Yes,2523,Local Store,45,Mobile,100.0,No
CUST0737,18,Male,Pune,Maharashtra,Tier 1,Student,8692,7.95,Chennai Super Kings,Hardik Pandya,4,JioHotstar,No,996,Amazon,34,Mobile,57.87,No
CUST0738,29,Female,Hyderabad,Telangana,Tier 1,Athlete,27311,8.21,Rajasthan Royals,Ravindra Jadeja,5,YouTube Highlights,Yes,2746,Amazon,32,Mobile,67.89,Yes
CUST0739,22,Male,Jodhpur,Rajasthan,Tier 3,Student,9176,7.08,Mumbai Indians,Rishabh Pant,6,JioHotstar,No,879,Local Store,32,Mobile,62.53,No
CUST0740,28,Male,Ahmedabad,Gujarat,Tier 1,Student,13715,,Delhi Capitals,AB de Villiers,6,JioHotstar,No,929,Amazon,24,Mobile,55.61,No
CUST0741,18,Male,Raipur,Chhattisgarh,Tier 3,Student,4760,8.63,Chennai Super Kings,Jos Buttler,7,YouTube Highlights,Yes,1145,Amazon,45,Mobile,68.91,Yes
CUST0742,26,Female,Vadodara,Gujarat,Tier 2,Working Professional,36186,5.85,Chennai Super Kings,Yuzvendra Chahal,1,JioHotstar,Yes,1257,Flipkart,19,Mobile,55.93,No
CUST0743,16,Male,Chennai,Tamil Nadu,Tier 1,Student,11029,8.68,Chennai Super Kings,KL Rahul,5,TV,Yes,2134,Flipkart,36,Mobile,86.67,No
CUST0744,14,Male,Jodhpur,Rajasthan,Tier 3,Student,8053,8.92,Rajasthan Royals,Rishabh Pant,7,JioHotstar,Yes,1462,Amazon,43,Mobile,70.02,No
CUST0745,13,Male,Hyderabad,Telangana,Tier 1,Student,8690,,Gujarat Titans,Yuzvendra Chahal,5,JioHotstar,Yes,1024,Local Store,38,Mobile,76.28,Yes
CUST0746,17,Male,Mumbai,Maharashtra,Tier 1,Student,13864,7.61,Chennai Super Kings,Jasprit Bumrah,5,YouTube Highlights,Yes,1599,Flipkart,43,Laptop,52.75,No
CUST0747,34,Female,Kochi,Kerala,Tier 2,Working Professional,47845,7.82,Sunrisers Hyderabad,,4,TV,Yes,1365,Local Store,29,Mobile,55.74,Yes
CUST0748,24,Female,Mumbai,Maharashtra,Tier 1,Working Professional,53989,6.86,Chennai Super Kings,Suryakumar Yadav,4,JioHotstar,Yes,906,Flipkart,36,Laptop,61.75,No
CUST0749,54,Female,Raipur,Chhattisgarh,Tier 3,Working Professional,25653,6.55,Lucknow Super Giants,Pat Cummins,2,TV,No,919,Amazon,28,Mobile,46.37,Yes
CUST0750,38,Male,Indore,Madhya Pradesh,Tier 2,Business,61848,7.2,Delhi Capitals,KL Rahul,5,YouTube Highlights,No,1093,Flipkart,33,Laptop,57.72,No
CUST0751,44,Male,Ahmedabad,Gujarat,Tier 1,Working Professional,92024,2.19,Rajasthan Royals,Virat Kohli,0,JioHotstar,No,342,Flipkart,6,Laptop,20.01,No
CUST0752,32,Female,Jaipur,Rajasthan,Tier 2,Coach,49771,5.95,Punjab Kings,Suryakumar Yadav,2,TV,No,1405,Flipkart,26,Laptop,31.83,Yes
CUST0753,32,Female,Bengaluru,Karnataka,Tier 1,Working Professional,43494,9.43,Delhi Capitals,Yuzvendra Chahal,5,YouTube Highlights,Yes,1982,Flipkart,41,Mobile,78.02,Yes
CUST0754,44,Female,Nagpur,Maharashtra,Tier 2,Business,70454,9.45,Lucknow Super Giants,Ravindra Jadeja,6,TV,Yes,1364,Flipkart,36,Mobile,60.62,No
CUST0755,34,Female,Indore,Madhya Pradesh,Tier 2,Coach,49926,8.18,Kolkata Knight Riders,MS Dhoni,3,JioHotstar,No,2483,Local Store,31,Laptop,67.1,Yes
CUST0756,38,Female,Hyderabad,Telangana,Tier 1,Business,152254,6.79,Mumbai Indians,Yuzvendra Chahal,4,JioHotstar,Yes,934,Flipkart,40,Mobile,40.72,No
CUST0757,24,Male,Bengaluru,Karnataka,Tier 1,Working Professional,69442,7.71,Gujarat Titans,David Warner,6,JioHotstar,No,1036,Amazon,30,Smart TV,,Yes
CUST0758,51,Female,Lucknow,Uttar Pradesh,Tier 2,Working Professional,57770,6.28,Gujarat Titans,Rishabh Pant,4,JioHotstar,Yes,148,Local Store,30,Laptop,31.1,No
CUST0759,19,Male,Lucknow,Uttar Pradesh,Tier 2,Working Professional,61232,,Royal Challengers Bengaluru,David Warner,7,JioHotstar,Yes,1364,Flipkart,55,Mobile,59.76,No
CUST0760,25,Female,Hyderabad,Telangana,Tier 1,Working Professional,65224,7.63,Royal Challengers Bengaluru,KL Rahul,5,TV,Yes,1008,Local Store,38,Smart TV,68.53,No
CUST0761,29,Male,Bhopal,Madhya Pradesh,Tier 2,Business,64205,5.15,Mumbai Indians,Jasprit Bumrah,5,JioHotstar,No,479,Local Store,25,Mobile,31.72,Yes
CUST0762,28,Female,Ahmedabad,Gujarat,Tier 1,Working Professional,45629,8.84,Lucknow Super Giants,Yuzvendra Chahal,7,YouTube Highlights,No,1167,Local Store,27,Mobile,69.04,Yes
CUST0763,31,Female,Nagpur,Maharashtra,Tier 2,Working Professional,35395,6.79,Mumbai Indians,MS Dhoni,4,TV,Yes,943,Local Store,35,Mobile,,Yes
CUST0764,43,Male,Indore,Madhya Pradesh,Tier 2,Business,42834,7.8,Rajasthan Royals,Pat Cummins,7,JioHotstar,No,396,Flipkart,30,Mobile,49.59,No
CUST0765,17,Male,Hyderabad,Telangana,Tier 1,Student,8016,7.25,Punjab Kings,Shubman Gill,6,JioHotstar,No,766,Amazon,32,Mobile,71.16,No
CUST0766,37,Male,Ranchi,Jharkhand,Tier 3,Athlete,27752,4.79,Chennai Super Kings,Virat Kohli,2,JioHotstar,Yes,1271,Amazon,19,Mobile,27.64,No
CUST0767,15,Male,Delhi,Delhi,Tier 1,Student,13966,8.82,Gujarat Titans,Hardik Pandya,5,TV,Yes,1192,Amazon,39,Smart TV,86.78,Yes
CUST0768,31,Male,Kochi,Kerala,Tier 2,Athlete,27339,8.75,Punjab Kings,Jos Buttler,5,JioHotstar,No,2029,Flipkart,38,Mobile,63.27,No
CUST0769,30,Female,Bhopal,Madhya Pradesh,Tier 2,Business,62372,2.73,Kolkata Knight Riders,MS Dhoni,2,TV,Yes,414,Amazon,15,Smart TV,35.02,No
CUST0770,34,Male,Kolkata,West Bengal,Tier 1,Working Professional,51139,6.11,Delhi Capitals,AB de Villiers,2,JioHotstar,No,968,Local Store,32,Mobile,59.54,Yes
CUST0771,31,Male,Kochi,Kerala,Tier 2,Working Professional,31197,4.6,Delhi Capitals,Virat Kohli,1,TV,No,577,Amazon,18,Laptop,37.84,No
CUST0772,38,Male,Patna,Bihar,Tier 2,Business,20000,4.88,Lucknow Super Giants,Shubman Gill,0,TV,No,403,Brand Website,19,Laptop,21.31,No
CUST0773,17,Male,Raipur,Chhattisgarh,Tier 3,Student,7954,6.87,Lucknow Super Giants,Jos Buttler,5,TV,No,1330,Amazon,24,Mobile,,No
CUST0774,52,Female,Meerut,Uttar Pradesh,Tier 3,Coach,49775,8.91,Gujarat Titans,KL Rahul,5,TV,Yes,2471,Local Store,38,Mobile,62.16,No
CUST0775,40,Male,Patna,Bihar,Tier 2,Athlete,26662,7.51,Royal Challengers Bengaluru,Rishabh Pant,5,TV,No,1588,Flipkart,35,Smart TV,62.24,Yes
CUST0776,37,Female,Hyderabad,Telangana,Tier 1,Coach,51550,7.01,Sunrisers Hyderabad,Rohit Sharma,7,TV,Yes,3873,Amazon,26,Laptop,70.61,Yes
CUST0777,15,Male,Nagpur,Maharashtra,Tier 2,Working Professional,39505,8.75,Sunrisers Hyderabad,,5,TV,Yes,967,Amazon,44,Smart TV,73.03,No
CUST0778,42,Female,Jaipur,Rajasthan,Tier 2,Business,80950,8.15,Punjab Kings,MS Dhoni,5,TV,Yes,1137,Flipkart,46,Mobile,79.92,Yes
CUST0779,25,Male,Varanasi,Uttar Pradesh,Tier 3,Student,7009,8.78,Lucknow Super Giants,David Warner,7,YouTube Highlights,Yes,1868,Local Store,44,Mobile,72.3,No
CUST0780,29,Male,Mumbai,Maharashtra,Tier 1,Working Professional,32087,7.26,Kolkata Knight Riders,David Warner,4,TV,Yes,1537,Local Store,30,Laptop,53.35,No
CUST0781,19,Male,Delhi,Delhi,Tier 1,Coach,33465,6.73,Kolkata Knight Riders,Ravindra Jadeja,5,TV,Yes,3179,Flipkart,26,Mobile,56.39,No
CUST0782,18,Male,Coimbatore,Tamil Nadu,Tier 2,Student,4976,8.34,Kolkata Knight Riders,AB de Villiers,7,YouTube Highlights,Yes,624,Flipkart,33,Laptop,65.16,No
CUST0783,15,Female,Vadodara,Gujarat,Tier 2,Student,8109,8.22,Punjab Kings,Suryakumar Yadav,6,YouTube Highlights,Yes,1581,Local Store,43,Laptop,72.62,No
CUST0784,26,Male,Vadodara,Gujarat,Tier 2,Business,61582,3.99,Royal Challengers Bengaluru,Ravindra Jadeja,3,JioHotstar,Yes,670,Flipkart,20,Mobile,16.55,No
CUST0785,42,Female,Tiruchirappalli,Tamil Nadu,Tier 3,Working Professional,42061,6.49,Chennai Super Kings,Shubman Gill,3,TV,No,469,Brand Website,21,Laptop,58.67,Yes
CUST0786,25,Female,Pune,Maharashtra,Tier 1,Athlete,23545,6.55,Punjab Kings,Rohit Sharma,6,TV,Yes,2644,Local Store,32,Mobile,62.54,No
CUST0787,32,Female,Hyderabad,Telangana,Tier 1,Coach,25826,8.42,Rajasthan Royals,Pat Cummins,6,YouTube Highlights,Yes,3128,Amazon,43,Laptop,69.57,Yes
CUST0788,37,Female,Mumbai,Maharashtra,Tier 1,Business,144817,7.18,Punjab Kings,Pat Cummins,4,TV,No,254,Flipkart,31,Laptop,77.98,No
CUST0789,42,Male,Kochi,Kerala,Tier 2,Business,68986,8.58,Rajasthan Royals,KL Rahul,5,JioHotstar,Yes,1560,Amazon,41,Mobile,68.2,No
CUST0790,35,Male,Chandigarh,Punjab,Tier 2,Working Professional,37560,8.37,Punjab Kings,KL Rahul,5,JioHotstar,Yes,333,Flipkart,45,Mobile,66.01,Yes
CUST0791,40,Male,Kolkata,West Bengal,Tier 1,Working Professional,78220,8.07,Kolkata Knight Riders,Suryakumar Yadav,5,TV,No,1686,Amazon,31,Smart TV,,No
CUST0792,26,Female,Chennai,Tamil Nadu,Tier 1,Working Professional,26700,8.23,Lucknow Super Giants,Shubman Gill,7,TV,No,363,Local Store,36,Mobile,56.49,Yes
CUST0793,26,Male,Bengaluru,Karnataka,Tier 1,Coach,31550,5.9,Chennai Super Kings,Jasprit Bumrah,5,TV,No,1157,Amazon,21,Mobile,35.06,Yes
CUST0794,30,Male,Hyderabad,Telangana,Tier 1,Athlete,29075,9.27,Mumbai Indians,Shubman Gill,5,TV,Yes,3107,Flipkart,38,Mobile,78.31,Yes
CUST0795,32,Male,Pune,Maharashtra,Tier 1,Athlete,37413,5.58,Kolkata Knight Riders,Pat Cummins,4,TV,Yes,2053,Flipkart,26,Mobile,45.76,No
CUST0796,42,Male,Indore,Madhya Pradesh,Tier 2,Student,10827,8.68,Chennai Super Kings,Rishabh Pant,4,JioHotstar,No,1834,Amazon,29,Mobile,50.26,Yes
CUST0797,37,Male,Nagpur,Maharashtra,Tier 2,Coach,32682,8.71,Kolkata Knight Riders,Yuzvendra Chahal,4,TV,Yes,1602,Local Store,45,Mobile,61.58,Yes
CUST0798,33,Female,Bhopal,Madhya Pradesh,Tier 2,Working Professional,17194,7.88,Sunrisers Hyderabad,Jasprit Bumrah,6,TV,Yes,1037,Amazon,30,Smart TV,73.9,No
CUST0799,35,Female,Tiruchirappalli,Tamil Nadu,Tier 3,Business,61848,9.76,Kolkata Knight Riders,Virat Kohli,7,TV,Yes,1876,Local Store,45,Laptop,70.72,Yes
CUST0800,16,Male,Vadodara,Gujarat,Tier 2,Student,9867,8.22,Mumbai Indians,KL Rahul,6,JioHotstar,Yes,1631,Local Store,36,Mobile,60.8,No
CUST0801,29,Female,Hyderabad,Telangana,Tier 1,Working Professional,52959,8.04,Gujarat Titans,Virat Kohli,7,JioHotstar,No,1474,Amazon,31,Laptop,65.15,Yes
CUST0802,38,Male,Chennai,Tamil Nadu,Tier 1,Coach,22598,8.05,Gujarat Titans,Shubman Gill,5,JioHotstar,No,1665,Local Store,28,Smart TV,59.36,Yes
CUST0803,30,Male,Delhi,Delhi,Tier 1,Working Professional,41769,9.06,Sunrisers Hyderabad,Virat Kohli,6,JioHotstar,Yes,1488,Amazon,50,Laptop,61.19,Yes
CUST0804,32,Male,Kolkata,West Bengal,Tier 1,Athlete,23544,7.17,Chennai Super Kings,MS Dhoni,6,TV,Yes,1803,Local Store,26,Mobile,43.7,No
CUST0805,33,Male,Kolkata,West Bengal,Tier 1,Business,44999,8.43,Rajasthan Royals,Suryakumar Yadav,3,TV,No,1247,Flipkart,31,Mobile,80.91,No
CUST0806,42,Male,Bhopal,Madhya Pradesh,Tier 2,Business,91581,8.84,Gujarat Titans,Suryakumar Yadav,6,JioHotstar,Yes,2342,Flipkart,32,Mobile,56.34,Yes
CUST0807,33,Female,Chennai,Tamil Nadu,Tier 1,Working Professional,54839,9.12,Sunrisers Hyderabad,Ravindra Jadeja,6,JioHotstar,Yes,1291,Amazon,38,Laptop,90.34,Yes
CUST0808,38,Male,Pune,Maharashtra,Tier 1,Business,56384,9.55,Sunrisers Hyderabad,Suryakumar Yadav,6,TV,No,730,Amazon,44,Laptop,69.01,Yes
CUST0809,29,Male,Vadodara,Gujarat,Tier 2,Athlete,39542,8.18,Delhi Capitals,Jos Buttler,4,TV,Yes,1262,Flipkart,34,Mobile,60.69,No
CUST0810,39,Male,Surat,Gujarat,Tier 2,Working Professional,39347,7.68,Chennai Super Kings,Shubman Gill,6,TV,No,772,Local Store,25,Mobile,61.94,No
CUST0811,47,Male,Nagpur,Maharashtra,Tier 2,Business,70111,9.04,Gujarat Titans,Rishabh Pant,7,YouTube Highlights,Yes,1261,Flipkart,37,Mobile,62.54,Yes
CUST0812,24,Male,Hyderabad,Telangana,Tier 1,Working Professional,78658,8.02,Royal Challengers Bengaluru,Rohit Sharma,6,TV,Yes,794,Local Store,38,Smart TV,67.83,Yes
CUST0813,23,Male,Nagpur,Maharashtra,Tier 2,Working Professional,39471,6.99,Sunrisers Hyderabad,Virat Kohli,0,JioHotstar,Yes,913,Flipkart,28,Smart TV,70.9,Yes
CUST0814,30,Male,Ahmedabad,Gujarat,Tier 1,Working Professional,66045,5.63,Chennai Super Kings,Jasprit Bumrah,2,YouTube Highlights,No,597,Amazon,36,Mobile,55.85,Yes
CUST0815,51,Female,Pune,Maharashtra,Tier 1,Coach,52986,8.98,Gujarat Titans,Suryakumar Yadav,6,JioHotstar,No,3461,Flipkart,31,Mobile,68.53,Yes
CUST0816,36,Male,Vadodara,Gujarat,Tier 2,Working Professional,57708,7.15,Lucknow Super Giants,Ravindra Jadeja,2,TV,Yes,1110,Local Store,31,Laptop,56.13,No
CUST0817,24,Male,Varanasi,Uttar Pradesh,Tier 3,Working Professional,29837,9.3,Sunrisers Hyderabad,AB de Villiers,5,JioHotstar,Yes,249,Brand Website,36,Mobile,73.68,No
CUST0818,31,Female,Pune,Maharashtra,Tier 1,Working Professional,73960,9.01,Rajasthan Royals,Jos Buttler,5,JioHotstar,Yes,1709,Flipkart,45,Laptop,83.49,No
CUST0819,25,Female,Vadodara,Gujarat,Tier 2,Working Professional,15390,6.49,Sunrisers Hyderabad,Jos Buttler,4,TV,No,931,Flipkart,18,Mobile,35.43,No
CUST0820,23,Male,Indore,Madhya Pradesh,Tier 2,Business,59854,8.89,Kolkata Knight Riders,Shubman Gill,7,YouTube Highlights,Yes,1814,Brand Website,38,Mobile,78.66,Yes
CUST0821,19,Female,Raipur,Chhattisgarh,Tier 3,Athlete,32574,8.02,Lucknow Super Giants,KL Rahul,7,JioHotstar,Yes,1317,Flipkart,41,Mobile,77.28,No
CUST0822,24,Female,Tiruchirappalli,Tamil Nadu,Tier 3,Coach,54777,7.39,Sunrisers Hyderabad,Rishabh Pant,4,TV,Yes,1438,Local Store,36,Mobile,49.4,Yes
CUST0823,49,Female,Bengaluru,Karnataka,Tier 1,Working Professional,64523,7.6,Chennai Super Kings,Virat Kohli,6,TV,No,1761,Amazon,28,Smart TV,83.21,Yes
CUST0824,55,Male,Patna,Bihar,Tier 2,Coach,15000,9.61,Royal Challengers Bengaluru,Yuzvendra Chahal,7,TV,No,3074,Flipkart,46,Mobile,69.7,No
CUST0825,16,Male,Nagpur,Maharashtra,Tier 2,Working Professional,40131,5.86,Chennai Super Kings,Rohit Sharma,2,JioHotstar,Yes,915,Amazon,19,Mobile,,Yes
CUST0826,34,Male,Hyderabad,Telangana,Tier 1,Working Professional,57136,8.29,Chennai Super Kings,Ravindra Jadeja,6,JioHotstar,No,840,Brand Website,40,Mobile,,Yes
CUST0827,38,Male,Hyderabad,Telangana,Tier 1,Business,53941,6.6,Kolkata Knight Riders,KL Rahul,3,TV,No,1305,Brand Website,34,Mobile,32.62,No
CUST0828,25,Male,Hyderabad,Telangana,Tier 1,Working Professional,44595,7.71,Kolkata Knight Riders,KL Rahul,7,JioHotstar,No,1142,Amazon,43,Laptop,49.73,Yes
CUST0829,39,Male,Visakhapatnam,Andhra Pradesh,Tier 2,Business,36546,8.9,Royal Challengers Bengaluru,Virat Kohli,6,TV,No,1517,Amazon,37,Laptop,55.93,No
CUST0830,26,Male,Kolkata,West Bengal,Tier 1,Working Professional,60743,5.83,Kolkata Knight Riders,KL Rahul,4,JioHotstar,Yes,895,Brand Website,28,Mobile,48.43,No
CUST0831,44,Male,Jaipur,Rajasthan,Tier 2,Working Professional,30117,8.76,Chennai Super Kings,Pat Cummins,5,YouTube Highlights,No,1709,Amazon,35,Laptop,67.39,Yes
CUST0832,13,Male,Jaipur,Rajasthan,Tier 2,Student,10886,6.8,Lucknow Super Giants,Rishabh Pant,4,TV,No,271,Local Store,23,Mobile,45.8,Yes
CUST0833,32,Male,Chennai,Tamil Nadu,Tier 1,Business,141133,4.53,Gujarat Titans,MS Dhoni,0,TV,No,875,Brand Website,19,Mobile,34.48,Yes
CUST0834,23,Female,Ranchi,Jharkhand,Tier 3,Coach,52541,6.89,Lucknow Super Giants,David Warner,4,TV,Yes,2301,Local Store,37,Mobile,70.89,Yes
CUST0835,42,Male,Visakhapatnam,Andhra Pradesh,Tier 2,Working Professional,27808,7.59,Royal Challengers Bengaluru,KL Rahul,6,JioHotstar,Yes,683,Local Store,46,Mobile,42.32,No
CUST0836,44,Male,Delhi,Delhi,Tier 1,Business,72005,7.07,Rajasthan Royals,Jos Buttler,4,TV,Yes,921,Amazon,43,Laptop,60.41,Yes
CUST0837,45,Female,Hyderabad,Telangana,Tier 1,Coach,26041,9.36,Rajasthan Royals,Ravindra Jadeja,5,JioHotstar,No,3470,Flipkart,23,Laptop,63.23,No
CUST0838,22,Male,Mumbai,Maharashtra,Tier 1,Working Professional,80989,8.64,Rajasthan Royals,Yuzvendra Chahal,4,JioHotstar,Yes,1671,Flipkart,47,Mobile,98.51,Yes
CUST0839,29,Male,Ahmedabad,Gujarat,Tier 1,Student,6528,9.41,Rajasthan Royals,Rohit Sharma,6,TV,Yes,1361,Local Store,39,Mobile,79.23,Yes
CUST0840,42,Female,Hyderabad,Telangana,Tier 1,Working Professional,32523,7.11,Gujarat Titans,Shubman Gill,5,JioHotstar,No,952,Flipkart,29,Laptop,68.37,No
CUST0841,24,Male,Tiruchirappalli,Tamil Nadu,Tier 3,Working Professional,26256,7.01,Sunrisers Hyderabad,Jos Buttler,4,JioHotstar,Yes,995,Flipkart,35,Laptop,54.43,No
CUST0842,24,Male,Kolkata,West Bengal,Tier 1,Working Professional,34153,9.17,Lucknow Super Giants,Jos Buttler,6,JioHotstar,No,1222,Flipkart,40,Mobile,85.02,No
CUST0843,46,Male,Visakhapatnam,Andhra Pradesh,Tier 2,Working Professional,43660,8.19,Mumbai Indians,Suryakumar Yadav,5,JioHotstar,Yes,1047,Flipkart,36,Mobile,55.84,Yes
CUST0844,14,Male,Bengaluru,Karnataka,Tier 1,Student,6331,6.28,Chennai Super Kings,Rohit Sharma,5,TV,No,1383,Flipkart,18,Mobile,69.85,No
CUST0845,46,Female,Kochi,Kerala,Tier 2,Business,72607,5.17,Mumbai Indians,MS Dhoni,1,JioHotstar,No,361,Local Store,23,Laptop,45.29,No
CUST0846,27,Male,Bhopal,Madhya Pradesh,Tier 2,Working Professional,38924,2.41,Mumbai Indians,Rohit Sharma,0,JioHotstar,No,403,Local Store,2,Smart TV,21.32,No
CUST0847,18,Male,Chennai,Tamil Nadu,Tier 1,Working Professional,76694,7.27,Mumbai Indians,Jasprit Bumrah,5,JioHotstar,Yes,1312,Brand Website,39,Mobile,61.28,No
CUST0848,27,Male,Kolkata,West Bengal,Tier 1,Working Professional,44214,6.17,Rajasthan Royals,Hardik Pandya,4,JioHotstar,Yes,784,Amazon,26,Mobile,73.56,No
CUST0849,39,Male,Delhi,Delhi,Tier 1,Business,64380,5.46,Lucknow Super Giants,AB de Villiers,3,TV,No,1257,Flipkart,13,Laptop,36.78,No
CUST0850,19,Female,Ahmedabad,Gujarat,Tier 1,Student,10416,7.26,Royal Challengers Bengaluru,Pat Cummins,3,JioHotstar,Yes,1403,Flipkart,34,Mobile,52.66,Yes
CUST0851,24,Female,Bhopal,Madhya Pradesh,Tier 2,Working Professional,33725,7.07,Punjab Kings,Rishabh Pant,7,JioHotstar,No,721,Local Store,29,Mobile,,No
CUST0852,37,Female,Coimbatore,Tamil Nadu,Tier 2,Coach,40581,8.44,Rajasthan Royals,Yuzvendra Chahal,5,TV,No,4770,Brand Website,35,Mobile,50.73,Yes
CUST0853,31,Female,Surat,Gujarat,Tier 2,Coach,37737,7.9,Gujarat Titans,Shubman Gill,6,JioHotstar,Yes,3012,Brand Website,39,Mobile,72.82,No
CUST0854,26,Male,Kochi,Kerala,Tier 2,Working Professional,40744,6.76,Rajasthan Royals,Hardik Pandya,4,JioHotstar,No,1559,Flipkart,23,Laptop,39.92,No
CUST0855,47,Male,Ahmedabad,Gujarat,Tier 1,Business,97126,8.95,Chennai Super Kings,Shubman Gill,4,TV,No,831,Flipkart,20,Mobile,69.28,Yes
CUST0856,30,Male,Vadodara,Gujarat,Tier 2,Coach,45626,7.18,Punjab Kings,Ravindra Jadeja,6,TV,Yes,2941,Flipkart,39,Mobile,32.88,Yes
CUST0857,26,Male,Varanasi,Uttar Pradesh,Tier 3,Working Professional,22831,4.64,Kolkata Knight Riders,Rohit Sharma,3,TV,No,644,Amazon,11,Mobile,41.94,Yes
CUST0858,13,Female,Indore,Madhya Pradesh,Tier 2,Business,53749,6.68,Sunrisers Hyderabad,Suryakumar Yadav,5,YouTube Highlights,No,1052,Local Store,18,Smart TV,46.45,No
CUST0859,24,Female,Vadodara,Gujarat,Tier 2,Athlete,24253,7.97,Sunrisers Hyderabad,AB de Villiers,5,TV,Yes,2115,Brand Website,37,Smart TV,56.87,Yes
CUST0860,47,Female,Surat,Gujarat,Tier 2,Working Professional,46585,9.21,Rajasthan Royals,AB de Villiers,6,TV,No,2381,Flipkart,38,Laptop,58.5,No
CUST0861,22,Male,Delhi,Delhi,Tier 1,Working Professional,64347,4.96,Punjab Kings,Shubman Gill,3,JioHotstar,No,1141,Amazon,16,Mobile,59.1,Yes
CUST0862,42,Female,Bhopal,Madhya Pradesh,Tier 2,Working Professional,44236,9.15,Sunrisers Hyderabad,Jasprit Bumrah,6,TV,No,1735,Flipkart,35,Laptop,64.36,No
CUST0863,29,Male,Kolkata,West Bengal,Tier 1,Working Professional,52119,7.08,Royal Challengers Bengaluru,Ravindra Jadeja,2,JioHotstar,No,773,Flipkart,25,Mobile,38.81,No
CUST0864,26,Male,Jaipur,Rajasthan,Tier 2,Athlete,39283,7.64,Lucknow Super Giants,KL Rahul,6,JioHotstar,Yes,1880,Flipkart,40,Mobile,40.21,No
CUST0865,26,Female,Chandigarh,Punjab,Tier 2,Athlete,17218,7.04,Punjab Kings,Suryakumar Yadav,4,YouTube Highlights,Yes,2120,Flipkart,38,Mobile,,No
CUST0866,29,Female,Kolkata,West Bengal,Tier 1,Working Professional,47988,6.29,Royal Challengers Bengaluru,KL Rahul,3,TV,No,1048,Amazon,24,Mobile,,No
CUST0867,30,Female,Raipur,Chhattisgarh,Tier 3,Athlete,32432,6.21,Kolkata Knight Riders,Jasprit Bumrah,2,JioHotstar,No,2121,Amazon,21,Mobile,36.13,Yes
CUST0868,27,Female,Agra,Uttar Pradesh,Tier 3,Working Professional,27570,4.92,Gujarat Titans,Hardik Pandya,5,TV,Yes,478,Amazon,27,Smart TV,33.55,No
CUST0869,27,Female,Kolkata,West Bengal,Tier 1,Working Professional,68018,8.66,Kolkata Knight Riders,Jos Buttler,6,JioHotstar,No,903,Brand Website,33,Mobile,77.4,Yes
CUST0870,29,Male,Jaipur,Rajasthan,Tier 2,Working Professional,40464,6.08,Chennai Super Kings,Hardik Pandya,5,JioHotstar,No,818,Flipkart,30,Mobile,,No
CUST0871,33,Male,Tiruchirappalli,Tamil Nadu,Tier 3,Business,36018,5.59,Kolkata Knight Riders,Ravindra Jadeja,4,TV,No,753,Flipkart,6,Mobile,42.1,No
CUST0872,55,Male,Visakhapatnam,Andhra Pradesh,Tier 2,Working Professional,24063,6.84,Gujarat Titans,Hardik Pandya,5,TV,No,610,Flipkart,31,Laptop,,Yes
CUST0873,53,Female,Coimbatore,Tamil Nadu,Tier 2,Working Professional,36884,6.37,Chennai Super Kings,David Warner,7,TV,No,985,Brand Website,6,Mobile,56.96,No
CUST0874,19,Female,Kolkata,West Bengal,Tier 1,Student,5711,6.28,Gujarat Titans,Rishabh Pant,2,JioHotstar,Yes,1093,Flipkart,27,Mobile,56.13,Yes
CUST0875,23,Female,Nagpur,Maharashtra,Tier 2,Working Professional,48901,6.82,Gujarat Titans,Rishabh Pant,4,TV,No,477,Local Store,19,Mobile,62.41,No
CUST0876,40,Male,Hyderabad,Telangana,Tier 1,Athlete,29311,8.7,Punjab Kings,Rishabh Pant,7,TV,Yes,1160,Local Store,35,Mobile,43.73,No
CUST0877,25,Male,Bhopal,Madhya Pradesh,Tier 2,Student,8155,7.45,Kolkata Knight Riders,Hardik Pandya,6,JioHotstar,No,676,Local Store,37,Mobile,47.5,No
CUST0878,28,Female,Coimbatore,Tamil Nadu,Tier 2,Athlete,15371,7.37,Chennai Super Kings,MS Dhoni,4,JioHotstar,Yes,2613,Flipkart,34,Laptop,46.63,Yes
CUST0879,25,Female,Tiruchirappalli,Tamil Nadu,Tier 3,Working Professional,15000,5.82,Lucknow Super Giants,Ravindra Jadeja,3,JioHotstar,Yes,966,Local Store,25,Mobile,68.92,No
CUST0880,23,Female,Pune,Maharashtra,Tier 1,Athlete,34779,5.79,Royal Challengers Bengaluru,Ravindra Jadeja,2,JioHotstar,Yes,1856,Amazon,31,Mobile,48.21,No
CUST0881,13,Male,Delhi,Delhi,Tier 1,Athlete,25454,7.74,Punjab Kings,AB de Villiers,7,TV,Yes,3047,Local Store,31,Mobile,84.54,Yes
CUST0882,40,Female,Mumbai,Maharashtra,Tier 1,Working Professional,29912,6.97,Rajasthan Royals,,6,TV,No,245,Amazon,30,Laptop,76.79,No
CUST0883,29,Male,Patna,Bihar,Tier 2,Business,41213,5.58,Sunrisers Hyderabad,KL Rahul,6,TV,No,963,Local Store,21,Mobile,49.39,No
CUST0884,27,Female,Ahmedabad,Gujarat,Tier 1,Business,106507,7.68,Kolkata Knight Riders,David Warner,6,TV,Yes,1211,Local Store,32,Mobile,49.37,No
CUST0885,16,Male,Coimbatore,Tamil Nadu,Tier 2,Student,5649,3.41,Rajasthan Royals,Yuzvendra Chahal,3,TV,Yes,668,Amazon,17,Laptop,43.28,Yes
CUST0886,27,Male,Mumbai,Maharashtra,Tier 1,Working Professional,68000,7.9,Mumbai Indians,Rohit Sharma,5,JioHotstar,Yes,3200,Amazon,19,Mobile,82.6,Yes
CUST0887,19,Female,Patna,Bihar,Tier 2,Student,9500,9.1,Chennai Super Kings,MS Dhoni,7,JioHotstar,Yes,1800,Flipkart,30,Mobile,94.2,Yes
CUST0888,38,Male,Jaipur,Rajasthan,Tier 2,Business,92000,5.4,Rajasthan Royals,Sanju Samson,3,TV,No,2000,Local Store,6,Laptop,50.8,No
CUST0889,22,Male,Hyderabad,Telangana,Tier 1,Athlete,34000,9.3,Sunrisers Hyderabad,Pat Cummins,7,JioHotstar,Yes,5300,Brand Website,31,Mobile,95.6,Yes
CUST0890,43,Female,Indore,Madhya Pradesh,Tier 2,Coach,71000,5.9,Royal Challengers Bengaluru,Virat Kohli,3,TV,No,3400,Brand Website,8,Smart TV,52.7,No
CUST0891,26,Male,Delhi,Delhi,Tier 1,Working Professional,70000,7.6,Delhi Capitals,Rishabh Pant,5,JioHotstar,Yes,3000,Amazon,18,Laptop,80.9,Yes
CUST0892,17,Male,Guwahati,Assam,Tier 2,Student,7000,9.5,Royal Challengers Bengaluru,Virat Kohli,7,JioHotstar,Yes,1500,Amazon,35,Mobile,97.3,Yes
CUST0893,31,Female,Pune,Maharashtra,Tier 1,Working Professional,76000,6.8,Chennai Super Kings,Ruturaj Gaikwad,4,JioHotstar,No,2400,Flipkart,11,Laptop,69.1,No
CUST0894,25,Male,Bengaluru,Karnataka,Tier 1,Working Professional,59000,8.1,Royal Challengers Bengaluru,Faf du Plessis,6,JioHotstar,Yes,3100,Amazon,22,Mobile,85.1,Yes
CUST0895,46,Male,Kota,Rajasthan,Tier 2,Business,108000,4.6,Rajasthan Royals,Yashasvi Jaiswal,2,TV,No,1400,Local Store,5,Smart TV,41.3,No
CUST0896,20,Female,Kolkata,West Bengal,Tier 1,Student,11000,8.8,Kolkata Knight Riders,Rinku Singh,6,JioHotstar,Yes,1900,Amazon,28,Mobile,90.6,Yes
CUST0897,35,Male,Noida,Uttar Pradesh,Tier 1,Working Professional,81000,6.9,Lucknow Super Giants,KL Rahul,4,JioHotstar,No,2500,Brand Website,12,Laptop,71.9,No
CUST0898,18,Male,Ranchi,Jharkhand,Tier 2,Student,8500,9.3,Chennai Super Kings,Ravindra Jadeja,7,JioHotstar,Yes,1700,Amazon,32,Mobile,95.4,Yes
CUST0899,41,Female,Visakhapatnam,Andhra Pradesh,Tier 2,Business,91000,5.2,Sunrisers Hyderabad,Heinrich Klaasen,2,TV,No,1700,Local Store,5,Smart TV,44.5,No
CUST0900,23,Male,Mumbai,Maharashtra,Tier 1,Athlete,36000,8.9,Mumbai Indians,Suryakumar Yadav,6,JioHotstar,Yes,5000,Brand Website,27,Mobile,92.0,Yes
CUST0901,36,Female,Jaipur,Rajasthan,Tier 2,Working Professional,66000,6.2,Rajasthan Royals,Jos Buttler,4,TV,No,2200,Flipkart,10,Laptop,61.6,No
CUST0902,21,Male,Kanpur,Uttar Pradesh,Tier 2,Student,12000,8.7,Lucknow Super Giants,Nicholas Pooran,7,JioHotstar,Yes,2100,Amazon,26,Mobile,88.5,Yes
CUST0903,45,Male,Amritsar,Punjab,Tier 2,Coach,70000,5.5,Punjab Kings,Arshdeep Singh,3,TV,No,3400,Brand Website,7,Smart TV,50.4,No
CUST0904,28,Female,Ahmedabad,Gujarat,Tier 1,Working Professional,68000,7.4,Gujarat Titans,Rashid Khan,5,JioHotstar,Yes,2700,Amazon,16,Mobile,78.8,Yes
CUST0905,16,Male,Aligarh,Uttar Pradesh,Tier 3,Student,6500,9.4,Royal Challengers Bengaluru,Virat Kohli,7,JioHotstar,Yes,1300,Amazon,34,Mobile,96.8,Yes
CUST0906,32,Male,Hyderabad,Telangana,Tier 1,Working Professional,77000,7.1,Sunrisers Hyderabad,Travis Head,5,JioHotstar,No,2900,Brand Website,13,Laptop,73.4,Yes
CUST0907,39,Female,Coimbatore,Tamil Nadu,Tier 2,Coach,68000,5.7,Chennai Super Kings,MS Dhoni,3,TV,No,3200,Brand Website,8,Smart TV,52.9,No
CUST0908,22,Male,Bhopal,Madhya Pradesh,Tier 2,Student,13000,8.5,Mumbai Indians,Hardik Pandya,6,JioHotstar,Yes,2200,Amazon,24,Mobile,86.6,Yes
CUST0909,37,Male,Vadodara,Gujarat,Tier 2,Business,88000,5.8,Gujarat Titans,Shubman Gill,3,TV,No,2000,Local Store,6,Laptop,55.6,No
CUST0910,26,Female,Chandigarh,Chandigarh,Tier 1,Working Professional,62000,7.7,Punjab Kings,Liam Livingstone,5,JioHotstar,Yes,2800,Amazon,18,Mobile,80.9,Yes
CUST0911,18,Male,Dhanbad,Jharkhand,Tier 2,Student,8500,9.2,Kolkata Knight Riders,Andre Russell,7,JioHotstar,Yes,1700,Amazon,33,Mobile,95.7,Yes
CUST0912,42,Female,Nagpur,Maharashtra,Tier 2,Business,95000,5.0,Mumbai Indians,Rohit Sharma,2,TV,No,1600,Local Store,5,Smart TV,43.4,No
CUST0913,29,Male,Pune,Maharashtra,Tier 1,Working Professional,73000,7.3,Chennai Super Kings,Ruturaj Gaikwad,5,JioHotstar,Yes,3000,Brand Website,17,Laptop,77.9,Yes
CUST0914,20,Female,Meerut,Uttar Pradesh,Tier 2,Student,9500,8.9,Delhi Capitals,David Warner,7,JioHotstar,Yes,1900,Amazon,29,Mobile,91.9,Yes
CUST0915,44,Male,Madurai,Tamil Nadu,Tier 2,Coach,71000,5.3,Sunrisers Hyderabad,Pat Cummins,3,TV,No,3300,Brand Website,7,Smart TV,51.6,No
CUST0916,27,Male,Bengaluru,Karnataka,Tier 1,Working Professional,67000,7.9,Royal Challengers Bengaluru,Virat Kohli,6,JioHotstar,Yes,3200,Amazon,20,Mobile,84.3,Yes
CUST0917,38,Female,Kochi,Kerala,Tier 2,Working Professional,66000,6.1,Mumbai Indians,Jasprit Bumrah,4,JioHotstar,No,2300,Flipkart,10,Laptop,62.3,No
CUST0918,19,Male,Patiala,Punjab,Tier 2,Student,10000,9.0,Punjab Kings,Shikhar Dhawan,7,JioHotstar,Yes,1800,Amazon,30,Mobile,93.8,Yes
CUST0919,40,Male,Raipur,Chhattisgarh,Tier 2,Business,93000,5.2,Delhi Capitals,Axar Patel,2,TV,No,1700,Local Store,5,Smart TV,45.3,No
CUST0920,24,Female,Mumbai,Maharashtra,Tier 1,Working Professional,57000,7.7,Mumbai Indians,Suryakumar Yadav,5,JioHotstar,Yes,2600,Amazon,18,Mobile,79.6,Yes
CUST0921,33,Male,Lucknow,Uttar Pradesh,Tier 1,Working Professional,76000,6.6,Lucknow Super Giants,KL Rahul,4,JioHotstar,No,2500,Brand Website,12,Laptop,69.5,No
CUST0922,17,Male,Siliguri,West Bengal,Tier 2,Student,7500,9.5,Kolkata Knight Riders,Sunil Narine,7,JioHotstar,Yes,1500,Amazon,35,Mobile,97.2,Yes
CUST0923,39,Female,Warangal,Telangana,Tier 2,Coach,68000,5.8,Sunrisers Hyderabad,Abhishek Sharma,3,TV,No,3100,Brand Website,8,Smart TV,53.7,No
CUST0924,23,Male,Faridabad,Haryana,Tier 1,Athlete,33000,8.8,Punjab Kings,Arshdeep Singh,6,JioHotstar,Yes,4900,Brand Website,27,Mobile,90.7,Yes
CUST0925,47,Male,Jodhpur,Rajasthan,Tier 2,Business,108000,4.4,Rajasthan Royals,Sanju Samson,2,TV,No,1400,Local Store,4,Smart TV,39.8,No
CUST0926,25,Female,Thane,Maharashtra,Tier 1,Working Professional,62000,7.5,Mumbai Indians,Rohit Sharma,5,JioHotstar,Yes,2800,Amazon,17,Mobile,79.1,Yes
CUST0927,36,Male,Vijayawada,Andhra Pradesh,Tier 2,Working Professional,64000,6.3,Sunrisers Hyderabad,Heinrich Klaasen,4,JioHotstar,No,2200,Flipkart,11,Laptop,63.5,No
CUST0928,18,Male,Gaya,Bihar,Tier 2,Student,8000,9.2,Chennai Super Kings,MS Dhoni,7,JioHotstar,Yes,1700,Amazon,32,Mobile,95.1,Yes
CUST0929,43,Female,Salem,Tamil Nadu,Tier 2,Business,95000,5.0,Chennai Super Kings,Ravindra Jadeja,2,TV,No,1600,Local Store,5,Smart TV,42.9,No
CUST0930,28,Male,Delhi,Delhi,Tier 1,Working Professional,72000,7.2,Delhi Capitals,Rishabh Pant,5,JioHotstar,Yes,3000,Brand Website,16,Laptop,76.7,Yes
CUST0931,21,Female,Udaipur,Rajasthan,Tier 2,Student,11500,8.6,Rajasthan Royals,Yashasvi Jaiswal,6,JioHotstar,Yes,2100,Amazon,25,Mobile,87.4,Yes
CUST0932,34,Male,Noida,Uttar Pradesh,Tier 1,Working Professional,79000,6.8,Lucknow Super Giants,Nicholas Pooran,4,JioHotstar,No,2600,Brand Website,12,Laptop,70.3,No
CUST0933,19,Male,Jamshedpur,Jharkhand,Tier 2,Student,9000,9.1,Kolkata Knight Riders,Rinku Singh,7,JioHotstar,Yes,1800,Amazon,31,Mobile,94.5,Yes
CUST0934,41,Female,Tirupati,Andhra Pradesh,Tier 2,Coach,70000,5.5,Sunrisers Hyderabad,Travis Head,3,TV,No,3200,Brand Website,7,Smart TV,51.7,No
CUST0935,26,Male,Ahmedabad,Gujarat,Tier 1,Athlete,36000,8.9,Gujarat Titans,Rashid Khan,6,JioHotstar,Yes,5100,Brand Website,28,Mobile,91.8,Yes
CUST0936,30,Female,Kolkata,West Bengal,Tier 1,Working Professional,69000,7.1,Kolkata Knight Riders,Andre Russell,5,JioHotstar,Yes,2700,Amazon,16,Laptop,77.2,Yes
CUST0937,45,Male,Nagpur,Maharashtra,Tier 2,Business,102000,4.8,Mumbai Indians,Suryakumar Yadav,2,TV,No,1500,Local Store,4,Smart TV,41.8,No
CUST0938,22,Male,Patna,Bihar,Tier 2,Student,12000,8.8,Chennai Super Kings,Ruturaj Gaikwad,7,JioHotstar,Yes,2200,Amazon,27,Mobile,90.6,Yes
CUST0939,37,Female,Kochi,Kerala,Tier 2,Working Professional,67000,6.2,Mumbai Indians,Jasprit Bumrah,4,TV,No,2300,Flipkart,10,Laptop,62.5,No
CUST0940,24,Male,Hyderabad,Telangana,Tier 1,Working Professional,56000,8.0,Sunrisers Hyderabad,Pat Cummins,6,JioHotstar,Yes,3200,Amazon,22,Mobile,85.7,Yes
CUST0941,18,Male,Guwahati,Assam,Tier 2,Student,7500,9.4,Royal Challengers Bengaluru,Virat Kohli,7,JioHotstar,Yes,1600,Amazon,34,Mobile,96.6,Yes
CUST0942,39,Female,Indore,Madhya Pradesh,Tier 2,Coach,68000,5.9,Rajasthan Royals,Sanju Samson,3,TV,No,3100,Brand Website,8,Smart TV,53.1,No
CUST0943,27,Male,Mumbai,Maharashtra,Tier 1,Working Professional,71000,7.7,Mumbai Indians,Rohit Sharma,5,JioHotstar,Yes,3000,Amazon,18,Laptop,80.1,Yes
CUST0944,20,Female,Ranchi,Jharkhand,Tier 2,Student,9500,9.0,Kolkata Knight Riders,Sunil Narine,7,JioHotstar,Yes,1900,Amazon,29,Mobile,92.4,Yes
CUST0945,44,Male,Jaipur,Rajasthan,Tier 2,Business,98000,5.1,Rajasthan Royals,Jos Buttler,2,TV,No,1700,Local Store,5,Smart TV,44.2,No
CUST0946,26,Female,Pune,Maharashtra,Tier 1,Working Professional,64000,7.6,Chennai Super Kings,MS Dhoni,5,JioHotstar,Yes,2800,Amazon,18,Mobile,79.9,Yes
CUST0947,32,Male,Bengaluru,Karnataka,Tier 1,Working Professional,78000,6.9,Royal Challengers Bengaluru,Faf du Plessis,4,JioHotstar,No,2600,Brand Website,12,Laptop,71.4,No
CUST0948,17,Male,Kanpur,Uttar Pradesh,Tier 2,Student,7000,9.5,Lucknow Super Giants,KL Rahul,7,JioHotstar,Yes,1500,Amazon,35,Mobile,97.0,Yes
CUST0949,40,Female,Visakhapatnam,Andhra Pradesh,Tier 2,Business,92000,5.3,Sunrisers Hyderabad,Abhishek Sharma,2,TV,No,1800,Local Store,5,Smart TV,45.6,No
CUST0950,23,Male,Delhi,Delhi,Tier 1,Athlete,34000,8.9,Delhi Capitals,Axar Patel,6,JioHotstar,Yes,5000,Brand Website,28,Mobile,91.2,Yes
CUST0951,35,Female,Ahmedabad,Gujarat,Tier 1,Working Professional,72000,6.5,Gujarat Titans,Shubman Gill,4,JioHotstar,No,2400,Flipkart,11,Laptop,68.7,No
CUST0952,19,Male,Dhanbad,Jharkhand,Tier 2,Student,9000,9.2,Kolkata Knight Riders,Rinku Singh,7,JioHotstar,Yes,1800,Amazon,31,Mobile,95.0,Yes
CUST0953,42,Male,Coimbatore,Tamil Nadu,Tier 2,Coach,70000,5.6,Chennai Super Kings,Ravindra Jadeja,3,TV,No,3300,Brand Website,7,Smart TV,51.5,No
CUST0954,28,Female,Chandigarh,Chandigarh,Tier 1,Working Professional,63000,7.4,Punjab Kings,Shikhar Dhawan,5,JioHotstar,Yes,2900,Amazon,17,Mobile,78.8,Yes
CUST0955,16,Male,Aligarh,Uttar Pradesh,Tier 3,Student,6500,9.4,Royal Challengers Bengaluru,Virat Kohli,7,JioHotstar,Yes,1300,Amazon,34,Mobile,96.8,Yes
CUST0956,31,Male,Hyderabad,Telangana,Tier 1,Working Professional,76000,7.0,Sunrisers Hyderabad,Travis Head,5,JioHotstar,No,2900,Brand Website,13,Laptop,73.3,Yes
CUST0957,38,Female,Bhopal,Madhya Pradesh,Tier 2,Working Professional,66000,6.1,Mumbai Indians,Hardik Pandya,4,TV,No,2200,Flipkart,10,Laptop,62.1,No
CUST0958,22,Male,Meerut,Uttar Pradesh,Tier 2,Student,12500,8.7,Lucknow Super Giants,Nicholas Pooran,6,JioHotstar,Yes,2300,Amazon,25,Mobile,87.9,Yes
CUST0959,47,Male,Jodhpur,Rajasthan,Tier 2,Business,109000,4.5,Rajasthan Royals,Sanju Samson,2,TV,No,1400,Local Store,4,Smart TV,40.1,No
CUST0960,24,Female,Mumbai,Maharashtra,Tier 1,Working Professional,59000,7.8,Mumbai Indians,Suryakumar Yadav,5,JioHotstar,Yes,2700,Amazon,18,Mobile,80.5,Yes
CUST0961,33,Male,Lucknow,Uttar Pradesh,Tier 1,Working Professional,77000,6.7,Lucknow Super Giants,KL Rahul,4,JioHotstar,No,2500,Brand Website,12,Laptop,69.9,No
CUST0962,18,Male,Siliguri,West Bengal,Tier 2,Student,8000,9.3,Kolkata Knight Riders,Andre Russell,7,JioHotstar,Yes,1700,Amazon,32,Mobile,95.6,Yes
CUST0963,41,Female,Warangal,Telangana,Tier 2,Coach,69000,5.7,Sunrisers Hyderabad,Heinrich Klaasen,3,TV,No,3200,Brand Website,7,Smart TV,52.4,No
CUST0964,25,Male,Faridabad,Haryana,Tier 1,Athlete,35000,8.8,Punjab Kings,Arshdeep Singh,6,JioHotstar,Yes,5000,Brand Website,27,Mobile,91.0,Yes
CUST0965,44,Male,Udaipur,Rajasthan,Tier 2,Business,101000,4.9,Rajasthan Royals,Yashasvi Jaiswal,2,TV,No,1600,Local Store,5,Smart TV,43.3,No
CUST0966,27,Female,Thane,Maharashtra,Tier 1,Working Professional,65000,7.5,Mumbai Indians,Rohit Sharma,5,JioHotstar,Yes,2800,Amazon,18,Mobile,79.4,Yes
CUST0967,36,Male,Vijayawada,Andhra Pradesh,Tier 2,Working Professional,65000,6.4,Sunrisers Hyderabad,Pat Cummins,4,JioHotstar,No,2200,Flipkart,11,Laptop,63.8,No
CUST0968,19,Male,Gaya,Bihar,Tier 2,Student,8500,9.1,Chennai Super Kings,MS Dhoni,7,JioHotstar,Yes,1800,Amazon,31,Mobile,94.8,Yes
CUST0969,43,Female,Salem,Tamil Nadu,Tier 2,Business,96000,5.1,Chennai Super Kings,Ravindra Jadeja,2,TV,No,1700,Local Store,5,Smart TV,43.0,No
CUST0970,29,Male,Delhi,Delhi,Tier 1,Working Professional,73000,7.2,Delhi Capitals,Rishabh Pant,5,JioHotstar,Yes,3100,Brand Website,16,Laptop,77.0,Yes
CUST0971,21,Female,Tirupati,Andhra Pradesh,Tier 2,Student,12000,8.6,Sunrisers Hyderabad,Travis Head,6,JioHotstar,Yes,2200,Amazon,25,Mobile,87.7,Yes
CUST0972,34,Male,Noida,Uttar Pradesh,Tier 1,Working Professional,80000,6.8,Lucknow Super Giants,Nicholas Pooran,4,JioHotstar,No,2600,Brand Website,12,Laptop,70.5,No
CUST0973,20,Male,Jamshedpur,Jharkhand,Tier 2,Student,9500,9.2,Kolkata Knight Riders,Rinku Singh,7,JioHotstar,Yes,1900,Amazon,32,Mobile,95.3,Yes
CUST0974,42,Female,Nagpur,Maharashtra,Tier 2,Coach,71000,5.5,Mumbai Indians,Jasprit Bumrah,3,TV,No,3300,Brand Website,7,Smart TV,51.8,No
CUST0975,26,Male,Ahmedabad,Gujarat,Tier 1,Athlete,37000,8.9,Gujarat Titans,Rashid Khan,6,JioHotstar,Yes,5200,Brand Website,28,Mobile,91.9,Yes
CUST0976,25,Female,Thane,Maharashtra,Tier 1,Working Professional,62000,7.5,Mumbai Indians,Rohit Sharma,5,JioHotstar,Yes,2800,Amazon,17,Mobile,79.1,Yes
CUST0977,36,Male,Vijayawada,Andhra Pradesh,Tier 2,Working Professional,64000,6.3,Sunrisers Hyderabad,Heinrich Klaasen,4,JioHotstar,No,2200,Flipkart,11,Laptop,63.5,No
CUST0978,18,Male,Gaya,Bihar,Tier 2,Student,8000,9.2,Chennai Super Kings,MS Dhoni,7,JioHotstar,Yes,1700,Amazon,32,Mobile,95.1,Yes
CUST0979,43,Female,Salem,Tamil Nadu,Tier 2,Business,95000,5.0,Chennai Super Kings,Ravindra Jadeja,2,TV,No,1600,Local Store,5,Smart TV,42.9,No
CUST0980,28,Male,Delhi,Delhi,Tier 1,Working Professional,72000,7.2,Delhi Capitals,Rishabh Pant,5,JioHotstar,Yes,3000,Brand Website,16,Laptop,76.7,Yes
CUST0981,21,Female,Udaipur,Rajasthan,Tier 2,Student,11500,8.6,Rajasthan Royals,Yashasvi Jaiswal,6,JioHotstar,Yes,2100,Amazon,25,Mobile,87.4,Yes
CUST0982,34,Male,Noida,Uttar Pradesh,Tier 1,Working Professional,79000,6.8,Lucknow Super Giants,Nicholas Pooran,4,JioHotstar,No,2600,Brand Website,12,Laptop,70.3,No
CUST0983,19,Male,Jamshedpur,Jharkhand,Tier 2,Student,9000,9.1,Kolkata Knight Riders,Rinku Singh,7,JioHotstar,Yes,1800,Amazon,31,Mobile,94.5,Yes
CUST0984,41,Female,Tirupati,Andhra Pradesh,Tier 2,Coach,70000,5.5,Sunrisers Hyderabad,Travis Head,3,TV,No,3200,Brand Website,7,Smart TV,51.7,No
CUST0985,26,Male,Ahmedabad,Gujarat,Tier 1,Athlete,36000,8.9,Gujarat Titans,Rashid Khan,6,JioHotstar,Yes,5100,Brand Website,28,Mobile,91.8,Yes
CUST0986,30,Female,Kolkata,West Bengal,Tier 1,Working Professional,69000,7.1,Kolkata Knight Riders,Andre Russell,5,JioHotstar,Yes,2700,Amazon,16,Laptop,77.2,Yes
CUST0987,45,Male,Nagpur,Maharashtra,Tier 2,Business,102000,4.8,Mumbai Indians,Suryakumar Yadav,2,TV,No,1500,Local Store,4,Smart TV,41.8,No
CUST0988,22,Male,Patna,Bihar,Tier 2,Student,12000,8.8,Chennai Super Kings,Ruturaj Gaikwad,7,JioHotstar,Yes,2200,Amazon,27,Mobile,90.6,Yes
CUST0989,37,Female,Kochi,Kerala,Tier 2,Working Professional,67000,6.2,Mumbai Indians,Jasprit Bumrah,4,TV,No,2300,Flipkart,10,Laptop,62.5,No
CUST0990,24,Male,Hyderabad,Telangana,Tier 1,Working Professional,56000,8.0,Sunrisers Hyderabad,Pat Cummins,6,JioHotstar,Yes,3200,Amazon,22,Mobile,85.7,Yes
CUST0991,18,Male,Guwahati,Assam,Tier 2,Student,7500,9.4,Royal Challengers Bengaluru,Virat Kohli,7,JioHotstar,Yes,1600,Amazon,34,Mobile,96.6,Yes
CUST0992,39,Female,Indore,Madhya Pradesh,Tier 2,Coach,68000,5.9,Rajasthan Royals,Sanju Samson,3,TV,No,3100,Brand Website,8,Smart TV,53.1,No
CUST0993,27,Male,Mumbai,Maharashtra,Tier 1,Working Professional,71000,7.7,Mumbai Indians,Rohit Sharma,5,JioHotstar,Yes,3000,Amazon,18,Laptop,80.1,Yes
CUST0994,20,Female,Ranchi,Jharkhand,Tier 2,Student,9500,9.0,Kolkata Knight Riders,Sunil Narine,7,JioHotstar,Yes,1900,Amazon,29,Mobile,92.4,Yes
CUST0995,44,Male,Jaipur,Rajasthan,Tier 2,Business,98000,5.1,Rajasthan Royals,Jos Buttler,2,TV,No,1700,Local Store,5,Smart TV,44.2,No
CUST0996,26,Female,Pune,Maharashtra,Tier 1,Working Professional,64000,7.6,Chennai Super Kings,MS Dhoni,5,JioHotstar,Yes,2800,Amazon,18,Mobile,79.9,Yes
CUST0997,32,Male,Bengaluru,Karnataka,Tier 1,Working Professional,78000,6.9,Royal Challengers Bengaluru,Faf du Plessis,4,JioHotstar,No,2600,Brand Website,12,Laptop,71.4,No
CUST0998,17,Male,Kanpur,Uttar Pradesh,Tier 2,Student,7000,9.5,Lucknow Super Giants,KL Rahul,7,JioHotstar,Yes,1500,Amazon,35,Mobile,97.0,Yes
CUST0999,40,Female,Visakhapatnam,Andhra Pradesh,Tier 2,Business,92000,5.3,Sunrisers Hyderabad,Abhishek Sharma,2,TV,No,1800,Local Store,5,Smart TV,45.6,No
CUST1000,23,Male,Delhi,Delhi,Tier 1,Athlete,34000,8.9,Delhi Capitals,Axar Patel,6,JioHotstar,Yes,5000,Brand Website,28,Mobile,91.2,Yes
CUST1001,28,Male,Mumbai,Maharashtra,Tier 1,Working Professional,72000,8.1,Mumbai Indians,Rohit Sharma,6,JioHotstar,Yes,3200,Amazon,24,Mobile,84.7,Yes
CUST1002,19,Female,Patna,Bihar,Tier 2,Student,9500,9.2,Chennai Super Kings,MS Dhoni,7,JioHotstar,Yes,1800,Flipkart,31,Mobile,94.3,Yes
CUST1003,36,Male,Jaipur,Rajasthan,Tier 2,Business,91000,5.6,Rajasthan Royals,Sanju Samson,3,TV,No,1700,Local Store,7,Laptop,49.8,No
CUST1004,23,Male,Hyderabad,Telangana,Tier 1,Athlete,36000,9.1,Sunrisers Hyderabad,Pat Cummins,7,JioHotstar,Yes,5400,Brand Website,29,Mobile,95.6,Yes
CUST1005,42,Female,Indore,Madhya Pradesh,Tier 2,Coach,69000,5.8,Royal Challengers Bengaluru,Virat Kohli,3,TV,No,3100,Brand Website,8,Smart TV,52.9,No
CUST1006,27,Male,Delhi,Delhi,Tier 1,Working Professional,68000,7.7,Delhi Capitals,Rishabh Pant,5,JioHotstar,Yes,2900,Amazon,19,Laptop,80.8,Yes
CUST1007,17,Male,Guwahati,Assam,Tier 2,Student,7000,9.5,Royal Challengers Bengaluru,Virat Kohli,7,JioHotstar,Yes,1500,Amazon,35,Mobile,97.1,Yes
CUST1008,32,Female,Pune,Maharashtra,Tier 1,Working Professional,76000,6.8,Chennai Super Kings,Ruturaj Gaikwad,4,JioHotstar,No,2400,Flipkart,11,Laptop,68.8,No
CUST1009,25,Male,Bengaluru,Karnataka,Tier 1,Working Professional,61000,8.0,Royal Challengers Bengaluru,Faf du Plessis,6,JioHotstar,Yes,3100,Amazon,22,Mobile,85.2,Yes
CUST1010,46,Male,Kota,Rajasthan,Tier 2,Business,107000,4.7,Rajasthan Royals,Yashasvi Jaiswal,2,TV,No,1400,Local Store,5,Smart TV,41.4,No
CUST1011,20,Female,Kolkata,West Bengal,Tier 1,Student,11000,8.9,Kolkata Knight Riders,Rinku Singh,6,JioHotstar,Yes,1900,Amazon,29,Mobile,91.2,Yes
CUST1012,35,Male,Noida,Uttar Pradesh,Tier 1,Working Professional,82000,6.9,Lucknow Super Giants,KL Rahul,4,JioHotstar,No,2500,Brand Website,12,Laptop,71.5,No
CUST1013,18,Male,Ranchi,Jharkhand,Tier 2,Student,8500,9.3,Chennai Super Kings,Ravindra Jadeja,7,JioHotstar,Yes,1700,Amazon,32,Mobile,95.3,Yes
CUST1014,41,Female,Visakhapatnam,Andhra Pradesh,Tier 2,Business,92000,5.2,Sunrisers Hyderabad,Heinrich Klaasen,2,TV,No,1700,Local Store,5,Smart TV,44.7,No
CUST1015,24,Male,Mumbai,Maharashtra,Tier 1,Athlete,38000,8.9,Mumbai Indians,Suryakumar Yadav,6,JioHotstar,Yes,5100,Brand Website,28,Mobile,92.0,Yes
CUST1016,37,Female,Jaipur,Rajasthan,Tier 2,Working Professional,66000,6.2,Rajasthan Royals,Jos Buttler,4,TV,No,2200,Flipkart,10,Laptop,61.8,No
CUST1017,21,Male,Kanpur,Uttar Pradesh,Tier 2,Student,12000,8.7,Lucknow Super Giants,Nicholas Pooran,7,JioHotstar,Yes,2100,Amazon,26,Mobile,88.7,Yes
CUST1018,45,Male,Amritsar,Punjab,Tier 2,Coach,70000,5.5,Punjab Kings,Arshdeep Singh,3,TV,No,3400,Brand Website,7,Smart TV,50.6,No
CUST1019,28,Female,Ahmedabad,Gujarat,Tier 1,Working Professional,69000,7.4,Gujarat Titans,Rashid Khan,5,JioHotstar,Yes,2700,Amazon,16,Mobile,79.1,Yes
CUST1020,16,Male,Aligarh,Uttar Pradesh,Tier 3,Student,6500,9.4,Royal Challengers Bengaluru,Virat Kohli,7,JioHotstar,Yes,1300,Amazon,34,Mobile,96.9,Yes
CUST1021,32,Male,Hyderabad,Telangana,Tier 1,Working Professional,78000,7.1,Sunrisers Hyderabad,Travis Head,5,JioHotstar,No,2900,Brand Website,13,Laptop,73.5,Yes
CUST1022,39,Female,Coimbatore,Tamil Nadu,Tier 2,Coach,68000,5.7,Chennai Super Kings,MS Dhoni,3,TV,No,3200,Brand Website,8,Smart TV,52.8,No
CUST1023,22,Male,Bhopal,Madhya Pradesh,Tier 2,Student,13000,8.5,Mumbai Indians,Hardik Pandya,6,JioHotstar,Yes,2200,Amazon,24,Mobile,86.4,Yes
CUST1024,37,Male,Vadodara,Gujarat,Tier 2,Business,89000,5.8,Gujarat Titans,Shubman Gill,3,TV,No,2000,Local Store,6,Laptop,55.7,No
CUST1025,26,Female,Chandigarh,Chandigarh,Tier 1,Working Professional,62000,7.7,Punjab Kings,Liam Livingstone,5,JioHotstar,Yes,2800,Amazon,18,Mobile,80.9,Yes
CUST1026,18,Male,Dhanbad,Jharkhand,Tier 2,Student,8500,9.2,Kolkata Knight Riders,Andre Russell,7,JioHotstar,Yes,1700,Amazon,33,Mobile,95.8,Yes
CUST1027,42,Female,Nagpur,Maharashtra,Tier 2,Business,95000,5.0,Mumbai Indians,Rohit Sharma,2,TV,No,1600,Local Store,5,Smart TV,43.5,No
CUST1028,29,Male,Pune,Maharashtra,Tier 1,Working Professional,74000,7.3,Chennai Super Kings,Ruturaj Gaikwad,5,JioHotstar,Yes,3000,Brand Website,17,Laptop,78.0,Yes
CUST1029,20,Female,Meerut,Uttar Pradesh,Tier 2,Student,9500,8.9,Delhi Capitals,David Warner,7,JioHotstar,Yes,1900,Amazon,29,Mobile,92.0,Yes
CUST1030,44,Male,Madurai,Tamil Nadu,Tier 2,Coach,71000,5.3,Sunrisers Hyderabad,Pat Cummins,3,TV,No,3300,Brand Website,7,Smart TV,51.6,No
CUST1031,27,Male,Bengaluru,Karnataka,Tier 1,Working Professional,67000,7.9,Royal Challengers Bengaluru,Virat Kohli,6,JioHotstar,Yes,3200,Amazon,20,Mobile,84.5,Yes
CUST1032,38,Female,Kochi,Kerala,Tier 2,Working Professional,66000,6.1,Mumbai Indians,Jasprit Bumrah,4,JioHotstar,No,2300,Flipkart,10,Laptop,62.4,No
CUST1033,19,Male,Patiala,Punjab,Tier 2,Student,10000,9.0,Punjab Kings,Shikhar Dhawan,7,JioHotstar,Yes,1800,Amazon,30,Mobile,93.9,Yes
CUST1034,40,Male,Raipur,Chhattisgarh,Tier 2,Business,93000,5.2,Delhi Capitals,Axar Patel,2,TV,No,1700,Local Store,5,Smart TV,45.4,No
CUST1035,24,Female,Mumbai,Maharashtra,Tier 1,Working Professional,57000,7.7,Mumbai Indians,Suryakumar Yadav,5,JioHotstar,Yes,2600,Amazon,18,Mobile,79.7,Yes
CUST1036,33,Male,Lucknow,Uttar Pradesh,Tier 1,Working Professional,76000,6.6,Lucknow Super Giants,KL Rahul,4,JioHotstar,No,2500,Brand Website,12,Laptop,69.6,No
CUST1037,17,Male,Siliguri,West Bengal,Tier 2,Student,7500,9.5,Kolkata Knight Riders,Sunil Narine,7,JioHotstar,Yes,1500,Amazon,35,Mobile,97.3,Yes
CUST1038,39,Female,Warangal,Telangana,Tier 2,Coach,68000,5.8,Sunrisers Hyderabad,Abhishek Sharma,3,TV,No,3100,Brand Website,8,Smart TV,53.8,No
CUST1039,23,Male,Faridabad,Haryana,Tier 1,Athlete,33000,8.8,Punjab Kings,Arshdeep Singh,6,JioHotstar,Yes,4900,Brand Website,27,Mobile,90.8,Yes
CUST1040,47,Male,Jodhpur,Rajasthan,Tier 2,Business,108000,4.4,Rajasthan Royals,Sanju Samson,2,TV,No,1400,Local Store,4,Smart TV,39.9,No
CUST1041,26,Male,Mumbai,Maharashtra,Tier 1,Working Professional,71000,7.8,Mumbai Indians,Rohit Sharma,6,JioHotstar,Yes,3200,Amazon,21,Mobile,84.8,Yes
CUST1042,19,Female,Patna,Bihar,Tier 2,Student,9500,9.1,Chennai Super Kings,MS Dhoni,7,JioHotstar,Yes,1800,Flipkart,30,Mobile,94.5,Yes
CUST1043,37,Male,Jaipur,Rajasthan,Tier 2,Business,93000,5.5,Rajasthan Royals,Sanju Samson,3,TV,No,1800,Local Store,7,Laptop,50.2,No
CUST1044,22,Male,Hyderabad,Telangana,Tier 1,Athlete,35000,9.2,Sunrisers Hyderabad,Pat Cummins,7,JioHotstar,Yes,5300,Brand Website,29,Mobile,95.7,Yes
CUST1045,43,Female,Indore,Madhya Pradesh,Tier 2,Coach,70000,5.9,Royal Challengers Bengaluru,Virat Kohli,3,TV,No,3200,Brand Website,8,Smart TV,52.8,No
CUST1046,27,Male,Delhi,Delhi,Tier 1,Working Professional,69000,7.6,Delhi Capitals,Rishabh Pant,5,JioHotstar,Yes,3000,Amazon,19,Laptop,80.6,Yes
CUST1047,17,Male,Guwahati,Assam,Tier 2,Student,7000,9.5,Royal Challengers Bengaluru,Virat Kohli,7,JioHotstar,Yes,1500,Amazon,35,Mobile,97.4,Yes
CUST1048,31,Female,Pune,Maharashtra,Tier 1,Working Professional,76000,6.8,Chennai Super Kings,Ruturaj Gaikwad,4,JioHotstar,No,2400,Flipkart,11,Laptop,69.0,No
CUST1049,25,Male,Bengaluru,Karnataka,Tier 1,Working Professional,60000,8.0,Royal Challengers Bengaluru,Faf du Plessis,6,JioHotstar,Yes,3100,Amazon,22,Mobile,85.0,Yes
CUST1050,46,Male,Kota,Rajasthan,Tier 2,Business,108000,4.6,Rajasthan Royals,Yashasvi Jaiswal,2,TV,No,1400,Local Store,5,Smart TV,41.2,No
CUST1051,20,Female,Kolkata,West Bengal,Tier 1,Student,11000,8.9,Kolkata Knight Riders,Rinku Singh,6,JioHotstar,Yes,1900,Amazon,28,Mobile,91.4,Yes
CUST1052,35,Male,Noida,Uttar Pradesh,Tier 1,Working Professional,82000,6.9,Lucknow Super Giants,KL Rahul,4,JioHotstar,No,2500,Brand Website,12,Laptop,71.6,No
CUST1053,18,Male,Ranchi,Jharkhand,Tier 2,Student,8500,9.3,Chennai Super Kings,Ravindra Jadeja,7,JioHotstar,Yes,1700,Amazon,32,Mobile,95.5,Yes
CUST1054,41,Female,Visakhapatnam,Andhra Pradesh,Tier 2,Business,92000,5.2,Sunrisers Hyderabad,Heinrich Klaasen,2,TV,No,1700,Local Store,5,Smart TV,44.6,No
CUST1055,24,Male,Mumbai,Maharashtra,Tier 1,Athlete,38000,8.9,Mumbai Indians,Suryakumar Yadav,6,JioHotstar,Yes,5100,Brand Website,28,Mobile,92.2,Yes
CUST1056,37,Female,Jaipur,Rajasthan,Tier 2,Working Professional,66000,6.2,Rajasthan Royals,Jos Buttler,4,TV,No,2200,Flipkart,10,Laptop,61.7,No
CUST1057,21,Male,Kanpur,Uttar Pradesh,Tier 2,Student,12000,8.7,Lucknow Super Giants,Nicholas Pooran,7,JioHotstar,Yes,2100,Amazon,26,Mobile,88.9,Yes
CUST1058,45,Male,Amritsar,Punjab,Tier 2,Coach,70000,5.5,Punjab Kings,Arshdeep Singh,3,TV,No,3400,Brand Website,7,Smart TV,50.7,No
CUST1059,28,Female,Ahmedabad,Gujarat,Tier 1,Working Professional,69000,7.4,Gujarat Titans,Rashid Khan,5,JioHotstar,Yes,2700,Amazon,16,Mobile,79.2,Yes
CUST1060,16,Male,Aligarh,Uttar Pradesh,Tier 3,Student,6500,9.4,Royal Challengers Bengaluru,Virat Kohli,7,JioHotstar,Yes,1300,Amazon,34,Mobile,97.0,Yes
CUST1061,32,Male,Hyderabad,Telangana,Tier 1,Working Professional,78000,7.1,Sunrisers Hyderabad,Travis Head,5,JioHotstar,No,2900,Brand Website,13,Laptop,73.6,Yes
CUST1062,39,Female,Coimbatore,Tamil Nadu,Tier 2,Coach,68000,5.7,Chennai Super Kings,MS Dhoni,3,TV,No,3200,Brand Website,8,Smart TV,52.7,No
CUST1063,22,Male,Bhopal,Madhya Pradesh,Tier 2,Student,13000,8.5,Mumbai Indians,Hardik Pandya,6,JioHotstar,Yes,2200,Amazon,24,Mobile,86.5,Yes
CUST1064,37,Male,Vadodara,Gujarat,Tier 2,Business,89000,5.8,Gujarat Titans,Shubman Gill,3,TV,No,2000,Local Store,6,Laptop,55.8,No
CUST1065,26,Female,Chandigarh,Chandigarh,Tier 1,Working Professional,62000,7.7,Punjab Kings,Liam Livingstone,5,JioHotstar,Yes,2800,Amazon,18,Mobile,81.0,Yes
CUST1066,18,Male,Dhanbad,Jharkhand,Tier 2,Student,8500,9.2,Kolkata Knight Riders,Andre Russell,7,JioHotstar,Yes,1700,Amazon,33,Mobile,95.9,Yes
CUST1067,42,Female,Nagpur,Maharashtra,Tier 2,Business,95000,5.0,Mumbai Indians,Rohit Sharma,2,TV,No,1600,Local Store,5,Smart TV,43.6,No
CUST1068,29,Male,Pune,Maharashtra,Tier 1,Working Professional,74000,7.3,Chennai Super Kings,Ruturaj Gaikwad,5,JioHotstar,Yes,3000,Brand Website,17,Laptop,78.1,Yes
CUST1069,20,Female,Meerut,Uttar Pradesh,Tier 2,Student,9500,8.9,Delhi Capitals,David Warner,7,JioHotstar,Yes,1900,Amazon,29,Mobile,92.1,Yes
CUST1070,44,Male,Madurai,Tamil Nadu,Tier 2,Coach,71000,5.3,Sunrisers Hyderabad,Pat Cummins,3,TV,No,3300,Brand Website,7,Smart TV,51.7,No
CUST1071,27,Male,Bengaluru,Karnataka,Tier 1,Working Professional,67000,7.9,Royal Challengers Bengaluru,Virat Kohli,6,JioHotstar,Yes,3200,Amazon,20,Mobile,84.6,Yes
CUST1072,38,Female,Kochi,Kerala,Tier 2,Working Professional,66000,6.1,Mumbai Indians,Jasprit Bumrah,4,JioHotstar,No,2300,Flipkart,10,Laptop,62.5,No
CUST1073,19,Male,Patiala,Punjab,Tier 2,Student,10000,9.0,Punjab Kings,Shikhar Dhawan,7,JioHotstar,Yes,1800,Amazon,30,Mobile,94.0,Yes
CUST1074,40,Male,Raipur,Chhattisgarh,Tier 2,Business,93000,5.2,Delhi Capitals,Axar Patel,2,TV,No,1700,Local Store,5,Smart TV,45.5,No
CUST1075,24,Female,Mumbai,Maharashtra,Tier 1,Working Professional,57000,7.7,Mumbai Indians,Suryakumar Yadav,5,JioHotstar,Yes,2600,Amazon,18,Mobile,79.8,Yes
CUST1076,33,Male,Lucknow,Uttar Pradesh,Tier 1,Working Professional,76000,6.6,Lucknow Super Giants,KL Rahul,4,JioHotstar,No,2500,Brand Website,12,Laptop,69.7,No
CUST1077,17,Male,Siliguri,West Bengal,Tier 2,Student,7500,9.5,Kolkata Knight Riders,Sunil Narine,7,JioHotstar,Yes,1500,Amazon,35,Mobile,97.4,Yes
CUST1078,39,Female,Warangal,Telangana,Tier 2,Coach,68000,5.8,Sunrisers Hyderabad,Abhishek Sharma,3,TV,No,3100,Brand Website,8,Smart TV,53.9,No
CUST1079,23,Male,Faridabad,Haryana,Tier 1,Athlete,33000,8.8,Punjab Kings,Arshdeep Singh,6,JioHotstar,Yes,4900,Brand Website,27,Mobile,90.9,Yes
CUST1080,47,Male,Jodhpur,Rajasthan,Tier 2,Business,108000,4.4,Rajasthan Royals,Sanju Samson,2,TV,No,1400,Local Store,4,Smart TV,40.0,No
CUST1081,25,Female,Thane,Maharashtra,Tier 1,Working Professional,62000,7.5,Mumbai Indians,Rohit Sharma,5,JioHotstar,Yes,2800,Amazon,17,Mobile,79.3,Yes
CUST1082,36,Male,Vijayawada,Andhra Pradesh,Tier 2,Working Professional,64000,6.3,Sunrisers Hyderabad,Heinrich Klaasen,4,JioHotstar,No,2200,Flipkart,11,Laptop,63.6,No
CUST1083,18,Male,Gaya,Bihar,Tier 2,Student,8000,9.2,Chennai Super Kings,MS Dhoni,7,JioHotstar,Yes,1700,Amazon,32,Mobile,95.2,Yes
CUST1084,43,Female,Salem,Tamil Nadu,Tier 2,Business,95000,5.0,Chennai Super Kings,Ravindra Jadeja,2,TV,No,1600,Local Store,5,Smart TV,43.0,No
CUST1085,28,Male,Delhi,Delhi,Tier 1,Working Professional,72000,7.2,Delhi Capitals,Rishabh Pant,5,JioHotstar,Yes,3000,Brand Website,16,Laptop,76.8,Yes
CUST1086,21,Female,Udaipur,Rajasthan,Tier 2,Student,11500,8.6,Rajasthan Royals,Yashasvi Jaiswal,6,JioHotstar,Yes,2100,Amazon,25,Mobile,87.5,Yes
CUST1087,34,Male,Noida,Uttar Pradesh,Tier 1,Working Professional,79000,6.8,Lucknow Super Giants,Nicholas Pooran,4,JioHotstar,No,2600,Brand Website,12,Laptop,70.4,No
CUST1088,19,Male,Jamshedpur,Jharkhand,Tier 2,Student,9000,9.1,Kolkata Knight Riders,Rinku Singh,7,JioHotstar,Yes,1800,Amazon,31,Mobile,94.6,Yes
CUST1089,41,Female,Tirupati,Andhra Pradesh,Tier 2,Coach,70000,5.5,Sunrisers Hyderabad,Travis Head,3,TV,No,3200,Brand Website,7,Smart TV,51.8,No
CUST1090,26,Male,Ahmedabad,Gujarat,Tier 1,Athlete,36000,8.9,Gujarat Titans,Rashid Khan,6,JioHotstar,Yes,5100,Brand Website,28,Mobile,91.9,Yes
CUST1091,30,Female,Kolkata,West Bengal,Tier 1,Working Professional,69000,7.1,Kolkata Knight Riders,Andre Russell,5,JioHotstar,Yes,2700,Amazon,16,Laptop,77.3,Yes
CUST1092,45,Male,Nagpur,Maharashtra,Tier 2,Business,102000,4.8,Mumbai Indians,Suryakumar Yadav,2,TV,No,1500,Local Store,4,Smart TV,41.9,No
CUST1093,22,Male,Patna,Bihar,Tier 2,Student,12000,8.8,Chennai Super Kings,Ruturaj Gaikwad,7,JioHotstar,Yes,2200,Amazon,27,Mobile,90.7,Yes
CUST1094,37,Female,Kochi,Kerala,Tier 2,Working Professional,67000,6.2,Mumbai Indians,Jasprit Bumrah,4,TV,No,2300,Flipkart,10,Laptop,62.6,No
CUST1095,24,Male,Hyderabad,Telangana,Tier 1,Working Professional,56000,8.0,Sunrisers Hyderabad,Pat Cummins,6,JioHotstar,Yes,3200,Amazon,22,Mobile,85.8,Yes
CUST1096,18,Male,Guwahati,Assam,Tier 2,Student,7500,9.4,Royal Challengers Bengaluru,Virat Kohli,7,JioHotstar,Yes,1600,Amazon,34,Mobile,96.7,Yes
CUST1097,39,Female,Indore,Madhya Pradesh,Tier 2,Coach,68000,5.9,Rajasthan Royals,Sanju Samson,3,TV,No,3100,Brand Website,8,Smart TV,53.2,No
CUST1098,27,Male,Mumbai,Maharashtra,Tier 1,Working Professional,71000,7.7,Mumbai Indians,Rohit Sharma,5,JioHotstar,Yes,3000,Amazon,18,Laptop,80.2,Yes
CUST1099,20,Female,Ranchi,Jharkhand,Tier 2,Student,9500,9.0,Kolkata Knight Riders,Sunil Narine,7,JioHotstar,Yes,1900,Amazon,29,Mobile,92.5,Yes
CUST1100,44,Male,Jaipur,Rajasthan,Tier 2,Business,98000,5.1,Rajasthan Royals,Jos Buttler,2,TV,No,1700,Local Store,5,Smart TV,44.3,No
CUST1101,26,Female,Pune,Maharashtra,Tier 1,Working Professional,64000,7.6,Chennai Super Kings,MS Dhoni,5,JioHotstar,Yes,2800,Amazon,18,Mobile,80.0,Yes
CUST1102,32,Male,Bengaluru,Karnataka,Tier 1,Working Professional,78000,6.9,Royal Challengers Bengaluru,Faf du Plessis,4,JioHotstar,No,2600,Brand Website,12,Laptop,71.5,No
CUST1103,17,Male,Kanpur,Uttar Pradesh,Tier 2,Student,7000,9.5,Lucknow Super Giants,KL Rahul,7,JioHotstar,Yes,1500,Amazon,35,Mobile,97.1,Yes
CUST1104,40,Female,Visakhapatnam,Andhra Pradesh,Tier 2,Business,92000,5.3,Sunrisers Hyderabad,Abhishek Sharma,2,TV,No,1800,Local Store,5,Smart TV,45.7,No
CUST1105,23,Male,Delhi,Delhi,Tier 1,Athlete,34000,8.9,Delhi Capitals,Axar Patel,6,JioHotstar,Yes,5000,Brand Website,28,Mobile,91.3,Yes
CUST1106,35,Female,Ahmedabad,Gujarat,Tier 1,Working Professional,72000,6.5,Gujarat Titans,Shubman Gill,4,JioHotstar,No,2400,Flipkart,11,Laptop,68.8,No
CUST1107,19,Male,Dhanbad,Jharkhand,Tier 2,Student,9000,9.2,Kolkata Knight Riders,Rinku Singh,7,JioHotstar,Yes,1800,Amazon,31,Mobile,95.1,Yes
CUST1108,42,Male,Coimbatore,Tamil Nadu,Tier 2,Coach,70000,5.6,Chennai Super Kings,Ravindra Jadeja,3,TV,No,3300,Brand Website,7,Smart TV,51.6,No
CUST1109,28,Female,Chandigarh,Chandigarh,Tier 1,Working Professional,63000,7.4,Punjab Kings,Shikhar Dhawan,5,JioHotstar,Yes,2900,Amazon,17,Mobile,78.9,Yes
CUST1110,16,Male,Aligarh,Uttar Pradesh,Tier 3,Student,6500,9.4,Royal Challengers Bengaluru,Virat Kohli,7,JioHotstar,Yes,1300,Amazon,34,Mobile,96.9,Yes
CUST1111,31,Male,Hyderabad,Telangana,Tier 1,Working Professional,76000,7.0,Sunrisers Hyderabad,Travis Head,5,JioHotstar,No,2900,Brand Website,13,Laptop,73.4,Yes
CUST1112,38,Female,Bhopal,Madhya Pradesh,Tier 2,Working Professional,66000,6.1,Mumbai Indians,Hardik Pandya,4,TV,No,2200,Flipkart,10,Laptop,62.2,No
CUST1113,22,Male,Meerut,Uttar Pradesh,Tier 2,Student,12500,8.7,Lucknow Super Giants,Nicholas Pooran,6,JioHotstar,Yes,2300,Amazon,25,Mobile,88.0,Yes
CUST1114,47,Male,Jodhpur,Rajasthan,Tier 2,Business,109000,4.5,Rajasthan Royals,Sanju Samson,2,TV,No,1400,Local Store,4,Smart TV,40.2,No
CUST1115,24,Female,Mumbai,Maharashtra,Tier 1,Working Professional,59000,7.8,Mumbai Indians,Suryakumar Yadav,5,JioHotstar,Yes,2700,Amazon,18,Mobile,80.6,Yes
CUST1116,33,Male,Lucknow,Uttar Pradesh,Tier 1,Working Professional,77000,6.7,Lucknow Super Giants,KL Rahul,4,JioHotstar,No,2500,Brand Website,12,Laptop,70.0,No
CUST1117,18,Male,Siliguri,West Bengal,Tier 2,Student,8000,9.3,Kolkata Knight Riders,Andre Russell,7,JioHotstar,Yes,1700,Amazon,32,Mobile,95.7,Yes
CUST1118,41,Female,Warangal,Telangana,Tier 2,Coach,69000,5.7,Sunrisers Hyderabad,Heinrich Klaasen,3,TV,No,3200,Brand Website,7,Smart TV,52.5,No
CUST1119,25,Male,Faridabad,Haryana,Tier 1,Athlete,35000,8.8,Punjab Kings,Arshdeep Singh,6,JioHotstar,Yes,5000,Brand Website,27,Mobile,91.1,Yes
CUST1120,44,Male,Udaipur,Rajasthan,Tier 2,Business,101000,4.9,Rajasthan Royals,Yashasvi Jaiswal,2,TV,No,1600,Local Store,5,Smart TV,43.4,No
CUST1121,27,Female,Thane,Maharashtra,Tier 1,Working Professional,65000,7.5,Mumbai Indians,Rohit Sharma,5,JioHotstar,Yes,2800,Amazon,18,Mobile,79.5,Yes
CUST1122,36,Male,Vijayawada,Andhra Pradesh,Tier 2,Working Professional,65000,6.4,Sunrisers Hyderabad,Pat Cummins,4,JioHotstar,No,2200,Flipkart,11,Laptop,63.9,No
CUST1123,19,Male,Gaya,Bihar,Tier 2,Student,8500,9.1,Chennai Super Kings,MS Dhoni,7,JioHotstar,Yes,1800,Amazon,31,Mobile,94.9,Yes
CUST1124,43,Female,Salem,Tamil Nadu,Tier 2,Business,96000,5.1,Chennai Super Kings,Ravindra Jadeja,2,TV,No,1700,Local Store,5,Smart TV,43.1,No
CUST1125,29,Male,Delhi,Delhi,Tier 1,Working Professional,73000,7.2,Delhi Capitals,Rishabh Pant,5,JioHotstar,Yes,3100,Brand Website,16,Laptop,77.1,Yes
CUST1126,21,Female,Tirupati,Andhra Pradesh,Tier 2,Student,12000,8.6,Sunrisers Hyderabad,Travis Head,6,JioHotstar,Yes,2200,Amazon,25,Mobile,87.8,Yes
CUST1127,34,Male,Noida,Uttar Pradesh,Tier 1,Working Professional,80000,6.8,Lucknow Super Giants,Nicholas Pooran,4,JioHotstar,No,2600,Brand Website,12,Laptop,70.6,No
CUST1128,20,Male,Jamshedpur,Jharkhand,Tier 2,Student,9500,9.2,Kolkata Knight Riders,Rinku Singh,7,JioHotstar,Yes,1900,Amazon,32,Mobile,95.4,Yes
CUST1129,42,Female,Nagpur,Maharashtra,Tier 2,Coach,71000,5.5,Mumbai Indians,Jasprit Bumrah,3,TV,No,3300,Brand Website,7,Smart TV,51.9,No
CUST1130,26,Male,Ahmedabad,Gujarat,Tier 1,Athlete,37000,8.9,Gujarat Titans,Rashid Khan,6,JioHotstar,Yes,5200,Brand Website,28,Mobile,92.0,Yes
CUST1131,30,Female,Kolkata,West Bengal,Tier 1,Working Professional,70000,7.1,Kolkata Knight Riders,Andre Russell,5,JioHotstar,Yes,2700,Amazon,16,Laptop,77.4,Yes
CUST1132,45,Male,Nagpur,Maharashtra,Tier 2,Business,103000,4.8,Mumbai Indians,Suryakumar Yadav,2,TV,No,1500,Local Store,4,Smart TV,42.0,No
CUST1133,22,Male,Patna,Bihar,Tier 2,Student,12000,8.8,Chennai Super Kings,Ruturaj Gaikwad,7,JioHotstar,Yes,2200,Amazon,27,Mobile,90.8,Yes
CUST1134,37,Female,Kochi,Kerala,Tier 2,Working Professional,67000,6.2,Mumbai Indians,Jasprit Bumrah,4,TV,No,2300,Flipkart,10,Laptop,62.7,No
CUST1135,24,Male,Hyderabad,Telangana,Tier 1,Working Professional,56000,8.0,Sunrisers Hyderabad,Pat Cummins,6,JioHotstar,Yes,3200,Amazon,22,Mobile,85.9,Yes
CUST1136,18,Male,Guwahati,Assam,Tier 2,Student,7500,9.4,Royal Challengers Bengaluru,Virat Kohli,7,JioHotstar,Yes,1600,Amazon,34,Mobile,96.8,Yes
CUST1137,39,Female,Indore,Madhya Pradesh,Tier 2,Coach,68000,5.9,Rajasthan Royals,Sanju Samson,3,TV,No,3100,Brand Website,8,Smart TV,53.3,No
CUST1138,27,Male,Mumbai,Maharashtra,Tier 1,Working Professional,71000,7.7,Mumbai Indians,Rohit Sharma,5,JioHotstar,Yes,3000,Amazon,18,Laptop,80.3,Yes
CUST1139,20,Female,Ranchi,Jharkhand,Tier 2,Student,9500,9.0,Kolkata Knight Riders,Sunil Narine,7,JioHotstar,Yes,1900,Amazon,29,Mobile,92.6,Yes
CUST1140,44,Male,Jaipur,Rajasthan,Tier 2,Business,98000,5.1,Rajasthan Royals,Jos Buttler,2,TV,No,1700,Local Store,5,Smart TV,44.4,No
CUST1141,26,Female,Pune,Maharashtra,Tier 1,Working Professional,65000,7.6,Chennai Super Kings,MS Dhoni,5,JioHotstar,Yes,2900,Amazon,18,Mobile,80.1,Yes
CUST1142,32,Male,Bengaluru,Karnataka,Tier 1,Working Professional,79000,6.9,Royal Challengers Bengaluru,Faf du Plessis,4,JioHotstar,No,2600,Brand Website,12,Laptop,71.7,No
CUST1143,17,Male,Kanpur,Uttar Pradesh,Tier 2,Student,7000,9.5,Lucknow Super Giants,KL Rahul,7,JioHotstar,Yes,1500,Amazon,35,Mobile,97.2,Yes
CUST1144,40,Female,Visakhapatnam,Andhra Pradesh,Tier 2,Business,93000,5.3,Sunrisers Hyderabad,Abhishek Sharma,2,TV,No,1800,Local Store,5,Smart TV,45.8,No
CUST1145,23,Male,Delhi,Delhi,Tier 1,Athlete,35000,8.9,Delhi Capitals,Axar Patel,6,JioHotstar,Yes,5000,Brand Website,28,Mobile,91.4,Yes
CUST1146,35,Female,Ahmedabad,Gujarat,Tier 1,Working Professional,73000,6.5,Gujarat Titans,Shubman Gill,4,JioHotstar,No,2400,Flipkart,11,Laptop,68.9,No
CUST1147,19,Male,Dhanbad,Jharkhand,Tier 2,Student,9000,9.2,Kolkata Knight Riders,Rinku Singh,7,JioHotstar,Yes,1800,Amazon,31,Mobile,95.2,Yes
CUST1148,42,Male,Coimbatore,Tamil Nadu,Tier 2,Coach,71000,5.6,Chennai Super Kings,Ravindra Jadeja,3,TV,No,3300,Brand Website,7,Smart TV,51.7,No
CUST1149,28,Female,Chandigarh,Chandigarh,Tier 1,Working Professional,64000,7.4,Punjab Kings,Shikhar Dhawan,5,JioHotstar,Yes,2900,Amazon,17,Mobile,79.0,Yes
CUST1150,16,Male,Aligarh,Uttar Pradesh,Tier 3,Student,6500,9.4,Royal Challengers Bengaluru,Virat Kohli,7,JioHotstar,Yes,1300,Amazon,34,Mobile,97.0,Yes
CUST1151,31,Male,Hyderabad,Telangana,Tier 1,Working Professional,77000,7.0,Sunrisers Hyderabad,Travis Head,5,JioHotstar,No,2900,Brand Website,13,Laptop,73.5,Yes
CUST1152,38,Female,Bhopal,Madhya Pradesh,Tier 2,Working Professional,67000,6.1,Mumbai Indians,Hardik Pandya,4,TV,No,2200,Flipkart,10,Laptop,62.3,No
CUST1153,22,Male,Meerut,Uttar Pradesh,Tier 2,Student,12500,8.7,Lucknow Super Giants,Nicholas Pooran,6,JioHotstar,Yes,2300,Amazon,25,Mobile,88.1,Yes
CUST1154,47,Male,Jodhpur,Rajasthan,Tier 2,Business,110000,4.5,Rajasthan Royals,Sanju Samson,2,TV,No,1400,Local Store,4,Smart TV,40.3,No
CUST1155,24,Female,Mumbai,Maharashtra,Tier 1,Working Professional,60000,7.8,Mumbai Indians,Suryakumar Yadav,5,JioHotstar,Yes,2700,Amazon,18,Mobile,80.7,Yes
CUST1156,33,Male,Lucknow,Uttar Pradesh,Tier 1,Working Professional,78000,6.7,Lucknow Super Giants,KL Rahul,4,JioHotstar,No,2500,Brand Website,12,Laptop,70.1,No
CUST1157,18,Male,Siliguri,West Bengal,Tier 2,Student,8000,9.3,Kolkata Knight Riders,Andre Russell,7,JioHotstar,Yes,1700,Amazon,32,Mobile,95.8,Yes
CUST1158,41,Female,Warangal,Telangana,Tier 2,Coach,70000,5.7,Sunrisers Hyderabad,Heinrich Klaasen,3,TV,No,3200,Brand Website,7,Smart TV,52.6,No
CUST1159,25,Male,Faridabad,Haryana,Tier 1,Athlete,36000,8.8,Punjab Kings,Arshdeep Singh,6,JioHotstar,Yes,5000,Brand Website,27,Mobile,91.2,Yes
CUST1160,44,Male,Udaipur,Rajasthan,Tier 2,Business,102000,4.9,Rajasthan Royals,Yashasvi Jaiswal,2,TV,No,1600,Local Store,5,Smart TV,43.5,No
CUST1161,27,Female,Thane,Maharashtra,Tier 1,Working Professional,66000,7.5,Mumbai Indians,Rohit Sharma,5,JioHotstar,Yes,2800,Amazon,18,Mobile,79.6,Yes
CUST1162,36,Male,Vijayawada,Andhra Pradesh,Tier 2,Working Professional,66000,6.4,Sunrisers Hyderabad,Pat Cummins,4,JioHotstar,No,2200,Flipkart,11,Laptop,64.0,No
CUST1163,19,Male,Gaya,Bihar,Tier 2,Student,8500,9.1,Chennai Super Kings,MS Dhoni,7,JioHotstar,Yes,1800,Amazon,31,Mobile,95.0,Yes
CUST1164,43,Female,Salem,Tamil Nadu,Tier 2,Business,97000,5.1,Chennai Super Kings,Ravindra Jadeja,2,TV,No,1700,Local Store,5,Smart TV,43.2,No
CUST1165,29,Male,Delhi,Delhi,Tier 1,Working Professional,74000,7.2,Delhi Capitals,Rishabh Pant,5,JioHotstar,Yes,3100,Brand Website,16,Laptop,77.2,Yes
CUST1166,21,Female,Tirupati,Andhra Pradesh,Tier 2,Student,12000,8.6,Sunrisers Hyderabad,Travis Head,6,JioHotstar,Yes,2200,Amazon,25,Mobile,87.9,Yes
CUST1167,34,Male,Noida,Uttar Pradesh,Tier 1,Working Professional,81000,6.8,Lucknow Super Giants,Nicholas Pooran,4,JioHotstar,No,2600,Brand Website,12,Laptop,70.7,No
CUST1168,20,Male,Jamshedpur,Jharkhand,Tier 2,Student,9500,9.2,Kolkata Knight Riders,Rinku Singh,7,JioHotstar,Yes,1900,Amazon,32,Mobile,95.5,Yes
CUST1169,42,Female,Nagpur,Maharashtra,Tier 2,Coach,72000,5.5,Mumbai Indians,Jasprit Bumrah,3,TV,No,3300,Brand Website,7,Smart TV,52.0,No
CUST1170,26,Male,Ahmedabad,Gujarat,Tier 1,Athlete,38000,8.9,Gujarat Titans,Rashid Khan,6,JioHotstar,Yes,5200,Brand Website,28,Mobile,92.1,Yes
CUST1171,30,Female,Kolkata,West Bengal,Tier 1,Working Professional,71000,7.1,Kolkata Knight Riders,Andre Russell,5,JioHotstar,Yes,2700,Amazon,16,Laptop,77.5,Yes
CUST1172,45,Male,Nagpur,Maharashtra,Tier 2,Business,104000,4.8,Mumbai Indians,Suryakumar Yadav,2,TV,No,1500,Local Store,4,Smart TV,42.1,No
CUST1173,22,Male,Patna,Bihar,Tier 2,Student,12000,8.8,Chennai Super Kings,Ruturaj Gaikwad,7,JioHotstar,Yes,2200,Amazon,27,Mobile,90.9,Yes
CUST1174,37,Female,Kochi,Kerala,Tier 2,Working Professional,68000,6.2,Mumbai Indians,Jasprit Bumrah,4,TV,No,2300,Flipkart,10,Laptop,62.8,No
CUST1175,24,Male,Hyderabad,Telangana,Tier 1,Working Professional,57000,8.0,Sunrisers Hyderabad,Pat Cummins,6,JioHotstar,Yes,3200,Amazon,22,Mobile,86.0,Yes
CUST1176,18,Male,Guwahati,Assam,Tier 2,Student,7500,9.4,Royal Challengers Bengaluru,Virat Kohli,7,JioHotstar,Yes,1600,Amazon,34,Mobile,96.9,Yes
CUST1177,39,Female,Indore,Madhya Pradesh,Tier 2,Coach,69000,5.9,Rajasthan Royals,Sanju Samson,3,TV,No,3100,Brand Website,8,Smart TV,53.4,No
CUST1178,27,Male,Mumbai,Maharashtra,Tier 1,Working Professional,72000,7.7,Mumbai Indians,Rohit Sharma,5,JioHotstar,Yes,3000,Amazon,18,Laptop,80.4,Yes
CUST1179,20,Female,Ranchi,Jharkhand,Tier 2,Student,9500,9.0,Kolkata Knight Riders,Sunil Narine,7,JioHotstar,Yes,1900,Amazon,29,Mobile,92.7,Yes
CUST1180,44,Male,Jaipur,Rajasthan,Tier 2,Business,99000,5.1,Rajasthan Royals,Jos Buttler,2,TV,No,1700,Local Store,5,Smart TV,44.5,No
CUST1181,26,Female,Pune,Maharashtra,Tier 1,Working Professional,65000,7.6,Chennai Super Kings,MS Dhoni,5,JioHotstar,Yes,2900,Amazon,18,Mobile,80.2,Yes
CUST1182,32,Male,Bengaluru,Karnataka,Tier 1,Working Professional,79000,6.9,Royal Challengers Bengaluru,Faf du Plessis,4,JioHotstar,No,2600,Brand Website,12,Laptop,71.8,No
CUST1183,17,Male,Kanpur,Uttar Pradesh,Tier 2,Student,7000,9.5,Lucknow Super Giants,KL Rahul,7,JioHotstar,Yes,1500,Amazon,35,Mobile,97.3,Yes
CUST1184,40,Female,Visakhapatnam,Andhra Pradesh,Tier 2,Business,93000,5.3,Sunrisers Hyderabad,Abhishek Sharma,2,TV,No,1800,Local Store,5,Smart TV,45.9,No
CUST1185,23,Male,Delhi,Delhi,Tier 1,Athlete,35000,8.9,Delhi Capitals,Axar Patel,6,JioHotstar,Yes,5000,Brand Website,28,Mobile,91.5,Yes
CUST1186,35,Female,Ahmedabad,Gujarat,Tier 1,Working Professional,73000,6.5,Gujarat Titans,Shubman Gill,4,JioHotstar,No,2400,Flipkart,11,Laptop,69.0,No
CUST1187,19,Male,Dhanbad,Jharkhand,Tier 2,Student,9000,9.2,Kolkata Knight Riders,Rinku Singh,7,JioHotstar,Yes,1800,Amazon,31,Mobile,95.3,Yes
CUST1188,42,Male,Coimbatore,Tamil Nadu,Tier 2,Coach,71000,5.6,Chennai Super Kings,Ravindra Jadeja,3,TV,No,3300,Brand Website,7,Smart TV,51.8,No
CUST1189,28,Female,Chandigarh,Chandigarh,Tier 1,Working Professional,64000,7.4,Punjab Kings,Shikhar Dhawan,5,JioHotstar,Yes,2900,Amazon,17,Mobile,79.1,Yes
CUST1190,16,Male,Aligarh,Uttar Pradesh,Tier 3,Student,6500,9.4,Royal Challengers Bengaluru,Virat Kohli,7,JioHotstar,Yes,1300,Amazon,34,Mobile,97.1,Yes
CUST1191,31,Male,Hyderabad,Telangana,Tier 1,Working Professional,77000,7.0,Sunrisers Hyderabad,Travis Head,5,JioHotstar,No,2900,Brand Website,13,Laptop,73.6,Yes
CUST1192,38,Female,Bhopal,Madhya Pradesh,Tier 2,Working Professional,67000,6.1,Mumbai Indians,Hardik Pandya,4,TV,No,2200,Flipkart,10,Laptop,62.4,No
CUST1193,22,Male,Meerut,Uttar Pradesh,Tier 2,Student,12500,8.7,Lucknow Super Giants,Nicholas Pooran,6,JioHotstar,Yes,2300,Amazon,25,Mobile,88.2,Yes
CUST1194,47,Male,Jodhpur,Rajasthan,Tier 2,Business,110000,4.5,Rajasthan Royals,Sanju Samson,2,TV,No,1400,Local Store,4,Smart TV,40.4,No
CUST1195,24,Female,Mumbai,Maharashtra,Tier 1,Working Professional,60000,7.8,Mumbai Indians,Suryakumar Yadav,5,JioHotstar,Yes,2700,Amazon,18,Mobile,80.8,Yes
CUST1196,33,Male,Lucknow,Uttar Pradesh,Tier 1,Working Professional,78000,6.7,Lucknow Super Giants,KL Rahul,4,JioHotstar,No,2500,Brand Website,12,Laptop,70.2,No
CUST1197,18,Male,Siliguri,West Bengal,Tier 2,Student,8000,9.3,Kolkata Knight Riders,Andre Russell,7,JioHotstar,Yes,1700,Amazon,32,Mobile,95.9,Yes
CUST1198,41,Female,Warangal,Telangana,Tier 2,Coach,70000,5.7,Sunrisers Hyderabad,Heinrich Klaasen,3,TV,No,3200,Brand Website,7,Smart TV,52.7,No
CUST1199,25,Male,Faridabad,Haryana,Tier 1,Athlete,36000,8.8,Punjab Kings,Arshdeep Singh,6,JioHotstar,Yes,5000,Brand Website,27,Mobile,91.3,Yes
CUST1200,44,Male,Udaipur,Rajasthan,Tier 2,Business,102000,4.9,Rajasthan Royals,Yashasvi Jaiswal,2,TV,No,1600,Local Store,5,Smart TV,43.6,No
CUST1201,27,Female,Thane,Maharashtra,Tier 1,Working Professional,66000,7.5,Mumbai Indians,Rohit Sharma,5,JioHotstar,Yes,2800,Amazon,18,Mobile,79.7,Yes
CUST1202,36,Male,Vijayawada,Andhra Pradesh,Tier 2,Working Professional,66000,6.4,Sunrisers Hyderabad,Pat Cummins,4,JioHotstar,No,2200,Flipkart,11,Laptop,64.1,No
CUST1203,19,Male,Gaya,Bihar,Tier 2,Student,8500,9.1,Chennai Super Kings,MS Dhoni,7,JioHotstar,Yes,1800,Amazon,31,Mobile,95.1,Yes
CUST1204,43,Female,Salem,Tamil Nadu,Tier 2,Business,97000,5.1,Chennai Super Kings,Ravindra Jadeja,2,TV,No,1700,Local Store,5,Smart TV,43.3,No
CUST1205,29,Male,Delhi,Delhi,Tier 1,Working Professional,74000,7.2,Delhi Capitals,Rishabh Pant,5,JioHotstar,Yes,3100,Brand Website,16,Laptop,77.3,Yes
CUST1206,21,Female,Tirupati,Andhra Pradesh,Tier 2,Student,12000,8.6,Sunrisers Hyderabad,Travis Head,6,JioHotstar,Yes,2200,Amazon,25,Mobile,88.0,Yes
CUST1207,34,Male,Noida,Uttar Pradesh,Tier 1,Working Professional,81000,6.8,Lucknow Super Giants,Nicholas Pooran,4,JioHotstar,No,2600,Brand Website,12,Laptop,70.8,No
CUST1208,20,Male,Jamshedpur,Jharkhand,Tier 2,Student,9500,9.2,Kolkata Knight Riders,Rinku Singh,7,JioHotstar,Yes,1900,Amazon,32,Mobile,95.6,Yes
CUST1209,42,Female,Nagpur,Maharashtra,Tier 2,Coach,72000,5.5,Mumbai Indians,Jasprit Bumrah,3,TV,No,3300,Brand Website,7,Smart TV,52.1,No
CUST1210,26,Male,Ahmedabad,Gujarat,Tier 1,Athlete,38000,8.9,Gujarat Titans,Rashid Khan,6,JioHotstar,Yes,5200,Brand Website,28,Mobile,92.2,Yes
CUST1211,30,Female,Kolkata,West Bengal,Tier 1,Working Professional,71000,7.1,Kolkata Knight Riders,Andre Russell,5,JioHotstar,Yes,2700,Amazon,16,Laptop,77.6,Yes
CUST1212,45,Male,Nagpur,Maharashtra,Tier 2,Business,104000,4.8,Mumbai Indians,Suryakumar Yadav,2,TV,No,1500,Local Store,4,Smart TV,42.2,No
CUST1213,22,Male,Patna,Bihar,Tier 2,Student,12000,8.8,Chennai Super Kings,Ruturaj Gaikwad,7,JioHotstar,Yes,2200,Amazon,27,Mobile,91.0,Yes
CUST1214,37,Female,Kochi,Kerala,Tier 2,Working Professional,68000,6.2,Mumbai Indians,Jasprit Bumrah,4,TV,No,2300,Flipkart,10,Laptop,62.9,No
CUST1215,24,Male,Hyderabad,Telangana,Tier 1,Working Professional,57000,8.0,Sunrisers Hyderabad,Pat Cummins,6,JioHotstar,Yes,3200,Amazon,22,Mobile,86.1,Yes
CUST1216,18,Male,Guwahati,Assam,Tier 2,Student,7500,9.4,Royal Challengers Bengaluru,Virat Kohli,7,JioHotstar,Yes,1600,Amazon,34,Mobile,97.0,Yes
CUST1217,39,Female,Indore,Madhya Pradesh,Tier 2,Coach,69000,5.9,Rajasthan Royals,Sanju Samson,3,TV,No,3100,Brand Website,8,Smart TV,53.5,No
CUST1218,27,Male,Mumbai,Maharashtra,Tier 1,Working Professional,72000,7.7,Mumbai Indians,Rohit Sharma,5,JioHotstar,Yes,3000,Amazon,18,Laptop,80.5,Yes
CUST1219,20,Female,Ranchi,Jharkhand,Tier 2,Student,9500,9.0,Kolkata Knight Riders,Sunil Narine,7,JioHotstar,Yes,1900,Amazon,29,Mobile,92.8,Yes
CUST1220,44,Male,Jaipur,Rajasthan,Tier 2,Business,99000,5.1,Rajasthan Royals,Jos Buttler,2,TV,No,1700,Local Store,5,Smart TV,44.6,No
CUST1221,26,Female,Pune,Maharashtra,Tier 1,Working Professional,65000,7.6,Chennai Super Kings,MS Dhoni,5,JioHotstar,Yes,2900,Amazon,18,Mobile,80.3,Yes
CUST1222,32,Male,Bengaluru,Karnataka,Tier 1,Working Professional,79000,6.9,Royal Challengers Bengaluru,Faf du Plessis,4,JioHotstar,No,2600,Brand Website,12,Laptop,71.9,No
CUST1223,17,Male,Kanpur,Uttar Pradesh,Tier 2,Student,7000,9.5,Lucknow Super Giants,KL Rahul,7,JioHotstar,Yes,1500,Amazon,35,Mobile,97.4,Yes
CUST1224,40,Female,Visakhapatnam,Andhra Pradesh,Tier 2,Business,93000,5.3,Sunrisers Hyderabad,Abhishek Sharma,2,TV,No,1800,Local Store,5,Smart TV,46.0,No
CUST1225,23,Male,Delhi,Delhi,Tier 1,Athlete,35000,8.9,Delhi Capitals,Axar Patel,6,JioHotstar,Yes,5000,Brand Website,28,Mobile,91.6,Yes
CUST1226,35,Female,Ahmedabad,Gujarat,Tier 1,Working Professional,73000,6.5,Gujarat Titans,Shubman Gill,4,JioHotstar,No,2400,Flipkart,11,Laptop,69.1,No
CUST1227,19,Male,Dhanbad,Jharkhand,Tier 2,Student,9000,9.2,Kolkata Knight Riders,Rinku Singh,7,JioHotstar,Yes,1800,Amazon,31,Mobile,95.4,Yes
CUST1228,42,Male,Coimbatore,Tamil Nadu,Tier 2,Coach,71000,5.6,Chennai Super Kings,Ravindra Jadeja,3,TV,No,3300,Brand Website,7,Smart TV,51.9,No
CUST1229,28,Female,Chandigarh,Chandigarh,Tier 1,Working Professional,64000,7.4,Punjab Kings,Shikhar Dhawan,5,JioHotstar,Yes,2900,Amazon,17,Mobile,79.2,Yes
CUST1230,16,Male,Aligarh,Uttar Pradesh,Tier 3,Student,6500,9.4,Royal Challengers Bengaluru,Virat Kohli,7,JioHotstar,Yes,1300,Amazon,34,Mobile,97.2,Yes
CUST1231,31,Male,Hyderabad,Telangana,Tier 1,Working Professional,77000,7.0,Sunrisers Hyderabad,Travis Head,5,JioHotstar,No,2900,Brand Website,13,Laptop,73.7,Yes
CUST1232,38,Female,Bhopal,Madhya Pradesh,Tier 2,Working Professional,67000,6.1,Mumbai Indians,Hardik Pandya,4,TV,No,2200,Flipkart,10,Laptop,62.5,No
CUST1233,22,Male,Meerut,Uttar Pradesh,Tier 2,Student,12500,8.7,Lucknow Super Giants,Nicholas Pooran,6,JioHotstar,Yes,2300,Amazon,25,Mobile,88.3,Yes
CUST1234,47,Male,Jodhpur,Rajasthan,Tier 2,Business,110000,4.5,Rajasthan Royals,Sanju Samson,2,TV,No,1400,Local Store,4,Smart TV,40.5,No
CUST1235,24,Female,Mumbai,Maharashtra,Tier 1,Working Professional,60000,7.8,Mumbai Indians,Suryakumar Yadav,5,JioHotstar,Yes,2700,Amazon,18,Mobile,80.9,Yes
CUST1236,33,Male,Lucknow,Uttar Pradesh,Tier 1,Working Professional,78000,6.7,Lucknow Super Giants,KL Rahul,4,JioHotstar,No,2500,Brand Website,12,Laptop,70.3,No
CUST1237,18,Male,Siliguri,West Bengal,Tier 2,Student,8000,9.3,Kolkata Knight Riders,Andre Russell,7,JioHotstar,Yes,1700,Amazon,32,Mobile,96.0,Yes
CUST1238,41,Female,Warangal,Telangana,Tier 2,Coach,70000,5.7,Sunrisers Hyderabad,Heinrich Klaasen,3,TV,No,3200,Brand Website,7,Smart TV,52.8,No
CUST1239,25,Male,Faridabad,Haryana,Tier 1,Athlete,36000,8.8,Punjab Kings,Arshdeep Singh,6,JioHotstar,Yes,5000,Brand Website,27,Mobile,91.4,Yes
CUST1240,44,Male,Udaipur,Rajasthan,Tier 2,Business,102000,4.9,Rajasthan Royals,Yashasvi Jaiswal,2,TV,No,1600,Local Store,5,Smart TV,43.7,No
CUST1241,27,Female,Thane,Maharashtra,Tier 1,Working Professional,66000,7.5,Mumbai Indians,Rohit Sharma,5,JioHotstar,Yes,2800,Amazon,18,Mobile,79.8,Yes
CUST1242,36,Male,Vijayawada,Andhra Pradesh,Tier 2,Working Professional,66000,6.4,Sunrisers Hyderabad,Pat Cummins,4,JioHotstar,No,2200,Flipkart,11,Laptop,64.2,No
CUST1243,19,Male,Gaya,Bihar,Tier 2,Student,8500,9.1,Chennai Super Kings,MS Dhoni,7,JioHotstar,Yes,1800,Amazon,31,Mobile,95.2,Yes
CUST1244,43,Female,Salem,Tamil Nadu,Tier 2,Business,97000,5.1,Chennai Super Kings,Ravindra Jadeja,2,TV,No,1700,Local Store,5,Smart TV,43.4,No
CUST1245,29,Male,Delhi,Delhi,Tier 1,Working Professional,74000,7.2,Delhi Capitals,Rishabh Pant,5,JioHotstar,Yes,3100,Brand Website,16,Laptop,77.4,Yes
CUST1246,21,Female,Tirupati,Andhra Pradesh,Tier 2,Student,12000,8.6,Sunrisers Hyderabad,Travis Head,6,JioHotstar,Yes,2200,Amazon,25,Mobile,88.1,Yes
CUST1247,34,Male,Noida,Uttar Pradesh,Tier 1,Working Professional,81000,6.8,Lucknow Super Giants,Nicholas Pooran,4,JioHotstar,No,2600,Brand Website,12,Laptop,70.9,No
CUST1248,20,Male,Jamshedpur,Jharkhand,Tier 2,Student,9500,9.2,Kolkata Knight Riders,Rinku Singh,7,JioHotstar,Yes,1900,Amazon,32,Mobile,95.7,Yes
CUST1249,42,Female,Nagpur,Maharashtra,Tier 2,Coach,72000,5.5,Mumbai Indians,Jasprit Bumrah,3,TV,No,3300,Brand Website,7,Smart TV,52.2,No
CUST1250,26,Male,Ahmedabad,Gujarat,Tier 1,Athlete,38000,8.9,Gujarat Titans,Rashid Khan,6,JioHotstar,Yes,5200,Brand Website,28,Mobile,92.3,Yes
CUST1251,30,Female,Kolkata,West Bengal,Tier 1,Working Professional,71000,7.1,Kolkata Knight Riders,Andre Russell,5,JioHotstar,Yes,2700,Amazon,16,Laptop,77.7,Yes
CUST1252,45,Male,Nagpur,Maharashtra,Tier 2,Business,104000,4.8,Mumbai Indians,Suryakumar Yadav,2,TV,No,1500,Local Store,4,Smart TV,42.3,No
CUST1253,22,Male,Patna,Bihar,Tier 2,Student,12000,8.8,Chennai Super Kings,Ruturaj Gaikwad,7,JioHotstar,Yes,2200,Amazon,27,Mobile,91.1,Yes
CUST1254,37,Female,Kochi,Kerala,Tier 2,Working Professional,68000,6.2,Mumbai Indians,Jasprit Bumrah,4,TV,No,2300,Flipkart,10,Laptop,63.0,No
CUST1255,24,Male,Hyderabad,Telangana,Tier 1,Working Professional,57000,8.0,Sunrisers Hyderabad,Pat Cummins,6,JioHotstar,Yes,3200,Amazon,22,Mobile,86.2,Yes
CUST1256,18,Male,Guwahati,Assam,Tier 2,Student,7500,9.4,Royal Challengers Bengaluru,Virat Kohli,7,JioHotstar,Yes,1600,Amazon,34,Mobile,97.1,Yes
CUST1257,39,Female,Indore,Madhya Pradesh,Tier 2,Coach,69000,5.9,Rajasthan Royals,Sanju Samson,3,TV,No,3100,Brand Website,8,Smart TV,53.6,No
CUST1258,27,Male,Mumbai,Maharashtra,Tier 1,Working Professional,72000,7.7,Mumbai Indians,Rohit Sharma,5,JioHotstar,Yes,3000,Amazon,18,Laptop,80.6,Yes
CUST1259,20,Female,Ranchi,Jharkhand,Tier 2,Student,9500,9.0,Kolkata Knight Riders,Sunil Narine,7,JioHotstar,Yes,1900,Amazon,29,Mobile,92.9,Yes
CUST1260,44,Male,Jaipur,Rajasthan,Tier 2,Business,99000,5.1,Rajasthan Royals,Jos Buttler,2,TV,No,1700,Local Store,5,Smart TV,44.7,No
CUST1261,26,Female,Pune,Maharashtra,Tier 1,Working Professional,65000,7.6,Chennai Super Kings,MS Dhoni,5,JioHotstar,Yes,2900,Amazon,18,Mobile,80.4,Yes
CUST1262,32,Male,Bengaluru,Karnataka,Tier 1,Working Professional,79000,6.9,Royal Challengers Bengaluru,Faf du Plessis,4,JioHotstar,No,2600,Brand Website,12,Laptop,72.0,No
CUST1263,17,Male,Kanpur,Uttar Pradesh,Tier 2,Student,7000,9.5,Lucknow Super Giants,KL Rahul,7,JioHotstar,Yes,1500,Amazon,35,Mobile,97.5,Yes
CUST1264,40,Female,Visakhapatnam,Andhra Pradesh,Tier 2,Business,93000,5.3,Sunrisers Hyderabad,Abhishek Sharma,2,TV,No,1800,Local Store,5,Smart TV,46.1,No
CUST1265,23,Male,Delhi,Delhi,Tier 1,Athlete,35000,8.9,Delhi Capitals,Axar Patel,6,JioHotstar,Yes,5000,Brand Website,28,Mobile,91.7,Yes
CUST1266,35,Female,Ahmedabad,Gujarat,Tier 1,Working Professional,73000,6.5,Gujarat Titans,Shubman Gill,4,JioHotstar,No,2400,Flipkart,11,Laptop,69.2,No
CUST1267,19,Male,Dhanbad,Jharkhand,Tier 2,Student,9000,9.2,Kolkata Knight Riders,Rinku Singh,7,JioHotstar,Yes,1800,Amazon,31,Mobile,95.5,Yes
CUST1268,42,Male,Coimbatore,Tamil Nadu,Tier 2,Coach,71000,5.6,Chennai Super Kings,Ravindra Jadeja,3,TV,No,3300,Brand Website,7,Smart TV,52.0,No
CUST1269,28,Female,Chandigarh,Chandigarh,Tier 1,Working Professional,64000,7.4,Punjab Kings,Shikhar Dhawan,5,JioHotstar,Yes,2900,Amazon,17,Mobile,79.3,Yes
CUST1270,16,Male,Aligarh,Uttar Pradesh,Tier 3,Student,6500,9.4,Royal Challengers Bengaluru,Virat Kohli,7,JioHotstar,Yes,1300,Amazon,34,Mobile,97.3,Yes
CUST1271,31,Male,Hyderabad,Telangana,Tier 1,Working Professional,77000,7.0,Sunrisers Hyderabad,Travis Head,5,JioHotstar,No,2900,Brand Website,13,Laptop,73.8,Yes
CUST1272,38,Female,Bhopal,Madhya Pradesh,Tier 2,Working Professional,67000,6.1,Mumbai Indians,Hardik Pandya,4,TV,No,2200,Flipkart,10,Laptop,62.6,No
CUST1273,22,Male,Meerut,Uttar Pradesh,Tier 2,Student,12500,8.7,Lucknow Super Giants,Nicholas Pooran,6,JioHotstar,Yes,2300,Amazon,25,Mobile,88.4,Yes
CUST1274,47,Male,Jodhpur,Rajasthan,Tier 2,Business,110000,4.5,Rajasthan Royals,Sanju Samson,2,TV,No,1400,Local Store,4,Smart TV,40.6,No
CUST1275,24,Female,Mumbai,Maharashtra,Tier 1,Working Professional,60000,7.8,Mumbai Indians,Suryakumar Yadav,5,JioHotstar,Yes,2700,Amazon,18,Mobile,81.0,Yes
CUST1276,33,Male,Lucknow,Uttar Pradesh,Tier 1,Working Professional,78000,6.7,Lucknow Super Giants,KL Rahul,4,JioHotstar,No,2500,Brand Website,12,Laptop,70.4,No
CUST1277,18,Male,Siliguri,West Bengal,Tier 2,Student,8000,9.3,Kolkata Knight Riders,Andre Russell,7,JioHotstar,Yes,1700,Amazon,32,Mobile,96.1,Yes
CUST1278,41,Female,Warangal,Telangana,Tier 2,Coach,70000,5.7,Sunrisers Hyderabad,Heinrich Klaasen,3,TV,No,3200,Brand Website,7,Smart TV,52.9,No
CUST1279,25,Male,Faridabad,Haryana,Tier 1,Athlete,36000,8.8,Punjab Kings,Arshdeep Singh,6,JioHotstar,Yes,5000,Brand Website,27,Mobile,91.5,Yes
CUST1280,44,Male,Udaipur,Rajasthan,Tier 2,Business,102000,4.9,Rajasthan Royals,Yashasvi Jaiswal,2,TV,No,1600,Local Store,5,Smart TV,43.8,No
CUST1281,27,Female,Thane,Maharashtra,Tier 1,Working Professional,66000,7.5,Mumbai Indians,Rohit Sharma,5,JioHotstar,Yes,2800,Amazon,18,Mobile,79.9,Yes
CUST1282,36,Male,Vijayawada,Andhra Pradesh,Tier 2,Working Professional,66000,6.4,Sunrisers Hyderabad,Pat Cummins,4,JioHotstar,No,2200,Flipkart,11,Laptop,64.3,No
CUST1283,19,Male,Gaya,Bihar,Tier 2,Student,8500,9.1,Chennai Super Kings,MS Dhoni,7,JioHotstar,Yes,1800,Amazon,31,Mobile,95.3,Yes
CUST1284,43,Female,Salem,Tamil Nadu,Tier 2,Business,97000,5.1,Chennai Super Kings,Ravindra Jadeja,2,TV,No,1700,Local Store,5,Smart TV,43.5,No
CUST1285,29,Male,Delhi,Delhi,Tier 1,Working Professional,74000,7.2,Delhi Capitals,Rishabh Pant,5,JioHotstar,Yes,3100,Brand Website,16,Laptop,77.5,Yes
CUST1286,21,Female,Tirupati,Andhra Pradesh,Tier 2,Student,12000,8.6,Sunrisers Hyderabad,Travis Head,6,JioHotstar,Yes,2200,Amazon,25,Mobile,88.2,Yes
CUST1287,34,Male,Noida,Uttar Pradesh,Tier 1,Working Professional,81000,6.8,Lucknow Super Giants,Nicholas Pooran,4,JioHotstar,No,2600,Brand Website,12,Laptop,71.0,No
CUST1288,20,Male,Jamshedpur,Jharkhand,Tier 2,Student,9500,9.2,Kolkata Knight Riders,Rinku Singh,7,JioHotstar,Yes,1900,Amazon,32,Mobile,95.8,Yes
CUST1289,42,Female,Nagpur,Maharashtra,Tier 2,Coach,72000,5.5,Mumbai Indians,Jasprit Bumrah,3,TV,No,3300,Brand Website,7,Smart TV,52.3,No
CUST1290,26,Male,Ahmedabad,Gujarat,Tier 1,Athlete,38000,8.9,Gujarat Titans,Rashid Khan,6,JioHotstar,Yes,5200,Brand Website,28,Mobile,92.4,Yes
CUST1291,30,Female,Kolkata,West Bengal,Tier 1,Working Professional,71000,7.1,Kolkata Knight Riders,Andre Russell,5,JioHotstar,Yes,2700,Amazon,16,Laptop,77.8,Yes
CUST1292,45,Male,Nagpur,Maharashtra,Tier 2,Business,104000,4.8,Mumbai Indians,Suryakumar Yadav,2,TV,No,1500,Local Store,4,Smart TV,42.4,No
CUST1293,22,Male,Patna,Bihar,Tier 2,Student,12000,8.8,Chennai Super Kings,Ruturaj Gaikwad,7,JioHotstar,Yes,2200,Amazon,27,Mobile,91.2,Yes
CUST1294,37,Female,Kochi,Kerala,Tier 2,Working Professional,68000,6.2,Mumbai Indians,Jasprit Bumrah,4,TV,No,2300,Flipkart,10,Laptop,63.1,No
CUST1295,24,Male,Hyderabad,Telangana,Tier 1,Working Professional,57000,8.0,Sunrisers Hyderabad,Pat Cummins,6,JioHotstar,Yes,3200,Amazon,22,Mobile,86.3,Yes
CUST1296,18,Male,Guwahati,Assam,Tier 2,Student,7500,9.4,Royal Challengers Bengaluru,Virat Kohli,7,JioHotstar,Yes,1600,Amazon,34,Mobile,97.2,Yes
CUST1297,39,Female,Indore,Madhya Pradesh,Tier 2,Coach,69000,5.9,Rajasthan Royals,Sanju Samson,3,TV,No,3100,Brand Website,8,Smart TV,53.7,No
CUST1298,27,Male,Mumbai,Maharashtra,Tier 1,Working Professional,72000,7.7,Mumbai Indians,Rohit Sharma,5,JioHotstar,Yes,3000,Amazon,18,Laptop,80.7,Yes
CUST1299,20,Female,Ranchi,Jharkhand,Tier 2,Student,9500,9.0,Kolkata Knight Riders,Sunil Narine,7,JioHotstar,Yes,1900,Amazon,29,Mobile,93.0,Yes
CUST1300,44,Male,Jaipur,Rajasthan,Tier 2,Business,99000,5.1,Rajasthan Royals,Jos Buttler,2,TV,No,1700,Local Store,5,Smart TV,44.8,No
CUST1301,26,Female,Pune,Maharashtra,Tier 1,Working Professional,66000,7.6,Chennai Super Kings,MS Dhoni,5,JioHotstar,Yes,2900,Amazon,18,Mobile,80.5,Yes
CUST1302,32,Male,Bengaluru,Karnataka,Tier 1,Working Professional,80000,6.9,Royal Challengers Bengaluru,Faf du Plessis,4,JioHotstar,No,2600,Brand Website,12,Laptop,72.1,No
CUST1303,17,Male,Kanpur,Uttar Pradesh,Tier 2,Student,7000,9.5,Lucknow Super Giants,KL Rahul,7,JioHotstar,Yes,1500,Amazon,35,Mobile,97.6,Yes
CUST1304,40,Female,Visakhapatnam,Andhra Pradesh,Tier 2,Business,94000,5.3,Sunrisers Hyderabad,Abhishek Sharma,2,TV,No,1800,Local Store,5,Smart TV,46.2,No
CUST1305,23,Male,Delhi,Delhi,Tier 1,Athlete,36000,8.9,Delhi Capitals,Axar Patel,6,JioHotstar,Yes,5000,Brand Website,28,Mobile,91.8,Yes
CUST1306,35,Female,Ahmedabad,Gujarat,Tier 1,Working Professional,74000,6.5,Gujarat Titans,Shubman Gill,4,JioHotstar,No,2400,Flipkart,11,Laptop,69.3,No
CUST1307,19,Male,Dhanbad,Jharkhand,Tier 2,Student,9000,9.2,Kolkata Knight Riders,Rinku Singh,7,JioHotstar,Yes,1800,Amazon,31,Mobile,95.6,Yes
CUST1308,42,Male,Coimbatore,Tamil Nadu,Tier 2,Coach,72000,5.6,Chennai Super Kings,Ravindra Jadeja,3,TV,No,3300,Brand Website,7,Smart TV,52.1,No
CUST1309,28,Female,Chandigarh,Chandigarh,Tier 1,Working Professional,65000,7.4,Punjab Kings,Shikhar Dhawan,5,JioHotstar,Yes,2900,Amazon,17,Mobile,79.4,Yes
CUST1310,16,Male,Aligarh,Uttar Pradesh,Tier 3,Student,6500,9.4,Royal Challengers Bengaluru,Virat Kohli,7,JioHotstar,Yes,1300,Amazon,34,Mobile,97.4,Yes
CUST1311,31,Male,Hyderabad,Telangana,Tier 1,Working Professional,78000,7.0,Sunrisers Hyderabad,Travis Head,5,JioHotstar,No,2900,Brand Website,13,Laptop,73.9,Yes
CUST1312,38,Female,Bhopal,Madhya Pradesh,Tier 2,Working Professional,68000,6.1,Mumbai Indians,Hardik Pandya,4,TV,No,2200,Flipkart,10,Laptop,62.7,No
CUST1313,22,Male,Meerut,Uttar Pradesh,Tier 2,Student,12500,8.7,Lucknow Super Giants,Nicholas Pooran,6,JioHotstar,Yes,2300,Amazon,25,Mobile,88.5,Yes
CUST1314,47,Male,Jodhpur,Rajasthan,Tier 2,Business,111000,4.5,Rajasthan Royals,Sanju Samson,2,TV,No,1400,Local Store,4,Smart TV,40.7,No
CUST1315,24,Female,Mumbai,Maharashtra,Tier 1,Working Professional,61000,7.8,Mumbai Indians,Suryakumar Yadav,5,JioHotstar,Yes,2700,Amazon,18,Mobile,81.1,Yes
CUST1316,33,Male,Lucknow,Uttar Pradesh,Tier 1,Working Professional,79000,6.7,Lucknow Super Giants,KL Rahul,4,JioHotstar,No,2500,Brand Website,12,Laptop,70.5,No
CUST1317,18,Male,Siliguri,West Bengal,Tier 2,Student,8000,9.3,Kolkata Knight Riders,Andre Russell,7,JioHotstar,Yes,1700,Amazon,32,Mobile,96.2,Yes
CUST1318,41,Female,Warangal,Telangana,Tier 2,Coach,71000,5.7,Sunrisers Hyderabad,Heinrich Klaasen,3,TV,No,3200,Brand Website,7,Smart TV,53.0,No
CUST1319,25,Male,Faridabad,Haryana,Tier 1,Athlete,36000,8.8,Punjab Kings,Arshdeep Singh,6,JioHotstar,Yes,5000,Brand Website,27,Mobile,91.6,Yes
CUST1320,44,Male,Udaipur,Rajasthan,Tier 2,Business,103000,4.9,Rajasthan Royals,Yashasvi Jaiswal,2,TV,No,1600,Local Store,5,Smart TV,43.9,No
CUST1321,27,Female,Thane,Maharashtra,Tier 1,Working Professional,67000,7.5,Mumbai Indians,Rohit Sharma,5,JioHotstar,Yes,2800,Amazon,18,Mobile,80.0,Yes
CUST1322,36,Male,Vijayawada,Andhra Pradesh,Tier 2,Working Professional,67000,6.4,Sunrisers Hyderabad,Pat Cummins,4,JioHotstar,No,2200,Flipkart,11,Laptop,64.4,No
CUST1323,19,Male,Gaya,Bihar,Tier 2,Student,8500,9.1,Chennai Super Kings,MS Dhoni,7,JioHotstar,Yes,1800,Amazon,31,Mobile,95.4,Yes
CUST1324,43,Female,Salem,Tamil Nadu,Tier 2,Business,98000,5.1,Chennai Super Kings,Ravindra Jadeja,2,TV,No,1700,Local Store,5,Smart TV,43.6,No
CUST1325,29,Male,Delhi,Delhi,Tier 1,Working Professional,75000,7.2,Delhi Capitals,Rishabh Pant,5,JioHotstar,Yes,3100,Brand Website,16,Laptop,77.6,Yes
CUST1326,21,Female,Tirupati,Andhra Pradesh,Tier 2,Student,12000,8.6,Sunrisers Hyderabad,Travis Head,6,JioHotstar,Yes,2200,Amazon,25,Mobile,88.3,Yes
CUST1327,34,Male,Noida,Uttar Pradesh,Tier 1,Working Professional,82000,6.8,Lucknow Super Giants,Nicholas Pooran,4,JioHotstar,No,2600,Brand Website,12,Laptop,71.1,No
CUST1328,20,Male,Jamshedpur,Jharkhand,Tier 2,Student,9500,9.2,Kolkata Knight Riders,Rinku Singh,7,JioHotstar,Yes,1900,Amazon,32,Mobile,95.9,Yes
CUST1329,42,Female,Nagpur,Maharashtra,Tier 2,Coach,73000,5.5,Mumbai Indians,Jasprit Bumrah,3,TV,No,3300,Brand Website,7,Smart TV,52.4,No
CUST1330,26,Male,Ahmedabad,Gujarat,Tier 1,Athlete,39000,8.9,Gujarat Titans,Rashid Khan,6,JioHotstar,Yes,5200,Brand Website,28,Mobile,92.5,Yes
CUST1331,30,Female,Kolkata,West Bengal,Tier 1,Working Professional,72000,7.1,Kolkata Knight Riders,Andre Russell,5,JioHotstar,Yes,2700,Amazon,16,Laptop,77.9,Yes
CUST1332,45,Male,Nagpur,Maharashtra,Tier 2,Business,105000,4.8,Mumbai Indians,Suryakumar Yadav,2,TV,No,1500,Local Store,4,Smart TV,42.5,No
CUST1333,22,Male,Patna,Bihar,Tier 2,Student,12000,8.8,Chennai Super Kings,Ruturaj Gaikwad,7,JioHotstar,Yes,2200,Amazon,27,Mobile,91.3,Yes
CUST1334,37,Female,Kochi,Kerala,Tier 2,Working Professional,69000,6.2,Mumbai Indians,Jasprit Bumrah,4,TV,No,2300,Flipkart,10,Laptop,63.2,No
CUST1335,24,Male,Hyderabad,Telangana,Tier 1,Working Professional,58000,8.0,Sunrisers Hyderabad,Pat Cummins,6,JioHotstar,Yes,3200,Amazon,22,Mobile,86.4,Yes
CUST1336,18,Male,Guwahati,Assam,Tier 2,Student,7500,9.4,Royal Challengers Bengaluru,Virat Kohli,7,JioHotstar,Yes,1600,Amazon,34,Mobile,97.3,Yes
CUST1337,39,Female,Indore,Madhya Pradesh,Tier 2,Coach,70000,5.9,Rajasthan Royals,Sanju Samson,3,TV,No,3100,Brand Website,8,Smart TV,53.8,No
CUST1338,27,Male,Mumbai,Maharashtra,Tier 1,Working Professional,73000,7.7,Mumbai Indians,Rohit Sharma,5,JioHotstar,Yes,3000,Amazon,18,Laptop,80.8,Yes
CUST1339,20,Female,Ranchi,Jharkhand,Tier 2,Student,9500,9.0,Kolkata Knight Riders,Sunil Narine,7,JioHotstar,Yes,1900,Amazon,29,Mobile,93.1,Yes
CUST1340,44,Male,Jaipur,Rajasthan,Tier 2,Business,100000,5.1,Rajasthan Royals,Jos Buttler,2,TV,No,1700,Local Store,5,Smart TV,44.9,No
CUST1341,26,Female,Pune,Maharashtra,Tier 1,Working Professional,66000,7.6,Chennai Super Kings,MS Dhoni,5,JioHotstar,Yes,2900,Amazon,18,Mobile,80.6,Yes
CUST1342,32,Male,Bengaluru,Karnataka,Tier 1,Working Professional,80000,6.9,Royal Challengers Bengaluru,Faf du Plessis,4,JioHotstar,No,2600,Brand Website,12,Laptop,72.2,No
CUST1343,17,Male,Kanpur,Uttar Pradesh,Tier 2,Student,7000,9.5,Lucknow Super Giants,KL Rahul,7,JioHotstar,Yes,1500,Amazon,35,Mobile,97.7,Yes
CUST1344,40,Female,Visakhapatnam,Andhra Pradesh,Tier 2,Business,94000,5.3,Sunrisers Hyderabad,Abhishek Sharma,2,TV,No,1800,Local Store,5,Smart TV,46.3,No
CUST1345,23,Male,Delhi,Delhi,Tier 1,Athlete,36000,8.9,Delhi Capitals,Axar Patel,6,JioHotstar,Yes,5000,Brand Website,28,Mobile,91.9,Yes
CUST1346,35,Female,Ahmedabad,Gujarat,Tier 1,Working Professional,74000,6.5,Gujarat Titans,Shubman Gill,4,JioHotstar,No,2400,Flipkart,11,Laptop,69.4,No
CUST1347,19,Male,Dhanbad,Jharkhand,Tier 2,Student,9000,9.2,Kolkata Knight Riders,Rinku Singh,7,JioHotstar,Yes,1800,Amazon,31,Mobile,95.7,Yes
CUST1348,42,Male,Coimbatore,Tamil Nadu,Tier 2,Coach,72000,5.6,Chennai Super Kings,Ravindra Jadeja,3,TV,No,3300,Brand Website,7,Smart TV,52.2,No
CUST1349,28,Female,Chandigarh,Chandigarh,Tier 1,Working Professional,65000,7.4,Punjab Kings,Shikhar Dhawan,5,JioHotstar,Yes,2900,Amazon,17,Mobile,79.5,Yes
CUST1350,16,Male,Aligarh,Uttar Pradesh,Tier 3,Student,6500,9.4,Royal Challengers Bengaluru,Virat Kohli,7,JioHotstar,Yes,1300,Amazon,34,Mobile,97.5,Yes
CUST1351,31,Male,Hyderabad,Telangana,Tier 1,Working Professional,78000,7.0,Sunrisers Hyderabad,Travis Head,5,JioHotstar,No,2900,Brand Website,13,Laptop,74.0,Yes
CUST1352,38,Female,Bhopal,Madhya Pradesh,Tier 2,Working Professional,68000,6.1,Mumbai Indians,Hardik Pandya,4,TV,No,2200,Flipkart,10,Laptop,62.8,No
CUST1353,22,Male,Meerut,Uttar Pradesh,Tier 2,Student,12500,8.7,Lucknow Super Giants,Nicholas Pooran,6,JioHotstar,Yes,2300,Amazon,25,Mobile,88.6,Yes
CUST1354,47,Male,Jodhpur,Rajasthan,Tier 2,Business,111000,4.5,Rajasthan Royals,Sanju Samson,2,TV,No,1400,Local Store,4,Smart TV,40.8,No
CUST1355,24,Female,Mumbai,Maharashtra,Tier 1,Working Professional,61000,7.8,Mumbai Indians,Suryakumar Yadav,5,JioHotstar,Yes,2700,Amazon,18,Mobile,81.2,Yes
CUST1356,33,Male,Lucknow,Uttar Pradesh,Tier 1,Working Professional,79000,6.7,Lucknow Super Giants,KL Rahul,4,JioHotstar,No,2500,Brand Website,12,Laptop,70.6,No
CUST1357,18,Male,Siliguri,West Bengal,Tier 2,Student,8000,9.3,Kolkata Knight Riders,Andre Russell,7,JioHotstar,Yes,1700,Amazon,32,Mobile,96.3,Yes
CUST1358,41,Female,Warangal,Telangana,Tier 2,Coach,71000,5.7,Sunrisers Hyderabad,Heinrich Klaasen,3,TV,No,3200,Brand Website,7,Smart TV,53.1,No
CUST1359,25,Male,Faridabad,Haryana,Tier 1,Athlete,36000,8.8,Punjab Kings,Arshdeep Singh,6,JioHotstar,Yes,5000,Brand Website,27,Mobile,91.7,Yes
CUST1360,44,Male,Udaipur,Rajasthan,Tier 2,Business,103000,4.9,Rajasthan Royals,Yashasvi Jaiswal,2,TV,No,1600,Local Store,5,Smart TV,44.0,No
CUST1361,27,Female,Thane,Maharashtra,Tier 1,Working Professional,67000,7.5,Mumbai Indians,Rohit Sharma,5,JioHotstar,Yes,2800,Amazon,18,Mobile,80.1,Yes
CUST1362,36,Male,Vijayawada,Andhra Pradesh,Tier 2,Working Professional,67000,6.4,Sunrisers Hyderabad,Pat Cummins,4,JioHotstar,No,2200,Flipkart,11,Laptop,64.5,No
CUST1363,19,Male,Gaya,Bihar,Tier 2,Student,8500,9.1,Chennai Super Kings,MS Dhoni,7,JioHotstar,Yes,1800,Amazon,31,Mobile,95.5,Yes
CUST1364,43,Female,Salem,Tamil Nadu,Tier 2,Business,98000,5.1,Chennai Super Kings,Ravindra Jadeja,2,TV,No,1700,Local Store,5,Smart TV,43.7,No
CUST1365,29,Male,Delhi,Delhi,Tier 1,Working Professional,75000,7.2,Delhi Capitals,Rishabh Pant,5,JioHotstar,Yes,3100,Brand Website,16,Laptop,77.7,Yes
CUST1366,21,Female,Tirupati,Andhra Pradesh,Tier 2,Student,12000,8.6,Sunrisers Hyderabad,Travis Head,6,JioHotstar,Yes,2200,Amazon,25,Mobile,88.4,Yes
CUST1367,34,Male,Noida,Uttar Pradesh,Tier 1,Working Professional,82000,6.8,Lucknow Super Giants,Nicholas Pooran,4,JioHotstar,No,2600,Brand Website,12,Laptop,71.2,No
CUST1368,20,Male,Jamshedpur,Jharkhand,Tier 2,Student,9500,9.2,Kolkata Knight Riders,Rinku Singh,7,JioHotstar,Yes,1900,Amazon,32,Mobile,96.0,Yes
CUST1369,42,Female,Nagpur,Maharashtra,Tier 2,Coach,73000,5.5,Mumbai Indians,Jasprit Bumrah,3,TV,No,3300,Brand Website,7,Smart TV,52.5,No
CUST1370,26,Male,Ahmedabad,Gujarat,Tier 1,Athlete,39000,8.9,Gujarat Titans,Rashid Khan,6,JioHotstar,Yes,5200,Brand Website,28,Mobile,92.6,Yes
CUST1371,30,Female,Kolkata,West Bengal,Tier 1,Working Professional,72000,7.1,Kolkata Knight Riders,Andre Russell,5,JioHotstar,Yes,2700,Amazon,16,Laptop,78.0,Yes
CUST1372,45,Male,Nagpur,Maharashtra,Tier 2,Business,105000,4.8,Mumbai Indians,Suryakumar Yadav,2,TV,No,1500,Local Store,4,Smart TV,42.6,No
CUST1373,22,Male,Patna,Bihar,Tier 2,Student,12000,8.8,Chennai Super Kings,Ruturaj Gaikwad,7,JioHotstar,Yes,2200,Amazon,27,Mobile,91.4,Yes
CUST1374,37,Female,Kochi,Kerala,Tier 2,Working Professional,69000,6.2,Mumbai Indians,Jasprit Bumrah,4,TV,No,2300,Flipkart,10,Laptop,63.3,No
CUST1375,24,Male,Hyderabad,Telangana,Tier 1,Working Professional,58000,8.0,Sunrisers Hyderabad,Pat Cummins,6,JioHotstar,Yes,3200,Amazon,22,Mobile,86.5,Yes
CUST1376,18,Male,Guwahati,Assam,Tier 2,Student,7500,9.4,Royal Challengers Bengaluru,Virat Kohli,7,JioHotstar,Yes,1600,Amazon,34,Mobile,97.4,Yes
CUST1377,39,Female,Indore,Madhya Pradesh,Tier 2,Coach,70000,5.9,Rajasthan Royals,Sanju Samson,3,TV,No,3100,Brand Website,8,Smart TV,53.9,No
CUST1378,27,Male,Mumbai,Maharashtra,Tier 1,Working Professional,73000,7.7,Mumbai Indians,Rohit Sharma,5,JioHotstar,Yes,3000,Amazon,18,Laptop,80.9,Yes
CUST1379,20,Female,Ranchi,Jharkhand,Tier 2,Student,9500,9.0,Kolkata Knight Riders,Sunil Narine,7,JioHotstar,Yes,1900,Amazon,29,Mobile,93.2,Yes
CUST1380,44,Male,Jaipur,Rajasthan,Tier 2,Business,100000,5.1,Rajasthan Royals,Jos Buttler,2,TV,No,1700,Local Store,5,Smart TV,45.0,No
CUST1381,26,Female,Pune,Maharashtra,Tier 1,Working Professional,66000,7.6,Chennai Super Kings,MS Dhoni,5,JioHotstar,Yes,2900,Amazon,18,Mobile,80.7,Yes
CUST1382,32,Male,Bengaluru,Karnataka,Tier 1,Working Professional,80000,6.9,Royal Challengers Bengaluru,Faf du Plessis,4,JioHotstar,No,2600,Brand Website,12,Laptop,72.3,No
CUST1383,17,Male,Kanpur,Uttar Pradesh,Tier 2,Student,7000,9.5,Lucknow Super Giants,KL Rahul,7,JioHotstar,Yes,1500,Amazon,35,Mobile,97.8,Yes
CUST1384,40,Female,Visakhapatnam,Andhra Pradesh,Tier 2,Business,94000,5.3,Sunrisers Hyderabad,Abhishek Sharma,2,TV,No,1800,Local Store,5,Smart TV,46.4,No
CUST1385,23,Male,Delhi,Delhi,Tier 1,Athlete,36000,8.9,Delhi Capitals,Axar Patel,6,JioHotstar,Yes,5000,Brand Website,28,Mobile,92.0,Yes
CUST1386,35,Female,Ahmedabad,Gujarat,Tier 1,Working Professional,74000,6.5,Gujarat Titans,Shubman Gill,4,JioHotstar,No,2400,Flipkart,11,Laptop,69.5,No
CUST1387,19,Male,Dhanbad,Jharkhand,Tier 2,Student,9000,9.2,Kolkata Knight Riders,Rinku Singh,7,JioHotstar,Yes,1800,Amazon,31,Mobile,95.8,Yes
CUST1388,42,Male,Coimbatore,Tamil Nadu,Tier 2,Coach,72000,5.6,Chennai Super Kings,Ravindra Jadeja,3,TV,No,3300,Brand Website,7,Smart TV,52.3,No
CUST1389,28,Female,Chandigarh,Chandigarh,Tier 1,Working Professional,65000,7.4,Punjab Kings,Shikhar Dhawan,5,JioHotstar,Yes,2900,Amazon,17,Mobile,79.6,Yes
CUST1390,16,Male,Aligarh,Uttar Pradesh,Tier 3,Student,6500,9.4,Royal Challengers Bengaluru,Virat Kohli,7,JioHotstar,Yes,1300,Amazon,34,Mobile,97.6,Yes
CUST1391,31,Male,Hyderabad,Telangana,Tier 1,Working Professional,78000,7.0,Sunrisers Hyderabad,Travis Head,5,JioHotstar,No,2900,Brand Website,13,Laptop,74.1,Yes
CUST1392,38,Female,Bhopal,Madhya Pradesh,Tier 2,Working Professional,68000,6.1,Mumbai Indians,Hardik Pandya,4,TV,No,2200,Flipkart,10,Laptop,62.9,No
CUST1393,22,Male,Meerut,Uttar Pradesh,Tier 2,Student,12500,8.7,Lucknow Super Giants,Nicholas Pooran,6,JioHotstar,Yes,2300,Amazon,25,Mobile,88.7,Yes
CUST1394,47,Male,Jodhpur,Rajasthan,Tier 2,Business,111000,4.5,Rajasthan Royals,Sanju Samson,2,TV,No,1400,Local Store,4,Smart TV,40.9,No
CUST1395,24,Female,Mumbai,Maharashtra,Tier 1,Working Professional,61000,7.8,Mumbai Indians,Suryakumar Yadav,5,JioHotstar,Yes,2700,Amazon,18,Mobile,81.3,Yes
CUST1396,33,Male,Lucknow,Uttar Pradesh,Tier 1,Working Professional,79000,6.7,Lucknow Super Giants,KL Rahul,4,JioHotstar,No,2500,Brand Website,12,Laptop,70.7,No
CUST1397,18,Male,Siliguri,West Bengal,Tier 2,Student,8000,9.3,Kolkata Knight Riders,Andre Russell,7,JioHotstar,Yes,1700,Amazon,32,Mobile,96.4,Yes
CUST1398,41,Female,Warangal,Telangana,Tier 2,Coach,71000,5.7,Sunrisers Hyderabad,Heinrich Klaasen,3,TV,No,3200,Brand Website,7,Smart TV,53.2,No
CUST1399,25,Male,Faridabad,Haryana,Tier 1,Athlete,36000,8.8,Punjab Kings,Arshdeep Singh,6,JioHotstar,Yes,5000,Brand Website,27,Mobile,91.8,Yes
CUST1400,44,Male,Udaipur,Rajasthan,Tier 2,Business,103000,4.9,Rajasthan Royals,Yashasvi Jaiswal,2,TV,No,1600,Local Store,5,Smart TV,44.1,No
CUST1401,27,Female,Thane,Maharashtra,Tier 1,Working Professional,67000,7.5,Mumbai Indians,Rohit Sharma,5,JioHotstar,Yes,2800,Amazon,18,Mobile,80.2,Yes
CUST1402,36,Male,Vijayawada,Andhra Pradesh,Tier 2,Working Professional,67000,6.4,Sunrisers Hyderabad,Pat Cummins,4,JioHotstar,No,2200,Flipkart,11,Laptop,64.6,No
CUST1403,19,Male,Gaya,Bihar,Tier 2,Student,8500,9.1,Chennai Super Kings,MS Dhoni,7,JioHotstar,Yes,1800,Amazon,31,Mobile,95.6,Yes
CUST1404,43,Female,Salem,Tamil Nadu,Tier 2,Business,98000,5.1,Chennai Super Kings,Ravindra Jadeja,2,TV,No,1700,Local Store,5,Smart TV,43.8,No
CUST1405,29,Male,Delhi,Delhi,Tier 1,Working Professional,75000,7.2,Delhi Capitals,Rishabh Pant,5,JioHotstar,Yes,3100,Brand Website,16,Laptop,77.8,Yes
CUST1406,21,Female,Tirupati,Andhra Pradesh,Tier 2,Student,12000,8.6,Sunrisers Hyderabad,Travis Head,6,JioHotstar,Yes,2200,Amazon,25,Mobile,88.5,Yes
CUST1407,34,Male,Noida,Uttar Pradesh,Tier 1,Working Professional,82000,6.8,Lucknow Super Giants,Nicholas Pooran,4,JioHotstar,No,2600,Brand Website,12,Laptop,71.3,No
CUST1408,20,Male,Jamshedpur,Jharkhand,Tier 2,Student,9500,9.2,Kolkata Knight Riders,Rinku Singh,7,JioHotstar,Yes,1900,Amazon,32,Mobile,96.1,Yes
CUST1409,42,Female,Nagpur,Maharashtra,Tier 2,Coach,73000,5.5,Mumbai Indians,Jasprit Bumrah,3,TV,No,3300,Brand Website,7,Smart TV,52.6,No
CUST1410,26,Male,Ahmedabad,Gujarat,Tier 1,Athlete,39000,8.9,Gujarat Titans,Rashid Khan,6,JioHotstar,Yes,5200,Brand Website,28,Mobile,92.7,Yes
CUST1411,30,Female,Kolkata,West Bengal,Tier 1,Working Professional,72000,7.1,Kolkata Knight Riders,Andre Russell,5,JioHotstar,Yes,2700,Amazon,16,Laptop,78.1,Yes
CUST1412,45,Male,Nagpur,Maharashtra,Tier 2,Business,105000,4.8,Mumbai Indians,Suryakumar Yadav,2,TV,No,1500,Local Store,4,Smart TV,42.7,No
CUST1413,22,Male,Patna,Bihar,Tier 2,Student,12000,8.8,Chennai Super Kings,Ruturaj Gaikwad,7,JioHotstar,Yes,2200,Amazon,27,Mobile,91.5,Yes
CUST1414,37,Female,Kochi,Kerala,Tier 2,Working Professional,69000,6.2,Mumbai Indians,Jasprit Bumrah,4,TV,No,2300,Flipkart,10,Laptop,63.4,No
CUST1415,24,Male,Hyderabad,Telangana,Tier 1,Working Professional,58000,8.0,Sunrisers Hyderabad,Pat Cummins,6,JioHotstar,Yes,3200,Amazon,22,Mobile,86.6,Yes
CUST1416,18,Male,Guwahati,Assam,Tier 2,Student,7500,9.4,Royal Challengers Bengaluru,Virat Kohli,7,JioHotstar,Yes,1600,Amazon,34,Mobile,97.5,Yes
CUST1417,39,Female,Indore,Madhya Pradesh,Tier 2,Coach,70000,5.9,Rajasthan Royals,Sanju Samson,3,TV,No,3100,Brand Website,8,Smart TV,54.0,No
CUST1418,27,Male,Mumbai,Maharashtra,Tier 1,Working Professional,73000,7.7,Mumbai Indians,Rohit Sharma,5,JioHotstar,Yes,3000,Amazon,18,Laptop,81.0,Yes
CUST1419,20,Female,Ranchi,Jharkhand,Tier 2,Student,9500,9.0,Kolkata Knight Riders,Sunil Narine,7,JioHotstar,Yes,1900,Amazon,29,Mobile,93.3,Yes
CUST1420,44,Male,Jaipur,Rajasthan,Tier 2,Business,100000,5.1,Rajasthan Royals,Jos Buttler,2,TV,No,1700,Local Store,5,Smart TV,45.1,No
CUST1421,26,Female,Pune,Maharashtra,Tier 1,Working Professional,66000,7.6,Chennai Super Kings,MS Dhoni,5,JioHotstar,Yes,2900,Amazon,18,Mobile,80.8,Yes
CUST1422,32,Male,Bengaluru,Karnataka,Tier 1,Working Professional,80000,6.9,Royal Challengers Bengaluru,Faf du Plessis,4,JioHotstar,No,2600,Brand Website,12,Laptop,72.4,No
CUST1423,17,Male,Kanpur,Uttar Pradesh,Tier 2,Student,7000,9.5,Lucknow Super Giants,KL Rahul,7,JioHotstar,Yes,1500,Amazon,35,Mobile,97.9,Yes
CUST1424,40,Female,Visakhapatnam,Andhra Pradesh,Tier 2,Business,94000,5.3,Sunrisers Hyderabad,Abhishek Sharma,2,TV,No,1800,Local Store,5,Smart TV,46.5,No
CUST1425,23,Male,Delhi,Delhi,Tier 1,Athlete,36000,8.9,Delhi Capitals,Axar Patel,6,JioHotstar,Yes,5000,Brand Website,28,Mobile,92.1,Yes
CUST1426,35,Female,Ahmedabad,Gujarat,Tier 1,Working Professional,74000,6.5,Gujarat Titans,Shubman Gill,4,JioHotstar,No,2400,Flipkart,11,Laptop,69.6,No
CUST1427,19,Male,Dhanbad,Jharkhand,Tier 2,Student,9000,9.2,Kolkata Knight Riders,Rinku Singh,7,JioHotstar,Yes,1800,Amazon,31,Mobile,95.9,Yes
CUST1428,42,Male,Coimbatore,Tamil Nadu,Tier 2,Coach,72000,5.6,Chennai Super Kings,Ravindra Jadeja,3,TV,No,3300,Brand Website,7,Smart TV,52.4,No
CUST1429,28,Female,Chandigarh,Chandigarh,Tier 1,Working Professional,65000,7.4,Punjab Kings,Shikhar Dhawan,5,JioHotstar,Yes,2900,Amazon,17,Mobile,79.7,Yes
CUST1430,16,Male,Aligarh,Uttar Pradesh,Tier 3,Student,6500,9.4,Royal Challengers Bengaluru,Virat Kohli,7,JioHotstar,Yes,1300,Amazon,34,Mobile,97.7,Yes
CUST1431,31,Male,Hyderabad,Telangana,Tier 1,Working Professional,78000,7.0,Sunrisers Hyderabad,Travis Head,5,JioHotstar,No,2900,Brand Website,13,Laptop,74.2,Yes
CUST1432,38,Female,Bhopal,Madhya Pradesh,Tier 2,Working Professional,68000,6.1,Mumbai Indians,Hardik Pandya,4,TV,No,2200,Flipkart,10,Laptop,63.0,No
CUST1433,22,Male,Meerut,Uttar Pradesh,Tier 2,Student,12500,8.7,Lucknow Super Giants,Nicholas Pooran,6,JioHotstar,Yes,2300,Amazon,25,Mobile,88.8,Yes
CUST1434,47,Male,Jodhpur,Rajasthan,Tier 2,Business,111000,4.5,Rajasthan Royals,Sanju Samson,2,TV,No,1400,Local Store,4,Smart TV,41.0,No
CUST1435,24,Female,Mumbai,Maharashtra,Tier 1,Working Professional,61000,7.8,Mumbai Indians,Suryakumar Yadav,5,JioHotstar,Yes,2700,Amazon,18,Mobile,81.4,Yes
CUST1436,33,Male,Lucknow,Uttar Pradesh,Tier 1,Working Professional,79000,6.7,Lucknow Super Giants,KL Rahul,4,JioHotstar,No,2500,Brand Website,12,Laptop,70.8,No
CUST1437,18,Male,Siliguri,West Bengal,Tier 2,Student,8000,9.3,Kolkata Knight Riders,Andre Russell,7,JioHotstar,Yes,1700,Amazon,32,Mobile,96.5,Yes
CUST1438,41,Female,Warangal,Telangana,Tier 2,Coach,71000,5.7,Sunrisers Hyderabad,Heinrich Klaasen,3,TV,No,3200,Brand Website,7,Smart TV,53.3,No
CUST1439,25,Male,Faridabad,Haryana,Tier 1,Athlete,36000,8.8,Punjab Kings,Arshdeep Singh,6,JioHotstar,Yes,5000,Brand Website,27,Mobile,91.9,Yes
CUST1440,44,Male,Udaipur,Rajasthan,Tier 2,Business,103000,4.9,Rajasthan Royals,Yashasvi Jaiswal,2,TV,No,1600,Local Store,5,Smart TV,44.2,No
CUST1441,27,Female,Thane,Maharashtra,Tier 1,Working Professional,67000,7.5,Mumbai Indians,Rohit Sharma,5,JioHotstar,Yes,2800,Amazon,18,Mobile,80.3,Yes
CUST1442,36,Male,Vijayawada,Andhra Pradesh,Tier 2,Working Professional,67000,6.4,Sunrisers Hyderabad,Pat Cummins,4,JioHotstar,No,2200,Flipkart,11,Laptop,64.7,No
CUST1443,19,Male,Gaya,Bihar,Tier 2,Student,8500,9.1,Chennai Super Kings,MS Dhoni,7,JioHotstar,Yes,1800,Amazon,31,Mobile,95.7,Yes
CUST1444,43,Female,Salem,Tamil Nadu,Tier 2,Business,98000,5.1,Chennai Super Kings,Ravindra Jadeja,2,TV,No,1700,Local Store,5,Smart TV,43.9,No
CUST1445,29,Male,Delhi,Delhi,Tier 1,Working Professional,75000,7.2,Delhi Capitals,Rishabh Pant,5,JioHotstar,Yes,3100,Brand Website,16,Laptop,77.9,Yes
CUST1446,21,Female,Tirupati,Andhra Pradesh,Tier 2,Student,12000,8.6,Sunrisers Hyderabad,Travis Head,6,JioHotstar,Yes,2200,Amazon,25,Mobile,88.6,Yes
CUST1447,34,Male,Noida,Uttar Pradesh,Tier 1,Working Professional,82000,6.8,Lucknow Super Giants,Nicholas Pooran,4,JioHotstar,No,2600,Brand Website,12,Laptop,71.4,No
CUST1448,20,Male,Jamshedpur,Jharkhand,Tier 2,Student,9500,9.2,Kolkata Knight Riders,Rinku Singh,7,JioHotstar,Yes,1900,Amazon,32,Mobile,96.2,Yes
CUST1449,42,Female,Nagpur,Maharashtra,Tier 2,Coach,73000,5.5,Mumbai Indians,Jasprit Bumrah,3,TV,No,3300,Brand Website,7,Smart TV,52.7,No
CUST1450,26,Male,Ahmedabad,Gujarat,Tier 1,Athlete,39000,8.9,Gujarat Titans,Rashid Khan,6,JioHotstar,Yes,5200,Brand Website,28,Mobile,92.8,Yes
CUST1451,30,Female,Kolkata,West Bengal,Tier 1,Working Professional,72000,7.1,Kolkata Knight Riders,Andre Russell,5,JioHotstar,Yes,2700,Amazon,16,Laptop,78.2,Yes
CUST1452,45,Male,Nagpur,Maharashtra,Tier 2,Business,105000,4.8,Mumbai Indians,Suryakumar Yadav,2,TV,No,1500,Local Store,4,Smart TV,42.8,No
CUST1453,22,Male,Patna,Bihar,Tier 2,Student,12000,8.8,Chennai Super Kings,Ruturaj Gaikwad,7,JioHotstar,Yes,2200,Amazon,27,Mobile,91.6,Yes
CUST1454,37,Female,Kochi,Kerala,Tier 2,Working Professional,69000,6.2,Mumbai Indians,Jasprit Bumrah,4,TV,No,2300,Flipkart,10,Laptop,63.5,No
CUST1455,24,Male,Hyderabad,Telangana,Tier 1,Working Professional,58000,8.0,Sunrisers Hyderabad,Pat Cummins,6,JioHotstar,Yes,3200,Amazon,22,Mobile,86.7,Yes
CUST1456,18,Male,Guwahati,Assam,Tier 2,Student,7500,9.4,Royal Challengers Bengaluru,Virat Kohli,7,JioHotstar,Yes,1600,Amazon,34,Mobile,97.6,Yes
CUST1457,39,Female,Indore,Madhya Pradesh,Tier 2,Coach,70000,5.9,Rajasthan Royals,Sanju Samson,3,TV,No,3100,Brand Website,8,Smart TV,54.1,No
CUST1458,27,Male,Mumbai,Maharashtra,Tier 1,Working Professional,73000,7.7,Mumbai Indians,Rohit Sharma,5,JioHotstar,Yes,3000,Amazon,18,Laptop,81.1,Yes
CUST1459,20,Female,Ranchi,Jharkhand,Tier 2,Student,9500,9.0,Kolkata Knight Riders,Sunil Narine,7,JioHotstar,Yes,1900,Amazon,29,Mobile,93.4,Yes
CUST1460,44,Male,Jaipur,Rajasthan,Tier 2,Business,100000,5.1,Rajasthan Royals,Jos Buttler,2,TV,No,1700,Local Store,5,Smart TV,45.2,No
CUST1461,26,Female,Pune,Maharashtra,Tier 1,Working Professional,66000,7.6,Chennai Super Kings,MS Dhoni,5,JioHotstar,Yes,2900,Amazon,18,Mobile,80.9,Yes
CUST1462,32,Male,Bengaluru,Karnataka,Tier 1,Working Professional,80000,6.9,Royal Challengers Bengaluru,Faf du Plessis,4,JioHotstar,No,2600,Brand Website,12,Laptop,72.5,No
CUST1463,17,Male,Kanpur,Uttar Pradesh,Tier 2,Student,7000,9.5,Lucknow Super Giants,KL Rahul,7,JioHotstar,Yes,1500,Amazon,35,Mobile,98.0,Yes
CUST1464,40,Female,Visakhapatnam,Andhra Pradesh,Tier 2,Business,94000,5.3,Sunrisers Hyderabad,Abhishek Sharma,2,TV,No,1800,Local Store,5,Smart TV,46.6,No
CUST1465,23,Male,Delhi,Delhi,Tier 1,Athlete,36000,8.9,Delhi Capitals,Axar Patel,6,JioHotstar,Yes,5000,Brand Website,28,Mobile,92.2,Yes
CUST1466,35,Female,Ahmedabad,Gujarat,Tier 1,Working Professional,74000,6.5,Gujarat Titans,Shubman Gill,4,JioHotstar,No,2400,Flipkart,11,Laptop,69.7,No
CUST1467,19,Male,Dhanbad,Jharkhand,Tier 2,Student,9000,9.2,Kolkata Knight Riders,Rinku Singh,7,JioHotstar,Yes,1800,Amazon,31,Mobile,96.0,Yes
CUST1468,42,Male,Coimbatore,Tamil Nadu,Tier 2,Coach,72000,5.6,Chennai Super Kings,Ravindra Jadeja,3,TV,No,3300,Brand Website,7,Smart TV,52.5,No
CUST1469,28,Female,Chandigarh,Chandigarh,Tier 1,Working Professional,65000,7.4,Punjab Kings,Shikhar Dhawan,5,JioHotstar,Yes,2900,Amazon,17,Mobile,79.8,Yes
CUST1470,16,Male,Aligarh,Uttar Pradesh,Tier 3,Student,6500,9.4,Royal Challengers Bengaluru,Virat Kohli,7,JioHotstar,Yes,1300,Amazon,34,Mobile,97.8,Yes
CUST1471,31,Male,Hyderabad,Telangana,Tier 1,Working Professional,78000,7.0,Sunrisers Hyderabad,Travis Head,5,JioHotstar,No,2900,Brand Website,13,Laptop,74.3,Yes
CUST1472,38,Female,Bhopal,Madhya Pradesh,Tier 2,Working Professional,68000,6.1,Mumbai Indians,Hardik Pandya,4,TV,No,2200,Flipkart,10,Laptop,63.1,No
CUST1473,22,Male,Meerut,Uttar Pradesh,Tier 2,Student,12500,8.7,Lucknow Super Giants,Nicholas Pooran,6,JioHotstar,Yes,2300,Amazon,25,Mobile,88.9,Yes
CUST1474,47,Male,Jodhpur,Rajasthan,Tier 2,Business,111000,4.5,Rajasthan Royals,Sanju Samson,2,TV,No,1400,Local Store,4,Smart TV,41.1,No
CUST1475,24,Female,Mumbai,Maharashtra,Tier 1,Working Professional,61000,7.8,Mumbai Indians,Suryakumar Yadav,5,JioHotstar,Yes,2700,Amazon,18,Mobile,81.5,Yes
CUST1476,33,Male,Lucknow,Uttar Pradesh,Tier 1,Working Professional,79000,6.7,Lucknow Super Giants,KL Rahul,4,JioHotstar,No,2500,Brand Website,12,Laptop,70.9,No
CUST1477,18,Male,Siliguri,West Bengal,Tier 2,Student,8000,9.3,Kolkata Knight Riders,Andre Russell,7,JioHotstar,Yes,1700,Amazon,32,Mobile,96.6,Yes
CUST1478,41,Female,Warangal,Telangana,Tier 2,Coach,71000,5.7,Sunrisers Hyderabad,Heinrich Klaasen,3,TV,No,3200,Brand Website,7,Smart TV,53.4,No
CUST1479,25,Male,Faridabad,Haryana,Tier 1,Athlete,36000,8.8,Punjab Kings,Arshdeep Singh,6,JioHotstar,Yes,5000,Brand Website,27,Mobile,92.0,Yes
CUST1480,44,Male,Udaipur,Rajasthan,Tier 2,Business,103000,4.9,Rajasthan Royals,Yashasvi Jaiswal,2,TV,No,1600,Local Store,5,Smart TV,44.3,No
CUST1481,27,Female,Thane,Maharashtra,Tier 1,Working Professional,67000,7.5,Mumbai Indians,Rohit Sharma,5,JioHotstar,Yes,2800,Amazon,18,Mobile,80.4,Yes
CUST1482,36,Male,Vijayawada,Andhra Pradesh,Tier 2,Working Professional,67000,6.4,Sunrisers Hyderabad,Pat Cummins,4,JioHotstar,No,2200,Flipkart,11,Laptop,64.8,No
CUST1483,19,Male,Gaya,Bihar,Tier 2,Student,8500,9.1,Chennai Super Kings,MS Dhoni,7,JioHotstar,Yes,1800,Amazon,31,Mobile,95.8,Yes
CUST1484,43,Female,Salem,Tamil Nadu,Tier 2,Business,98000,5.1,Chennai Super Kings,Ravindra Jadeja,2,TV,No,1700,Local Store,5,Smart TV,44.0,No
CUST1485,29,Male,Delhi,Delhi,Tier 1,Working Professional,75000,7.2,Delhi Capitals,Rishabh Pant,5,JioHotstar,Yes,3100,Brand Website,16,Laptop,78.0,Yes
CUST1486,21,Female,Tirupati,Andhra Pradesh,Tier 2,Student,12000,8.6,Sunrisers Hyderabad,Travis Head,6,JioHotstar,Yes,2200,Amazon,25,Mobile,88.7,Yes
CUST1487,34,Male,Noida,Uttar Pradesh,Tier 1,Working Professional,82000,6.8,Lucknow Super Giants,Nicholas Pooran,4,JioHotstar,No,2600,Brand Website,12,Laptop,71.5,No
CUST1488,20,Male,Jamshedpur,Jharkhand,Tier 2,Student,9500,9.2,Kolkata Knight Riders,Rinku Singh,7,JioHotstar,Yes,1900,Amazon,32,Mobile,96.3,Yes
CUST1489,42,Female,Nagpur,Maharashtra,Tier 2,Coach,73000,5.5,Mumbai Indians,Jasprit Bumrah,3,TV,No,3300,Brand Website,7,Smart TV,52.8,No
CUST1490,26,Male,Ahmedabad,Gujarat,Tier 1,Athlete,39000,8.9,Gujarat Titans,Rashid Khan,6,JioHotstar,Yes,5200,Brand Website,28,Mobile,92.9,Yes
CUST1491,30,Female,Kolkata,West Bengal,Tier 1,Working Professional,72000,7.1,Kolkata Knight Riders,Andre Russell,5,JioHotstar,Yes,2700,Amazon,16,Laptop,78.3,Yes
CUST1492,45,Male,Nagpur,Maharashtra,Tier 2,Business,105000,4.8,Mumbai Indians,Suryakumar Yadav,2,TV,No,1500,Local Store,4,Smart TV,42.9,No
CUST1493,22,Male,Patna,Bihar,Tier 2,Student,12000,8.8,Chennai Super Kings,Ruturaj Gaikwad,7,JioHotstar,Yes,2200,Amazon,27,Mobile,91.7,Yes
CUST1494,37,Female,Kochi,Kerala,Tier 2,Working Professional,69000,6.2,Mumbai Indians,Jasprit Bumrah,4,TV,No,2300,Flipkart,10,Laptop,63.6,No
CUST1495,24,Male,Hyderabad,Telangana,Tier 1,Working Professional,58000,8.0,Sunrisers Hyderabad,Pat Cummins,6,JioHotstar,Yes,3200,Amazon,22,Mobile,86.8,Yes
CUST1496,18,Male,Guwahati,Assam,Tier 2,Student,7500,9.4,Royal Challengers Bengaluru,Virat Kohli,7,JioHotstar,Yes,1600,Amazon,34,Mobile,97.7,Yes
CUST1497,39,Female,Indore,Madhya Pradesh,Tier 2,Coach,70000,5.9,Rajasthan Royals,Sanju Samson,3,TV,No,3100,Brand Website,8,Smart TV,54.2,No
CUST1498,27,Male,Mumbai,Maharashtra,Tier 1,Working Professional,73000,7.7,Mumbai Indians,Rohit Sharma,5,JioHotstar,Yes,3000,Amazon,18,Laptop,81.2,Yes
CUST1499,20,Female,Ranchi,Jharkhand,Tier 2,Student,9500,9.0,Kolkata Knight Riders,Sunil Narine,7,JioHotstar,Yes,1900,Amazon,29,Mobile,93.5,Yes
CUST1500,44,Male,Jaipur,Rajasthan,Tier 2,Business,100000,5.1,Rajasthan Royals,Jos Buttler,2,TV,No,1700,Local Store,5,Smart TV,45.3,No
CUST1501,27,Female,Pune,Maharashtra,Tier 1,Working Professional,67000,7.5,Chennai Super Kings,MS Dhoni,5,JioHotstar,Yes,3000,Amazon,19,Mobile,81.3,Yes
CUST1502,33,Male,Bengaluru,Karnataka,Tier 1,Working Professional,81000,6.8,Royal Challengers Bengaluru,Virat Kohli,4,JioHotstar,No,2700,Brand Website,13,Laptop,72.6,No
CUST1503,18,Male,Kanpur,Uttar Pradesh,Tier 2,Student,7500,9.6,Lucknow Super Giants,KL Rahul,7,JioHotstar,Yes,1600,Amazon,36,Mobile,98.1,Yes
CUST1504,41,Female,Visakhapatnam,Andhra Pradesh,Tier 2,Business,95000,5.4,Sunrisers Hyderabad,Pat Cummins,2,TV,No,1900,Local Store,5,Smart TV,46.7,No
CUST1505,24,Male,Delhi,Delhi,Tier 1,Athlete,37000,9.0,Delhi Capitals,Rishabh Pant,6,JioHotstar,Yes,5100,Brand Website,29,Mobile,92.3,Yes
CUST1506,36,Female,Ahmedabad,Gujarat,Tier 1,Working Professional,75000,6.4,Gujarat Titans,Shubman Gill,4,JioHotstar,No,2500,Flipkart,11,Laptop,69.8,No
CUST1507,20,Male,Dhanbad,Jharkhand,Tier 2,Student,9500,9.1,Kolkata Knight Riders,Rinku Singh,7,JioHotstar,Yes,1900,Amazon,32,Mobile,96.1,Yes
CUST1508,43,Male,Coimbatore,Tamil Nadu,Tier 2,Coach,73000,5.7,Chennai Super Kings,Ravindra Jadeja,3,TV,No,3400,Brand Website,8,Smart TV,52.6,No
CUST1509,29,Female,Chandigarh,Chandigarh,Tier 1,Working Professional,66000,7.3,Punjab Kings,Arshdeep Singh,5,JioHotstar,Yes,3000,Amazon,18,Mobile,79.9,Yes
CUST1510,17,Male,Aligarh,Uttar Pradesh,Tier 3,Student,7000,9.5,Royal Challengers Bengaluru,Virat Kohli,7,JioHotstar,Yes,1400,Amazon,35,Mobile,97.9,Yes
CUST1511,32,Male,Hyderabad,Telangana,Tier 1,Working Professional,79000,7.1,Sunrisers Hyderabad,Travis Head,5,JioHotstar,No,3000,Brand Website,14,Laptop,74.4,Yes
CUST1512,39,Female,Bhopal,Madhya Pradesh,Tier 2,Working Professional,69000,6.0,Mumbai Indians,Hardik Pandya,4,TV,No,2300,Flipkart,10,Laptop,63.2,No
CUST1513,23,Male,Meerut,Uttar Pradesh,Tier 2,Student,13000,8.8,Lucknow Super Giants,Nicholas Pooran,6,JioHotstar,Yes,2400,Amazon,26,Mobile,89.0,Yes
CUST1514,48,Male,Jodhpur,Rajasthan,Tier 2,Business,112000,4.4,Rajasthan Royals,Sanju Samson,2,TV,No,1500,Local Store,4,Smart TV,41.2,No
CUST1515,25,Female,Mumbai,Maharashtra,Tier 1,Working Professional,62000,7.9,Mumbai Indians,Suryakumar Yadav,5,JioHotstar,Yes,2800,Amazon,19,Mobile,81.6,Yes
CUST1516,34,Male,Lucknow,Uttar Pradesh,Tier 1,Working Professional,80000,6.6,Lucknow Super Giants,KL Rahul,4,JioHotstar,No,2600,Brand Website,12,Laptop,71.0,No
CUST1517,19,Male,Siliguri,West Bengal,Tier 2,Student,8500,9.4,Kolkata Knight Riders,Andre Russell,7,JioHotstar,Yes,1800,Amazon,33,Mobile,96.7,Yes
CUST1518,42,Female,Warangal,Telangana,Tier 2,Coach,72000,5.6,Sunrisers Hyderabad,Heinrich Klaasen,3,TV,No,3300,Brand Website,8,Smart TV,53.5,No
CUST1519,26,Male,Faridabad,Haryana,Tier 1,Athlete,38000,8.9,Punjab Kings,Shikhar Dhawan,6,JioHotstar,Yes,5100,Brand Website,28,Mobile,92.2,Yes
CUST1520,45,Male,Udaipur,Rajasthan,Tier 2,Business,104000,4.8,Rajasthan Royals,Yashasvi Jaiswal,2,TV,No,1700,Local Store,5,Smart TV,44.4,No
CUST1521,28,Female,Thane,Maharashtra,Tier 1,Working Professional,68000,7.4,Mumbai Indians,Rohit Sharma,5,JioHotstar,Yes,2900,Amazon,19,Mobile,80.5,Yes
CUST1522,37,Male,Vijayawada,Andhra Pradesh,Tier 2,Working Professional,68000,6.3,Sunrisers Hyderabad,Pat Cummins,4,JioHotstar,No,2300,Flipkart,11,Laptop,65.0,No
CUST1523,20,Male,Gaya,Bihar,Tier 2,Student,9000,9.2,Chennai Super Kings,MS Dhoni,7,JioHotstar,Yes,1900,Amazon,32,Mobile,96.0,Yes
CUST1524,44,Female,Salem,Tamil Nadu,Tier 2,Business,99000,5.0,Chennai Super Kings,Ravindra Jadeja,2,TV,No,1800,Local Store,5,Smart TV,44.1,No
CUST1525,30,Male,Delhi,Delhi,Tier 1,Working Professional,76000,7.3,Delhi Capitals,Rishabh Pant,5,JioHotstar,Yes,3200,Brand Website,17,Laptop,78.1,Yes
CUST1526,22,Female,Tirupati,Andhra Pradesh,Tier 2,Student,12500,8.7,Sunrisers Hyderabad,Travis Head,6,JioHotstar,Yes,2300,Amazon,26,Mobile,89.1,Yes
CUST1527,35,Male,Noida,Uttar Pradesh,Tier 1,Working Professional,83000,6.9,Lucknow Super Giants,Nicholas Pooran,4,JioHotstar,No,2700,Brand Website,13,Laptop,71.6,No
CUST1528,21,Male,Jamshedpur,Jharkhand,Tier 2,Student,10000,9.3,Kolkata Knight Riders,Rinku Singh,7,JioHotstar,Yes,2000,Amazon,33,Mobile,96.5,Yes
CUST1529,43,Female,Nagpur,Maharashtra,Tier 2,Coach,74000,5.4,Mumbai Indians,Jasprit Bumrah,3,TV,No,3400,Brand Website,8,Smart TV,53.0,No
CUST1530,27,Male,Ahmedabad,Gujarat,Tier 1,Athlete,40000,9.0,Gujarat Titans,Rashid Khan,6,JioHotstar,Yes,5300,Brand Website,29,Mobile,93.0,Yes
CUST1531,31,Female,Kolkata,West Bengal,Tier 1,Working Professional,73000,7.2,Kolkata Knight Riders,Andre Russell,5,JioHotstar,Yes,2800,Amazon,17,Laptop,78.4,Yes
CUST1532,46,Male,Nagpur,Maharashtra,Tier 2,Business,106000,4.7,Mumbai Indians,Suryakumar Yadav,2,TV,No,1600,Local Store,4,Smart TV,43.0,No
CUST1533,23,Male,Patna,Bihar,Tier 2,Student,12500,8.9,Chennai Super Kings,Ruturaj Gaikwad,7,JioHotstar,Yes,2300,Amazon,28,Mobile,92.0,Yes
CUST1534,38,Female,Kochi,Kerala,Tier 2,Working Professional,70000,6.1,Mumbai Indians,Jasprit Bumrah,4,TV,No,2400,Flipkart,10,Laptop,63.8,No
CUST1535,25,Male,Hyderabad,Telangana,Tier 1,Working Professional,59000,8.1,Sunrisers Hyderabad,Pat Cummins,6,JioHotstar,Yes,3300,Amazon,23,Mobile,87.0,Yes
CUST1536,19,Male,Guwahati,Assam,Tier 2,Student,8000,9.5,Royal Challengers Bengaluru,Virat Kohli,7,JioHotstar,Yes,1700,Amazon,35,Mobile,98.0,Yes
CUST1537,40,Female,Indore,Madhya Pradesh,Tier 2,Coach,71000,5.8,Rajasthan Royals,Sanju Samson,3,TV,No,3200,Brand Website,8,Smart TV,54.3,No
CUST1538,28,Male,Mumbai,Maharashtra,Tier 1,Working Professional,74000,7.8,Mumbai Indians,Rohit Sharma,5,JioHotstar,Yes,3100,Amazon,19,Laptop,81.5,Yes
CUST1539,21,Female,Ranchi,Jharkhand,Tier 2,Student,10000,9.1,Kolkata Knight Riders,Sunil Narine,7,JioHotstar,Yes,2000,Amazon,30,Mobile,93.8,Yes
CUST1540,45,Male,Jaipur,Rajasthan,Tier 2,Business,101000,5.0,Rajasthan Royals,Jos Buttler,2,TV,No,1800,Local Store,5,Smart TV,45.5,No
CUST1541,27,Female,Pune,Maharashtra,Tier 1,Working Professional,67000,7.5,Chennai Super Kings,MS Dhoni,5,JioHotstar,Yes,3000,Amazon,19,Mobile,81.4,Yes
CUST1542,33,Male,Bengaluru,Karnataka,Tier 1,Working Professional,81000,6.8,Royal Challengers Bengaluru,Virat Kohli,4,JioHotstar,No,2700,Brand Website,13,Laptop,72.7,No
CUST1543,18,Male,Kanpur,Uttar Pradesh,Tier 2,Student,7500,9.6,Lucknow Super Giants,KL Rahul,7,JioHotstar,Yes,1600,Amazon,36,Mobile,98.2,Yes
CUST1544,41,Female,Visakhapatnam,Andhra Pradesh,Tier 2,Business,95000,5.4,Sunrisers Hyderabad,Pat Cummins,2,TV,No,1900,Local Store,5,Smart TV,46.8,No
CUST1545,24,Male,Delhi,Delhi,Tier 1,Athlete,37000,9.0,Delhi Capitals,Rishabh Pant,6,JioHotstar,Yes,5100,Brand Website,29,Mobile,92.4,Yes
CUST1546,36,Female,Ahmedabad,Gujarat,Tier 1,Working Professional,75000,6.4,Gujarat Titans,Shubman Gill,4,JioHotstar,No,2500,Flipkart,11,Laptop,69.9,No
CUST1547,20,Male,Dhanbad,Jharkhand,Tier 2,Student,9500,9.1,Kolkata Knight Riders,Rinku Singh,7,JioHotstar,Yes,1900,Amazon,32,Mobile,96.2,Yes
CUST1548,43,Male,Coimbatore,Tamil Nadu,Tier 2,Coach,73000,5.7,Chennai Super Kings,Ravindra Jadeja,3,TV,No,3400,Brand Website,8,Smart TV,52.7,No
CUST1549,29,Female,Chandigarh,Chandigarh,Tier 1,Working Professional,66000,7.3,Punjab Kings,Arshdeep Singh,5,JioHotstar,Yes,3000,Amazon,18,Mobile,80.0,Yes
CUST1550,17,Male,Aligarh,Uttar Pradesh,Tier 3,Student,7000,9.5,Royal Challengers Bengaluru,Virat Kohli,7,JioHotstar,Yes,1400,Amazon,35,Mobile,98.0,Yes
CUST1551,32,Male,Hyderabad,Telangana,Tier 1,Working Professional,79000,7.1,Sunrisers Hyderabad,Travis Head,5,JioHotstar,No,3000,Brand Website,14,Laptop,74.5,Yes
CUST1552,39,Female,Bhopal,Madhya Pradesh,Tier 2,Working Professional,69000,6.0,Mumbai Indians,Hardik Pandya,4,TV,No,2300,Flipkart,10,Laptop,63.3,No
CUST1553,23,Male,Meerut,Uttar Pradesh,Tier 2,Student,13000,8.8,Lucknow Super Giants,Nicholas Pooran,6,JioHotstar,Yes,2400,Amazon,26,Mobile,89.1,Yes
CUST1554,48,Male,Jodhpur,Rajasthan,Tier 2,Business,112000,4.4,Rajasthan Royals,Sanju Samson,2,TV,No,1500,Local Store,4,Smart TV,41.3,No
CUST1555,25,Female,Mumbai,Maharashtra,Tier 1,Working Professional,62000,7.9,Mumbai Indians,Suryakumar Yadav,5,JioHotstar,Yes,2800,Amazon,19,Mobile,81.7,Yes
CUST1556,34,Male,Lucknow,Uttar Pradesh,Tier 1,Working Professional,80000,6.6,Lucknow Super Giants,KL Rahul,4,JioHotstar,No,2600,Brand Website,12,Laptop,71.1,No
CUST1557,19,Male,Siliguri,West Bengal,Tier 2,Student,8500,9.4,Kolkata Knight Riders,Andre Russell,7,JioHotstar,Yes,1800,Amazon,33,Mobile,96.8,Yes
CUST1558,42,Female,Warangal,Telangana,Tier 2,Coach,72000,5.6,Sunrisers Hyderabad,Heinrich Klaasen,3,TV,No,3300,Brand Website,8,Smart TV,53.6,No
CUST1559,26,Male,Faridabad,Haryana,Tier 1,Athlete,38000,8.9,Punjab Kings,Shikhar Dhawan,6,JioHotstar,Yes,5100,Brand Website,28,Mobile,92.3,Yes
CUST1560,45,Male,Udaipur,Rajasthan,Tier 2,Business,104000,4.8,Rajasthan Royals,Yashasvi Jaiswal,2,TV,No,1700,Local Store,5,Smart TV,44.5,No
CUST1561,28,Female,Thane,Maharashtra,Tier 1,Working Professional,68000,7.4,Mumbai Indians,Rohit Sharma,5,JioHotstar,Yes,2900,Amazon,19,Mobile,80.6,Yes
CUST1562,37,Male,Vijayawada,Andhra Pradesh,Tier 2,Working Professional,68000,6.3,Sunrisers Hyderabad,Pat Cummins,4,JioHotstar,No,2300,Flipkart,11,Laptop,65.1,No
CUST1563,20,Male,Gaya,Bihar,Tier 2,Student,9000,9.2,Chennai Super Kings,MS Dhoni,7,JioHotstar,Yes,1900,Amazon,32,Mobile,96.1,Yes
CUST1564,44,Female,Salem,Tamil Nadu,Tier 2,Business,99000,5.0,Chennai Super Kings,Ravindra Jadeja,2,TV,No,1800,Local Store,5,Smart TV,44.2,No
CUST1565,30,Male,Delhi,Delhi,Tier 1,Working Professional,76000,7.3,Delhi Capitals,Rishabh Pant,5,JioHotstar,Yes,3200,Brand Website,17,Laptop,78.2,Yes
CUST1566,22,Female,Tirupati,Andhra Pradesh,Tier 2,Student,12500,8.7,Sunrisers Hyderabad,Travis Head,6,JioHotstar,Yes,2300,Amazon,26,Mobile,89.2,Yes
CUST1567,35,Male,Noida,Uttar Pradesh,Tier 1,Working Professional,83000,6.9,Lucknow Super Giants,Nicholas Pooran,4,JioHotstar,No,2700,Brand Website,13,Laptop,71.7,No
CUST1568,21,Male,Jamshedpur,Jharkhand,Tier 2,Student,10000,9.3,Kolkata Knight Riders,Rinku Singh,7,JioHotstar,Yes,2000,Amazon,33,Mobile,96.6,Yes
CUST1569,43,Female,Nagpur,Maharashtra,Tier 2,Coach,74000,5.4,Mumbai Indians,Jasprit Bumrah,3,TV,No,3400,Brand Website,8,Smart TV,53.1,No
CUST1570,27,Male,Ahmedabad,Gujarat,Tier 1,Athlete,40000,9.0,Gujarat Titans,Rashid Khan,6,JioHotstar,Yes,5300,Brand Website,29,Mobile,93.1,Yes
CUST1571,31,Female,Kolkata,West Bengal,Tier 1,Working Professional,73000,7.2,Kolkata Knight Riders,Andre Russell,5,JioHotstar,Yes,2800,Amazon,17,Laptop,78.5,Yes
CUST1572,46,Male,Nagpur,Maharashtra,Tier 2,Business,106000,4.7,Mumbai Indians,Suryakumar Yadav,2,TV,No,1600,Local Store,4,Smart TV,43.1,No
CUST1573,23,Male,Patna,Bihar,Tier 2,Student,12500,8.9,Chennai Super Kings,Ruturaj Gaikwad,7,JioHotstar,Yes,2300,Amazon,28,Mobile,92.1,Yes
CUST1574,38,Female,Kochi,Kerala,Tier 2,Working Professional,70000,6.1,Mumbai Indians,Jasprit Bumrah,4,TV,No,2400,Flipkart,10,Laptop,63.9,No
CUST1575,25,Male,Hyderabad,Telangana,Tier 1,Working Professional,59000,8.1,Sunrisers Hyderabad,Pat Cummins,6,JioHotstar,Yes,3300,Amazon,23,Mobile,87.1,Yes
CUST1576,19,Male,Guwahati,Assam,Tier 2,Student,8000,9.5,Royal Challengers Bengaluru,Virat Kohli,7,JioHotstar,Yes,1700,Amazon,35,Mobile,98.1,Yes
CUST1577,40,Female,Indore,Madhya Pradesh,Tier 2,Coach,71000,5.8,Rajasthan Royals,Sanju Samson,3,TV,No,3200,Brand Website,8,Smart TV,54.4,No
CUST1578,28,Male,Mumbai,Maharashtra,Tier 1,Working Professional,74000,7.8,Mumbai Indians,Rohit Sharma,5,JioHotstar,Yes,3100,Amazon,19,Laptop,81.6,Yes
CUST1579,21,Female,Ranchi,Jharkhand,Tier 2,Student,10000,9.1,Kolkata Knight Riders,Sunil Narine,7,JioHotstar,Yes,2000,Amazon,30,Mobile,93.9,Yes
CUST1580,45,Male,Jaipur,Rajasthan,Tier 2,Business,101000,5.0,Rajasthan Royals,Jos Buttler,2,TV,No,1800,Local Store,5,Smart TV,45.6,No
CUST1581,27,Female,Pune,Maharashtra,Tier 1,Working Professional,67000,7.5,Chennai Super Kings,MS Dhoni,5,JioHotstar,Yes,3000,Amazon,19,Mobile,81.5,Yes
CUST1582,33,Male,Bengaluru,Karnataka,Tier 1,Working Professional,81000,6.8,Royal Challengers Bengaluru,Virat Kohli,4,JioHotstar,No,2700,Brand Website,13,Laptop,72.8,No
CUST1583,18,Male,Kanpur,Uttar Pradesh,Tier 2,Student,7500,9.6,Lucknow Super Giants,KL Rahul,7,JioHotstar,Yes,1600,Amazon,36,Mobile,98.3,Yes
CUST1584,41,Female,Visakhapatnam,Andhra Pradesh,Tier 2,Business,95000,5.4,Sunrisers Hyderabad,Pat Cummins,2,TV,No,1900,Local Store,5,Smart TV,46.9,No
CUST1585,24,Male,Delhi,Delhi,Tier 1,Athlete,37000,9.0,Delhi Capitals,Rishabh Pant,6,JioHotstar,Yes,5100,Brand Website,29,Mobile,92.5,Yes
CUST1586,36,Female,Ahmedabad,Gujarat,Tier 1,Working Professional,75000,6.4,Gujarat Titans,Shubman Gill,4,JioHotstar,No,2500,Flipkart,11,Laptop,70.0,No
CUST1587,20,Male,Dhanbad,Jharkhand,Tier 2,Student,9500,9.1,Kolkata Knight Riders,Rinku Singh,7,JioHotstar,Yes,1900,Amazon,32,Mobile,96.3,Yes
CUST1588,43,Male,Coimbatore,Tamil Nadu,Tier 2,Coach,73000,5.7,Chennai Super Kings,Ravindra Jadeja,3,TV,No,3400,Brand Website,8,Smart TV,52.8,No
CUST1589,29,Female,Chandigarh,Chandigarh,Tier 1,Working Professional,66000,7.3,Punjab Kings,Arshdeep Singh,5,JioHotstar,Yes,3000,Amazon,18,Mobile,80.1,Yes
CUST1590,17,Male,Aligarh,Uttar Pradesh,Tier 3,Student,7000,9.5,Royal Challengers Bengaluru,Virat Kohli,7,JioHotstar,Yes,1400,Amazon,35,Mobile,98.1,Yes
CUST1591,32,Male,Hyderabad,Telangana,Tier 1,Working Professional,79000,7.1,Sunrisers Hyderabad,Travis Head,5,JioHotstar,No,3000,Brand Website,14,Laptop,74.6,Yes
CUST1592,39,Female,Bhopal,Madhya Pradesh,Tier 2,Working Professional,69000,6.0,Mumbai Indians,Hardik Pandya,4,TV,No,2300,Flipkart,10,Laptop,63.4,No
CUST1593,23,Male,Meerut,Uttar Pradesh,Tier 2,Student,13000,8.8,Lucknow Super Giants,Nicholas Pooran,6,JioHotstar,Yes,2400,Amazon,26,Mobile,89.2,Yes
CUST1594,48,Male,Jodhpur,Rajasthan,Tier 2,Business,112000,4.4,Rajasthan Royals,Sanju Samson,2,TV,No,1500,Local Store,4,Smart TV,41.4,No
CUST1595,25,Female,Mumbai,Maharashtra,Tier 1,Working Professional,62000,7.9,Mumbai Indians,Suryakumar Yadav,5,JioHotstar,Yes,2800,Amazon,19,Mobile,81.8,Yes
CUST1596,34,Male,Lucknow,Uttar Pradesh,Tier 1,Working Professional,80000,6.6,Lucknow Super Giants,KL Rahul,4,JioHotstar,No,2600,Brand Website,12,Laptop,71.2,No
CUST1597,19,Male,Siliguri,West Bengal,Tier 2,Student,8500,9.4,Kolkata Knight Riders,Andre Russell,7,JioHotstar,Yes,1800,Amazon,33,Mobile,96.9,Yes
CUST1598,42,Female,Warangal,Telangana,Tier 2,Coach,72000,5.6,Sunrisers Hyderabad,Heinrich Klaasen,3,TV,No,3300,Brand Website,8,Smart TV,53.7,No
CUST1599,26,Male,Faridabad,Haryana,Tier 1,Athlete,38000,8.9,Punjab Kings,Shikhar Dhawan,6,JioHotstar,Yes,5100,Brand Website,28,Mobile,92.4,Yes
CUST1600,45,Male,Udaipur,Rajasthan,Tier 2,Business,104000,4.8,Rajasthan Royals,Yashasvi Jaiswal,2,TV,No,1700,Local Store,5,Smart TV,44.6,No
CUST1601,28,Female,Thane,Maharashtra,Tier 1,Working Professional,68000,7.4,Mumbai Indians,Rohit Sharma,5,JioHotstar,Yes,2900,Amazon,19,Mobile,80.7,Yes
CUST1602,37,Male,Vijayawada,Andhra Pradesh,Tier 2,Working Professional,68000,6.3,Sunrisers Hyderabad,Pat Cummins,4,JioHotstar,No,2300,Flipkart,11,Laptop,65.2,No
CUST1603,20,Male,Gaya,Bihar,Tier 2,Student,9000,9.2,Chennai Super Kings,MS Dhoni,7,JioHotstar,Yes,1900,Amazon,32,Mobile,96.2,Yes
CUST1604,44,Female,Salem,Tamil Nadu,Tier 2,Business,99000,5.0,Chennai Super Kings,Ravindra Jadeja,2,TV,No,1800,Local Store,5,Smart TV,44.3,No
CUST1605,30,Male,Delhi,Delhi,Tier 1,Working Professional,76000,7.3,Delhi Capitals,Rishabh Pant,5,JioHotstar,Yes,3200,Brand Website,17,Laptop,78.3,Yes
CUST1606,22,Female,Tirupati,Andhra Pradesh,Tier 2,Student,12500,8.7,Sunrisers Hyderabad,Travis Head,6,JioHotstar,Yes,2300,Amazon,26,Mobile,89.3,Yes
CUST1607,35,Male,Noida,Uttar Pradesh,Tier 1,Working Professional,83000,6.9,Lucknow Super Giants,Nicholas Pooran,4,JioHotstar,No,2700,Brand Website,13,Laptop,71.8,No
CUST1608,21,Male,Jamshedpur,Jharkhand,Tier 2,Student,10000,9.3,Kolkata Knight Riders,Rinku Singh,7,JioHotstar,Yes,2000,Amazon,33,Mobile,96.7,Yes
CUST1609,43,Female,Nagpur,Maharashtra,Tier 2,Coach,74000,5.4,Mumbai Indians,Jasprit Bumrah,3,TV,No,3400,Brand Website,8,Smart TV,53.2,No
CUST1610,27,Male,Ahmedabad,Gujarat,Tier 1,Athlete,40000,9.0,Gujarat Titans,Rashid Khan,6,JioHotstar,Yes,5300,Brand Website,29,Mobile,93.2,Yes
CUST1611,31,Female,Kolkata,West Bengal,Tier 1,Working Professional,73000,7.2,Kolkata Knight Riders,Andre Russell,5,JioHotstar,Yes,2800,Amazon,17,Laptop,78.6,Yes
CUST1612,46,Male,Nagpur,Maharashtra,Tier 2,Business,106000,4.7,Mumbai Indians,Suryakumar Yadav,2,TV,No,1600,Local Store,4,Smart TV,43.2,No
CUST1613,23,Male,Patna,Bihar,Tier 2,Student,12500,8.9,Chennai Super Kings,Ruturaj Gaikwad,7,JioHotstar,Yes,2300,Amazon,28,Mobile,92.2,Yes
CUST1614,38,Female,Kochi,Kerala,Tier 2,Working Professional,70000,6.1,Mumbai Indians,Jasprit Bumrah,4,TV,No,2400,Flipkart,10,Laptop,64.0,No
CUST1615,25,Male,Hyderabad,Telangana,Tier 1,Working Professional,59000,8.1,Sunrisers Hyderabad,Pat Cummins,6,JioHotstar,Yes,3300,Amazon,23,Mobile,87.2,Yes
CUST1616,19,Male,Guwahati,Assam,Tier 2,Student,8000,9.5,Royal Challengers Bengaluru,Virat Kohli,7,JioHotstar,Yes,1700,Amazon,35,Mobile,98.2,Yes
CUST1617,40,Female,Indore,Madhya Pradesh,Tier 2,Coach,71000,5.8,Rajasthan Royals,Sanju Samson,3,TV,No,3200,Brand Website,8,Smart TV,54.5,No
CUST1618,28,Male,Mumbai,Maharashtra,Tier 1,Working Professional,74000,7.8,Mumbai Indians,Rohit Sharma,5,JioHotstar,Yes,3100,Amazon,19,Laptop,81.7,Yes
CUST1619,21,Female,Ranchi,Jharkhand,Tier 2,Student,10000,9.1,Kolkata Knight Riders,Sunil Narine,7,JioHotstar,Yes,2000,Amazon,30,Mobile,94.0,Yes
CUST1620,45,Male,Jaipur,Rajasthan,Tier 2,Business,101000,5.0,Rajasthan Royals,Jos Buttler,2,TV,No,1800,Local Store,5,Smart TV,45.7,No
CUST1621,27,Female,Pune,Maharashtra,Tier 1,Working Professional,67000,7.5,Chennai Super Kings,MS Dhoni,5,JioHotstar,Yes,3000,Amazon,19,Mobile,81.6,Yes
CUST1622,33,Male,Bengaluru,Karnataka,Tier 1,Working Professional,81000,6.8,Royal Challengers Bengaluru,Virat Kohli,4,JioHotstar,No,2700,Brand Website,13,Laptop,72.9,No
CUST1623,18,Male,Kanpur,Uttar Pradesh,Tier 2,Student,7500,9.6,Lucknow Super Giants,KL Rahul,7,JioHotstar,Yes,1600,Amazon,36,Mobile,98.4,Yes
CUST1624,41,Female,Visakhapatnam,Andhra Pradesh,Tier 2,Business,95000,5.4,Sunrisers Hyderabad,Pat Cummins,2,TV,No,1900,Local Store,5,Smart TV,47.0,No
CUST1625,24,Male,Delhi,Delhi,Tier 1,Athlete,37000,9.0,Delhi Capitals,Rishabh Pant,6,JioHotstar,Yes,5100,Brand Website,29,Mobile,92.6,Yes
CUST1626,36,Female,Ahmedabad,Gujarat,Tier 1,Working Professional,75000,6.4,Gujarat Titans,Shubman Gill,4,JioHotstar,No,2500,Flipkart,11,Laptop,70.1,No
CUST1627,20,Male,Dhanbad,Jharkhand,Tier 2,Student,9500,9.1,Kolkata Knight Riders,Rinku Singh,7,JioHotstar,Yes,1900,Amazon,32,Mobile,96.4,Yes
CUST1628,43,Male,Coimbatore,Tamil Nadu,Tier 2,Coach,73000,5.7,Chennai Super Kings,Ravindra Jadeja,3,TV,No,3400,Brand Website,8,Smart TV,52.9,No
CUST1629,29,Female,Chandigarh,Chandigarh,Tier 1,Working Professional,66000,7.3,Punjab Kings,Arshdeep Singh,5,JioHotstar,Yes,3000,Amazon,18,Mobile,80.2,Yes
CUST1630,17,Male,Aligarh,Uttar Pradesh,Tier 3,Student,7000,9.5,Royal Challengers Bengaluru,Virat Kohli,7,JioHotstar,Yes,1400,Amazon,35,Mobile,98.2,Yes
CUST1631,32,Male,Hyderabad,Telangana,Tier 1,Working Professional,79000,7.1,Sunrisers Hyderabad,Travis Head,5,JioHotstar,No,3000,Brand Website,14,Laptop,74.7,Yes
CUST1632,39,Female,Bhopal,Madhya Pradesh,Tier 2,Working Professional,69000,6.0,Mumbai Indians,Hardik Pandya,4,TV,No,2300,Flipkart,10,Laptop,63.5,No
CUST1633,23,Male,Meerut,Uttar Pradesh,Tier 2,Student,13000,8.8,Lucknow Super Giants,Nicholas Pooran,6,JioHotstar,Yes,2400,Amazon,26,Mobile,89.3,Yes
CUST1634,48,Male,Jodhpur,Rajasthan,Tier 2,Business,112000,4.4,Rajasthan Royals,Sanju Samson,2,TV,No,1500,Local Store,4,Smart TV,41.5,No
CUST1635,25,Female,Mumbai,Maharashtra,Tier 1,Working Professional,62000,7.9,Mumbai Indians,Suryakumar Yadav,5,JioHotstar,Yes,2800,Amazon,19,Mobile,81.9,Yes
CUST1636,34,Male,Lucknow,Uttar Pradesh,Tier 1,Working Professional,80000,6.6,Lucknow Super Giants,KL Rahul,4,JioHotstar,No,2600,Brand Website,12,Laptop,71.3,No
CUST1637,19,Male,Siliguri,West Bengal,Tier 2,Student,8500,9.4,Kolkata Knight Riders,Andre Russell,7,JioHotstar,Yes,1800,Amazon,33,Mobile,97.0,Yes
CUST1638,42,Female,Warangal,Telangana,Tier 2,Coach,72000,5.6,Sunrisers Hyderabad,Heinrich Klaasen,3,TV,No,3300,Brand Website,8,Smart TV,53.8,No
CUST1639,26,Male,Faridabad,Haryana,Tier 1,Athlete,38000,8.9,Punjab Kings,Shikhar Dhawan,6,JioHotstar,Yes,5100,Brand Website,28,Mobile,92.5,Yes
CUST1640,45,Male,Udaipur,Rajasthan,Tier 2,Business,104000,4.8,Rajasthan Royals,Yashasvi Jaiswal,2,TV,No,1700,Local Store,5,Smart TV,44.7,No
CUST1641,28,Female,Thane,Maharashtra,Tier 1,Working Professional,68000,7.4,Mumbai Indians,Rohit Sharma,5,JioHotstar,Yes,2900,Amazon,19,Mobile,80.8,Yes
CUST1642,37,Male,Vijayawada,Andhra Pradesh,Tier 2,Working Professional,68000,6.3,Sunrisers Hyderabad,Pat Cummins,4,JioHotstar,No,2300,Flipkart,11,Laptop,65.3,No
CUST1643,20,Male,Gaya,Bihar,Tier 2,Student,9000,9.2,Chennai Super Kings,MS Dhoni,7,JioHotstar,Yes,1900,Amazon,32,Mobile,96.3,Yes
CUST1644,44,Female,Salem,Tamil Nadu,Tier 2,Business,99000,5.0,Chennai Super Kings,Ravindra Jadeja,2,TV,No,1800,Local Store,5,Smart TV,44.4,No
CUST1645,30,Male,Delhi,Delhi,Tier 1,Working Professional,76000,7.3,Delhi Capitals,Rishabh Pant,5,JioHotstar,Yes,3200,Brand Website,17,Laptop,78.4,Yes
CUST1646,22,Female,Tirupati,Andhra Pradesh,Tier 2,Student,12500,8.7,Sunrisers Hyderabad,Travis Head,6,JioHotstar,Yes,2300,Amazon,26,Mobile,89.4,Yes
CUST1647,35,Male,Noida,Uttar Pradesh,Tier 1,Working Professional,83000,6.9,Lucknow Super Giants,Nicholas Pooran,4,JioHotstar,No,2700,Brand Website,13,Laptop,71.9,No
CUST1648,21,Male,Jamshedpur,Jharkhand,Tier 2,Student,10000,9.3,Kolkata Knight Riders,Rinku Singh,7,JioHotstar,Yes,2000,Amazon,33,Mobile,96.8,Yes
CUST1649,43,Female,Nagpur,Maharashtra,Tier 2,Coach,74000,5.4,Mumbai Indians,Jasprit Bumrah,3,TV,No,3400,Brand Website,8,Smart TV,53.3,No
CUST1650,27,Male,Ahmedabad,Gujarat,Tier 1,Athlete,40000,9.0,Gujarat Titans,Rashid Khan,6,JioHotstar,Yes,5300,Brand Website,29,Mobile,93.3,Yes
CUST1651,31,Female,Kolkata,West Bengal,Tier 1,Working Professional,73000,7.2,Kolkata Knight Riders,Andre Russell,5,JioHotstar,Yes,2800,Amazon,17,Laptop,78.7,Yes
CUST1652,46,Male,Nagpur,Maharashtra,Tier 2,Business,106000,4.7,Mumbai Indians,Suryakumar Yadav,2,TV,No,1600,Local Store,4,Smart TV,43.3,No
CUST1653,23,Male,Patna,Bihar,Tier 2,Student,12500,8.9,Chennai Super Kings,Ruturaj Gaikwad,7,JioHotstar,Yes,2300,Amazon,28,Mobile,92.3,Yes
CUST1654,38,Female,Kochi,Kerala,Tier 2,Working Professional,70000,6.1,Mumbai Indians,Jasprit Bumrah,4,TV,No,2400,Flipkart,10,Laptop,64.1,No
CUST1655,25,Male,Hyderabad,Telangana,Tier 1,Working Professional,59000,8.1,Sunrisers Hyderabad,Pat Cummins,6,JioHotstar,Yes,3300,Amazon,23,Mobile,87.3,Yes
CUST1656,19,Male,Guwahati,Assam,Tier 2,Student,8000,9.5,Royal Challengers Bengaluru,Virat Kohli,7,JioHotstar,Yes,1700,Amazon,35,Mobile,98.3,Yes
CUST1657,40,Female,Indore,Madhya Pradesh,Tier 2,Coach,71000,5.8,Rajasthan Royals,Sanju Samson,3,TV,No,3200,Brand Website,8,Smart TV,54.6,No
CUST1658,28,Male,Mumbai,Maharashtra,Tier 1,Working Professional,74000,7.8,Mumbai Indians,Rohit Sharma,5,JioHotstar,Yes,3100,Amazon,19,Laptop,81.8,Yes
CUST1659,21,Female,Ranchi,Jharkhand,Tier 2,Student,10000,9.1,Kolkata Knight Riders,Sunil Narine,7,JioHotstar,Yes,2000,Amazon,30,Mobile,94.1,Yes
CUST1660,45,Male,Jaipur,Rajasthan,Tier 2,Business,101000,5.0,Rajasthan Royals,Jos Buttler,2,TV,No,1800,Local Store,5,Smart TV,45.8,No
CUST1661,27,Female,Pune,Maharashtra,Tier 1,Working Professional,67000,7.5,Chennai Super Kings,MS Dhoni,5,JioHotstar,Yes,3000,Amazon,19,Mobile,81.7,Yes
CUST1662,33,Male,Bengaluru,Karnataka,Tier 1,Working Professional,81000,6.8,Royal Challengers Bengaluru,Virat Kohli,4,JioHotstar,No,2700,Brand Website,13,Laptop,73.0,No
CUST1663,18,Male,Kanpur,Uttar Pradesh,Tier 2,Student,7500,9.6,Lucknow Super Giants,KL Rahul,7,JioHotstar,Yes,1600,Amazon,36,Mobile,98.5,Yes
CUST1664,41,Female,Visakhapatnam,Andhra Pradesh,Tier 2,Business,95000,5.4,Sunrisers Hyderabad,Pat Cummins,2,TV,No,1900,Local Store,5,Smart TV,47.1,No
CUST1665,24,Male,Delhi,Delhi,Tier 1,Athlete,37000,9.0,Delhi Capitals,Rishabh Pant,6,JioHotstar,Yes,5100,Brand Website,29,Mobile,92.7,Yes
CUST1666,36,Female,Ahmedabad,Gujarat,Tier 1,Working Professional,75000,6.4,Gujarat Titans,Shubman Gill,4,JioHotstar,No,2500,Flipkart,11,Laptop,70.2,No
CUST1667,20,Male,Dhanbad,Jharkhand,Tier 2,Student,9500,9.1,Kolkata Knight Riders,Rinku Singh,7,JioHotstar,Yes,1900,Amazon,32,Mobile,96.5,Yes
CUST1668,43,Male,Coimbatore,Tamil Nadu,Tier 2,Coach,73000,5.7,Chennai Super Kings,Ravindra Jadeja,3,TV,No,3400,Brand Website,8,Smart TV,53.0,No
CUST1669,29,Female,Chandigarh,Chandigarh,Tier 1,Working Professional,66000,7.3,Punjab Kings,Arshdeep Singh,5,JioHotstar,Yes,3000,Amazon,18,Mobile,80.3,Yes
CUST1670,17,Male,Aligarh,Uttar Pradesh,Tier 3,Student,7000,9.5,Royal Challengers Bengaluru,Virat Kohli,7,JioHotstar,Yes,1400,Amazon,35,Mobile,98.3,Yes
CUST1671,32,Male,Hyderabad,Telangana,Tier 1,Working Professional,79000,7.1,Sunrisers Hyderabad,Travis Head,5,JioHotstar,No,3000,Brand Website,14,Laptop,74.8,Yes
CUST1672,39,Female,Bhopal,Madhya Pradesh,Tier 2,Working Professional,69000,6.0,Mumbai Indians,Hardik Pandya,4,TV,No,2300,Flipkart,10,Laptop,63.6,No
CUST1673,23,Male,Meerut,Uttar Pradesh,Tier 2,Student,13000,8.8,Lucknow Super Giants,Nicholas Pooran,6,JioHotstar,Yes,2400,Amazon,26,Mobile,89.4,Yes
CUST1674,48,Male,Jodhpur,Rajasthan,Tier 2,Business,112000,4.4,Rajasthan Royals,Sanju Samson,2,TV,No,1500,Local Store,4,Smart TV,41.6,No
CUST1675,25,Female,Mumbai,Maharashtra,Tier 1,Working Professional,62000,7.9,Mumbai Indians,Suryakumar Yadav,5,JioHotstar,Yes,2800,Amazon,19,Mobile,82.0,Yes
CUST1676,34,Male,Lucknow,Uttar Pradesh,Tier 1,Working Professional,80000,6.6,Lucknow Super Giants,KL Rahul,4,JioHotstar,No,2600,Brand Website,12,Laptop,71.4,No
CUST1677,19,Male,Siliguri,West Bengal,Tier 2,Student,8500,9.4,Kolkata Knight Riders,Andre Russell,7,JioHotstar,Yes,1800,Amazon,33,Mobile,97.1,Yes
CUST1678,42,Female,Warangal,Telangana,Tier 2,Coach,72000,5.6,Sunrisers Hyderabad,Heinrich Klaasen,3,TV,No,3300,Brand Website,8,Smart TV,53.9,No
CUST1679,26,Male,Faridabad,Haryana,Tier 1,Athlete,38000,8.9,Punjab Kings,Shikhar Dhawan,6,JioHotstar,Yes,5100,Brand Website,28,Mobile,92.6,Yes
CUST1680,45,Male,Udaipur,Rajasthan,Tier 2,Business,104000,4.8,Rajasthan Royals,Yashasvi Jaiswal,2,TV,No,1700,Local Store,5,Smart TV,44.8,No
CUST1681,28,Female,Thane,Maharashtra,Tier 1,Working Professional,68000,7.4,Mumbai Indians,Rohit Sharma,5,JioHotstar,Yes,2900,Amazon,19,Mobile,80.9,Yes
CUST1682,37,Male,Vijayawada,Andhra Pradesh,Tier 2,Working Professional,68000,6.3,Sunrisers Hyderabad,Pat Cummins,4,JioHotstar,No,2300,Flipkart,11,Laptop,65.4,No
CUST1683,20,Male,Gaya,Bihar,Tier 2,Student,9000,9.2,Chennai Super Kings,MS Dhoni,7,JioHotstar,Yes,1900,Amazon,32,Mobile,96.4,Yes
CUST1684,44,Female,Salem,Tamil Nadu,Tier 2,Business,99000,5.0,Chennai Super Kings,Ravindra Jadeja,2,TV,No,1800,Local Store,5,Smart TV,44.5,No
CUST1685,30,Male,Delhi,Delhi,Tier 1,Working Professional,76000,7.3,Delhi Capitals,Rishabh Pant,5,JioHotstar,Yes,3200,Brand Website,17,Laptop,78.5,Yes
CUST1686,22,Female,Tirupati,Andhra Pradesh,Tier 2,Student,12500,8.7,Sunrisers Hyderabad,Travis Head,6,JioHotstar,Yes,2300,Amazon,26,Mobile,89.5,Yes
CUST1687,35,Male,Noida,Uttar Pradesh,Tier 1,Working Professional,83000,6.9,Lucknow Super Giants,Nicholas Pooran,4,JioHotstar,No,2700,Brand Website,13,Laptop,72.0,No
CUST1688,21,Male,Jamshedpur,Jharkhand,Tier 2,Student,10000,9.3,Kolkata Knight Riders,Rinku Singh,7,JioHotstar,Yes,2000,Amazon,33,Mobile,96.9,Yes
CUST1689,43,Female,Nagpur,Maharashtra,Tier 2,Coach,74000,5.4,Mumbai Indians,Jasprit Bumrah,3,TV,No,3400,Brand Website,8,Smart TV,53.4,No
CUST1690,27,Male,Ahmedabad,Gujarat,Tier 1,Athlete,40000,9.0,Gujarat Titans,Rashid Khan,6,JioHotstar,Yes,5300,Brand Website,29,Mobile,93.4,Yes
CUST1691,31,Female,Kolkata,West Bengal,Tier 1,Working Professional,73000,7.2,Kolkata Knight Riders,Andre Russell,5,JioHotstar,Yes,2800,Amazon,17,Laptop,78.8,Yes
CUST1692,46,Male,Nagpur,Maharashtra,Tier 2,Business,106000,4.7,Mumbai Indians,Suryakumar Yadav,2,TV,No,1600,Local Store,4,Smart TV,43.4,No
CUST1693,23,Male,Patna,Bihar,Tier 2,Student,12500,8.9,Chennai Super Kings,Ruturaj Gaikwad,7,JioHotstar,Yes,2300,Amazon,28,Mobile,92.4,Yes
CUST1694,38,Female,Kochi,Kerala,Tier 2,Working Professional,70000,6.1,Mumbai Indians,Jasprit Bumrah,4,TV,No,2400,Flipkart,10,Laptop,64.2,No
CUST1695,25,Male,Hyderabad,Telangana,Tier 1,Working Professional,59000,8.1,Sunrisers Hyderabad,Pat Cummins,6,JioHotstar,Yes,3300,Amazon,23,Mobile,87.4,Yes
CUST1696,19,Male,Guwahati,Assam,Tier 2,Student,8000,9.5,Royal Challengers Bengaluru,Virat Kohli,7,JioHotstar,Yes,1700,Amazon,35,Mobile,98.4,Yes
CUST1697,40,Female,Indore,Madhya Pradesh,Tier 2,Coach,71000,5.8,Rajasthan Royals,Sanju Samson,3,TV,No,3200,Brand Website,8,Smart TV,54.7,No
CUST1698,28,Male,Mumbai,Maharashtra,Tier 1,Working Professional,74000,7.8,Mumbai Indians,Rohit Sharma,5,JioHotstar,Yes,3100,Amazon,19,Laptop,81.9,Yes
CUST1699,21,Female,Ranchi,Jharkhand,Tier 2,Student,10000,9.1,Kolkata Knight Riders,Sunil Narine,7,JioHotstar,Yes,2000,Amazon,30,Mobile,94.2,Yes
CUST1700,45,Male,Jaipur,Rajasthan,Tier 2,Business,101000,5.0,Rajasthan Royals,Jos Buttler,2,TV,No,1800,Local Store,5,Smart TV,45.9,No
CUST1701,26,Female,Pune,Maharashtra,Tier 1,Working Professional,67500,7.6,Chennai Super Kings,MS Dhoni,5,JioHotstar,Yes,3050,Amazon,19,Mobile,81.8,Yes
CUST1702,34,Male,Bengaluru,Karnataka,Tier 1,Working Professional,82000,6.9,Royal Challengers Bengaluru,Virat Kohli,4,JioHotstar,No,2750,Brand Website,13,Laptop,73.1,No
CUST1703,18,Male,Kanpur,Uttar Pradesh,Tier 2,Student,7600,9.7,Lucknow Super Giants,KL Rahul,7,JioHotstar,Yes,1650,Amazon,37,Mobile,98.6,Yes
CUST1704,42,Female,Visakhapatnam,Andhra Pradesh,Tier 2,Business,96000,5.3,Sunrisers Hyderabad,Pat Cummins,2,TV,No,1950,Local Store,5,Smart TV,47.2,No
CUST1705,24,Male,Delhi,Delhi,Tier 1,Athlete,38000,9.1,Delhi Capitals,Rishabh Pant,6,JioHotstar,Yes,5200,Brand Website,30,Mobile,92.8,Yes
CUST1706,37,Female,Ahmedabad,Gujarat,Tier 1,Working Professional,76000,6.5,Gujarat Titans,Shubman Gill,4,JioHotstar,No,2550,Flipkart,12,Laptop,70.3,No
CUST1707,20,Male,Dhanbad,Jharkhand,Tier 2,Student,9800,9.2,Kolkata Knight Riders,Rinku Singh,7,JioHotstar,Yes,1950,Amazon,33,Mobile,96.6,Yes
CUST1708,44,Male,Coimbatore,Tamil Nadu,Tier 2,Coach,73500,5.8,Chennai Super Kings,Ravindra Jadeja,3,TV,No,3450,Brand Website,8,Smart TV,53.2,No
CUST1709,29,Female,Chandigarh,Chandigarh,Tier 1,Working Professional,66500,7.4,Punjab Kings,Arshdeep Singh,5,JioHotstar,Yes,3050,Amazon,18,Mobile,80.4,Yes
CUST1710,17,Male,Aligarh,Uttar Pradesh,Tier 3,Student,7200,9.6,Royal Challengers Bengaluru,Virat Kohli,7,JioHotstar,Yes,1450,Amazon,36,Mobile,98.4,Yes
CUST1711,33,Male,Hyderabad,Telangana,Tier 1,Working Professional,79500,7.2,Sunrisers Hyderabad,Travis Head,5,JioHotstar,No,3050,Brand Website,14,Laptop,75.0,Yes
CUST1712,40,Female,Bhopal,Madhya Pradesh,Tier 2,Working Professional,70000,6.1,Mumbai Indians,Hardik Pandya,4,TV,No,2350,Flipkart,10,Laptop,64.0,No
CUST1713,23,Male,Meerut,Uttar Pradesh,Tier 2,Student,13200,8.9,Lucknow Super Giants,Nicholas Pooran,6,JioHotstar,Yes,2450,Amazon,27,Mobile,89.8,Yes
CUST1714,48,Male,Jodhpur,Rajasthan,Tier 2,Business,113000,4.5,Rajasthan Royals,Sanju Samson,2,TV,No,1550,Local Store,4,Smart TV,41.8,No
CUST1715,25,Female,Mumbai,Maharashtra,Tier 1,Working Professional,62500,8.0,Mumbai Indians,Suryakumar Yadav,5,JioHotstar,Yes,2850,Amazon,20,Mobile,82.2,Yes
CUST1716,35,Male,Lucknow,Uttar Pradesh,Tier 1,Working Professional,81000,6.7,Lucknow Super Giants,KL Rahul,4,JioHotstar,No,2650,Brand Website,12,Laptop,71.8,No
CUST1717,19,Male,Siliguri,West Bengal,Tier 2,Student,8700,9.5,Kolkata Knight Riders,Andre Russell,7,JioHotstar,Yes,1850,Amazon,34,Mobile,97.3,Yes
CUST1718,43,Female,Warangal,Telangana,Tier 2,Coach,72500,5.7,Sunrisers Hyderabad,Heinrich Klaasen,3,TV,No,3350,Brand Website,8,Smart TV,54.1,No
CUST1719,26,Male,Faridabad,Haryana,Tier 1,Athlete,39000,9.0,Punjab Kings,Shikhar Dhawan,6,JioHotstar,Yes,5200,Brand Website,29,Mobile,92.9,Yes
CUST1720,46,Male,Udaipur,Rajasthan,Tier 2,Business,105000,4.9,Rajasthan Royals,Yashasvi Jaiswal,2,TV,No,1750,Local Store,5,Smart TV,45.0,No
CUST1721,28,Female,Thane,Maharashtra,Tier 1,Working Professional,69000,7.5,Mumbai Indians,Rohit Sharma,5,JioHotstar,Yes,2950,Amazon,19,Mobile,81.1,Yes
CUST1722,38,Male,Vijayawada,Andhra Pradesh,Tier 2,Working Professional,69000,6.4,Sunrisers Hyderabad,Pat Cummins,4,JioHotstar,No,2350,Flipkart,11,Laptop,65.8,No
CUST1723,20,Male,Gaya,Bihar,Tier 2,Student,9200,9.3,Chennai Super Kings,MS Dhoni,7,JioHotstar,Yes,1950,Amazon,33,Mobile,96.7,Yes
CUST1724,45,Female,Salem,Tamil Nadu,Tier 2,Business,100000,5.1,Chennai Super Kings,Ravindra Jadeja,2,TV,No,1850,Local Store,5,Smart TV,44.9,No
CUST1725,31,Male,Delhi,Delhi,Tier 1,Working Professional,77000,7.4,Delhi Capitals,Rishabh Pant,5,JioHotstar,Yes,3250,Brand Website,18,Laptop,79.0,Yes
CUST1726,22,Female,Tirupati,Andhra Pradesh,Tier 2,Student,12800,8.8,Sunrisers Hyderabad,Travis Head,6,JioHotstar,Yes,2350,Amazon,27,Mobile,90.0,Yes
CUST1727,36,Male,Noida,Uttar Pradesh,Tier 1,Working Professional,84000,7.0,Lucknow Super Giants,Nicholas Pooran,4,JioHotstar,No,2750,Brand Website,13,Laptop,72.5,No
CUST1728,21,Male,Jamshedpur,Jharkhand,Tier 2,Student,10200,9.4,Kolkata Knight Riders,Rinku Singh,7,JioHotstar,Yes,2050,Amazon,34,Mobile,97.1,Yes
CUST1729,44,Female,Nagpur,Maharashtra,Tier 2,Coach,75000,5.5,Mumbai Indians,Jasprit Bumrah,3,TV,No,3450,Brand Website,8,Smart TV,53.8,No
CUST1730,27,Male,Ahmedabad,Gujarat,Tier 1,Athlete,41000,9.1,Gujarat Titans,Rashid Khan,6,JioHotstar,Yes,5400,Brand Website,30,Mobile,93.8,Yes
CUST1731,32,Female,Kolkata,West Bengal,Tier 1,Working Professional,74000,7.3,Kolkata Knight Riders,Andre Russell,5,JioHotstar,Yes,2850,Amazon,18,Laptop,79.3,Yes
CUST1732,47,Male,Nagpur,Maharashtra,Tier 2,Business,107000,4.8,Mumbai Indians,Suryakumar Yadav,2,TV,No,1650,Local Store,4,Smart TV,43.9,No
CUST1733,24,Male,Patna,Bihar,Tier 2,Student,12800,9.0,Chennai Super Kings,Ruturaj Gaikwad,7,JioHotstar,Yes,2350,Amazon,29,Mobile,92.8,Yes
CUST1734,39,Female,Kochi,Kerala,Tier 2,Working Professional,71000,6.2,Mumbai Indians,Jasprit Bumrah,4,TV,No,2450,Flipkart,10,Laptop,64.7,No
CUST1735,26,Male,Hyderabad,Telangana,Tier 1,Working Professional,60000,8.2,Sunrisers Hyderabad,Pat Cummins,6,JioHotstar,Yes,3400,Amazon,24,Mobile,87.9,Yes
CUST1736,19,Male,Guwahati,Assam,Tier 2,Student,8200,9.6,Royal Challengers Bengaluru,Virat Kohli,7,JioHotstar,Yes,1750,Amazon,36,Mobile,98.7,Yes
CUST1737,41,Female,Indore,Madhya Pradesh,Tier 2,Coach,72000,5.9,Rajasthan Royals,Sanju Samson,3,TV,No,3250,Brand Website,8,Smart TV,55.0,No
CUST1738,29,Male,Mumbai,Maharashtra,Tier 1,Working Professional,75000,7.9,Mumbai Indians,Rohit Sharma,5,JioHotstar,Yes,3150,Amazon,20,Laptop,82.4,Yes
CUST1739,21,Female,Ranchi,Jharkhand,Tier 2,Student,10300,9.2,Kolkata Knight Riders,Sunil Narine,7,JioHotstar,Yes,2050,Amazon,31,Mobile,94.8,Yes
CUST1740,46,Male,Jaipur,Rajasthan,Tier 2,Business,102000,5.1,Rajasthan Royals,Jos Buttler,2,TV,No,1850,Local Store,5,Smart TV,46.4,No
CUST1741,26,Female,Pune,Maharashtra,Tier 1,Working Professional,67500,7.6,Chennai Super Kings,MS Dhoni,5,JioHotstar,Yes,3050,Amazon,19,Mobile,81.9,Yes
CUST1742,34,Male,Bengaluru,Karnataka,Tier 1,Working Professional,82000,6.9,Royal Challengers Bengaluru,Virat Kohli,4,JioHotstar,No,2750,Brand Website,13,Laptop,73.2,No
CUST1743,18,Male,Kanpur,Uttar Pradesh,Tier 2,Student,7600,9.7,Lucknow Super Giants,KL Rahul,7,JioHotstar,Yes,1650,Amazon,37,Mobile,98.7,Yes
CUST1744,42,Female,Visakhapatnam,Andhra Pradesh,Tier 2,Business,96000,5.3,Sunrisers Hyderabad,Pat Cummins,2,TV,No,1950,Local Store,5,Smart TV,47.3,No
CUST1745,24,Male,Delhi,Delhi,Tier 1,Athlete,38000,9.1,Delhi Capitals,Rishabh Pant,6,JioHotstar,Yes,5200,Brand Website,30,Mobile,92.9,Yes
CUST1746,37,Female,Ahmedabad,Gujarat,Tier 1,Working Professional,76000,6.5,Gujarat Titans,Shubman Gill,4,JioHotstar,No,2550,Flipkart,12,Laptop,70.4,No
CUST1747,20,Male,Dhanbad,Jharkhand,Tier 2,Student,9800,9.2,Kolkata Knight Riders,Rinku Singh,7,JioHotstar,Yes,1950,Amazon,33,Mobile,96.7,Yes
CUST1748,44,Male,Coimbatore,Tamil Nadu,Tier 2,Coach,73500,5.8,Chennai Super Kings,Ravindra Jadeja,3,TV,No,3450,Brand Website,8,Smart TV,53.3,No
CUST1749,29,Female,Chandigarh,Chandigarh,Tier 1,Working Professional,66500,7.4,Punjab Kings,Arshdeep Singh,5,JioHotstar,Yes,3050,Amazon,18,Mobile,80.5,Yes
CUST1750,17,Male,Aligarh,Uttar Pradesh,Tier 3,Student,7200,9.6,Royal Challengers Bengaluru,Virat Kohli,7,JioHotstar,Yes,1450,Amazon,36,Mobile,98.5,Yes
CUST1751,33,Male,Hyderabad,Telangana,Tier 1,Working Professional,79500,7.2,Sunrisers Hyderabad,Travis Head,5,JioHotstar,No,3050,Brand Website,14,Laptop,75.1,Yes
CUST1752,40,Female,Bhopal,Madhya Pradesh,Tier 2,Working Professional,70000,6.1,Mumbai Indians,Hardik Pandya,4,TV,No,2350,Flipkart,10,Laptop,64.1,No
CUST1753,23,Male,Meerut,Uttar Pradesh,Tier 2,Student,13200,8.9,Lucknow Super Giants,Nicholas Pooran,6,JioHotstar,Yes,2450,Amazon,27,Mobile,89.9,Yes
CUST1754,48,Male,Jodhpur,Rajasthan,Tier 2,Business,113000,4.5,Rajasthan Royals,Sanju Samson,2,TV,No,1550,Local Store,4,Smart TV,41.9,No
CUST1755,25,Female,Mumbai,Maharashtra,Tier 1,Working Professional,62500,8.0,Mumbai Indians,Suryakumar Yadav,5,JioHotstar,Yes,2850,Amazon,20,Mobile,82.3,Yes
CUST1756,35,Male,Lucknow,Uttar Pradesh,Tier 1,Working Professional,81000,6.7,Lucknow Super Giants,KL Rahul,4,JioHotstar,No,2650,Brand Website,12,Laptop,71.9,No
CUST1757,19,Male,Siliguri,West Bengal,Tier 2,Student,8700,9.5,Kolkata Knight Riders,Andre Russell,7,JioHotstar,Yes,1850,Amazon,34,Mobile,97.4,Yes
CUST1758,43,Female,Warangal,Telangana,Tier 2,Coach,72500,5.7,Sunrisers Hyderabad,Heinrich Klaasen,3,TV,No,3350,Brand Website,8,Smart TV,54.2,No
CUST1759,26,Male,Faridabad,Haryana,Tier 1,Athlete,39000,9.0,Punjab Kings,Shikhar Dhawan,6,JioHotstar,Yes,5200,Brand Website,29,Mobile,93.0,Yes
CUST1760,46,Male,Udaipur,Rajasthan,Tier 2,Business,105000,4.9,Rajasthan Royals,Yashasvi Jaiswal,2,TV,No,1750,Local Store,5,Smart TV,45.1,No
CUST1761,28,Female,Thane,Maharashtra,Tier 1,Working Professional,69000,7.5,Mumbai Indians,Rohit Sharma,5,JioHotstar,Yes,2950,Amazon,19,Mobile,81.2,Yes
CUST1762,38,Male,Vijayawada,Andhra Pradesh,Tier 2,Working Professional,69000,6.4,Sunrisers Hyderabad,Pat Cummins,4,JioHotstar,No,2350,Flipkart,11,Laptop,65.9,No
CUST1763,20,Male,Gaya,Bihar,Tier 2,Student,9200,9.3,Chennai Super Kings,MS Dhoni,7,JioHotstar,Yes,1950,Amazon,33,Mobile,96.8,Yes
CUST1764,45,Female,Salem,Tamil Nadu,Tier 2,Business,100000,5.1,Chennai Super Kings,Ravindra Jadeja,2,TV,No,1850,Local Store,5,Smart TV,45.0,No
CUST1765,31,Male,Delhi,Delhi,Tier 1,Working Professional,77000,7.4,Delhi Capitals,Rishabh Pant,5,JioHotstar,Yes,3250,Brand Website,18,Laptop,79.1,Yes
CUST1766,22,Female,Tirupati,Andhra Pradesh,Tier 2,Student,12800,8.8,Sunrisers Hyderabad,Travis Head,6,JioHotstar,Yes,2350,Amazon,27,Mobile,90.1,Yes
CUST1767,36,Male,Noida,Uttar Pradesh,Tier 1,Working Professional,84000,7.0,Lucknow Super Giants,Nicholas Pooran,4,JioHotstar,No,2750,Brand Website,13,Laptop,72.6,No
CUST1768,21,Male,Jamshedpur,Jharkhand,Tier 2,Student,10200,9.4,Kolkata Knight Riders,Rinku Singh,7,JioHotstar,Yes,2050,Amazon,34,Mobile,97.2,Yes
CUST1769,44,Female,Nagpur,Maharashtra,Tier 2,Coach,75000,5.5,Mumbai Indians,Jasprit Bumrah,3,TV,No,3450,Brand Website,8,Smart TV,53.9,No
CUST1770,27,Male,Ahmedabad,Gujarat,Tier 1,Athlete,41000,9.1,Gujarat Titans,Rashid Khan,6,JioHotstar,Yes,5400,Brand Website,30,Mobile,93.9,Yes
CUST1771,32,Female,Kolkata,West Bengal,Tier 1,Working Professional,74000,7.3,Kolkata Knight Riders,Andre Russell,5,JioHotstar,Yes,2850,Amazon,18,Laptop,79.4,Yes
CUST1772,47,Male,Nagpur,Maharashtra,Tier 2,Business,107000,4.8,Mumbai Indians,Suryakumar Yadav,2,TV,No,1650,Local Store,4,Smart TV,44.0,No
CUST1773,24,Male,Patna,Bihar,Tier 2,Student,12800,9.0,Chennai Super Kings,Ruturaj Gaikwad,7,JioHotstar,Yes,2350,Amazon,29,Mobile,92.9,Yes
CUST1774,39,Female,Kochi,Kerala,Tier 2,Working Professional,71000,6.2,Mumbai Indians,Jasprit Bumrah,4,TV,No,2450,Flipkart,10,Laptop,64.8,No
CUST1775,26,Male,Hyderabad,Telangana,Tier 1,Working Professional,60000,8.2,Sunrisers Hyderabad,Pat Cummins,6,JioHotstar,Yes,3400,Amazon,24,Mobile,88.0,Yes
CUST1776,19,Male,Guwahati,Assam,Tier 2,Student,8200,9.6,Royal Challengers Bengaluru,Virat Kohli,7,JioHotstar,Yes,1750,Amazon,36,Mobile,98.8,Yes
CUST1777,41,Female,Indore,Madhya Pradesh,Tier 2,Coach,72000,5.9,Rajasthan Royals,Sanju Samson,3,TV,No,3250,Brand Website,8,Smart TV,55.1,No
CUST1778,29,Male,Mumbai,Maharashtra,Tier 1,Working Professional,75000,7.9,Mumbai Indians,Rohit Sharma,5,JioHotstar,Yes,3150,Amazon,20,Laptop,82.5,Yes
CUST1779,21,Female,Ranchi,Jharkhand,Tier 2,Student,10300,9.2,Kolkata Knight Riders,Sunil Narine,7,JioHotstar,Yes,2050,Amazon,31,Mobile,94.9,Yes
CUST1780,46,Male,Jaipur,Rajasthan,Tier 2,Business,102000,5.1,Rajasthan Royals,Jos Buttler,2,TV,No,1850,Local Store,5,Smart TV,46.5,No
CUST1781,26,Female,Pune,Maharashtra,Tier 1,Working Professional,67500,7.6,Chennai Super Kings,MS Dhoni,5,JioHotstar,Yes,3050,Amazon,19,Mobile,82.0,Yes
CUST1782,34,Male,Bengaluru,Karnataka,Tier 1,Working Professional,82000,6.9,Royal Challengers Bengaluru,Virat Kohli,4,JioHotstar,No,2750,Brand Website,13,Laptop,73.3,No
CUST1783,18,Male,Kanpur,Uttar Pradesh,Tier 2,Student,7600,9.7,Lucknow Super Giants,KL Rahul,7,JioHotstar,Yes,1650,Amazon,37,Mobile,98.8,Yes
CUST1784,42,Female,Visakhapatnam,Andhra Pradesh,Tier 2,Business,96000,5.3,Sunrisers Hyderabad,Pat Cummins,2,TV,No,1950,Local Store,5,Smart TV,47.4,No
CUST1785,24,Male,Delhi,Delhi,Tier 1,Athlete,38000,9.1,Delhi Capitals,Rishabh Pant,6,JioHotstar,Yes,5200,Brand Website,30,Mobile,93.0,Yes
CUST1786,37,Female,Ahmedabad,Gujarat,Tier 1,Working Professional,76000,6.5,Gujarat Titans,Shubman Gill,4,JioHotstar,No,2550,Flipkart,12,Laptop,70.5,No
CUST1787,20,Male,Dhanbad,Jharkhand,Tier 2,Student,9800,9.2,Kolkata Knight Riders,Rinku Singh,7,JioHotstar,Yes,1950,Amazon,33,Mobile,96.8,Yes
CUST1788,44,Male,Coimbatore,Tamil Nadu,Tier 2,Coach,73500,5.8,Chennai Super Kings,Ravindra Jadeja,3,TV,No,3450,Brand Website,8,Smart TV,53.4,No
CUST1789,29,Female,Chandigarh,Chandigarh,Tier 1,Working Professional,66500,7.4,Punjab Kings,Arshdeep Singh,5,JioHotstar,Yes,3050,Amazon,18,Mobile,80.6,Yes
CUST1790,17,Male,Aligarh,Uttar Pradesh,Tier 3,Student,7200,9.6,Royal Challengers Bengaluru,Virat Kohli,7,JioHotstar,Yes,1450,Amazon,36,Mobile,98.6,Yes
CUST1791,33,Male,Hyderabad,Telangana,Tier 1,Working Professional,79500,7.2,Sunrisers Hyderabad,Travis Head,5,JioHotstar,No,3050,Brand Website,14,Laptop,75.2,Yes
CUST1792,40,Female,Bhopal,Madhya Pradesh,Tier 2,Working Professional,70000,6.1,Mumbai Indians,Hardik Pandya,4,TV,No,2350,Flipkart,10,Laptop,64.2,No
CUST1793,23,Male,Meerut,Uttar Pradesh,Tier 2,Student,13200,8.9,Lucknow Super Giants,Nicholas Pooran,6,JioHotstar,Yes,2450,Amazon,27,Mobile,90.0,Yes
CUST1794,48,Male,Jodhpur,Rajasthan,Tier 2,Business,113000,4.5,Rajasthan Royals,Sanju Samson,2,TV,No,1550,Local Store,4,Smart TV,42.0,No
CUST1795,25,Female,Mumbai,Maharashtra,Tier 1,Working Professional,62500,8.0,Mumbai Indians,Suryakumar Yadav,5,JioHotstar,Yes,2850,Amazon,20,Mobile,82.4,Yes
CUST1796,35,Male,Lucknow,Uttar Pradesh,Tier 1,Working Professional,81000,6.7,Lucknow Super Giants,KL Rahul,4,JioHotstar,No,2650,Brand Website,12,Laptop,72.0,No
CUST1797,19,Male,Siliguri,West Bengal,Tier 2,Student,8700,9.5,Kolkata Knight Riders,Andre Russell,7,JioHotstar,Yes,1850,Amazon,34,Mobile,97.5,Yes
CUST1798,43,Female,Warangal,Telangana,Tier 2,Coach,72500,5.7,Sunrisers Hyderabad,Heinrich Klaasen,3,TV,No,3350,Brand Website,8,Smart TV,54.3,No
CUST1799,26,Male,Faridabad,Haryana,Tier 1,Athlete,39000,9.0,Punjab Kings,Shikhar Dhawan,6,JioHotstar,Yes,5200,Brand Website,29,Mobile,93.1,Yes
CUST1800,46,Male,Udaipur,Rajasthan,Tier 2,Business,105000,4.9,Rajasthan Royals,Yashasvi Jaiswal,2,TV,No,1750,Local Store,5,Smart TV,45.2,No
CUST1801,28,Female,Thane,Maharashtra,Tier 1,Working Professional,69000,7.5,Mumbai Indians,Rohit Sharma,5,JioHotstar,Yes,2950,Amazon,19,Mobile,81.3,Yes
CUST1802,38,Male,Vijayawada,Andhra Pradesh,Tier 2,Working Professional,69000,6.4,Sunrisers Hyderabad,Pat Cummins,4,JioHotstar,No,2350,Flipkart,11,Laptop,66.0,No
CUST1803,20,Male,Gaya,Bihar,Tier 2,Student,9200,9.3,Chennai Super Kings,MS Dhoni,7,JioHotstar,Yes,1950,Amazon,33,Mobile,96.9,Yes
CUST1804,45,Female,Salem,Tamil Nadu,Tier 2,Business,100000,5.1,Chennai Super Kings,Ravindra Jadeja,2,TV,No,1850,Local Store,5,Smart TV,45.1,No
CUST1805,31,Male,Delhi,Delhi,Tier 1,Working Professional,77000,7.4,Delhi Capitals,Rishabh Pant,5,JioHotstar,Yes,3250,Brand Website,18,Laptop,79.2,Yes
CUST1806,22,Female,Tirupati,Andhra Pradesh,Tier 2,Student,12800,8.8,Sunrisers Hyderabad,Travis Head,6,JioHotstar,Yes,2350,Amazon,27,Mobile,90.2,Yes
CUST1807,36,Male,Noida,Uttar Pradesh,Tier 1,Working Professional,84000,7.0,Lucknow Super Giants,Nicholas Pooran,4,JioHotstar,No,2750,Brand Website,13,Laptop,72.7,No
CUST1808,21,Male,Jamshedpur,Jharkhand,Tier 2,Student,10200,9.4,Kolkata Knight Riders,Rinku Singh,7,JioHotstar,Yes,2050,Amazon,34,Mobile,97.3,Yes
CUST1809,44,Female,Nagpur,Maharashtra,Tier 2,Coach,75000,5.5,Mumbai Indians,Jasprit Bumrah,3,TV,No,3450,Brand Website,8,Smart TV,54.0,No
CUST1810,27,Male,Ahmedabad,Gujarat,Tier 1,Athlete,41000,9.1,Gujarat Titans,Rashid Khan,6,JioHotstar,Yes,5400,Brand Website,30,Mobile,94.0,Yes
CUST1811,32,Female,Kolkata,West Bengal,Tier 1,Working Professional,74000,7.3,Kolkata Knight Riders,Andre Russell,5,JioHotstar,Yes,2850,Amazon,18,Laptop,79.5,Yes
CUST1812,47,Male,Nagpur,Maharashtra,Tier 2,Business,107000,4.8,Mumbai Indians,Suryakumar Yadav,2,TV,No,1650,Local Store,4,Smart TV,44.1,No
CUST1813,24,Male,Patna,Bihar,Tier 2,Student,12800,9.0,Chennai Super Kings,Ruturaj Gaikwad,7,JioHotstar,Yes,2350,Amazon,29,Mobile,93.0,Yes
CUST1814,39,Female,Kochi,Kerala,Tier 2,Working Professional,71000,6.2,Mumbai Indians,Jasprit Bumrah,4,TV,No,2450,Flipkart,10,Laptop,64.9,No
CUST1815,26,Male,Hyderabad,Telangana,Tier 1,Working Professional,60000,8.2,Sunrisers Hyderabad,Pat Cummins,6,JioHotstar,Yes,3400,Amazon,24,Mobile,88.1,Yes
CUST1816,19,Male,Guwahati,Assam,Tier 2,Student,8200,9.6,Royal Challengers Bengaluru,Virat Kohli,7,JioHotstar,Yes,1750,Amazon,36,Mobile,98.9,Yes
CUST1817,41,Female,Indore,Madhya Pradesh,Tier 2,Coach,72000,5.9,Rajasthan Royals,Sanju Samson,3,TV,No,3250,Brand Website,8,Smart TV,55.2,No
CUST1818,29,Male,Mumbai,Maharashtra,Tier 1,Working Professional,75000,7.9,Mumbai Indians,Rohit Sharma,5,JioHotstar,Yes,3150,Amazon,20,Laptop,82.6,Yes
CUST1819,21,Female,Ranchi,Jharkhand,Tier 2,Student,10300,9.2,Kolkata Knight Riders,Sunil Narine,7,JioHotstar,Yes,2050,Amazon,31,Mobile,95.0,Yes
CUST1820,46,Male,Jaipur,Rajasthan,Tier 2,Business,102000,5.1,Rajasthan Royals,Jos Buttler,2,TV,No,1850,Local Store,5,Smart TV,46.6,No
CUST1821,26,Female,Pune,Maharashtra,Tier 1,Working Professional,67500,7.6,Chennai Super Kings,MS Dhoni,5,JioHotstar,Yes,3050,Amazon,19,Mobile,82.1,Yes
CUST1822,34,Male,Bengaluru,Karnataka,Tier 1,Working Professional,82000,6.9,Royal Challengers Bengaluru,Virat Kohli,4,JioHotstar,No,2750,Brand Website,13,Laptop,73.4,No
CUST1823,18,Male,Kanpur,Uttar Pradesh,Tier 2,Student,7600,9.7,Lucknow Super Giants,KL Rahul,7,JioHotstar,Yes,1650,Amazon,37,Mobile,98.9,Yes
CUST1824,42,Female,Visakhapatnam,Andhra Pradesh,Tier 2,Business,96000,5.3,Sunrisers Hyderabad,Pat Cummins,2,TV,No,1950,Local Store,5,Smart TV,47.5,No
CUST1825,24,Male,Delhi,Delhi,Tier 1,Athlete,38000,9.1,Delhi Capitals,Rishabh Pant,6,JioHotstar,Yes,5200,Brand Website,30,Mobile,93.1,Yes
CUST1826,37,Female,Ahmedabad,Gujarat,Tier 1,Working Professional,76000,6.5,Gujarat Titans,Shubman Gill,4,JioHotstar,No,2550,Flipkart,12,Laptop,70.6,No
CUST1827,20,Male,Dhanbad,Jharkhand,Tier 2,Student,9800,9.2,Kolkata Knight Riders,Rinku Singh,7,JioHotstar,Yes,1950,Amazon,33,Mobile,96.9,Yes
CUST1828,44,Male,Coimbatore,Tamil Nadu,Tier 2,Coach,73500,5.8,Chennai Super Kings,Ravindra Jadeja,3,TV,No,3450,Brand Website,8,Smart TV,53.5,No
CUST1829,29,Female,Chandigarh,Chandigarh,Tier 1,Working Professional,66500,7.4,Punjab Kings,Arshdeep Singh,5,JioHotstar,Yes,3050,Amazon,18,Mobile,80.7,Yes
CUST1830,17,Male,Aligarh,Uttar Pradesh,Tier 3,Student,7200,9.6,Royal Challengers Bengaluru,Virat Kohli,7,JioHotstar,Yes,1450,Amazon,36,Mobile,98.7,Yes
CUST1831,33,Male,Hyderabad,Telangana,Tier 1,Working Professional,79500,7.2,Sunrisers Hyderabad,Travis Head,5,JioHotstar,No,3050,Brand Website,14,Laptop,75.3,Yes
CUST1832,40,Female,Bhopal,Madhya Pradesh,Tier 2,Working Professional,70000,6.1,Mumbai Indians,Hardik Pandya,4,TV,No,2350,Flipkart,10,Laptop,64.3,No
CUST1833,23,Male,Meerut,Uttar Pradesh,Tier 2,Student,13200,8.9,Lucknow Super Giants,Nicholas Pooran,6,JioHotstar,Yes,2450,Amazon,27,Mobile,90.1,Yes
CUST1834,48,Male,Jodhpur,Rajasthan,Tier 2,Business,113000,4.5,Rajasthan Royals,Sanju Samson,2,TV,No,1550,Local Store,4,Smart TV,42.1,No
CUST1835,25,Female,Mumbai,Maharashtra,Tier 1,Working Professional,62500,8.0,Mumbai Indians,Suryakumar Yadav,5,JioHotstar,Yes,2850,Amazon,20,Mobile,82.5,Yes
CUST1836,35,Male,Lucknow,Uttar Pradesh,Tier 1,Working Professional,81000,6.7,Lucknow Super Giants,KL Rahul,4,JioHotstar,No,2650,Brand Website,12,Laptop,72.1,No
CUST1837,19,Male,Siliguri,West Bengal,Tier 2,Student,8700,9.5,Kolkata Knight Riders,Andre Russell,7,JioHotstar,Yes,1850,Amazon,34,Mobile,97.6,Yes
CUST1838,43,Female,Warangal,Telangana,Tier 2,Coach,72500,5.7,Sunrisers Hyderabad,Heinrich Klaasen,3,TV,No,3350,Brand Website,8,Smart TV,54.4,No
CUST1839,26,Male,Faridabad,Haryana,Tier 1,Athlete,39000,9.0,Punjab Kings,Shikhar Dhawan,6,JioHotstar,Yes,5200,Brand Website,29,Mobile,93.2,Yes
CUST1840,46,Male,Udaipur,Rajasthan,Tier 2,Business,105000,4.9,Rajasthan Royals,Yashasvi Jaiswal,2,TV,No,1750,Local Store,5,Smart TV,45.3,No
CUST1841,28,Female,Thane,Maharashtra,Tier 1,Working Professional,69000,7.5,Mumbai Indians,Rohit Sharma,5,JioHotstar,Yes,2950,Amazon,19,Mobile,81.4,Yes
CUST1842,38,Male,Vijayawada,Andhra Pradesh,Tier 2,Working Professional,69000,6.4,Sunrisers Hyderabad,Pat Cummins,4,JioHotstar,No,2350,Flipkart,11,Laptop,66.1,No
CUST1843,20,Male,Gaya,Bihar,Tier 2,Student,9200,9.3,Chennai Super Kings,MS Dhoni,7,JioHotstar,Yes,1950,Amazon,33,Mobile,97.0,Yes
CUST1844,45,Female,Salem,Tamil Nadu,Tier 2,Business,100000,5.1,Chennai Super Kings,Ravindra Jadeja,2,TV,No,1850,Local Store,5,Smart TV,45.2,No
CUST1845,31,Male,Delhi,Delhi,Tier 1,Working Professional,77000,7.4,Delhi Capitals,Rishabh Pant,5,JioHotstar,Yes,3250,Brand Website,18,Laptop,79.3,Yes
CUST1846,22,Female,Tirupati,Andhra Pradesh,Tier 2,Student,12800,8.8,Sunrisers Hyderabad,Travis Head,6,JioHotstar,Yes,2350,Amazon,27,Mobile,90.3,Yes
CUST1847,36,Male,Noida,Uttar Pradesh,Tier 1,Working Professional,84000,7.0,Lucknow Super Giants,Nicholas Pooran,4,JioHotstar,No,2750,Brand Website,13,Laptop,72.8,No
CUST1848,21,Male,Jamshedpur,Jharkhand,Tier 2,Student,10200,9.4,Kolkata Knight Riders,Rinku Singh,7,JioHotstar,Yes,2050,Amazon,34,Mobile,97.4,Yes
CUST1849,44,Female,Nagpur,Maharashtra,Tier 2,Coach,75000,5.5,Mumbai Indians,Jasprit Bumrah,3,TV,No,3450,Brand Website,8,Smart TV,54.1,No
CUST1850,27,Male,Ahmedabad,Gujarat,Tier 1,Athlete,41000,9.1,Gujarat Titans,Rashid Khan,6,JioHotstar,Yes,5400,Brand Website,30,Mobile,94.1,Yes
CUST1851,32,Female,Kolkata,West Bengal,Tier 1,Working Professional,74000,7.3,Kolkata Knight Riders,Andre Russell,5,JioHotstar,Yes,2850,Amazon,18,Laptop,79.6,Yes
CUST1852,47,Male,Nagpur,Maharashtra,Tier 2,Business,107000,4.8,Mumbai Indians,Suryakumar Yadav,2,TV,No,1650,Local Store,4,Smart TV,44.2,No
CUST1853,24,Male,Patna,Bihar,Tier 2,Student,12800,9.0,Chennai Super Kings,Ruturaj Gaikwad,7,JioHotstar,Yes,2350,Amazon,29,Mobile,93.1,Yes
CUST1854,39,Female,Kochi,Kerala,Tier 2,Working Professional,71000,6.2,Mumbai Indians,Jasprit Bumrah,4,TV,No,2450,Flipkart,10,Laptop,65.0,No
CUST1855,26,Male,Hyderabad,Telangana,Tier 1,Working Professional,60000,8.2,Sunrisers Hyderabad,Pat Cummins,6,JioHotstar,Yes,3400,Amazon,24,Mobile,88.2,Yes
CUST1856,19,Male,Guwahati,Assam,Tier 2,Student,8200,9.6,Royal Challengers Bengaluru,Virat Kohli,7,JioHotstar,Yes,1750,Amazon,36,Mobile,99.0,Yes
CUST1857,41,Female,Indore,Madhya Pradesh,Tier 2,Coach,72000,5.9,Rajasthan Royals,Sanju Samson,3,TV,No,3250,Brand Website,8,Smart TV,55.3,No
CUST1858,29,Male,Mumbai,Maharashtra,Tier 1,Working Professional,75000,7.9,Mumbai Indians,Rohit Sharma,5,JioHotstar,Yes,3150,Amazon,20,Laptop,82.7,Yes
CUST1859,21,Female,Ranchi,Jharkhand,Tier 2,Student,10300,9.2,Kolkata Knight Riders,Sunil Narine,7,JioHotstar,Yes,2050,Amazon,31,Mobile,95.1,Yes
CUST1860,46,Male,Jaipur,Rajasthan,Tier 2,Business,102000,5.1,Rajasthan Royals,Jos Buttler,2,TV,No,1850,Local Store,5,Smart TV,46.7,No
CUST1861,26,Female,Pune,Maharashtra,Tier 1,Working Professional,67500,7.6,Chennai Super Kings,MS Dhoni,5,JioHotstar,Yes,3050,Amazon,19,Mobile,82.2,Yes
CUST1862,34,Male,Bengaluru,Karnataka,Tier 1,Working Professional,82000,6.9,Royal Challengers Bengaluru,Virat Kohli,4,JioHotstar,No,2750,Brand Website,13,Laptop,73.5,No
CUST1863,18,Male,Kanpur,Uttar Pradesh,Tier 2,Student,7600,9.7,Lucknow Super Giants,KL Rahul,7,JioHotstar,Yes,1650,Amazon,37,Mobile,99.0,Yes
CUST1864,42,Female,Visakhapatnam,Andhra Pradesh,Tier 2,Business,96000,5.3,Sunrisers Hyderabad,Pat Cummins,2,TV,No,1950,Local Store,5,Smart TV,47.6,No
CUST1865,24,Male,Delhi,Delhi,Tier 1,Athlete,38000,9.1,Delhi Capitals,Rishabh Pant,6,JioHotstar,Yes,5200,Brand Website,30,Mobile,93.2,Yes
CUST1866,37,Female,Ahmedabad,Gujarat,Tier 1,Working Professional,76000,6.5,Gujarat Titans,Shubman Gill,4,JioHotstar,No,2550,Flipkart,12,Laptop,70.7,No
CUST1867,20,Male,Dhanbad,Jharkhand,Tier 2,Student,9800,9.2,Kolkata Knight Riders,Rinku Singh,7,JioHotstar,Yes,1950,Amazon,33,Mobile,97.0,Yes
CUST1868,44,Male,Coimbatore,Tamil Nadu,Tier 2,Coach,73500,5.8,Chennai Super Kings,Ravindra Jadeja,3,TV,No,3450,Brand Website,8,Smart TV,53.6,No
CUST1869,29,Female,Chandigarh,Chandigarh,Tier 1,Working Professional,66500,7.4,Punjab Kings,Arshdeep Singh,5,JioHotstar,Yes,3050,Amazon,18,Mobile,80.8,Yes
CUST1870,17,Male,Aligarh,Uttar Pradesh,Tier 3,Student,7200,9.6,Royal Challengers Bengaluru,Virat Kohli,7,JioHotstar,Yes,1450,Amazon,36,Mobile,98.8,Yes
CUST1871,33,Male,Hyderabad,Telangana,Tier 1,Working Professional,79500,7.2,Sunrisers Hyderabad,Travis Head,5,JioHotstar,No,3050,Brand Website,14,Laptop,75.4,Yes
CUST1872,40,Female,Bhopal,Madhya Pradesh,Tier 2,Working Professional,70000,6.1,Mumbai Indians,Hardik Pandya,4,TV,No,2350,Flipkart,10,Laptop,64.4,No
CUST1873,23,Male,Meerut,Uttar Pradesh,Tier 2,Student,13200,8.9,Lucknow Super Giants,Nicholas Pooran,6,JioHotstar,Yes,2450,Amazon,27,Mobile,90.2,Yes
CUST1874,48,Male,Jodhpur,Rajasthan,Tier 2,Business,113000,4.5,Rajasthan Royals,Sanju Samson,2,TV,No,1550,Local Store,4,Smart TV,42.2,No
CUST1875,25,Female,Mumbai,Maharashtra,Tier 1,Working Professional,62500,8.0,Mumbai Indians,Suryakumar Yadav,5,JioHotstar,Yes,2850,Amazon,20,Mobile,82.6,Yes
CUST1876,35,Male,Lucknow,Uttar Pradesh,Tier 1,Working Professional,81000,6.7,Lucknow Super Giants,KL Rahul,4,JioHotstar,No,2650,Brand Website,12,Laptop,72.2,No
CUST1877,19,Male,Siliguri,West Bengal,Tier 2,Student,8700,9.5,Kolkata Knight Riders,Andre Russell,7,JioHotstar,Yes,1850,Amazon,34,Mobile,97.7,Yes
CUST1878,43,Female,Warangal,Telangana,Tier 2,Coach,72500,5.7,Sunrisers Hyderabad,Heinrich Klaasen,3,TV,No,3350,Brand Website,8,Smart TV,54.5,No
CUST1879,26,Male,Faridabad,Haryana,Tier 1,Athlete,39000,9.0,Punjab Kings,Shikhar Dhawan,6,JioHotstar,Yes,5200,Brand Website,29,Mobile,93.3,Yes
CUST1880,46,Male,Udaipur,Rajasthan,Tier 2,Business,105000,4.9,Rajasthan Royals,Yashasvi Jaiswal,2,TV,No,1750,Local Store,5,Smart TV,45.4,No
CUST1881,28,Female,Thane,Maharashtra,Tier 1,Working Professional,69000,7.5,Mumbai Indians,Rohit Sharma,5,JioHotstar,Yes,2950,Amazon,19,Mobile,81.5,Yes
CUST1882,38,Male,Vijayawada,Andhra Pradesh,Tier 2,Working Professional,69000,6.4,Sunrisers Hyderabad,Pat Cummins,4,JioHotstar,No,2350,Flipkart,11,Laptop,66.2,No
CUST1883,20,Male,Gaya,Bihar,Tier 2,Student,9200,9.3,Chennai Super Kings,MS Dhoni,7,JioHotstar,Yes,1950,Amazon,33,Mobile,97.1,Yes
CUST1884,45,Female,Salem,Tamil Nadu,Tier 2,Business,100000,5.1,Chennai Super Kings,Ravindra Jadeja,2,TV,No,1850,Local Store,5,Smart TV,45.3,No
CUST1885,31,Male,Delhi,Delhi,Tier 1,Working Professional,77000,7.4,Delhi Capitals,Rishabh Pant,5,JioHotstar,Yes,3250,Brand Website,18,Laptop,79.4,Yes
CUST1886,22,Female,Tirupati,Andhra Pradesh,Tier 2,Student,12800,8.8,Sunrisers Hyderabad,Travis Head,6,JioHotstar,Yes,2350,Amazon,27,Mobile,90.4,Yes
CUST1887,36,Male,Noida,Uttar Pradesh,Tier 1,Working Professional,84000,7.0,Lucknow Super Giants,Nicholas Pooran,4,JioHotstar,No,2750,Brand Website,13,Laptop,72.9,No
CUST1888,21,Male,Jamshedpur,Jharkhand,Tier 2,Student,10200,9.4,Kolkata Knight Riders,Rinku Singh,7,JioHotstar,Yes,2050,Amazon,34,Mobile,97.5,Yes
CUST1889,44,Female,Nagpur,Maharashtra,Tier 2,Coach,75000,5.5,Mumbai Indians,Jasprit Bumrah,3,TV,No,3450,Brand Website,8,Smart TV,54.2,No
CUST1890,27,Male,Ahmedabad,Gujarat,Tier 1,Athlete,41000,9.1,Gujarat Titans,Rashid Khan,6,JioHotstar,Yes,5400,Brand Website,30,Mobile,94.2,Yes
CUST1891,32,Female,Kolkata,West Bengal,Tier 1,Working Professional,74000,7.3,Kolkata Knight Riders,Andre Russell,5,JioHotstar,Yes,2850,Amazon,18,Laptop,79.7,Yes
CUST1892,47,Male,Nagpur,Maharashtra,Tier 2,Business,107000,4.8,Mumbai Indians,Suryakumar Yadav,2,TV,No,1650,Local Store,4,Smart TV,44.3,No
CUST1893,24,Male,Patna,Bihar,Tier 2,Student,12800,9.0,Chennai Super Kings,Ruturaj Gaikwad,7,JioHotstar,Yes,2350,Amazon,29,Mobile,93.2,Yes
CUST1894,39,Female,Kochi,Kerala,Tier 2,Working Professional,71000,6.2,Mumbai Indians,Jasprit Bumrah,4,TV,No,2450,Flipkart,10,Laptop,65.1,No
CUST1895,26,Male,Hyderabad,Telangana,Tier 1,Working Professional,60000,8.2,Sunrisers Hyderabad,Pat Cummins,6,JioHotstar,Yes,3400,Amazon,24,Mobile,88.3,Yes
CUST1896,19,Male,Guwahati,Assam,Tier 2,Student,8200,9.6,Royal Challengers Bengaluru,Virat Kohli,7,JioHotstar,Yes,1750,Amazon,36,Mobile,99.1,Yes
CUST1897,41,Female,Indore,Madhya Pradesh,Tier 2,Coach,72000,5.9,Rajasthan Royals,Sanju Samson,3,TV,No,3250,Brand Website,8,Smart TV,55.4,No
CUST1898,29,Male,Mumbai,Maharashtra,Tier 1,Working Professional,75000,7.9,Mumbai Indians,Rohit Sharma,5,JioHotstar,Yes,3150,Amazon,20,Laptop,82.8,Yes
CUST1899,21,Female,Ranchi,Jharkhand,Tier 2,Student,10300,9.2,Kolkata Knight Riders,Sunil Narine,7,JioHotstar,Yes,2050,Amazon,31,Mobile,95.2,Yes
CUST1900,46,Male,Jaipur,Rajasthan,Tier 2,Business,102000,5.1,Rajasthan Royals,Jos Buttler,2,TV,No,1850,Local Store,5,Smart TV,46.8,No
CUST1901,27,Female,Pune,Maharashtra,Tier 1,Working Professional,68200,7.7,Chennai Super Kings,MS Dhoni,5,JioHotstar,Yes,3100,Amazon,20,Mobile,82.4,Yes
CUST1902,35,Male,Bengaluru,Karnataka,Tier 1,Working Professional,83500,7.0,Royal Challengers Bengaluru,Virat Kohli,4,JioHotstar,No,2800,Brand Website,14,Laptop,73.8,No
CUST1903,18,Male,Kanpur,Uttar Pradesh,Tier 2,Student,7800,9.8,Lucknow Super Giants,KL Rahul,7,JioHotstar,Yes,1700,Amazon,38,Mobile,99.2,Yes
CUST1904,43,Female,Visakhapatnam,Andhra Pradesh,Tier 2,Business,97500,5.4,Sunrisers Hyderabad,Pat Cummins,2,TV,No,2000,Local Store,5,Smart TV,47.8,No
CUST1905,24,Male,Delhi,Delhi,Tier 1,Athlete,39500,9.2,Delhi Capitals,Rishabh Pant,6,JioHotstar,Yes,5300,Brand Website,31,Mobile,93.5,Yes
CUST1906,38,Female,Ahmedabad,Gujarat,Tier 1,Working Professional,77200,6.6,Gujarat Titans,Shubman Gill,4,JioHotstar,No,2600,Flipkart,12,Laptop,71.0,No
CUST1907,20,Male,Dhanbad,Jharkhand,Tier 2,Student,9900,9.3,Kolkata Knight Riders,Rinku Singh,7,JioHotstar,Yes,2000,Amazon,34,Mobile,97.2,Yes
CUST1908,45,Male,Coimbatore,Tamil Nadu,Tier 2,Coach,74200,5.9,Chennai Super Kings,Ravindra Jadeja,3,TV,No,3500,Brand Website,9,Smart TV,54.0,No
CUST1909,30,Female,Chandigarh,Chandigarh,Tier 1,Working Professional,67200,7.5,Punjab Kings,Arshdeep Singh,5,JioHotstar,Yes,3100,Amazon,19,Mobile,81.2,Yes
CUST1910,17,Male,Aligarh,Uttar Pradesh,Tier 3,Student,7300,9.7,Royal Challengers Bengaluru,Virat Kohli,7,JioHotstar,Yes,1500,Amazon,37,Mobile,99.0,Yes
CUST1911,34,Male,Hyderabad,Telangana,Tier 1,Working Professional,80200,7.3,Sunrisers Hyderabad,Travis Head,5,JioHotstar,No,3100,Brand Website,15,Laptop,75.8,Yes
CUST1912,41,Female,Bhopal,Madhya Pradesh,Tier 2,Working Professional,71200,6.2,Mumbai Indians,Hardik Pandya,4,TV,No,2400,Flipkart,11,Laptop,65.0,No
CUST1913,23,Male,Meerut,Uttar Pradesh,Tier 2,Student,13500,9.0,Lucknow Super Giants,Nicholas Pooran,6,JioHotstar,Yes,2500,Amazon,28,Mobile,90.8,Yes
CUST1914,49,Male,Jodhpur,Rajasthan,Tier 2,Business,114000,4.6,Rajasthan Royals,Sanju Samson,2,TV,No,1600,Local Store,4,Smart TV,42.5,No
CUST1915,25,Female,Mumbai,Maharashtra,Tier 1,Working Professional,63500,8.1,Mumbai Indians,Suryakumar Yadav,5,JioHotstar,Yes,2900,Amazon,21,Mobile,83.0,Yes
CUST1916,36,Male,Lucknow,Uttar Pradesh,Tier 1,Working Professional,82200,6.8,Lucknow Super Giants,KL Rahul,4,JioHotstar,No,2700,Brand Website,13,Laptop,72.8,No
CUST1917,19,Male,Siliguri,West Bengal,Tier 2,Student,8900,9.6,Kolkata Knight Riders,Andre Russell,7,JioHotstar,Yes,1900,Amazon,35,Mobile,98.0,Yes
CUST1918,44,Female,Warangal,Telangana,Tier 2,Coach,73500,5.8,Sunrisers Hyderabad,Heinrich Klaasen,3,TV,No,3400,Brand Website,9,Smart TV,55.0,No
CUST1919,27,Male,Faridabad,Haryana,Tier 1,Athlete,40500,9.1,Punjab Kings,Shikhar Dhawan,6,JioHotstar,Yes,5300,Brand Website,30,Mobile,93.7,Yes
CUST1920,47,Male,Udaipur,Rajasthan,Tier 2,Business,106500,5.0,Rajasthan Royals,Yashasvi Jaiswal,2,TV,No,1800,Local Store,5,Smart TV,46.0,No
CUST1921,29,Female,Thane,Maharashtra,Tier 1,Working Professional,70200,7.6,Mumbai Indians,Rohit Sharma,5,JioHotstar,Yes,3000,Amazon,20,Mobile,82.0,Yes
CUST1922,39,Male,Vijayawada,Andhra Pradesh,Tier 2,Working Professional,70200,6.5,Sunrisers Hyderabad,Pat Cummins,4,JioHotstar,No,2400,Flipkart,12,Laptop,66.8,No
CUST1923,20,Male,Gaya,Bihar,Tier 2,Student,9400,9.4,Chennai Super Kings,MS Dhoni,7,JioHotstar,Yes,2000,Amazon,34,Mobile,97.5,Yes
CUST1924,46,Female,Salem,Tamil Nadu,Tier 2,Business,101500,5.2,Chennai Super Kings,Ravindra Jadeja,2,TV,No,1900,Local Store,5,Smart TV,45.8,No
CUST1925,32,Male,Delhi,Delhi,Tier 1,Working Professional,78200,7.5,Delhi Capitals,Rishabh Pant,5,JioHotstar,Yes,3300,Brand Website,19,Laptop,80.0,Yes
CUST1926,22,Female,Tirupati,Andhra Pradesh,Tier 2,Student,13000,8.9,Sunrisers Hyderabad,Travis Head,6,JioHotstar,Yes,2400,Amazon,28,Mobile,91.0,Yes
CUST1927,37,Male,Noida,Uttar Pradesh,Tier 1,Working Professional,85200,7.1,Lucknow Super Giants,Nicholas Pooran,4,JioHotstar,No,2800,Brand Website,14,Laptop,73.5,No
CUST1928,21,Male,Jamshedpur,Jharkhand,Tier 2,Student,10400,9.5,Kolkata Knight Riders,Rinku Singh,7,JioHotstar,Yes,2100,Amazon,35,Mobile,97.8,Yes
CUST1929,45,Female,Nagpur,Maharashtra,Tier 2,Coach,76200,5.6,Mumbai Indians,Jasprit Bumrah,3,TV,No,3500,Brand Website,9,Smart TV,54.8,No
CUST1930,28,Male,Ahmedabad,Gujarat,Tier 1,Athlete,42000,9.2,Gujarat Titans,Rashid Khan,6,JioHotstar,Yes,5500,Brand Website,31,Mobile,94.5,Yes
CUST1931,33,Female,Kolkata,West Bengal,Tier 1,Working Professional,75200,7.4,Kolkata Knight Riders,Andre Russell,5,JioHotstar,Yes,2900,Amazon,19,Laptop,80.2,Yes
CUST1932,48,Male,Nagpur,Maharashtra,Tier 2,Business,108000,4.9,Mumbai Indians,Suryakumar Yadav,2,TV,No,1700,Local Store,4,Smart TV,45.0,No
CUST1933,24,Male,Patna,Bihar,Tier 2,Student,13000,9.1,Chennai Super Kings,Ruturaj Gaikwad,7,JioHotstar,Yes,2400,Amazon,30,Mobile,93.6,Yes
CUST1934,40,Female,Kochi,Kerala,Tier 2,Working Professional,72200,6.3,Mumbai Indians,Jasprit Bumrah,4,TV,No,2500,Flipkart,11,Laptop,65.8,No
CUST1935,26,Male,Hyderabad,Telangana,Tier 1,Working Professional,61200,8.3,Sunrisers Hyderabad,Pat Cummins,6,JioHotstar,Yes,3500,Amazon,25,Mobile,88.8,Yes
CUST1936,19,Male,Guwahati,Assam,Tier 2,Student,8400,9.7,Royal Challengers Bengaluru,Virat Kohli,7,JioHotstar,Yes,1800,Amazon,37,Mobile,99.3,Yes
CUST1937,42,Female,Indore,Madhya Pradesh,Tier 2,Coach,73200,6.0,Rajasthan Royals,Sanju Samson,3,TV,No,3300,Brand Website,9,Smart TV,56.0,No
CUST1938,30,Male,Mumbai,Maharashtra,Tier 1,Working Professional,76200,8.0,Mumbai Indians,Rohit Sharma,5,JioHotstar,Yes,3200,Amazon,21,Laptop,83.2,Yes
CUST1939,21,Female,Ranchi,Jharkhand,Tier 2,Student,10500,9.3,Kolkata Knight Riders,Sunil Narine,7,JioHotstar,Yes,2100,Amazon,32,Mobile,95.8,Yes
CUST1940,47,Male,Jaipur,Rajasthan,Tier 2,Business,103500,5.2,Rajasthan Royals,Jos Buttler,2,TV,No,1900,Local Store,5,Smart TV,47.5,No
CUST1941,27,Female,Pune,Maharashtra,Tier 1,Working Professional,68400,7.8,Chennai Super Kings,MS Dhoni,5,JioHotstar,Yes,3120,Amazon,20,Mobile,82.5,Yes
CUST1942,35,Male,Bengaluru,Karnataka,Tier 1,Working Professional,83800,7.1,Royal Challengers Bengaluru,Virat Kohli,4,JioHotstar,No,2820,Brand Website,14,Laptop,74.0,No
CUST1943,18,Male,Kanpur,Uttar Pradesh,Tier 2,Student,7900,9.8,Lucknow Super Giants,KL Rahul,7,JioHotstar,Yes,1720,Amazon,38,Mobile,99.4,Yes
CUST1944,43,Female,Visakhapatnam,Andhra Pradesh,Tier 2,Business,97800,5.5,Sunrisers Hyderabad,Pat Cummins,2,TV,No,2020,Local Store,5,Smart TV,48.0,No
CUST1945,24,Male,Delhi,Delhi,Tier 1,Athlete,39800,9.3,Delhi Capitals,Rishabh Pant,6,JioHotstar,Yes,5350,Brand Website,31,Mobile,93.8,Yes
CUST1946,38,Female,Ahmedabad,Gujarat,Tier 1,Working Professional,77500,6.7,Gujarat Titans,Shubman Gill,4,JioHotstar,No,2620,Flipkart,12,Laptop,71.2,No
CUST1947,20,Male,Dhanbad,Jharkhand,Tier 2,Student,10000,9.4,Kolkata Knight Riders,Rinku Singh,7,JioHotstar,Yes,2020,Amazon,34,Mobile,97.4,Yes
CUST1948,45,Male,Coimbatore,Tamil Nadu,Tier 2,Coach,74500,6.0,Chennai Super Kings,Ravindra Jadeja,3,TV,No,3520,Brand Website,9,Smart TV,54.2,No
CUST1949,30,Female,Chandigarh,Chandigarh,Tier 1,Working Professional,67500,7.6,Punjab Kings,Arshdeep Singh,5,JioHotstar,Yes,3120,Amazon,19,Mobile,81.5,Yes
CUST1950,17,Male,Aligarh,Uttar Pradesh,Tier 3,Student,7400,9.8,Royal Challengers Bengaluru,Virat Kohli,7,JioHotstar,Yes,1520,Amazon,37,Mobile,99.2,Yes
CUST1951,34,Male,Hyderabad,Telangana,Tier 1,Working Professional,80500,7.4,Sunrisers Hyderabad,Travis Head,5,JioHotstar,No,3120,Brand Website,15,Laptop,76.0,Yes
CUST1952,41,Female,Bhopal,Madhya Pradesh,Tier 2,Working Professional,71500,6.3,Mumbai Indians,Hardik Pandya,4,TV,No,2420,Flipkart,11,Laptop,65.2,No
CUST1953,23,Male,Meerut,Uttar Pradesh,Tier 2,Student,13600,9.1,Lucknow Super Giants,Nicholas Pooran,6,JioHotstar,Yes,2520,Amazon,28,Mobile,91.0,Yes
CUST1954,49,Male,Jodhpur,Rajasthan,Tier 2,Business,114500,4.7,Rajasthan Royals,Sanju Samson,2,TV,No,1620,Local Store,4,Smart TV,42.8,No
CUST1955,25,Female,Mumbai,Maharashtra,Tier 1,Working Professional,63800,8.2,Mumbai Indians,Suryakumar Yadav,5,JioHotstar,Yes,2920,Amazon,21,Mobile,83.2,Yes
CUST1956,36,Male,Lucknow,Uttar Pradesh,Tier 1,Working Professional,82500,6.9,Lucknow Super Giants,KL Rahul,4,JioHotstar,No,2720,Brand Website,13,Laptop,73.0,No
CUST1957,19,Male,Siliguri,West Bengal,Tier 2,Student,9000,9.7,Kolkata Knight Riders,Andre Russell,7,JioHotstar,Yes,1920,Amazon,35,Mobile,98.2,Yes
CUST1958,44,Female,Warangal,Telangana,Tier 2,Coach,73800,5.9,Sunrisers Hyderabad,Heinrich Klaasen,3,TV,No,3420,Brand Website,9,Smart TV,55.2,No
CUST1959,27,Male,Faridabad,Haryana,Tier 1,Athlete,40800,9.2,Punjab Kings,Shikhar Dhawan,6,JioHotstar,Yes,5350,Brand Website,30,Mobile,93.9,Yes
CUST1960,47,Male,Udaipur,Rajasthan,Tier 2,Business,106800,5.1,Rajasthan Royals,Yashasvi Jaiswal,2,TV,No,1820,Local Store,5,Smart TV,46.2,No
CUST1961,29,Female,Thane,Maharashtra,Tier 1,Working Professional,70500,7.7,Mumbai Indians,Rohit Sharma,5,JioHotstar,Yes,3020,Amazon,20,Mobile,82.2,Yes
CUST1962,39,Male,Vijayawada,Andhra Pradesh,Tier 2,Working Professional,70500,6.6,Sunrisers Hyderabad,Pat Cummins,4,JioHotstar,No,2420,Flipkart,12,Laptop,67.0,No
CUST1963,20,Male,Gaya,Bihar,Tier 2,Student,9500,9.5,Chennai Super Kings,MS Dhoni,7,JioHotstar,Yes,2020,Amazon,34,Mobile,97.7,Yes
CUST1964,46,Female,Salem,Tamil Nadu,Tier 2,Business,101800,5.3,Chennai Super Kings,Ravindra Jadeja,2,TV,No,1920,Local Store,5,Smart TV,46.0,No
CUST1965,32,Male,Delhi,Delhi,Tier 1,Working Professional,78500,7.6,Delhi Capitals,Rishabh Pant,5,JioHotstar,Yes,3320,Brand Website,19,Laptop,80.2,Yes
CUST1966,22,Female,Tirupati,Andhra Pradesh,Tier 2,Student,13100,9.0,Sunrisers Hyderabad,Travis Head,6,JioHotstar,Yes,2420,Amazon,28,Mobile,91.2,Yes
CUST1967,37,Male,Noida,Uttar Pradesh,Tier 1,Working Professional,85500,7.2,Lucknow Super Giants,Nicholas Pooran,4,JioHotstar,No,2820,Brand Website,14,Laptop,73.7,No
CUST1968,21,Male,Jamshedpur,Jharkhand,Tier 2,Student,10500,9.6,Kolkata Knight Riders,Rinku Singh,7,JioHotstar,Yes,2120,Amazon,35,Mobile,98.0,Yes
CUST1969,45,Female,Nagpur,Maharashtra,Tier 2,Coach,76500,5.7,Mumbai Indians,Jasprit Bumrah,3,TV,No,3520,Brand Website,9,Smart TV,55.0,No
CUST1970,28,Male,Ahmedabad,Gujarat,Tier 1,Athlete,42500,9.3,Gujarat Titans,Rashid Khan,6,JioHotstar,Yes,5550,Brand Website,31,Mobile,94.8,Yes
CUST1971,33,Female,Kolkata,West Bengal,Tier 1,Working Professional,75500,7.5,Kolkata Knight Riders,Andre Russell,5,JioHotstar,Yes,2920,Amazon,19,Laptop,80.5,Yes
CUST1972,48,Male,Nagpur,Maharashtra,Tier 2,Business,108500,5.0,Mumbai Indians,Suryakumar Yadav,2,TV,No,1720,Local Store,4,Smart TV,45.2,No
CUST1973,24,Male,Patna,Bihar,Tier 2,Student,13100,9.2,Chennai Super Kings,Ruturaj Gaikwad,7,JioHotstar,Yes,2420,Amazon,30,Mobile,93.8,Yes
CUST1974,40,Female,Kochi,Kerala,Tier 2,Working Professional,72500,6.4,Mumbai Indians,Jasprit Bumrah,4,TV,No,2520,Flipkart,11,Laptop,66.0,No
CUST1975,26,Male,Hyderabad,Telangana,Tier 1,Working Professional,61500,8.4,Sunrisers Hyderabad,Pat Cummins,6,JioHotstar,Yes,3520,Amazon,25,Mobile,89.0,Yes
CUST1976,19,Male,Guwahati,Assam,Tier 2,Student,8500,9.8,Royal Challengers Bengaluru,Virat Kohli,7,JioHotstar,Yes,1820,Amazon,37,Mobile,99.5,Yes
CUST1977,42,Female,Indore,Madhya Pradesh,Tier 2,Coach,73500,6.1,Rajasthan Royals,Sanju Samson,3,TV,No,3320,Brand Website,9,Smart TV,56.2,No
CUST1978,30,Male,Mumbai,Maharashtra,Tier 1,Working Professional,76500,8.1,Mumbai Indians,Rohit Sharma,5,JioHotstar,Yes,3220,Amazon,21,Laptop,83.5,Yes
CUST1979,21,Female,Ranchi,Jharkhand,Tier 2,Student,10600,9.4,Kolkata Knight Riders,Sunil Narine,7,JioHotstar,Yes,2120,Amazon,32,Mobile,96.0,Yes
CUST1980,47,Male,Jaipur,Rajasthan,Tier 2,Business,103800,5.3,Rajasthan Royals,Jos Buttler,2,TV,No,1920,Local Store,5,Smart TV,47.8,No
CUST1981,27,Female,Pune,Maharashtra,Tier 1,Working Professional,68600,7.9,Chennai Super Kings,MS Dhoni,5,JioHotstar,Yes,3140,Amazon,20,Mobile,82.8,Yes
CUST1982,35,Male,Bengaluru,Karnataka,Tier 1,Working Professional,84000,7.2,Royal Challengers Bengaluru,Virat Kohli,4,JioHotstar,No,2840,Brand Website,14,Laptop,74.2,No
CUST1983,18,Male,Kanpur,Uttar Pradesh,Tier 2,Student,8000,9.9,Lucknow Super Giants,KL Rahul,7,JioHotstar,Yes,1740,Amazon,38,Mobile,99.6,Yes
CUST1984,43,Female,Visakhapatnam,Andhra Pradesh,Tier 2,Business,98000,5.6,Sunrisers Hyderabad,Pat Cummins,2,TV,No,2040,Local Store,5,Smart TV,48.2,No
CUST1985,24,Male,Delhi,Delhi,Tier 1,Athlete,40000,9.4,Delhi Capitals,Rishabh Pant,6,JioHotstar,Yes,5400,Brand Website,31,Mobile,94.0,Yes
CUST1986,38,Female,Ahmedabad,Gujarat,Tier 1,Working Professional,77800,6.8,Gujarat Titans,Shubman Gill,4,JioHotstar,No,2640,Flipkart,12,Laptop,71.5,No
CUST1987,20,Male,Dhanbad,Jharkhand,Tier 2,Student,10100,9.5,Kolkata Knight Riders,Rinku Singh,7,JioHotstar,Yes,2040,Amazon,34,Mobile,97.6,Yes
CUST1988,45,Male,Coimbatore,Tamil Nadu,Tier 2,Coach,74800,6.1,Chennai Super Kings,Ravindra Jadeja,3,TV,No,3540,Brand Website,9,Smart TV,54.5,No
CUST1989,30,Female,Chandigarh,Chandigarh,Tier 1,Working Professional,67800,7.7,Punjab Kings,Arshdeep Singh,5,JioHotstar,Yes,3140,Amazon,19,Mobile,81.8,Yes
CUST1990,17,Male,Aligarh,Uttar Pradesh,Tier 3,Student,7500,9.9,Royal Challengers Bengaluru,Virat Kohli,7,JioHotstar,Yes,1540,Amazon,37,Mobile,99.4,Yes
CUST1991,34,Male,Hyderabad,Telangana,Tier 1,Working Professional,80800,7.5,Sunrisers Hyderabad,Travis Head,5,JioHotstar,No,3140,Brand Website,15,Laptop,76.2,Yes
CUST1992,41,Female,Bhopal,Madhya Pradesh,Tier 2,Working Professional,71800,6.4,Mumbai Indians,Hardik Pandya,4,TV,No,2440,Flipkart,11,Laptop,65.5,No
CUST1993,23,Male,Meerut,Uttar Pradesh,Tier 2,Student,13700,9.2,Lucknow Super Giants,Nicholas Pooran,6,JioHotstar,Yes,2540,Amazon,28,Mobile,91.2,Yes
CUST1994,49,Male,Jodhpur,Rajasthan,Tier 2,Business,115000,4.8,Rajasthan Royals,Sanju Samson,2,TV,No,1640,Local Store,4,Smart TV,43.0,No
CUST1995,25,Female,Mumbai,Maharashtra,Tier 1,Working Professional,64000,8.3,Mumbai Indians,Suryakumar Yadav,5,JioHotstar,Yes,2940,Amazon,21,Mobile,83.5,Yes
CUST1996,36,Male,Lucknow,Uttar Pradesh,Tier 1,Working Professional,82800,7.0,Lucknow Super Giants,KL Rahul,4,JioHotstar,No,2740,Brand Website,13,Laptop,73.2,No
CUST1997,19,Male,Siliguri,West Bengal,Tier 2,Student,9100,9.8,Kolkata Knight Riders,Andre Russell,7,JioHotstar,Yes,1940,Amazon,35,Mobile,98.4,Yes
CUST1998,44,Female,Warangal,Telangana,Tier 2,Coach,74000,6.0,Sunrisers Hyderabad,Heinrich Klaasen,3,TV,No,3440,Brand Website,9,Smart TV,55.5,No
CUST1999,27,Male,Faridabad,Haryana,Tier 1,Athlete,41000,9.3,Punjab Kings,Shikhar Dhawan,6,JioHotstar,Yes,5400,Brand Website,30,Mobile,94.2,Yes
CUST2000,47,Male,Udaipur,Rajasthan,Tier 2,Business,107000,5.2,Rajasthan Royals,Yashasvi Jaiswal,2,TV,No,1840,Local Store,5,Smart TV,46.5,No
CUST2001,29,Female,Thane,Maharashtra,Tier 1,Working Professional,70800,7.8,Mumbai Indians,Rohit Sharma,5,JioHotstar,Yes,3040,Amazon,20,Mobile,82.5,Yes
CUST2002,39,Male,Vijayawada,Andhra Pradesh,Tier 2,Working Professional,70800,6.7,Sunrisers Hyderabad,Pat Cummins,4,JioHotstar,No,2440,Flipkart,12,Laptop,67.2,No
CUST2003,20,Male,Gaya,Bihar,Tier 2,Student,9600,9.6,Chennai Super Kings,MS Dhoni,7,JioHotstar,Yes,2040,Amazon,34,Mobile,97.9,Yes
CUST2004,46,Female,Salem,Tamil Nadu,Tier 2,Business,102000,5.4,Chennai Super Kings,Ravindra Jadeja,2,TV,No,1940,Local Store,5,Smart TV,46.2,No
CUST2005,32,Male,Delhi,Delhi,Tier 1,Working Professional,78800,7.7,Delhi Capitals,Rishabh Pant,5,JioHotstar,Yes,3340,Brand Website,19,Laptop,80.5,Yes
CUST2006,22,Female,Tirupati,Andhra Pradesh,Tier 2,Student,13200,9.1,Sunrisers Hyderabad,Travis Head,6,JioHotstar,Yes,2440,Amazon,28,Mobile,91.5,Yes
CUST2007,37,Male,Noida,Uttar Pradesh,Tier 1,Working Professional,85800,7.3,Lucknow Super Giants,Nicholas Pooran,4,JioHotstar,No,2840,Brand Website,14,Laptop,74.0,No
CUST2008,21,Male,Jamshedpur,Jharkhand,Tier 2,Student,10600,9.7,Kolkata Knight Riders,Rinku Singh,7,JioHotstar,Yes,2140,Amazon,35,Mobile,98.2,Yes
CUST2009,45,Female,Nagpur,Maharashtra,Tier 2,Coach,76800,5.8,Mumbai Indians,Jasprit Bumrah,3,TV,No,3540,Brand Website,9,Smart TV,55.2,No
CUST2010,28,Male,Ahmedabad,Gujarat,Tier 1,Athlete,42800,9.4,Gujarat Titans,Rashid Khan,6,JioHotstar,Yes,5600,Brand Website,31,Mobile,95.0,Yes
CUST2011,33,Female,Kolkata,West Bengal,Tier 1,Working Professional,75800,7.6,Kolkata Knight Riders,Andre Russell,5,JioHotstar,Yes,2940,Amazon,19,Laptop,80.8,Yes
CUST2012,48,Male,Nagpur,Maharashtra,Tier 2,Business,109000,5.1,Mumbai Indians,Suryakumar Yadav,2,TV,No,1740,Local Store,4,Smart TV,45.5,No
CUST2013,24,Male,Patna,Bihar,Tier 2,Student,13200,9.3,Chennai Super Kings,Ruturaj Gaikwad,7,JioHotstar,Yes,2440,Amazon,30,Mobile,94.0,Yes
CUST2014,40,Female,Kochi,Kerala,Tier 2,Working Professional,72800,6.5,Mumbai Indians,Jasprit Bumrah,4,TV,No,2540,Flipkart,11,Laptop,66.2,No
CUST2015,26,Male,Hyderabad,Telangana,Tier 1,Working Professional,61800,8.5,Sunrisers Hyderabad,Pat Cummins,6,JioHotstar,Yes,3540,Amazon,25,Mobile,89.2,Yes
CUST2016,19,Male,Guwahati,Assam,Tier 2,Student,8600,9.9,Royal Challengers Bengaluru,Virat Kohli,7,JioHotstar,Yes,1840,Amazon,37,Mobile,99.7,Yes
CUST2017,42,Female,Indore,Madhya Pradesh,Tier 2,Coach,73800,6.2,Rajasthan Royals,Sanju Samson,3,TV,No,3340,Brand Website,9,Smart TV,56.5,No
CUST2018,30,Male,Mumbai,Maharashtra,Tier 1,Working Professional,76800,8.2,Mumbai Indians,Rohit Sharma,5,JioHotstar,Yes,3240,Amazon,21,Laptop,83.8,Yes
CUST2019,21,Female,Ranchi,Jharkhand,Tier 2,Student,10700,9.5,Kolkata Knight Riders,Sunil Narine,7,JioHotstar,Yes,2140,Amazon,32,Mobile,96.2,Yes
CUST2020,47,Male,Jaipur,Rajasthan,Tier 2,Business,104000,5.4,Rajasthan Royals,Jos Buttler,2,TV,No,1940,Local Store,5,Smart TV,48.0,No
CUST2021,27,Female,Pune,Maharashtra,Tier 1,Working Professional,68800,8.0,Chennai Super Kings,MS Dhoni,5,JioHotstar,Yes,3160,Amazon,20,Mobile,83.0,Yes
CUST2022,35,Male,Bengaluru,Karnataka,Tier 1,Working Professional,84200,7.3,Royal Challengers Bengaluru,Virat Kohli,4,JioHotstar,No,2860,Brand Website,14,Laptop,74.5,No
CUST2023,18,Male,Kanpur,Uttar Pradesh,Tier 2,Student,8100,10.0,Lucknow Super Giants,KL Rahul,7,JioHotstar,Yes,1760,Amazon,38,Mobile,99.8,Yes
CUST2024,43,Female,Visakhapatnam,Andhra Pradesh,Tier 2,Business,98200,5.7,Sunrisers Hyderabad,Pat Cummins,2,TV,No,2060,Local Store,5,Smart TV,48.5,No
CUST2025,24,Male,Delhi,Delhi,Tier 1,Athlete,40200,9.5,Delhi Capitals,Rishabh Pant,6,JioHotstar,Yes,5450,Brand Website,31,Mobile,94.3,Yes
CUST2026,38,Female,Ahmedabad,Gujarat,Tier 1,Working Professional,78000,6.9,Gujarat Titans,Shubman Gill,4,JioHotstar,No,2660,Flipkart,12,Laptop,71.8,No
CUST2027,20,Male,Dhanbad,Jharkhand,Tier 2,Student,10200,9.6,Kolkata Knight Riders,Rinku Singh,7,JioHotstar,Yes,2060,Amazon,34,Mobile,98.0,Yes
CUST2028,45,Male,Coimbatore,Tamil Nadu,Tier 2,Coach,75000,6.2,Chennai Super Kings,Ravindra Jadeja,3,TV,No,3560,Brand Website,9,Smart TV,54.8,No
CUST2029,30,Female,Chandigarh,Chandigarh,Tier 1,Working Professional,68000,7.8,Punjab Kings,Arshdeep Singh,5,JioHotstar,Yes,3160,Amazon,19,Mobile,82.0,Yes
CUST2030,17,Male,Aligarh,Uttar Pradesh,Tier 3,Student,7600,10.0,Royal Challengers Bengaluru,Virat Kohli,7,JioHotstar,Yes,1560,Amazon,37,Mobile,99.6,Yes
CUST2031,34,Male,Hyderabad,Telangana,Tier 1,Working Professional,81000,7.6,Sunrisers Hyderabad,Travis Head,5,JioHotstar,No,3160,Brand Website,15,Laptop,76.5,Yes
CUST2032,41,Female,Bhopal,Madhya Pradesh,Tier 2,Working Professional,72000,6.5,Mumbai Indians,Hardik Pandya,4,TV,No,2460,Flipkart,11,Laptop,65.8,No
CUST2033,23,Male,Meerut,Uttar Pradesh,Tier 2,Student,13800,9.3,Lucknow Super Giants,Nicholas Pooran,6,JioHotstar,Yes,2560,Amazon,28,Mobile,91.5,Yes
CUST2034,49,Male,Jodhpur,Rajasthan,Tier 2,Business,115500,4.9,Rajasthan Royals,Sanju Samson,2,TV,No,1660,Local Store,4,Smart TV,43.2,No
CUST2035,25,Female,Mumbai,Maharashtra,Tier 1,Working Professional,64200,8.4,Mumbai Indians,Suryakumar Yadav,5,JioHotstar,Yes,2960,Amazon,21,Mobile,83.8,Yes
CUST2036,36,Male,Lucknow,Uttar Pradesh,Tier 1,Working Professional,83000,7.1,Lucknow Super Giants,KL Rahul,4,JioHotstar,No,2760,Brand Website,13,Laptop,73.5,No
CUST2037,19,Male,Siliguri,West Bengal,Tier 2,Student,9200,9.9,Kolkata Knight Riders,Andre Russell,7,JioHotstar,Yes,1960,Amazon,35,Mobile,98.6,Yes
CUST2038,44,Female,Warangal,Telangana,Tier 2,Coach,74200,6.1,Sunrisers Hyderabad,Heinrich Klaasen,3,TV,No,3460,Brand Website,9,Smart TV,55.8,No
CUST2039,27,Male,Faridabad,Haryana,Tier 1,Athlete,41200,9.4,Punjab Kings,Shikhar Dhawan,6,JioHotstar,Yes,5450,Brand Website,30,Mobile,94.5,Yes
CUST2040,47,Male,Udaipur,Rajasthan,Tier 2,Business,107500,5.3,Rajasthan Royals,Yashasvi Jaiswal,2,TV,No,1860,Local Store,5,Smart TV,46.8,No
CUST2041,29,Female,Thane,Maharashtra,Tier 1,Working Professional,71000,7.9,Mumbai Indians,Rohit Sharma,5,JioHotstar,Yes,3060,Amazon,20,Mobile,82.8,Yes
CUST2042,39,Male,Vijayawada,Andhra Pradesh,Tier 2,Working Professional,71000,6.8,Sunrisers Hyderabad,Pat Cummins,4,JioHotstar,No,2460,Flipkart,12,Laptop,67.5,No
CUST2043,20,Male,Gaya,Bihar,Tier 2,Student,9700,9.7,Chennai Super Kings,MS Dhoni,7,JioHotstar,Yes,2060,Amazon,34,Mobile,98.2,Yes
CUST2044,46,Female,Salem,Tamil Nadu,Tier 2,Business,102500,5.5,Chennai Super Kings,Ravindra Jadeja,2,TV,No,1960,Local Store,5,Smart TV,46.5,No
CUST2045,32,Male,Delhi,Delhi,Tier 1,Working Professional,79000,7.8,Delhi Capitals,Rishabh Pant,5,JioHotstar,Yes,3360,Brand Website,19,Laptop,80.8,Yes
CUST2046,22,Female,Tirupati,Andhra Pradesh,Tier 2,Student,13300,9.2,Sunrisers Hyderabad,Travis Head,6,JioHotstar,Yes,2460,Amazon,28,Mobile,91.8,Yes
CUST2047,37,Male,Noida,Uttar Pradesh,Tier 1,Working Professional,86000,7.4,Lucknow Super Giants,Nicholas Pooran,4,JioHotstar,No,2860,Brand Website,14,Laptop,74.2,No
CUST2048,21,Male,Jamshedpur,Jharkhand,Tier 2,Student,10700,9.8,Kolkata Knight Riders,Rinku Singh,7,JioHotstar,Yes,2160,Amazon,35,Mobile,98.5,Yes
CUST2049,45,Female,Nagpur,Maharashtra,Tier 2,Coach,77000,5.9,Mumbai Indians,Jasprit Bumrah,3,TV,No,3560,Brand Website,9,Smart TV,55.5,No
CUST2050,28,Male,Ahmedabad,Gujarat,Tier 1,Athlete,43000,9.5,Gujarat Titans,Rashid Khan,6,JioHotstar,Yes,5650,Brand Website,31,Mobile,95.2,Yes
CUST2051,33,Female,Kolkata,West Bengal,Tier 1,Working Professional,76000,7.7,Kolkata Knight Riders,Andre Russell,5,JioHotstar,Yes,2960,Amazon,19,Laptop,81.0,Yes
CUST2052,48,Male,Nagpur,Maharashtra,Tier 2,Business,109500,5.2,Mumbai Indians,Suryakumar Yadav,2,TV,No,1760,Local Store,4,Smart TV,45.8,No
CUST2053,24,Male,Patna,Bihar,Tier 2,Student,13300,9.4,Chennai Super Kings,Ruturaj Gaikwad,7,JioHotstar,Yes,2460,Amazon,30,Mobile,94.2,Yes
CUST2054,40,Female,Kochi,Kerala,Tier 2,Working Professional,73000,6.6,Mumbai Indians,Jasprit Bumrah,4,TV,No,2560,Flipkart,11,Laptop,66.5,No
CUST2055,26,Male,Hyderabad,Telangana,Tier 1,Working Professional,62000,8.6,Sunrisers Hyderabad,Pat Cummins,6,JioHotstar,Yes,3560,Amazon,25,Mobile,89.5,Yes
CUST2056,19,Male,Guwahati,Assam,Tier 2,Student,8700,10.0,Royal Challengers Bengaluru,Virat Kohli,7,JioHotstar,Yes,1860,Amazon,37,Mobile,99.9,Yes
CUST2057,42,Female,Indore,Madhya Pradesh,Tier 2,Coach,74000,6.3,Rajasthan Royals,Sanju Samson,3,TV,No,3360,Brand Website,9,Smart TV,56.8,No
CUST2058,30,Male,Mumbai,Maharashtra,Tier 1,Working Professional,77000,8.3,Mumbai Indians,Rohit Sharma,5,JioHotstar,Yes,3260,Amazon,21,Laptop,84.0,Yes
CUST2059,21,Female,Ranchi,Jharkhand,Tier 2,Student,10800,9.6,Kolkata Knight Riders,Sunil Narine,7,JioHotstar,Yes,2160,Amazon,32,Mobile,96.5,Yes
CUST2060,47,Male,Jaipur,Rajasthan,Tier 2,Business,104500,5.5,Rajasthan Royals,Jos Buttler,2,TV,No,1960,Local Store,5,Smart TV,48.5,No
CUST2061,27,Female,Pune,Maharashtra,Tier 1,Working Professional,69000,8.1,Chennai Super Kings,MS Dhoni,5,JioHotstar,Yes,3180,Amazon,20,Mobile,83.2,Yes
CUST2062,35,Male,Bengaluru,Karnataka,Tier 1,Working Professional,84500,7.4,Royal Challengers Bengaluru,Virat Kohli,4,JioHotstar,No,2880,Brand Website,14,Laptop,74.8,No
CUST2063,18,Male,Kanpur,Uttar Pradesh,Tier 2,Student,8200,10.0,Lucknow Super Giants,KL Rahul,7,JioHotstar,Yes,1780,Amazon,38,Mobile,100.0,Yes
CUST2064,43,Female,Visakhapatnam,Andhra Pradesh,Tier 2,Business,98500,5.8,Sunrisers Hyderabad,Pat Cummins,2,TV,No,2080,Local Store,5,Smart TV,48.8,No
CUST2065,24,Male,Delhi,Delhi,Tier 1,Athlete,40500,9.6,Delhi Capitals,Rishabh Pant,6,JioHotstar,Yes,5500,Brand Website,31,Mobile,94.5,Yes
CUST2066,38,Female,Ahmedabad,Gujarat,Tier 1,Working Professional,78200,7.0,Gujarat Titans,Shubman Gill,4,JioHotstar,No,2680,Flipkart,12,Laptop,72.0,No
CUST2067,20,Male,Dhanbad,Jharkhand,Tier 2,Student,10300,9.7,Kolkata Knight Riders,Rinku Singh,7,JioHotstar,Yes,2080,Amazon,34,Mobile,98.4,Yes
CUST2068,45,Male,Coimbatore,Tamil Nadu,Tier 2,Coach,75200,6.3,Chennai Super Kings,Ravindra Jadeja,3,TV,No,3580,Brand Website,9,Smart TV,55.0,No
CUST2069,30,Female,Chandigarh,Chandigarh,Tier 1,Working Professional,68200,7.9,Punjab Kings,Arshdeep Singh,5,JioHotstar,Yes,3180,Amazon,19,Mobile,82.2,Yes
CUST2070,17,Male,Aligarh,Uttar Pradesh,Tier 3,Student,7700,10.0,Royal Challengers Bengaluru,Virat Kohli,7,JioHotstar,Yes,1580,Amazon,37,Mobile,99.8,Yes
CUST2071,34,Male,Hyderabad,Telangana,Tier 1,Working Professional,81200,7.7,Sunrisers Hyderabad,Travis Head,5,JioHotstar,No,3180,Brand Website,15,Laptop,76.8,Yes
CUST2072,41,Female,Bhopal,Madhya Pradesh,Tier 2,Working Professional,72200,6.6,Mumbai Indians,Hardik Pandya,4,TV,No,2480,Flipkart,11,Laptop,66.0,No
CUST2073,23,Male,Meerut,Uttar Pradesh,Tier 2,Student,13900,9.4,Lucknow Super Giants,Nicholas Pooran,6,JioHotstar,Yes,2580,Amazon,28,Mobile,91.8,Yes
CUST2074,49,Male,Jodhpur,Rajasthan,Tier 2,Business,116000,5.0,Rajasthan Royals,Sanju Samson,2,TV,No,1680,Local Store,4,Smart TV,43.5,No
CUST2075,25,Female,Mumbai,Maharashtra,Tier 1,Working Professional,64500,8.5,Mumbai Indians,Suryakumar Yadav,5,JioHotstar,Yes,2980,Amazon,21,Mobile,84.0,Yes
CUST2076,36,Male,Lucknow,Uttar Pradesh,Tier 1,Working Professional,83200,7.2,Lucknow Super Giants,KL Rahul,4,JioHotstar,No,2780,Brand Website,13,Laptop,73.8,No
CUST2077,19,Male,Siliguri,West Bengal,Tier 2,Student,9300,10.0,Kolkata Knight Riders,Andre Russell,7,JioHotstar,Yes,1980,Amazon,35,Mobile,98.8,Yes
CUST2078,44,Female,Warangal,Telangana,Tier 2,Coach,74500,6.2,Sunrisers Hyderabad,Heinrich Klaasen,3,TV,No,3480,Brand Website,9,Smart TV,56.0,No
CUST2079,27,Male,Faridabad,Haryana,Tier 1,Athlete,41500,9.5,Punjab Kings,Shikhar Dhawan,6,JioHotstar,Yes,5500,Brand Website,30,Mobile,94.8,Yes
CUST2080,47,Male,Udaipur,Rajasthan,Tier 2,Business,108000,5.4,Rajasthan Royals,Yashasvi Jaiswal,2,TV,No,1880,Local Store,5,Smart TV,47.0,No
CUST2081,29,Female,Thane,Maharashtra,Tier 1,Working Professional,71200,8.0,Mumbai Indians,Rohit Sharma,5,JioHotstar,Yes,3080,Amazon,20,Mobile,83.0,Yes
CUST2082,39,Male,Vijayawada,Andhra Pradesh,Tier 2,Working Professional,71200,6.9,Sunrisers Hyderabad,Pat Cummins,4,JioHotstar,No,2480,Flipkart,12,Laptop,67.8,No
CUST2083,20,Male,Gaya,Bihar,Tier 2,Student,9800,9.8,Chennai Super Kings,MS Dhoni,7,JioHotstar,Yes,2080,Amazon,34,Mobile,98.5,Yes
CUST2084,46,Female,Salem,Tamil Nadu,Tier 2,Business,103000,5.6,Chennai Super Kings,Ravindra Jadeja,2,TV,No,1980,Local Store,5,Smart TV,46.8,No
CUST2085,32,Male,Delhi,Delhi,Tier 1,Working Professional,79200,7.9,Delhi Capitals,Rishabh Pant,5,JioHotstar,Yes,3380,Brand Website,19,Laptop,81.0,Yes
CUST2086,22,Female,Tirupati,Andhra Pradesh,Tier 2,Student,13400,9.3,Sunrisers Hyderabad,Travis Head,6,JioHotstar,Yes,2480,Amazon,28,Mobile,92.0,Yes
CUST2087,37,Male,Noida,Uttar Pradesh,Tier 1,Working Professional,86200,7.5,Lucknow Super Giants,Nicholas Pooran,4,JioHotstar,No,2880,Brand Website,14,Laptop,74.5,No
CUST2088,21,Male,Jamshedpur,Jharkhand,Tier 2,Student,10800,9.9,Kolkata Knight Riders,Rinku Singh,7,JioHotstar,Yes,2180,Amazon,35,Mobile,98.8,Yes
CUST2089,45,Female,Nagpur,Maharashtra,Tier 2,Coach,77200,6.0,Mumbai Indians,Jasprit Bumrah,3,TV,No,3580,Brand Website,9,Smart TV,55.8,No
CUST2090,28,Male,Ahmedabad,Gujarat,Tier 1,Athlete,43200,9.6,Gujarat Titans,Rashid Khan,6,JioHotstar,Yes,5700,Brand Website,31,Mobile,95.5,Yes
CUST2091,33,Female,Kolkata,West Bengal,Tier 1,Working Professional,76200,7.8,Kolkata Knight Riders,Andre Russell,5,JioHotstar,Yes,2980,Amazon,19,Laptop,81.2,Yes
CUST2092,48,Male,Nagpur,Maharashtra,Tier 2,Business,110000,5.3,Mumbai Indians,Suryakumar Yadav,2,TV,No,1780,Local Store,4,Smart TV,46.0,No
CUST2093,24,Male,Patna,Bihar,Tier 2,Student,13400,9.5,Chennai Super Kings,Ruturaj Gaikwad,7,JioHotstar,Yes,2480,Amazon,30,Mobile,94.5,Yes
CUST2094,40,Female,Kochi,Kerala,Tier 2,Working Professional,73200,6.7,Mumbai Indians,Jasprit Bumrah,4,TV,No,2580,Flipkart,11,Laptop,66.8,No
CUST2095,26,Male,Hyderabad,Telangana,Tier 1,Working Professional,62200,8.7,Sunrisers Hyderabad,Pat Cummins,6,JioHotstar,Yes,3580,Amazon,25,Mobile,89.8,Yes
CUST2096,19,Male,Guwahati,Assam,Tier 2,Student,8800,10.0,Royal Challengers Bengaluru,Virat Kohli,7,JioHotstar,Yes,1880,Amazon,37,Mobile,100.0,Yes
CUST2097,42,Female,Indore,Madhya Pradesh,Tier 2,Coach,74200,6.4,Rajasthan Royals,Sanju Samson,3,TV,No,3380,Brand Website,9,Smart TV,57.0,No
CUST2098,30,Male,Mumbai,Maharashtra,Tier 1,Working Professional,77200,8.4,Mumbai Indians,Rohit Sharma,5,JioHotstar,Yes,3280,Amazon,21,Laptop,84.2,Yes
CUST2099,21,Female,Ranchi,Jharkhand,Tier 2,Student,10900,9.7,Kolkata Knight Riders,Sunil Narine,7,JioHotstar,Yes,2180,Amazon,32,Mobile,96.8,Yes
CUST2100,47,Male,Jaipur,Rajasthan,Tier 2,Business,105000,5.6,Rajasthan Royals,Jos Buttler,2,TV,No,1980,Local Store,5,Smart TV,49.0,No
CUST2101,28,Female,Pune,Maharashtra,Tier 1,Working Professional,69500,8.2,Chennai Super Kings,MS Dhoni,5,JioHotstar,Yes,3200,Amazon,21,Mobile,84.1,Yes
CUST2102,36,Male,Bengaluru,Karnataka,Tier 1,Working Professional,85200,7.5,Royal Challengers Bengaluru,Virat Kohli,4,JioHotstar,No,2900,Brand Website,15,Laptop,75.2,No
CUST2103,19,Male,Kanpur,Uttar Pradesh,Tier 2,Student,8400,10.0,Lucknow Super Giants,KL Rahul,7,JioHotstar,Yes,1800,Amazon,39,Mobile,100.0,Yes
CUST2104,44,Female,Visakhapatnam,Andhra Pradesh,Tier 2,Business,99000,5.9,Sunrisers Hyderabad,Pat Cummins,2,TV,No,2100,Local Store,5,Smart TV,49.0,No
CUST2105,25,Male,Delhi,Delhi,Tier 1,Athlete,42000,9.6,Delhi Capitals,Rishabh Pant,6,JioHotstar,Yes,5600,Brand Website,32,Mobile,95.0,Yes
CUST2106,39,Female,Ahmedabad,Gujarat,Tier 1,Working Professional,79000,7.1,Gujarat Titans,Shubman Gill,4,JioHotstar,No,2700,Flipkart,13,Laptop,72.5,No
CUST2107,21,Male,Dhanbad,Jharkhand,Tier 2,Student,10400,9.8,Kolkata Knight Riders,Rinku Singh,7,JioHotstar,Yes,2100,Amazon,35,Mobile,98.8,Yes
CUST2108,46,Male,Coimbatore,Tamil Nadu,Tier 2,Coach,76000,6.4,Chennai Super Kings,Ravindra Jadeja,3,TV,No,3600,Brand Website,9,Smart TV,56.0,No
CUST2109,31,Female,Chandigarh,Chandigarh,Tier 1,Working Professional,69000,8.0,Punjab Kings,Arshdeep Singh,5,JioHotstar,Yes,3200,Amazon,20,Mobile,83.0,Yes
CUST2110,18,Male,Aligarh,Uttar Pradesh,Tier 3,Student,7800,10.0,Royal Challengers Bengaluru,Virat Kohli,7,JioHotstar,Yes,1600,Amazon,38,Mobile,100.0,Yes
CUST2111,35,Male,Hyderabad,Telangana,Tier 1,Working Professional,82000,7.8,Sunrisers Hyderabad,Travis Head,5,JioHotstar,No,3200,Brand Website,15,Laptop,77.0,Yes
CUST2112,42,Female,Bhopal,Madhya Pradesh,Tier 2,Working Professional,73000,6.7,Mumbai Indians,Hardik Pandya,4,TV,No,2500,Flipkart,11,Laptop,66.5,No
CUST2113,24,Male,Meerut,Uttar Pradesh,Tier 2,Student,14000,9.5,Lucknow Super Giants,Nicholas Pooran,6,JioHotstar,Yes,2600,Amazon,29,Mobile,92.0,Yes
CUST2114,50,Male,Jodhpur,Rajasthan,Tier 2,Business,117000,5.1,Rajasthan Royals,Sanju Samson,2,TV,No,1700,Local Store,4,Smart TV,44.0,No
CUST2115,26,Female,Mumbai,Maharashtra,Tier 1,Working Professional,65000,8.6,Mumbai Indians,Suryakumar Yadav,5,JioHotstar,Yes,3000,Amazon,22,Mobile,85.0,Yes
CUST2116,37,Male,Lucknow,Uttar Pradesh,Tier 1,Working Professional,84000,7.3,Lucknow Super Giants,KL Rahul,4,JioHotstar,No,2800,Brand Website,14,Laptop,74.0,No
CUST2117,20,Male,Siliguri,West Bengal,Tier 2,Student,9500,10.0,Kolkata Knight Riders,Andre Russell,7,JioHotstar,Yes,2000,Amazon,36,Mobile,99.0,Yes
CUST2118,45,Female,Warangal,Telangana,Tier 2,Coach,75000,6.3,Sunrisers Hyderabad,Heinrich Klaasen,3,TV,No,3500,Brand Website,9,Smart TV,56.5,No
CUST2119,28,Male,Faridabad,Haryana,Tier 1,Athlete,43000,9.7,Punjab Kings,Shikhar Dhawan,6,JioHotstar,Yes,5700,Brand Website,31,Mobile,95.2,Yes
CUST2120,48,Male,Udaipur,Rajasthan,Tier 2,Business,109000,5.5,Rajasthan Royals,Yashasvi Jaiswal,2,TV,No,1900,Local Store,5,Smart TV,47.2,No
CUST2121,30,Female,Thane,Maharashtra,Tier 1,Working Professional,72000,8.1,Mumbai Indians,Rohit Sharma,5,JioHotstar,Yes,3100,Amazon,21,Mobile,84.0,Yes
CUST2122,40,Male,Vijayawada,Andhra Pradesh,Tier 2,Working Professional,72000,7.0,Sunrisers Hyderabad,Pat Cummins,4,JioHotstar,No,2500,Flipkart,12,Laptop,68.0,No
CUST2123,21,Male,Gaya,Bihar,Tier 2,Student,9900,9.9,Chennai Super Kings,MS Dhoni,7,JioHotstar,Yes,2100,Amazon,35,Mobile,99.0,Yes
CUST2124,47,Female,Salem,Tamil Nadu,Tier 2,Business,104000,5.7,Chennai Super Kings,Ravindra Jadeja,2,TV,No,2000,Local Store,5,Smart TV,47.0,No
CUST2125,33,Male,Delhi,Delhi,Tier 1,Working Professional,80000,8.0,Delhi Capitals,Rishabh Pant,5,JioHotstar,Yes,3400,Brand Website,20,Laptop,82.0,Yes
CUST2126,23,Female,Tirupati,Andhra Pradesh,Tier 2,Student,13600,9.4,Sunrisers Hyderabad,Travis Head,6,JioHotstar,Yes,2500,Amazon,29,Mobile,92.5,Yes
CUST2127,38,Male,Noida,Uttar Pradesh,Tier 1,Working Professional,87000,7.6,Lucknow Super Giants,Nicholas Pooran,4,JioHotstar,No,2900,Brand Website,14,Laptop,75.0,No
CUST2128,22,Male,Jamshedpur,Jharkhand,Tier 2,Student,11000,10.0,Kolkata Knight Riders,Rinku Singh,7,JioHotstar,Yes,2200,Amazon,36,Mobile,99.0,Yes
CUST2129,46,Female,Nagpur,Maharashtra,Tier 2,Coach,78000,6.1,Mumbai Indians,Jasprit Bumrah,3,TV,No,3600,Brand Website,9,Smart TV,56.0,No
CUST2130,29,Male,Ahmedabad,Gujarat,Tier 1,Athlete,44000,9.8,Gujarat Titans,Rashid Khan,6,JioHotstar,Yes,5800,Brand Website,32,Mobile,96.0,Yes
CUST2131,34,Female,Kolkata,West Bengal,Tier 1,Working Professional,77000,7.9,Kolkata Knight Riders,Andre Russell,5,JioHotstar,Yes,3000,Amazon,20,Laptop,82.5,Yes
CUST2132,49,Male,Nagpur,Maharashtra,Tier 2,Business,111000,5.4,Mumbai Indians,Suryakumar Yadav,2,TV,No,1800,Local Store,4,Smart TV,46.5,No
CUST2133,25,Male,Patna,Bihar,Tier 2,Student,13600,9.6,Chennai Super Kings,Ruturaj Gaikwad,7,JioHotstar,Yes,2500,Amazon,31,Mobile,95.0,Yes
CUST2134,41,Female,Kochi,Kerala,Tier 2,Working Professional,74000,6.8,Mumbai Indians,Jasprit Bumrah,4,TV,No,2600,Flipkart,12,Laptop,67.0,No
CUST2135,27,Male,Hyderabad,Telangana,Tier 1,Working Professional,63000,8.8,Sunrisers Hyderabad,Pat Cummins,6,JioHotstar,Yes,3600,Amazon,26,Mobile,90.0,Yes
CUST2136,20,Male,Guwahati,Assam,Tier 2,Student,9000,10.0,Royal Challengers Bengaluru,Virat Kohli,7,JioHotstar,Yes,1900,Amazon,38,Mobile,100.0,Yes
CUST2137,43,Female,Indore,Madhya Pradesh,Tier 2,Coach,75000,6.5,Rajasthan Royals,Sanju Samson,3,TV,No,3400,Brand Website,9,Smart TV,57.0,No
CUST2138,31,Male,Mumbai,Maharashtra,Tier 1,Working Professional,78000,8.5,Mumbai Indians,Rohit Sharma,5,JioHotstar,Yes,3300,Amazon,22,Laptop,85.0,Yes
CUST2139,22,Female,Ranchi,Jharkhand,Tier 2,Student,11200,9.7,Kolkata Knight Riders,Sunil Narine,7,JioHotstar,Yes,2200,Amazon,33,Mobile,97.0,Yes
CUST2140,48,Male,Jaipur,Rajasthan,Tier 2,Business,106000,5.8,Rajasthan Royals,Jos Buttler,2,TV,No,2000,Local Store,5,Smart TV,49.5,No
CUST2141,28,Female,Pune,Maharashtra,Tier 1,Working Professional,69800,8.3,Chennai Super Kings,MS Dhoni,5,JioHotstar,Yes,3220,Amazon,21,Mobile,84.5,Yes
CUST2142,36,Male,Bengaluru,Karnataka,Tier 1,Working Professional,85500,7.6,Royal Challengers Bengaluru,Virat Kohli,4,JioHotstar,No,2920,Brand Website,15,Laptop,75.5,No
CUST2143,19,Male,Kanpur,Uttar Pradesh,Tier 2,Student,8500,10.0,Lucknow Super Giants,KL Rahul,7,JioHotstar,Yes,1820,Amazon,39,Mobile,100.0,Yes
CUST2144,44,Female,Visakhapatnam,Andhra Pradesh,Tier 2,Business,99300,6.0,Sunrisers Hyderabad,Pat Cummins,2,TV,No,2120,Local Store,5,Smart TV,49.2,No
CUST2145,25,Male,Delhi,Delhi,Tier 1,Athlete,42500,9.7,Delhi Capitals,Rishabh Pant,6,JioHotstar,Yes,5620,Brand Website,32,Mobile,95.5,Yes
CUST2146,39,Female,Ahmedabad,Gujarat,Tier 1,Working Professional,79300,7.2,Gujarat Titans,Shubman Gill,4,JioHotstar,No,2720,Flipkart,13,Laptop,72.8,No
CUST2147,21,Male,Dhanbad,Jharkhand,Tier 2,Student,10500,9.9,Kolkata Knight Riders,Rinku Singh,7,JioHotstar,Yes,2120,Amazon,35,Mobile,99.2,Yes
CUST2148,46,Male,Coimbatore,Tamil Nadu,Tier 2,Coach,76300,6.5,Chennai Super Kings,Ravindra Jadeja,3,TV,No,3620,Brand Website,9,Smart TV,56.2,No
CUST2149,31,Female,Chandigarh,Chandigarh,Tier 1,Working Professional,69300,8.1,Punjab Kings,Arshdeep Singh,5,JioHotstar,Yes,3220,Amazon,20,Mobile,83.2,Yes
CUST2150,18,Male,Aligarh,Uttar Pradesh,Tier 3,Student,7900,10.0,Royal Challengers Bengaluru,Virat Kohli,7,JioHotstar,Yes,1620,Amazon,38,Mobile,100.0,Yes
CUST2151,35,Male,Hyderabad,Telangana,Tier 1,Working Professional,82300,7.9,Sunrisers Hyderabad,Travis Head,5,JioHotstar,No,3220,Brand Website,15,Laptop,77.2,Yes
CUST2152,42,Female,Bhopal,Madhya Pradesh,Tier 2,Working Professional,73300,6.8,Mumbai Indians,Hardik Pandya,4,TV,No,2520,Flipkart,11,Laptop,66.8,No
CUST2153,24,Male,Meerut,Uttar Pradesh,Tier 2,Student,14100,9.6,Lucknow Super Giants,Nicholas Pooran,6,JioHotstar,Yes,2620,Amazon,29,Mobile,92.5,Yes
CUST2154,50,Male,Jodhpur,Rajasthan,Tier 2,Business,117500,5.2,Rajasthan Royals,Sanju Samson,2,TV,No,1720,Local Store,4,Smart TV,44.5,No
CUST2155,26,Female,Mumbai,Maharashtra,Tier 1,Working Professional,65300,8.7,Mumbai Indians,Suryakumar Yadav,5,JioHotstar,Yes,3020,Amazon,22,Mobile,85.5,Yes
CUST2156,37,Male,Lucknow,Uttar Pradesh,Tier 1,Working Professional,84300,7.4,Lucknow Super Giants,KL Rahul,4,JioHotstar,No,2820,Brand Website,14,Laptop,74.2,No
CUST2157,20,Male,Siliguri,West Bengal,Tier 2,Student,9600,10.0,Kolkata Knight Riders,Andre Russell,7,JioHotstar,Yes,2020,Amazon,36,Mobile,99.5,Yes
CUST2158,45,Female,Warangal,Telangana,Tier 2,Coach,75300,6.4,Sunrisers Hyderabad,Heinrich Klaasen,3,TV,No,3520,Brand Website,9,Smart TV,56.8,No
CUST2159,28,Male,Faridabad,Haryana,Tier 1,Athlete,43500,9.8,Punjab Kings,Shikhar Dhawan,6,JioHotstar,Yes,5720,Brand Website,31,Mobile,95.8,Yes
CUST2160,48,Male,Udaipur,Rajasthan,Tier 2,Business,109500,5.6,Rajasthan Royals,Yashasvi Jaiswal,2,TV,No,1920,Local Store,5,Smart TV,47.5,No
CUST2161,30,Female,Thane,Maharashtra,Tier 1,Working Professional,72300,8.2,Mumbai Indians,Rohit Sharma,5,JioHotstar,Yes,3120,Amazon,21,Mobile,84.5,Yes
CUST2162,40,Male,Vijayawada,Andhra Pradesh,Tier 2,Working Professional,72300,7.1,Sunrisers Hyderabad,Pat Cummins,4,JioHotstar,No,2520,Flipkart,12,Laptop,68.2,No
CUST2163,21,Male,Gaya,Bihar,Tier 2,Student,10000,10.0,Chennai Super Kings,MS Dhoni,7,JioHotstar,Yes,2120,Amazon,35,Mobile,99.5,Yes
CUST2164,47,Female,Salem,Tamil Nadu,Tier 2,Business,104500,5.8,Chennai Super Kings,Ravindra Jadeja,2,TV,No,2020,Local Store,5,Smart TV,47.5,No
CUST2165,33,Male,Delhi,Delhi,Tier 1,Working Professional,80300,8.1,Delhi Capitals,Rishabh Pant,5,JioHotstar,Yes,3420,Brand Website,20,Laptop,82.5,Yes
CUST2166,23,Female,Tirupati,Andhra Pradesh,Tier 2,Student,13700,9.5,Sunrisers Hyderabad,Travis Head,6,JioHotstar,Yes,2520,Amazon,29,Mobile,93.0,Yes
CUST2167,38,Male,Noida,Uttar Pradesh,Tier 1,Working Professional,87300,7.7,Lucknow Super Giants,Nicholas Pooran,4,JioHotstar,No,2920,Brand Website,14,Laptop,75.2,No
CUST2168,22,Male,Jamshedpur,Jharkhand,Tier 2,Student,11100,10.0,Kolkata Knight Riders,Rinku Singh,7,JioHotstar,Yes,2220,Amazon,36,Mobile,99.5,Yes
CUST2169,46,Female,Nagpur,Maharashtra,Tier 2,Coach,78300,6.2,Mumbai Indians,Jasprit Bumrah,3,TV,No,3620,Brand Website,9,Smart TV,56.5,No
CUST2170,29,Male,Ahmedabad,Gujarat,Tier 1,Athlete,44500,9.9,Gujarat Titans,Rashid Khan,6,JioHotstar,Yes,5820,Brand Website,32,Mobile,96.5,Yes
CUST2171,34,Female,Kolkata,West Bengal,Tier 1,Working Professional,77300,8.0,Kolkata Knight Riders,Andre Russell,5,JioHotstar,Yes,3020,Amazon,20,Laptop,83.0,Yes
CUST2172,49,Male,Nagpur,Maharashtra,Tier 2,Business,111500,5.5,Mumbai Indians,Suryakumar Yadav,2,TV,No,1820,Local Store,4,Smart TV,47.0,No
CUST2173,25,Male,Patna,Bihar,Tier 2,Student,13700,9.7,Chennai Super Kings,Ruturaj Gaikwad,7,JioHotstar,Yes,2520,Amazon,31,Mobile,95.5,Yes
CUST2174,41,Female,Kochi,Kerala,Tier 2,Working Professional,74300,6.9,Mumbai Indians,Jasprit Bumrah,4,TV,No,2620,Flipkart,12,Laptop,67.5,No
CUST2175,27,Male,Hyderabad,Telangana,Tier 1,Working Professional,63300,8.9,Sunrisers Hyderabad,Pat Cummins,6,JioHotstar,Yes,3620,Amazon,26,Mobile,90.5,Yes
CUST2176,20,Male,Guwahati,Assam,Tier 2,Student,9100,10.0,Royal Challengers Bengaluru,Virat Kohli,7,JioHotstar,Yes,1920,Amazon,38,Mobile,100.0,Yes
CUST2177,43,Female,Indore,Madhya Pradesh,Tier 2,Coach,75300,6.6,Rajasthan Royals,Sanju Samson,3,TV,No,3420,Brand Website,9,Smart TV,57.5,No
CUST2178,31,Male,Mumbai,Maharashtra,Tier 1,Working Professional,78300,8.6,Mumbai Indians,Rohit Sharma,5,JioHotstar,Yes,3320,Amazon,22,Laptop,85.5,Yes
CUST2179,22,Female,Ranchi,Jharkhand,Tier 2,Student,11300,9.8,Kolkata Knight Riders,Sunil Narine,7,JioHotstar,Yes,2220,Amazon,33,Mobile,97.5,Yes
CUST2180,48,Male,Jaipur,Rajasthan,Tier 2,Business,106500,5.9,Rajasthan Royals,Jos Buttler,2,TV,No,2020,Local Store,5,Smart TV,50.0,No
CUST2181,28,Female,Pune,Maharashtra,Tier 1,Working Professional,70000,8.4,Chennai Super Kings,MS Dhoni,5,JioHotstar,Yes,3240,Amazon,21,Mobile,85.0,Yes
CUST2182,36,Male,Bengaluru,Karnataka,Tier 1,Working Professional,85800,7.7,Royal Challengers Bengaluru,Virat Kohli,4,JioHotstar,No,2940,Brand Website,15,Laptop,76.0,No
CUST2183,19,Male,Kanpur,Uttar Pradesh,Tier 2,Student,8600,10.0,Lucknow Super Giants,KL Rahul,7,JioHotstar,Yes,1840,Amazon,39,Mobile,100.0,Yes
CUST2184,44,Female,Visakhapatnam,Andhra Pradesh,Tier 2,Business,99600,6.1,Sunrisers Hyderabad,Pat Cummins,2,TV,No,2140,Local Store,5,Smart TV,49.5,No
CUST2185,25,Male,Delhi,Delhi,Tier 1,Athlete,42800,9.8,Delhi Capitals,Rishabh Pant,6,JioHotstar,Yes,5640,Brand Website,32,Mobile,96.0,Yes
CUST2186,39,Female,Ahmedabad,Gujarat,Tier 1,Working Professional,79600,7.3,Gujarat Titans,Shubman Gill,4,JioHotstar,No,2740,Flipkart,13,Laptop,73.0,No
CUST2187,21,Male,Dhanbad,Jharkhand,Tier 2,Student,10600,10.0,Kolkata Knight Riders,Rinku Singh,7,JioHotstar,Yes,2140,Amazon,35,Mobile,99.8,Yes
CUST2188,46,Male,Coimbatore,Tamil Nadu,Tier 2,Coach,76600,6.6,Chennai Super Kings,Ravindra Jadeja,3,TV,No,3640,Brand Website,9,Smart TV,56.8,No
CUST2189,31,Female,Chandigarh,Chandigarh,Tier 1,Working Professional,69600,8.2,Punjab Kings,Arshdeep Singh,5,JioHotstar,Yes,3240,Amazon,20,Mobile,83.5,Yes
CUST2190,18,Male,Aligarh,Uttar Pradesh,Tier 3,Student,8000,10.0,Royal Challengers Bengaluru,Virat Kohli,7,JioHotstar,Yes,1640,Amazon,38,Mobile,100.0,Yes
CUST2191,35,Male,Hyderabad,Telangana,Tier 1,Working Professional,82600,8.0,Sunrisers Hyderabad,Travis Head,5,JioHotstar,No,3240,Brand Website,15,Laptop,77.5,Yes
CUST2192,42,Female,Bhopal,Madhya Pradesh,Tier 2,Working Professional,73600,6.9,Mumbai Indians,Hardik Pandya,4,TV,No,2540,Flipkart,11,Laptop,67.0,No
CUST2193,24,Male,Meerut,Uttar Pradesh,Tier 2,Student,14200,9.7,Lucknow Super Giants,Nicholas Pooran,6,JioHotstar,Yes,2640,Amazon,29,Mobile,93.0,Yes
CUST2194,50,Male,Jodhpur,Rajasthan,Tier 2,Business,118000,5.3,Rajasthan Royals,Sanju Samson,2,TV,No,1740,Local Store,4,Smart TV,45.0,No
CUST2195,26,Female,Mumbai,Maharashtra,Tier 1,Working Professional,65600,8.8,Mumbai Indians,Suryakumar Yadav,5,JioHotstar,Yes,3040,Amazon,22,Mobile,86.0,Yes
CUST2196,37,Male,Lucknow,Uttar Pradesh,Tier 1,Working Professional,84600,7.5,Lucknow Super Giants,KL Rahul,4,JioHotstar,No,2840,Brand Website,14,Laptop,74.5,No
CUST2197,20,Male,Siliguri,West Bengal,Tier 2,Student,9700,10.0,Kolkata Knight Riders,Andre Russell,7,JioHotstar,Yes,2040,Amazon,36,Mobile,100.0,Yes
CUST2198,45,Female,Warangal,Telangana,Tier 2,Coach,75600,6.5,Sunrisers Hyderabad,Heinrich Klaasen,3,TV,No,3540,Brand Website,9,Smart TV,57.0,No
CUST2199,28,Male,Faridabad,Haryana,Tier 1,Athlete,43800,9.9,Punjab Kings,Shikhar Dhawan,6,JioHotstar,Yes,5740,Brand Website,31,Mobile,96.2,Yes
CUST2200,48,Male,Udaipur,Rajasthan,Tier 2,Business,110000,5.7,Rajasthan Royals,Yashasvi Jaiswal,2,TV,No,1940,Local Store,5,Smart TV,48.0,No
CUST2201,30,Female,Thane,Maharashtra,Tier 1,Working Professional,72600,8.3,Mumbai Indians,Rohit Sharma,5,JioHotstar,Yes,3140,Amazon,21,Mobile,85.0,Yes
CUST2202,40,Male,Vijayawada,Andhra Pradesh,Tier 2,Working Professional,72600,7.2,Sunrisers Hyderabad,Pat Cummins,4,JioHotstar,No,2540,Flipkart,12,Laptop,68.5,No
CUST2203,21,Male,Gaya,Bihar,Tier 2,Student,10100,10.0,Chennai Super Kings,MS Dhoni,7,JioHotstar,Yes,2140,Amazon,35,Mobile,100.0,Yes
CUST2204,47,Female,Salem,Tamil Nadu,Tier 2,Business,105000,5.9,Chennai Super Kings,Ravindra Jadeja,2,TV,No,2040,Local Store,5,Smart TV,48.0,No
CUST2205,33,Male,Delhi,Delhi,Tier 1,Working Professional,80600,8.2,Delhi Capitals,Rishabh Pant,5,JioHotstar,Yes,3440,Brand Website,20,Laptop,83.0,Yes
CUST2206,23,Female,Tirupati,Andhra Pradesh,Tier 2,Student,13800,9.6,Sunrisers Hyderabad,Travis Head,6,JioHotstar,Yes,2540,Amazon,29,Mobile,93.5,Yes
CUST2207,38,Male,Noida,Uttar Pradesh,Tier 1,Working Professional,87600,7.8,Lucknow Super Giants,Nicholas Pooran,4,JioHotstar,No,2940,Brand Website,14,Laptop,75.5,No
CUST2208,22,Male,Jamshedpur,Jharkhand,Tier 2,Student,11200,10.0,Kolkata Knight Riders,Rinku Singh,7,JioHotstar,Yes,2240,Amazon,36,Mobile,100.0,Yes
CUST2209,46,Female,Nagpur,Maharashtra,Tier 2,Coach,78600,6.3,Mumbai Indians,Jasprit Bumrah,3,TV,No,3640,Brand Website,9,Smart TV,57.0,No
CUST2210,29,Male,Ahmedabad,Gujarat,Tier 1,Athlete,44800,10.0,Gujarat Titans,Rashid Khan,6,JioHotstar,Yes,5840,Brand Website,32,Mobile,97.0,Yes
CUST2211,34,Female,Kolkata,West Bengal,Tier 1,Working Professional,77600,8.1,Kolkata Knight Riders,Andre Russell,5,JioHotstar,Yes,3040,Amazon,20,Laptop,83.5,Yes
CUST2212,49,Male,Nagpur,Maharashtra,Tier 2,Business,112000,5.6,Mumbai Indians,Suryakumar Yadav,2,TV,No,1840,Local Store,4,Smart TV,47.5,No
CUST2213,25,Male,Patna,Bihar,Tier 2,Student,13800,9.8,Chennai Super Kings,Ruturaj Gaikwad,7,JioHotstar,Yes,2540,Amazon,31,Mobile,96.0,Yes
CUST2214,41,Female,Kochi,Kerala,Tier 2,Working Professional,74600,7.0,Mumbai Indians,Jasprit Bumrah,4,TV,No,2640,Flipkart,12,Laptop,68.0,No
CUST2215,27,Male,Hyderabad,Telangana,Tier 1,Working Professional,63600,9.0,Sunrisers Hyderabad,Pat Cummins,6,JioHotstar,Yes,3640,Amazon,26,Mobile,91.0,Yes
CUST2216,20,Male,Guwahati,Assam,Tier 2,Student,9200,10.0,Royal Challengers Bengaluru,Virat Kohli,7,JioHotstar,Yes,1940,Amazon,38,Mobile,100.0,Yes
CUST2217,43,Female,Indore,Madhya Pradesh,Tier 2,Coach,75600,6.7,Rajasthan Royals,Sanju Samson,3,TV,No,3440,Brand Website,9,Smart TV,58.0,No
CUST2218,31,Male,Mumbai,Maharashtra,Tier 1,Working Professional,78600,8.7,Mumbai Indians,Rohit Sharma,5,JioHotstar,Yes,3340,Amazon,22,Laptop,86.0,Yes
CUST2219,22,Female,Ranchi,Jharkhand,Tier 2,Student,11400,9.9,Kolkata Knight Riders,Sunil Narine,7,JioHotstar,Yes,2240,Amazon,33,Mobile,98.0,Yes
CUST2220,48,Male,Jaipur,Rajasthan,Tier 2,Business,107000,6.0,Rajasthan Royals,Jos Buttler,2,TV,No,2040,Local Store,5,Smart TV,50.5,No
CUST2221,28,Female,Pune,Maharashtra,Tier 1,Working Professional,70300,8.5,Chennai Super Kings,MS Dhoni,5,JioHotstar,Yes,3260,Amazon,21,Mobile,85.5,Yes
CUST2222,36,Male,Bengaluru,Karnataka,Tier 1,Working Professional,86100,7.8,Royal Challengers Bengaluru,Virat Kohli,4,JioHotstar,No,2960,Brand Website,15,Laptop,76.5,No
CUST2223,19,Male,Kanpur,Uttar Pradesh,Tier 2,Student,8700,10.0,Lucknow Super Giants,KL Rahul,7,JioHotstar,Yes,1860,Amazon,39,Mobile,100.0,Yes
CUST2224,44,Female,Visakhapatnam,Andhra Pradesh,Tier 2,Business,99900,6.2,Sunrisers Hyderabad,Pat Cummins,2,TV,No,2160,Local Store,5,Smart TV,50.0,No
CUST2225,25,Male,Delhi,Delhi,Tier 1,Athlete,43000,9.9,Delhi Capitals,Rishabh Pant,6,JioHotstar,Yes,5660,Brand Website,32,Mobile,96.5,Yes
CUST2226,39,Female,Ahmedabad,Gujarat,Tier 1,Working Professional,79900,7.4,Gujarat Titans,Shubman Gill,4,JioHotstar,No,2760,Flipkart,13,Laptop,73.5,No
CUST2227,21,Male,Dhanbad,Jharkhand,Tier 2,Student,10700,10.0,Kolkata Knight Riders,Rinku Singh,7,JioHotstar,Yes,2160,Amazon,35,Mobile,100.0,Yes
CUST2228,46,Male,Coimbatore,Tamil Nadu,Tier 2,Coach,76900,6.7,Chennai Super Kings,Ravindra Jadeja,3,TV,No,3660,Brand Website,9,Smart TV,57.0,No
CUST2229,31,Female,Chandigarh,Chandigarh,Tier 1,Working Professional,69900,8.3,Punjab Kings,Arshdeep Singh,5,JioHotstar,Yes,3260,Amazon,20,Mobile,84.0,Yes
CUST2230,18,Male,Aligarh,Uttar Pradesh,Tier 3,Student,8100,10.0,Royal Challengers Bengaluru,Virat Kohli,7,JioHotstar,Yes,1660,Amazon,38,Mobile,100.0,Yes
CUST2231,35,Male,Hyderabad,Telangana,Tier 1,Working Professional,82900,8.1,Sunrisers Hyderabad,Travis Head,5,JioHotstar,No,3260,Brand Website,15,Laptop,78.0,Yes
CUST2232,42,Female,Bhopal,Madhya Pradesh,Tier 2,Working Professional,73900,7.0,Mumbai Indians,Hardik Pandya,4,TV,No,2560,Flipkart,11,Laptop,67.5,No
CUST2233,24,Male,Meerut,Uttar Pradesh,Tier 2,Student,14300,9.8,Lucknow Super Giants,Nicholas Pooran,6,JioHotstar,Yes,2660,Amazon,29,Mobile,93.5,Yes
CUST2234,50,Male,Jodhpur,Rajasthan,Tier 2,Business,118500,5.4,Rajasthan Royals,Sanju Samson,2,TV,No,1760,Local Store,4,Smart TV,45.5,No
CUST2235,26,Female,Mumbai,Maharashtra,Tier 1,Working Professional,65900,8.9,Mumbai Indians,Suryakumar Yadav,5,JioHotstar,Yes,3060,Amazon,22,Mobile,86.5,Yes
CUST2236,37,Male,Lucknow,Uttar Pradesh,Tier 1,Working Professional,84900,7.6,Lucknow Super Giants,KL Rahul,4,JioHotstar,No,2860,Brand Website,14,Laptop,75.0,No
CUST2237,20,Male,Siliguri,West Bengal,Tier 2,Student,9800,10.0,Kolkata Knight Riders,Andre Russell,7,JioHotstar,Yes,2060,Amazon,36,Mobile,100.0,Yes
CUST2238,45,Female,Warangal,Telangana,Tier 2,Coach,75900,6.6,Sunrisers Hyderabad,Heinrich Klaasen,3,TV,No,3560,Brand Website,9,Smart TV,57.5,No
CUST2239,28,Male,Faridabad,Haryana,Tier 1,Athlete,44000,10.0,Punjab Kings,Shikhar Dhawan,6,JioHotstar,Yes,5760,Brand Website,31,Mobile,97.0,Yes
CUST2240,48,Male,Udaipur,Rajasthan,Tier 2,Business,110500,5.8,Rajasthan Royals,Yashasvi Jaiswal,2,TV,No,1960,Local Store,5,Smart TV,48.5,No
CUST2241,30,Female,Thane,Maharashtra,Tier 1,Working Professional,72900,8.4,Mumbai Indians,Rohit Sharma,5,JioHotstar,Yes,3160,Amazon,21,Mobile,85.5,Yes
CUST2242,40,Male,Vijayawada,Andhra Pradesh,Tier 2,Working Professional,72900,7.3,Sunrisers Hyderabad,Pat Cummins,4,JioHotstar,No,2560,Flipkart,12,Laptop,69.0,No
CUST2243,21,Male,Gaya,Bihar,Tier 2,Student,10200,10.0,Chennai Super Kings,MS Dhoni,7,JioHotstar,Yes,2160,Amazon,35,Mobile,100.0,Yes
CUST2244,47,Female,Salem,Tamil Nadu,Tier 2,Business,105500,6.0,Chennai Super Kings,Ravindra Jadeja,2,TV,No,2060,Local Store,5,Smart TV,48.5,No
CUST2245,33,Male,Delhi,Delhi,Tier 1,Working Professional,80900,8.3,Delhi Capitals,Rishabh Pant,5,JioHotstar,Yes,3460,Brand Website,20,Laptop,83.5,Yes
CUST2246,23,Female,Tirupati,Andhra Pradesh,Tier 2,Student,13900,9.7,Sunrisers Hyderabad,Travis Head,6,JioHotstar,Yes,2560,Amazon,29,Mobile,94.0,Yes
CUST2247,38,Male,Noida,Uttar Pradesh,Tier 1,Working Professional,87900,7.9,Lucknow Super Giants,Nicholas Pooran,4,JioHotstar,No,2960,Brand Website,14,Laptop,76.0,No
CUST2248,22,Male,Jamshedpur,Jharkhand,Tier 2,Student,11300,10.0,Kolkata Knight Riders,Rinku Singh,7,JioHotstar,Yes,2260,Amazon,36,Mobile,100.0,Yes
CUST2249,46,Female,Nagpur,Maharashtra,Tier 2,Coach,78900,6.4,Mumbai Indians,Jasprit Bumrah,3,TV,No,3660,Brand Website,9,Smart TV,57.5,No
CUST2250,29,Male,Ahmedabad,Gujarat,Tier 1,Athlete,45000,10.0,Gujarat Titans,Rashid Khan,6,JioHotstar,Yes,5860,Brand Website,32,Mobile,97.5,Yes
CUST2251,34,Female,Kolkata,West Bengal,Tier 1,Working Professional,77900,8.2,Kolkata Knight Riders,Andre Russell,5,JioHotstar,Yes,3060,Amazon,20,Laptop,84.0,Yes
CUST2252,49,Male,Nagpur,Maharashtra,Tier 2,Business,112500,5.7,Mumbai Indians,Suryakumar Yadav,2,TV,No,1860,Local Store,4,Smart TV,48.0,No
CUST2253,25,Male,Patna,Bihar,Tier 2,Student,13900,9.9,Chennai Super Kings,Ruturaj Gaikwad,7,JioHotstar,Yes,2560,Amazon,31,Mobile,96.5,Yes
CUST2254,41,Female,Kochi,Kerala,Tier 2,Working Professional,74900,7.1,Mumbai Indians,Jasprit Bumrah,4,TV,No,2660,Flipkart,12,Laptop,68.5,No
CUST2255,27,Male,Hyderabad,Telangana,Tier 1,Working Professional,63900,9.1,Sunrisers Hyderabad,Pat Cummins,6,JioHotstar,Yes,3660,Amazon,26,Mobile,91.5,Yes
CUST2256,20,Male,Guwahati,Assam,Tier 2,Student,9300,10.0,Royal Challengers Bengaluru,Virat Kohli,7,JioHotstar,Yes,1960,Amazon,38,Mobile,100.0,Yes
CUST2257,43,Female,Indore,Madhya Pradesh,Tier 2,Coach,75900,6.8,Rajasthan Royals,Sanju Samson,3,TV,No,3460,Brand Website,9,Smart TV,58.5,No
CUST2258,31,Male,Mumbai,Maharashtra,Tier 1,Working Professional,78900,8.8,Mumbai Indians,Rohit Sharma,5,JioHotstar,Yes,3360,Amazon,22,Laptop,86.5,Yes
CUST2259,22,Female,Ranchi,Jharkhand,Tier 2,Student,11500,10.0,Kolkata Knight Riders,Sunil Narine,7,JioHotstar,Yes,2260,Amazon,33,Mobile,98.5,Yes
CUST2260,48,Male,Jaipur,Rajasthan,Tier 2,Business,107500,6.1,Rajasthan Royals,Jos Buttler,2,TV,No,2060,Local Store,5,Smart TV,51.0,No
CUST2261,28,Female,Pune,Maharashtra,Tier 1,Working Professional,70600,8.6,Chennai Super Kings,MS Dhoni,5,JioHotstar,Yes,3280,Amazon,21,Mobile,86.0,Yes
CUST2262,36,Male,Bengaluru,Karnataka,Tier 1,Working Professional,86400,7.9,Royal Challengers Bengaluru,Virat Kohli,4,JioHotstar,No,2980,Brand Website,15,Laptop,77.0,No
CUST2263,19,Male,Kanpur,Uttar Pradesh,Tier 2,Student,8800,10.0,Lucknow Super Giants,KL Rahul,7,JioHotstar,Yes,1880,Amazon,39,Mobile,100.0,Yes
CUST2264,44,Female,Visakhapatnam,Andhra Pradesh,Tier 2,Business,100200,6.3,Sunrisers Hyderabad,Pat Cummins,2,TV,No,2180,Local Store,5,Smart TV,50.5,No
CUST2265,25,Male,Delhi,Delhi,Tier 1,Athlete,43200,10.0,Delhi Capitals,Rishabh Pant,6,JioHotstar,Yes,5680,Brand Website,32,Mobile,97.0,Yes
CUST2266,39,Female,Ahmedabad,Gujarat,Tier 1,Working Professional,80200,7.5,Gujarat Titans,Shubman Gill,4,JioHotstar,No,2780,Flipkart,13,Laptop,74.0,No
CUST2267,21,Male,Dhanbad,Jharkhand,Tier 2,Student,10800,10.0,Kolkata Knight Riders,Rinku Singh,7,JioHotstar,Yes,2180,Amazon,35,Mobile,100.0,Yes
CUST2268,46,Male,Coimbatore,Tamil Nadu,Tier 2,Coach,77200,6.8,Chennai Super Kings,Ravindra Jadeja,3,TV,No,3680,Brand Website,9,Smart TV,57.5,No
CUST2269,31,Female,Chandigarh,Chandigarh,Tier 1,Working Professional,70200,8.4,Punjab Kings,Arshdeep Singh,5,JioHotstar,Yes,3280,Amazon,20,Mobile,84.5,Yes
CUST2270,18,Male,Aligarh,Uttar Pradesh,Tier 3,Student,8200,10.0,Royal Challengers Bengaluru,Virat Kohli,7,JioHotstar,Yes,1680,Amazon,38,Mobile,100.0,Yes
CUST2271,35,Male,Hyderabad,Telangana,Tier 1,Working Professional,83200,8.2,Sunrisers Hyderabad,Travis Head,5,JioHotstar,No,3280,Brand Website,15,Laptop,78.5,Yes
CUST2272,42,Female,Bhopal,Madhya Pradesh,Tier 2,Working Professional,74200,7.1,Mumbai Indians,Hardik Pandya,4,TV,No,2580,Flipkart,11,Laptop,68.0,No
CUST2273,24,Male,Meerut,Uttar Pradesh,Tier 2,Student,14400,9.9,Lucknow Super Giants,Nicholas Pooran,6,JioHotstar,Yes,2680,Amazon,29,Mobile,94.0,Yes
CUST2274,50,Male,Jodhpur,Rajasthan,Tier 2,Business,119000,5.5,Rajasthan Royals,Sanju Samson,2,TV,No,1780,Local Store,4,Smart TV,46.0,No
CUST2275,26,Female,Mumbai,Maharashtra,Tier 1,Working Professional,66200,9.0,Mumbai Indians,Suryakumar Yadav,5,JioHotstar,Yes,3080,Amazon,22,Mobile,87.0,Yes
CUST2276,37,Male,Lucknow,Uttar Pradesh,Tier 1,Working Professional,85200,7.7,Lucknow Super Giants,KL Rahul,4,JioHotstar,No,2880,Brand Website,14,Laptop,75.5,No
CUST2277,20,Male,Siliguri,West Bengal,Tier 2,Student,9900,10.0,Kolkata Knight Riders,Andre Russell,7,JioHotstar,Yes,2080,Amazon,36,Mobile,100.0,Yes
CUST2278,45,Female,Warangal,Telangana,Tier 2,Coach,76200,6.7,Sunrisers Hyderabad,Heinrich Klaasen,3,TV,No,3580,Brand Website,9,Smart TV,58.0,No
CUST2279,28,Male,Faridabad,Haryana,Tier 1,Athlete,44200,10.0,Punjab Kings,Shikhar Dhawan,6,JioHotstar,Yes,5780,Brand Website,31,Mobile,97.5,Yes
CUST2280,48,Male,Udaipur,Rajasthan,Tier 2,Business,111000,5.9,Rajasthan Royals,Yashasvi Jaiswal,2,TV,No,1980,Local Store,5,Smart TV,49.0,No
CUST2281,30,Female,Thane,Maharashtra,Tier 1,Working Professional,73200,8.5,Mumbai Indians,Rohit Sharma,5,JioHotstar,Yes,3180,Amazon,21,Mobile,86.0,Yes
CUST2282,40,Male,Vijayawada,Andhra Pradesh,Tier 2,Working Professional,73200,7.4,Sunrisers Hyderabad,Pat Cummins,4,JioHotstar,No,2580,Flipkart,12,Laptop,69.5,No
CUST2283,21,Male,Gaya,Bihar,Tier 2,Student,10300,10.0,Chennai Super Kings,MS Dhoni,7,JioHotstar,Yes,2180,Amazon,35,Mobile,100.0,Yes
CUST2284,47,Female,Salem,Tamil Nadu,Tier 2,Business,106000,6.1,Chennai Super Kings,Ravindra Jadeja,2,TV,No,2080,Local Store,5,Smart TV,49.0,No
CUST2285,33,Male,Delhi,Delhi,Tier 1,Working Professional,81200,8.4,Delhi Capitals,Rishabh Pant,5,JioHotstar,Yes,3480,Brand Website,20,Laptop,84.0,Yes
CUST2286,23,Female,Tirupati,Andhra Pradesh,Tier 2,Student,14000,9.8,Sunrisers Hyderabad,Travis Head,6,JioHotstar,Yes,2580,Amazon,29,Mobile,94.5,Yes
CUST2287,38,Male,Noida,Uttar Pradesh,Tier 1,Working Professional,88200,8.0,Lucknow Super Giants,Nicholas Pooran,4,JioHotstar,No,2980,Brand Website,14,Laptop,76.5,No
CUST2288,22,Male,Jamshedpur,Jharkhand,Tier 2,Student,11400,10.0,Kolkata Knight Riders,Rinku Singh,7,JioHotstar,Yes,2280,Amazon,36,Mobile,100.0,Yes
CUST2289,46,Female,Nagpur,Maharashtra,Tier 2,Coach,79200,6.5,Mumbai Indians,Jasprit Bumrah,3,TV,No,3680,Brand Website,9,Smart TV,58.0,No
CUST2290,29,Male,Ahmedabad,Gujarat,Tier 1,Athlete,45200,10.0,Gujarat Titans,Rashid Khan,6,JioHotstar,Yes,5880,Brand Website,32,Mobile,98.0,Yes
CUST2291,34,Female,Kolkata,West Bengal,Tier 1,Working Professional,78200,8.3,Kolkata Knight Riders,Andre Russell,5,JioHotstar,Yes,3080,Amazon,20,Laptop,84.5,Yes
CUST2292,49,Male,Nagpur,Maharashtra,Tier 2,Business,113000,5.8,Mumbai Indians,Suryakumar Yadav,2,TV,No,1880,Local Store,4,Smart TV,48.5,No
CUST2293,25,Male,Patna,Bihar,Tier 2,Student,14000,10.0,Chennai Super Kings,Ruturaj Gaikwad,7,JioHotstar,Yes,2580,Amazon,31,Mobile,97.0,Yes
CUST2294,41,Female,Kochi,Kerala,Tier 2,Working Professional,75200,7.2,Mumbai Indians,Jasprit Bumrah,4,TV,No,2680,Flipkart,12,Laptop,69.0,No
CUST2295,27,Male,Hyderabad,Telangana,Tier 1,Working Professional,64200,9.2,Sunrisers Hyderabad,Pat Cummins,6,JioHotstar,Yes,3680,Amazon,26,Mobile,92.0,Yes
CUST2296,20,Male,Guwahati,Assam,Tier 2,Student,9400,10.0,Royal Challengers Bengaluru,Virat Kohli,7,JioHotstar,Yes,1980,Amazon,38,Mobile,100.0,Yes
CUST2297,43,Female,Indore,Madhya Pradesh,Tier 2,Coach,76200,6.9,Rajasthan Royals,Sanju Samson,3,TV,No,3480,Brand Website,9,Smart TV,59.0,No
CUST2298,31,Male,Mumbai,Maharashtra,Tier 1,Working Professional,79200,8.9,Mumbai Indians,Rohit Sharma,5,JioHotstar,Yes,3380,Amazon,22,Laptop,87.0,Yes
CUST2299,22,Female,Ranchi,Jharkhand,Tier 2,Student,11600,10.0,Kolkata Knight Riders,Sunil Narine,7,JioHotstar,Yes,2280,Amazon,33,Mobile,99.0,Yes
CUST2300,48,Male,Jaipur,Rajasthan,Tier 2,Business,108000,6.2,Rajasthan Royals,Jos Buttler,2,TV,No,2080,Local Store,5,Smart TV,51.5,No
CUST2301,29,Female,Pune,Maharashtra,Tier 1,Working Professional,70800,8.7,Chennai Super Kings,MS Dhoni,5,JioHotstar,Yes,3300,Amazon,22,Mobile,86.5,Yes
CUST2302,37,Male,Bengaluru,Karnataka,Tier 1,Working Professional,86700,8.0,Royal Challengers Bengaluru,Virat Kohli,4,JioHotstar,No,3000,Brand Website,15,Laptop,77.5,No
CUST2303,20,Male,Kanpur,Uttar Pradesh,Tier 2,Student,8900,10.0,Lucknow Super Giants,KL Rahul,7,JioHotstar,Yes,1900,Amazon,39,Mobile,100.0,Yes
CUST2304,45,Female,Visakhapatnam,Andhra Pradesh,Tier 2,Business,100500,6.4,Sunrisers Hyderabad,Pat Cummins,2,TV,No,2200,Local Store,5,Smart TV,51.0,No
CUST2305,26,Male,Delhi,Delhi,Tier 1,Athlete,43500,10.0,Delhi Capitals,Rishabh Pant,6,JioHotstar,Yes,5700,Brand Website,32,Mobile,97.5,Yes
CUST2306,40,Female,Ahmedabad,Gujarat,Tier 1,Working Professional,80500,7.6,Gujarat Titans,Shubman Gill,4,JioHotstar,No,2800,Flipkart,13,Laptop,74.5,No
CUST2307,22,Male,Dhanbad,Jharkhand,Tier 2,Student,10900,10.0,Kolkata Knight Riders,Rinku Singh,7,JioHotstar,Yes,2200,Amazon,35,Mobile,100.0,Yes
CUST2308,47,Male,Coimbatore,Tamil Nadu,Tier 2,Coach,77500,6.9,Chennai Super Kings,Ravindra Jadeja,3,TV,No,3700,Brand Website,9,Smart TV,58.0,No
CUST2309,32,Female,Chandigarh,Chandigarh,Tier 1,Working Professional,70500,8.5,Punjab Kings,Arshdeep Singh,5,JioHotstar,Yes,3300,Amazon,20,Mobile,85.0,Yes
CUST2310,19,Male,Aligarh,Uttar Pradesh,Tier 3,Student,8300,10.0,Royal Challengers Bengaluru,Virat Kohli,7,JioHotstar,Yes,1700,Amazon,38,Mobile,100.0,Yes
CUST2311,36,Male,Hyderabad,Telangana,Tier 1,Working Professional,83500,8.3,Sunrisers Hyderabad,Travis Head,5,JioHotstar,No,3300,Brand Website,15,Laptop,79.0,Yes
CUST2312,43,Female,Bhopal,Madhya Pradesh,Tier 2,Working Professional,74500,7.2,Mumbai Indians,Hardik Pandya,4,TV,No,2600,Flipkart,11,Laptop,68.5,No
CUST2313,25,Male,Meerut,Uttar Pradesh,Tier 2,Student,14500,10.0,Lucknow Super Giants,Nicholas Pooran,6,JioHotstar,Yes,2700,Amazon,29,Mobile,94.5,Yes
CUST2314,51,Male,Jodhpur,Rajasthan,Tier 2,Business,119500,5.6,Rajasthan Royals,Sanju Samson,2,TV,No,1800,Local Store,4,Smart TV,46.5,No
CUST2315,27,Female,Mumbai,Maharashtra,Tier 1,Working Professional,66500,9.1,Mumbai Indians,Suryakumar Yadav,5,JioHotstar,Yes,3100,Amazon,22,Mobile,87.5,Yes
CUST2316,38,Male,Lucknow,Uttar Pradesh,Tier 1,Working Professional,85500,7.8,Lucknow Super Giants,KL Rahul,4,JioHotstar,No,2900,Brand Website,14,Laptop,76.0,No
CUST2317,21,Male,Siliguri,West Bengal,Tier 2,Student,10000,10.0,Kolkata Knight Riders,Andre Russell,7,JioHotstar,Yes,2100,Amazon,36,Mobile,100.0,Yes
CUST2318,46,Female,Warangal,Telangana,Tier 2,Coach,76500,6.8,Sunrisers Hyderabad,Heinrich Klaasen,3,TV,No,3600,Brand Website,9,Smart TV,58.5,No
CUST2319,29,Male,Faridabad,Haryana,Tier 1,Athlete,44500,10.0,Punjab Kings,Shikhar Dhawan,6,JioHotstar,Yes,5800,Brand Website,31,Mobile,98.0,Yes
CUST2320,49,Male,Udaipur,Rajasthan,Tier 2,Business,111500,6.0,Rajasthan Royals,Yashasvi Jaiswal,2,TV,No,2000,Local Store,5,Smart TV,49.5,No
CUST2321,31,Female,Thane,Maharashtra,Tier 1,Working Professional,73500,8.6,Mumbai Indians,Rohit Sharma,5,JioHotstar,Yes,3200,Amazon,21,Mobile,86.5,Yes
CUST2322,41,Male,Vijayawada,Andhra Pradesh,Tier 2,Working Professional,73500,7.5,Sunrisers Hyderabad,Pat Cummins,4,JioHotstar,No,2600,Flipkart,12,Laptop,70.0,No
CUST2323,22,Male,Gaya,Bihar,Tier 2,Student,10400,10.0,Chennai Super Kings,MS Dhoni,7,JioHotstar,Yes,2200,Amazon,35,Mobile,100.0,Yes
CUST2324,48,Female,Salem,Tamil Nadu,Tier 2,Business,106500,6.2,Chennai Super Kings,Ravindra Jadeja,2,TV,No,2100,Local Store,5,Smart TV,49.0,No
CUST2325,34,Male,Delhi,Delhi,Tier 1,Working Professional,81500,8.5,Delhi Capitals,Rishabh Pant,5,JioHotstar,Yes,3500,Brand Website,20,Laptop,84.5,Yes
CUST2326,24,Female,Tirupati,Andhra Pradesh,Tier 2,Student,14100,9.9,Sunrisers Hyderabad,Travis Head,6,JioHotstar,Yes,2600,Amazon,29,Mobile,95.0,Yes
CUST2327,39,Male,Noida,Uttar Pradesh,Tier 1,Working Professional,88500,8.1,Lucknow Super Giants,Nicholas Pooran,4,JioHotstar,No,3000,Brand Website,14,Laptop,77.0,No
CUST2328,23,Male,Jamshedpur,Jharkhand,Tier 2,Student,11500,10.0,Kolkata Knight Riders,Rinku Singh,7,JioHotstar,Yes,2300,Amazon,36,Mobile,100.0,Yes
CUST2329,47,Female,Nagpur,Maharashtra,Tier 2,Coach,79500,6.6,Mumbai Indians,Jasprit Bumrah,3,TV,No,3700,Brand Website,9,Smart TV,58.0,No
CUST2330,30,Male,Ahmedabad,Gujarat,Tier 1,Athlete,45500,10.0,Gujarat Titans,Rashid Khan,6,JioHotstar,Yes,5900,Brand Website,32,Mobile,98.5,Yes
CUST2331,35,Female,Kolkata,West Bengal,Tier 1,Working Professional,78500,8.4,Kolkata Knight Riders,Andre Russell,5,JioHotstar,Yes,3100,Amazon,20,Laptop,85.0,Yes
CUST2332,50,Male,Nagpur,Maharashtra,Tier 2,Business,113500,5.9,Mumbai Indians,Suryakumar Yadav,2,TV,No,1900,Local Store,4,Smart TV,49.0,No
CUST2333,26,Male,Patna,Bihar,Tier 2,Student,14100,10.0,Chennai Super Kings,Ruturaj Gaikwad,7,JioHotstar,Yes,2600,Amazon,31,Mobile,97.5,Yes
CUST2334,42,Female,Kochi,Kerala,Tier 2,Working Professional,75500,7.3,Mumbai Indians,Jasprit Bumrah,4,TV,No,2700,Flipkart,12,Laptop,69.5,No
CUST2335,28,Male,Hyderabad,Telangana,Tier 1,Working Professional,64500,9.3,Sunrisers Hyderabad,Pat Cummins,6,JioHotstar,Yes,3700,Amazon,26,Mobile,92.5,Yes
CUST2336,21,Male,Guwahati,Assam,Tier 2,Student,9500,10.0,Royal Challengers Bengaluru,Virat Kohli,7,JioHotstar,Yes,2000,Amazon,38,Mobile,100.0,Yes
CUST2337,44,Female,Indore,Madhya Pradesh,Tier 2,Coach,76500,7.0,Rajasthan Royals,Sanju Samson,3,TV,No,3500,Brand Website,9,Smart TV,59.5,No
CUST2338,32,Male,Mumbai,Maharashtra,Tier 1,Working Professional,79500,9.0,Mumbai Indians,Rohit Sharma,5,JioHotstar,Yes,3400,Amazon,22,Laptop,87.5,Yes
CUST2339,23,Female,Ranchi,Jharkhand,Tier 2,Student,11700,10.0,Kolkata Knight Riders,Sunil Narine,7,JioHotstar,Yes,2300,Amazon,33,Mobile,99.0,Yes
CUST2340,49,Male,Jaipur,Rajasthan,Tier 2,Business,108500,6.3,Rajasthan Royals,Jos Buttler,2,TV,No,2100,Local Store,5,Smart TV,52.0,No
CUST2341,29,Female,Pune,Maharashtra,Tier 1,Working Professional,71100,8.8,Chennai Super Kings,MS Dhoni,5,JioHotstar,Yes,3320,Amazon,22,Mobile,87.0,Yes
CUST2342,37,Male,Bengaluru,Karnataka,Tier 1,Working Professional,87000,8.1,Royal Challengers Bengaluru,Virat Kohli,4,JioHotstar,No,3020,Brand Website,15,Laptop,78.0,No
CUST2343,20,Male,Kanpur,Uttar Pradesh,Tier 2,Student,9000,10.0,Lucknow Super Giants,KL Rahul,7,JioHotstar,Yes,1920,Amazon,39,Mobile,100.0,Yes
CUST2344,45,Female,Visakhapatnam,Andhra Pradesh,Tier 2,Business,100800,6.5,Sunrisers Hyderabad,Pat Cummins,2,TV,No,2220,Local Store,5,Smart TV,51.5,No
CUST2345,26,Male,Delhi,Delhi,Tier 1,Athlete,43800,10.0,Delhi Capitals,Rishabh Pant,6,JioHotstar,Yes,5720,Brand Website,32,Mobile,98.0,Yes
CUST2346,40,Female,Ahmedabad,Gujarat,Tier 1,Working Professional,80800,7.7,Gujarat Titans,Shubman Gill,4,JioHotstar,No,2820,Flipkart,13,Laptop,75.0,No
CUST2347,22,Male,Dhanbad,Jharkhand,Tier 2,Student,11000,10.0,Kolkata Knight Riders,Rinku Singh,7,JioHotstar,Yes,2220,Amazon,35,Mobile,100.0,Yes
CUST2348,47,Male,Coimbatore,Tamil Nadu,Tier 2,Coach,77800,7.0,Chennai Super Kings,Ravindra Jadeja,3,TV,No,3720,Brand Website,9,Smart TV,58.5,No
CUST2349,32,Female,Chandigarh,Chandigarh,Tier 1,Working Professional,70800,8.6,Punjab Kings,Arshdeep Singh,5,JioHotstar,Yes,3320,Amazon,20,Mobile,85.5,Yes
CUST2350,19,Male,Aligarh,Uttar Pradesh,Tier 3,Student,8400,10.0,Royal Challengers Bengaluru,Virat Kohli,7,JioHotstar,Yes,1720,Amazon,38,Mobile,100.0,Yes
CUST2351,36,Male,Hyderabad,Telangana,Tier 1,Working Professional,83800,8.4,Sunrisers Hyderabad,Travis Head,5,JioHotstar,No,3320,Brand Website,15,Laptop,79.5,Yes
CUST2352,43,Female,Bhopal,Madhya Pradesh,Tier 2,Working Professional,74800,7.3,Mumbai Indians,Hardik Pandya,4,TV,No,2620,Flipkart,11,Laptop,69.0,No
CUST2353,25,Male,Meerut,Uttar Pradesh,Tier 2,Student,14600,10.0,Lucknow Super Giants,Nicholas Pooran,6,JioHotstar,Yes,2720,Amazon,29,Mobile,95.0,Yes
CUST2354,51,Male,Jodhpur,Rajasthan,Tier 2,Business,120000,5.7,Rajasthan Royals,Sanju Samson,2,TV,No,1820,Local Store,4,Smart TV,47.0,No
CUST2355,27,Female,Mumbai,Maharashtra,Tier 1,Working Professional,66800,9.2,Mumbai Indians,Suryakumar Yadav,5,JioHotstar,Yes,3120,Amazon,22,Mobile,88.0,Yes
CUST2356,38,Male,Lucknow,Uttar Pradesh,Tier 1,Working Professional,85800,7.9,Lucknow Super Giants,KL Rahul,4,JioHotstar,No,2920,Brand Website,14,Laptop,76.5,No
CUST2357,21,Male,Siliguri,West Bengal,Tier 2,Student,10100,10.0,Kolkata Knight Riders,Andre Russell,7,JioHotstar,Yes,2120,Amazon,36,Mobile,100.0,Yes
CUST2358,46,Female,Warangal,Telangana,Tier 2,Coach,76800,6.9,Sunrisers Hyderabad,Heinrich Klaasen,3,TV,No,3620,Brand Website,9,Smart TV,59.0,No
CUST2359,29,Male,Faridabad,Haryana,Tier 1,Athlete,44800,10.0,Punjab Kings,Shikhar Dhawan,6,JioHotstar,Yes,5820,Brand Website,31,Mobile,98.5,Yes
CUST2360,49,Male,Udaipur,Rajasthan,Tier 2,Business,112000,6.1,Rajasthan Royals,Yashasvi Jaiswal,2,TV,No,2020,Local Store,5,Smart TV,50.0,No
CUST2361,31,Female,Thane,Maharashtra,Tier 1,Working Professional,73800,8.7,Mumbai Indians,Rohit Sharma,5,JioHotstar,Yes,3220,Amazon,21,Mobile,87.0,Yes
CUST2362,41,Male,Vijayawada,Andhra Pradesh,Tier 2,Working Professional,73800,7.6,Sunrisers Hyderabad,Pat Cummins,4,JioHotstar,No,2620,Flipkart,12,Laptop,70.5,No
CUST2363,22,Male,Gaya,Bihar,Tier 2,Student,10500,10.0,Chennai Super Kings,MS Dhoni,7,JioHotstar,Yes,2220,Amazon,35,Mobile,100.0,Yes
CUST2364,48,Female,Salem,Tamil Nadu,Tier 2,Business,107000,6.3,Chennai Super Kings,Ravindra Jadeja,2,TV,No,2120,Local Store,5,Smart TV,49.5,No
CUST2365,34,Male,Delhi,Delhi,Tier 1,Working Professional,81800,8.6,Delhi Capitals,Rishabh Pant,5,JioHotstar,Yes,3520,Brand Website,20,Laptop,85.0,Yes
CUST2366,24,Female,Tirupati,Andhra Pradesh,Tier 2,Student,14200,10.0,Sunrisers Hyderabad,Travis Head,6,JioHotstar,Yes,2620,Amazon,29,Mobile,95.5,Yes
CUST2367,39,Male,Noida,Uttar Pradesh,Tier 1,Working Professional,88800,8.2,Lucknow Super Giants,Nicholas Pooran,4,JioHotstar,No,3020,Brand Website,14,Laptop,77.5,No
CUST2368,23,Male,Jamshedpur,Jharkhand,Tier 2,Student,11600,10.0,Kolkata Knight Riders,Rinku Singh,7,JioHotstar,Yes,2320,Amazon,36,Mobile,100.0,Yes
CUST2369,47,Female,Nagpur,Maharashtra,Tier 2,Coach,79800,6.7,Mumbai Indians,Jasprit Bumrah,3,TV,No,3720,Brand Website,9,Smart TV,58.5,No
CUST2370,30,Male,Ahmedabad,Gujarat,Tier 1,Athlete,45800,10.0,Gujarat Titans,Rashid Khan,6,JioHotstar,Yes,5920,Brand Website,32,Mobile,99.0,Yes
CUST2371,35,Female,Kolkata,West Bengal,Tier 1,Working Professional,78800,8.5,Kolkata Knight Riders,Andre Russell,5,JioHotstar,Yes,3120,Amazon,20,Laptop,85.5,Yes
CUST2372,50,Male,Nagpur,Maharashtra,Tier 2,Business,114000,6.0,Mumbai Indians,Suryakumar Yadav,2,TV,No,1920,Local Store,4,Smart TV,49.5,No
CUST2373,26,Male,Patna,Bihar,Tier 2,Student,14200,10.0,Chennai Super Kings,Ruturaj Gaikwad,7,JioHotstar,Yes,2620,Amazon,31,Mobile,98.0,Yes
CUST2374,42,Female,Kochi,Kerala,Tier 2,Working Professional,75800,7.4,Mumbai Indians,Jasprit Bumrah,4,TV,No,2720,Flipkart,12,Laptop,70.0,No
CUST2375,28,Male,Hyderabad,Telangana,Tier 1,Working Professional,64800,9.4,Sunrisers Hyderabad,Pat Cummins,6,JioHotstar,Yes,3720,Amazon,26,Mobile,93.0,Yes
CUST2376,21,Male,Guwahati,Assam,Tier 2,Student,9600,10.0,Royal Challengers Bengaluru,Virat Kohli,7,JioHotstar,Yes,2020,Amazon,38,Mobile,100.0,Yes
CUST2377,44,Female,Indore,Madhya Pradesh,Tier 2,Coach,76800,7.1,Rajasthan Royals,Sanju Samson,3,TV,No,3520,Brand Website,9,Smart TV,60.0,No
CUST2378,32,Male,Mumbai,Maharashtra,Tier 1,Working Professional,79800,9.1,Mumbai Indians,Rohit Sharma,5,JioHotstar,Yes,3420,Amazon,22,Laptop,88.0,Yes
CUST2379,23,Female,Ranchi,Jharkhand,Tier 2,Student,11800,10.0,Kolkata Knight Riders,Sunil Narine,7,JioHotstar,Yes,2320,Amazon,33,Mobile,99.5,Yes
CUST2380,49,Male,Jaipur,Rajasthan,Tier 2,Business,109000,6.4,Rajasthan Royals,Jos Buttler,2,TV,No,2120,Local Store,5,Smart TV,52.5,No
CUST2381,29,Female,Pune,Maharashtra,Tier 1,Working Professional,71400,8.9,Chennai Super Kings,MS Dhoni,5,JioHotstar,Yes,3340,Amazon,22,Mobile,87.5,Yes
CUST2382,37,Male,Bengaluru,Karnataka,Tier 1,Working Professional,87300,8.2,Royal Challengers Bengaluru,Virat Kohli,4,JioHotstar,No,3040,Brand Website,15,Laptop,78.5,No
CUST2383,20,Male,Kanpur,Uttar Pradesh,Tier 2,Student,9100,10.0,Lucknow Super Giants,KL Rahul,7,JioHotstar,Yes,1940,Amazon,39,Mobile,100.0,Yes
CUST2384,45,Female,Visakhapatnam,Andhra Pradesh,Tier 2,Business,101100,6.6,Sunrisers Hyderabad,Pat Cummins,2,TV,No,2240,Local Store,5,Smart TV,52.0,No
CUST2385,26,Male,Delhi,Delhi,Tier 1,Athlete,44000,10.0,Delhi Capitals,Rishabh Pant,6,JioHotstar,Yes,5740,Brand Website,32,Mobile,98.5,Yes
CUST2386,40,Female,Ahmedabad,Gujarat,Tier 1,Working Professional,81100,7.8,Gujarat Titans,Shubman Gill,4,JioHotstar,No,2840,Flipkart,13,Laptop,75.5,No
CUST2387,22,Male,Dhanbad,Jharkhand,Tier 2,Student,11100,10.0,Kolkata Knight Riders,Rinku Singh,7,JioHotstar,Yes,2240,Amazon,35,Mobile,100.0,Yes
CUST2388,47,Male,Coimbatore,Tamil Nadu,Tier 2,Coach,78100,7.1,Chennai Super Kings,Ravindra Jadeja,3,TV,No,3740,Brand Website,9,Smart TV,59.0,No
CUST2389,32,Female,Chandigarh,Chandigarh,Tier 1,Working Professional,71100,8.7,Punjab Kings,Arshdeep Singh,5,JioHotstar,Yes,3340,Amazon,20,Mobile,86.0,Yes
CUST2390,19,Male,Aligarh,Uttar Pradesh,Tier 3,Student,8500,10.0,Royal Challengers Bengaluru,Virat Kohli,7,JioHotstar,Yes,1740,Amazon,38,Mobile,100.0,Yes
CUST2391,36,Male,Hyderabad,Telangana,Tier 1,Working Professional,84100,8.5,Sunrisers Hyderabad,Travis Head,5,JioHotstar,No,3340,Brand Website,15,Laptop,80.0,Yes
CUST2392,43,Female,Bhopal,Madhya Pradesh,Tier 2,Working Professional,75100,7.4,Mumbai Indians,Hardik Pandya,4,TV,No,2640,Flipkart,11,Laptop,69.5,No
CUST2393,25,Male,Meerut,Uttar Pradesh,Tier 2,Student,14700,10.0,Lucknow Super Giants,Nicholas Pooran,6,JioHotstar,Yes,2740,Amazon,29,Mobile,95.5,Yes
CUST2394,51,Male,Jodhpur,Rajasthan,Tier 2,Business,120500,5.8,Rajasthan Royals,Sanju Samson,2,TV,No,1840,Local Store,4,Smart TV,47.5,No
CUST2395,27,Female,Mumbai,Maharashtra,Tier 1,Working Professional,67100,9.3,Mumbai Indians,Suryakumar Yadav,5,JioHotstar,Yes,3140,Amazon,22,Mobile,88.5,Yes
CUST2396,38,Male,Lucknow,Uttar Pradesh,Tier 1,Working Professional,86100,8.0,Lucknow Super Giants,KL Rahul,4,JioHotstar,No,2940,Brand Website,14,Laptop,77.0,No
CUST2397,21,Male,Siliguri,West Bengal,Tier 2,Student,10200,10.0,Kolkata Knight Riders,Andre Russell,7,JioHotstar,Yes,2140,Amazon,36,Mobile,100.0,Yes
CUST2398,46,Female,Warangal,Telangana,Tier 2,Coach,77100,7.0,Sunrisers Hyderabad,Heinrich Klaasen,3,TV,No,3640,Brand Website,9,Smart TV,59.5,No
CUST2399,29,Male,Faridabad,Haryana,Tier 1,Athlete,45000,10.0,Punjab Kings,Shikhar Dhawan,6,JioHotstar,Yes,5840,Brand Website,31,Mobile,99.0,Yes
CUST2400,49,Male,Udaipur,Rajasthan,Tier 2,Business,112500,6.2,Rajasthan Royals,Yashasvi Jaiswal,2,TV,No,2040,Local Store,5,Smart TV,50.5,No
CUST2401,31,Female,Thane,Maharashtra,Tier 1,Working Professional,74100,8.8,Mumbai Indians,Rohit Sharma,5,JioHotstar,Yes,3240,Amazon,21,Mobile,87.5,Yes
CUST2402,41,Male,Vijayawada,Andhra Pradesh,Tier 2,Working Professional,74100,7.7,Sunrisers Hyderabad,Pat Cummins,4,JioHotstar,No,2640,Flipkart,12,Laptop,71.0,No
CUST2403,22,Male,Gaya,Bihar,Tier 2,Student,10600,10.0,Chennai Super Kings,MS Dhoni,7,JioHotstar,Yes,2240,Amazon,35,Mobile,100.0,Yes
CUST2404,48,Female,Salem,Tamil Nadu,Tier 2,Business,107500,6.4,Chennai Super Kings,Ravindra Jadeja,2,TV,No,2140,Local Store,5,Smart TV,50.0,No
CUST2405,34,Male,Delhi,Delhi,Tier 1,Working Professional,82100,8.7,Delhi Capitals,Rishabh Pant,5,JioHotstar,Yes,3540,Brand Website,20,Laptop,85.5,Yes
CUST2406,24,Female,Tirupati,Andhra Pradesh,Tier 2,Student,14300,10.0,Sunrisers Hyderabad,Travis Head,6,JioHotstar,Yes,2640,Amazon,29,Mobile,96.0,Yes
CUST2407,39,Male,Noida,Uttar Pradesh,Tier 1,Working Professional,89100,8.3,Lucknow Super Giants,Nicholas Pooran,4,JioHotstar,No,3040,Brand Website,14,Laptop,78.0,No
CUST2408,23,Male,Jamshedpur,Jharkhand,Tier 2,Student,11700,10.0,Kolkata Knight Riders,Rinku Singh,7,JioHotstar,Yes,2340,Amazon,36,Mobile,100.0,Yes
CUST2409,47,Female,Nagpur,Maharashtra,Tier 2,Coach,80100,6.8,Mumbai Indians,Jasprit Bumrah,3,TV,No,3740,Brand Website,9,Smart TV,59.0,No
CUST2410,30,Male,Ahmedabad,Gujarat,Tier 1,Athlete,46000,10.0,Gujarat Titans,Rashid Khan,6,JioHotstar,Yes,5940,Brand Website,32,Mobile,99.5,Yes
CUST2411,35,Female,Kolkata,West Bengal,Tier 1,Working Professional,79100,8.6,Kolkata Knight Riders,Andre Russell,5,JioHotstar,Yes,3140,Amazon,20,Laptop,86.0,Yes
CUST2412,50,Male,Nagpur,Maharashtra,Tier 2,Business,114500,6.1,Mumbai Indians,Suryakumar Yadav,2,TV,No,1940,Local Store,4,Smart TV,50.0,No
CUST2413,26,Male,Patna,Bihar,Tier 2,Student,14300,10.0,Chennai Super Kings,Ruturaj Gaikwad,7,JioHotstar,Yes,2640,Amazon,31,Mobile,98.5,Yes
CUST2414,42,Female,Kochi,Kerala,Tier 2,Working Professional,76100,7.5,Mumbai Indians,Jasprit Bumrah,4,TV,No,2740,Flipkart,12,Laptop,70.5,No
CUST2415,28,Male,Hyderabad,Telangana,Tier 1,Working Professional,65100,9.5,Sunrisers Hyderabad,Pat Cummins,6,JioHotstar,Yes,3740,Amazon,26,Mobile,93.5,Yes
CUST2416,21,Male,Guwahati,Assam,Tier 2,Student,9700,10.0,Royal Challengers Bengaluru,Virat Kohli,7,JioHotstar,Yes,2040,Amazon,38,Mobile,100.0,Yes
CUST2417,44,Female,Indore,Madhya Pradesh,Tier 2,Coach,77100,7.2,Rajasthan Royals,Sanju Samson,3,TV,No,3540,Brand Website,9,Smart TV,60.5,No
CUST2418,32,Male,Mumbai,Maharashtra,Tier 1,Working Professional,80100,9.2,Mumbai Indians,Rohit Sharma,5,JioHotstar,Yes,3440,Amazon,22,Laptop,88.5,Yes
CUST2419,23,Female,Ranchi,Jharkhand,Tier 2,Student,11900,10.0,Kolkata Knight Riders,Sunil Narine,7,JioHotstar,Yes,2340,Amazon,33,Mobile,100.0,Yes
CUST2420,49,Male,Jaipur,Rajasthan,Tier 2,Business,109500,6.5,Rajasthan Royals,Jos Buttler,2,TV,No,2140,Local Store,5,Smart TV,53.0,No
CUST2421,29,Female,Pune,Maharashtra,Tier 1,Working Professional,71700,9.0,Chennai Super Kings,MS Dhoni,5,JioHotstar,Yes,3360,Amazon,22,Mobile,88.0,Yes
CUST2422,37,Male,Bengaluru,Karnataka,Tier 1,Working Professional,87600,8.3,Royal Challengers Bengaluru,Virat Kohli,4,JioHotstar,No,3060,Brand Website,15,Laptop,79.0,No
CUST2423,20,Male,Kanpur,Uttar Pradesh,Tier 2,Student,9200,10.0,Lucknow Super Giants,KL Rahul,7,JioHotstar,Yes,1960,Amazon,39,Mobile,100.0,Yes
CUST2424,45,Female,Visakhapatnam,Andhra Pradesh,Tier 2,Business,101400,6.7,Sunrisers Hyderabad,Pat Cummins,2,TV,No,2260,Local Store,5,Smart TV,52.5,No
CUST2425,26,Male,Delhi,Delhi,Tier 1,Athlete,44200,10.0,Delhi Capitals,Rishabh Pant,6,JioHotstar,Yes,5760,Brand Website,32,Mobile,99.0,Yes
CUST2426,40,Female,Ahmedabad,Gujarat,Tier 1,Working Professional,81400,7.9,Gujarat Titans,Shubman Gill,4,JioHotstar,No,2860,Flipkart,13,Laptop,76.0,No
CUST2427,22,Male,Dhanbad,Jharkhand,Tier 2,Student,11200,10.0,Kolkata Knight Riders,Rinku Singh,7,JioHotstar,Yes,2260,Amazon,35,Mobile,100.0,Yes
CUST2428,47,Male,Coimbatore,Tamil Nadu,Tier 2,Coach,78400,7.2,Chennai Super Kings,Ravindra Jadeja,3,TV,No,3760,Brand Website,9,Smart TV,59.5,No
CUST2429,32,Female,Chandigarh,Chandigarh,Tier 1,Working Professional,71400,8.8,Punjab Kings,Arshdeep Singh,5,JioHotstar,Yes,3360,Amazon,20,Mobile,86.5,Yes
CUST2430,19,Male,Aligarh,Uttar Pradesh,Tier 3,Student,8600,10.0,Royal Challengers Bengaluru,Virat Kohli,7,JioHotstar,Yes,1760,Amazon,38,Mobile,100.0,Yes
CUST2431,36,Male,Hyderabad,Telangana,Tier 1,Working Professional,84400,8.6,Sunrisers Hyderabad,Travis Head,5,JioHotstar,No,3360,Brand Website,15,Laptop,80.5,Yes
CUST2432,43,Female,Bhopal,Madhya Pradesh,Tier 2,Working Professional,75400,7.5,Mumbai Indians,Hardik Pandya,4,TV,No,2660,Flipkart,11,Laptop,70.0,No
CUST2433,25,Male,Meerut,Uttar Pradesh,Tier 2,Student,14800,10.0,Lucknow Super Giants,Nicholas Pooran,6,JioHotstar,Yes,2760,Amazon,29,Mobile,96.0,Yes
CUST2434,51,Male,Jodhpur,Rajasthan,Tier 2,Business,121000,5.9,Rajasthan Royals,Sanju Samson,2,TV,No,1860,Local Store,4,Smart TV,48.0,No
CUST2435,27,Female,Mumbai,Maharashtra,Tier 1,Working Professional,67400,9.4,Mumbai Indians,Suryakumar Yadav,5,JioHotstar,Yes,3160,Amazon,22,Mobile,89.0,Yes
CUST2436,38,Male,Lucknow,Uttar Pradesh,Tier 1,Working Professional,86400,8.1,Lucknow Super Giants,KL Rahul,4,JioHotstar,No,2960,Brand Website,14,Laptop,77.5,No
CUST2437,21,Male,Siliguri,West Bengal,Tier 2,Student,10300,10.0,Kolkata Knight Riders,Andre Russell,7,JioHotstar,Yes,2160,Amazon,36,Mobile,100.0,Yes
CUST2438,46,Female,Warangal,Telangana,Tier 2,Coach,77400,7.1,Sunrisers Hyderabad,Heinrich Klaasen,3,TV,No,3660,Brand Website,9,Smart TV,60.0,No
CUST2439,29,Male,Faridabad,Haryana,Tier 1,Athlete,45200,10.0,Punjab Kings,Shikhar Dhawan,6,JioHotstar,Yes,5860,Brand Website,31,Mobile,99.5,Yes
CUST2440,49,Male,Udaipur,Rajasthan,Tier 2,Business,113000,6.3,Rajasthan Royals,Yashasvi Jaiswal,2,TV,No,2060,Local Store,5,Smart TV,51.0,No
CUST2441,31,Female,Thane,Maharashtra,Tier 1,Working Professional,74400,8.9,Mumbai Indians,Rohit Sharma,5,JioHotstar,Yes,3260,Amazon,21,Mobile,88.0,Yes
CUST2442,41,Male,Vijayawada,Andhra Pradesh,Tier 2,Working Professional,74400,7.8,Sunrisers Hyderabad,Pat Cummins,4,JioHotstar,No,2660,Flipkart,12,Laptop,71.5,No
CUST2443,22,Male,Gaya,Bihar,Tier 2,Student,10700,10.0,Chennai Super Kings,MS Dhoni,7,JioHotstar,Yes,2260,Amazon,35,Mobile,100.0,Yes
CUST2444,48,Female,Salem,Tamil Nadu,Tier 2,Business,108000,6.5,Chennai Super Kings,Ravindra Jadeja,2,TV,No,2160,Local Store,5,Smart TV,50.5,No
CUST2445,34,Male,Delhi,Delhi,Tier 1,Working Professional,82400,8.8,Delhi Capitals,Rishabh Pant,5,JioHotstar,Yes,3560,Brand Website,20,Laptop,86.0,Yes
CUST2446,24,Female,Tirupati,Andhra Pradesh,Tier 2,Student,14400,10.0,Sunrisers Hyderabad,Travis Head,6,JioHotstar,Yes,2660,Amazon,29,Mobile,96.5,Yes
CUST2447,39,Male,Noida,Uttar Pradesh,Tier 1,Working Professional,89400,8.4,Lucknow Super Giants,Nicholas Pooran,4,JioHotstar,No,3060,Brand Website,14,Laptop,78.5,No
CUST2448,23,Male,Jamshedpur,Jharkhand,Tier 2,Student,11800,10.0,Kolkata Knight Riders,Rinku Singh,7,JioHotstar,Yes,2360,Amazon,36,Mobile,100.0,Yes
CUST2449,47,Female,Nagpur,Maharashtra,Tier 2,Coach,80400,6.9,Mumbai Indians,Jasprit Bumrah,3,TV,No,3760,Brand Website,9,Smart TV,59.5,No
CUST2450,30,Male,Ahmedabad,Gujarat,Tier 1,Athlete,46200,10.0,Gujarat Titans,Rashid Khan,6,JioHotstar,Yes,5960,Brand Website,32,Mobile,100.0,Yes
CUST2451,35,Female,Kolkata,West Bengal,Tier 1,Working Professional,79400,8.7,Kolkata Knight Riders,Andre Russell,5,JioHotstar,Yes,3160,Amazon,20,Laptop,86.5,Yes
CUST2452,50,Male,Nagpur,Maharashtra,Tier 2,Business,115000,6.2,Mumbai Indians,Suryakumar Yadav,2,TV,No,1960,Local Store,4,Smart TV,50.5,No
CUST2453,26,Male,Patna,Bihar,Tier 2,Student,14400,10.0,Chennai Super Kings,Ruturaj Gaikwad,7,JioHotstar,Yes,2660,Amazon,31,Mobile,99.0,Yes
CUST2454,42,Female,Kochi,Kerala,Tier 2,Working Professional,76400,7.6,Mumbai Indians,Jasprit Bumrah,4,TV,No,2760,Flipkart,12,Laptop,71.0,No
CUST2455,28,Male,Hyderabad,Telangana,Tier 1,Working Professional,65400,9.6,Sunrisers Hyderabad,Pat Cummins,6,JioHotstar,Yes,3760,Amazon,26,Mobile,94.0,Yes
CUST2456,21,Male,Guwahati,Assam,Tier 2,Student,9800,10.0,Royal Challengers Bengaluru,Virat Kohli,7,JioHotstar,Yes,2060,Amazon,38,Mobile,100.0,Yes
CUST2457,44,Female,Indore,Madhya Pradesh,Tier 2,Coach,77400,7.3,Rajasthan Royals,Sanju Samson,3,TV,No,3560,Brand Website,9,Smart TV,61.0,No
CUST2458,32,Male,Mumbai,Maharashtra,Tier 1,Working Professional,80400,9.3,Mumbai Indians,Rohit Sharma,5,JioHotstar,Yes,3460,Amazon,22,Laptop,89.0,Yes
CUST2459,23,Female,Ranchi,Jharkhand,Tier 2,Student,12000,10.0,Kolkata Knight Riders,Sunil Narine,7,JioHotstar,Yes,2360,Amazon,33,Mobile,100.0,Yes
CUST2460,49,Male,Jaipur,Rajasthan,Tier 2,Business,110000,6.6,Rajasthan Royals,Jos Buttler,2,TV,No,2160,Local Store,5,Smart TV,53.5,No
CUST2461,29,Female,Pune,Maharashtra,Tier 1,Working Professional,72000,9.1,Chennai Super Kings,MS Dhoni,5,JioHotstar,Yes,3380,Amazon,22,Mobile,88.5,Yes
CUST2462,37,Male,Bengaluru,Karnataka,Tier 1,Working Professional,87900,8.4,Royal Challengers Bengaluru,Virat Kohli,4,JioHotstar,No,3080,Brand Website,15,Laptop,79.5,No
CUST2463,20,Male,Kanpur,Uttar Pradesh,Tier 2,Student,9300,10.0,Lucknow Super Giants,KL Rahul,7,JioHotstar,Yes,1980,Amazon,39,Mobile,100.0,Yes
CUST2464,45,Female,Visakhapatnam,Andhra Pradesh,Tier 2,Business,101700,6.8,Sunrisers Hyderabad,Pat Cummins,2,TV,No,2280,Local Store,5,Smart TV,53.0,No
CUST2465,26,Male,Delhi,Delhi,Tier 1,Athlete,44500,10.0,Delhi Capitals,Rishabh Pant,6,JioHotstar,Yes,5780,Brand Website,32,Mobile,100.0,Yes
CUST2466,40,Female,Ahmedabad,Gujarat,Tier 1,Working Professional,81700,8.0,Gujarat Titans,Shubman Gill,4,JioHotstar,No,2880,Flipkart,13,Laptop,76.5,No
CUST2467,22,Male,Dhanbad,Jharkhand,Tier 2,Student,11300,10.0,Kolkata Knight Riders,Rinku Singh,7,JioHotstar,Yes,2280,Amazon,35,Mobile,100.0,Yes
CUST2468,47,Male,Coimbatore,Tamil Nadu,Tier 2,Coach,78700,7.3,Chennai Super Kings,Ravindra Jadeja,3,TV,No,3780,Brand Website,9,Smart TV,60.0,No
CUST2469,32,Female,Chandigarh,Chandigarh,Tier 1,Working Professional,71700,8.9,Punjab Kings,Arshdeep Singh,5,JioHotstar,Yes,3380,Amazon,20,Mobile,87.0,Yes
CUST2470,19,Male,Aligarh,Uttar Pradesh,Tier 3,Student,8700,10.0,Royal Challengers Bengaluru,Virat Kohli,7,JioHotstar,Yes,1780,Amazon,38,Mobile,100.0,Yes
CUST2471,36,Male,Hyderabad,Telangana,Tier 1,Working Professional,84700,8.7,Sunrisers Hyderabad,Travis Head,5,JioHotstar,No,3380,Brand Website,15,Laptop,81.0,Yes
CUST2472,43,Female,Bhopal,Madhya Pradesh,Tier 2,Working Professional,75700,7.6,Mumbai Indians,Hardik Pandya,4,TV,No,2680,Flipkart,11,Laptop,70.5,No
CUST2473,25,Male,Meerut,Uttar Pradesh,Tier 2,Student,14900,10.0,Lucknow Super Giants,Nicholas Pooran,6,JioHotstar,Yes,2780,Amazon,29,Mobile,96.5,Yes
CUST2474,51,Male,Jodhpur,Rajasthan,Tier 2,Business,121500,6.0,Rajasthan Royals,Sanju Samson,2,TV,No,1880,Local Store,4,Smart TV,48.5,No
CUST2475,27,Female,Mumbai,Maharashtra,Tier 1,Working Professional,67700,9.5,Mumbai Indians,Suryakumar Yadav,5,JioHotstar,Yes,3180,Amazon,22,Mobile,89.5,Yes
CUST2476,38,Male,Lucknow,Uttar Pradesh,Tier 1,Working Professional,86700,8.2,Lucknow Super Giants,KL Rahul,4,JioHotstar,No,2980,Brand Website,14,Laptop,78.0,No
CUST2477,21,Male,Siliguri,West Bengal,Tier 2,Student,10400,10.0,Kolkata Knight Riders,Andre Russell,7,JioHotstar,Yes,2180,Amazon,36,Mobile,100.0,Yes
CUST2478,46,Female,Warangal,Telangana,Tier 2,Coach,77700,7.2,Sunrisers Hyderabad,Heinrich Klaasen,3,TV,No,3680,Brand Website,9,Smart TV,60.5,No
CUST2479,29,Male,Faridabad,Haryana,Tier 1,Athlete,45500,10.0,Punjab Kings,Shikhar Dhawan,6,JioHotstar,Yes,5880,Brand Website,31,Mobile,100.0,Yes
CUST2480,49,Male,Udaipur,Rajasthan,Tier 2,Business,113500,6.4,Rajasthan Royals,Yashasvi Jaiswal,2,TV,No,2080,Local Store,5,Smart TV,51.5,No
CUST2481,31,Female,Thane,Maharashtra,Tier 1,Working Professional,74700,9.0,Mumbai Indians,Rohit Sharma,5,JioHotstar,Yes,3280,Amazon,21,Mobile,88.5,Yes
CUST2482,41,Male,Vijayawada,Andhra Pradesh,Tier 2,Working Professional,74700,7.9,Sunrisers Hyderabad,Pat Cummins,4,JioHotstar,No,2680,Flipkart,12,Laptop,72.0,No
CUST2483,22,Male,Gaya,Bihar,Tier 2,Student,10800,10.0,Chennai Super Kings,MS Dhoni,7,JioHotstar,Yes,2280,Amazon,35,Mobile,100.0,Yes
CUST2484,48,Female,Salem,Tamil Nadu,Tier 2,Business,108500,6.6,Chennai Super Kings,Ravindra Jadeja,2,TV,No,2180,Local Store,5,Smart TV,51.0,No
CUST2485,34,Male,Delhi,Delhi,Tier 1,Working Professional,82700,8.9,Delhi Capitals,Rishabh Pant,5,JioHotstar,Yes,3580,Brand Website,20,Laptop,86.5,Yes
CUST2486,24,Female,Tirupati,Andhra Pradesh,Tier 2,Student,14500,10.0,Sunrisers Hyderabad,Travis Head,6,JioHotstar,Yes,2680,Amazon,29,Mobile,97.0,Yes
CUST2487,39,Male,Noida,Uttar Pradesh,Tier 1,Working Professional,89700,8.5,Lucknow Super Giants,Nicholas Pooran,4,JioHotstar,No,3080,Brand Website,14,Laptop,79.0,No
CUST2488,23,Male,Jamshedpur,Jharkhand,Tier 2,Student,11900,10.0,Kolkata Knight Riders,Rinku Singh,7,JioHotstar,Yes,2380,Amazon,36,Mobile,100.0,Yes
CUST2489,47,Female,Nagpur,Maharashtra,Tier 2,Coach,80700,7.0,Mumbai Indians,Jasprit Bumrah,3,TV,No,3780,Brand Website,9,Smart TV,60.0,No
CUST2490,30,Male,Ahmedabad,Gujarat,Tier 1,Athlete,46500,10.0,Gujarat Titans,Rashid Khan,6,JioHotstar,Yes,5980,Brand Website,32,Mobile,100.0,Yes
CUST2491,35,Female,Kolkata,West Bengal,Tier 1,Working Professional,79700,8.8,Kolkata Knight Riders,Andre Russell,5,JioHotstar,Yes,3180,Amazon,20,Laptop,87.0,Yes
CUST2492,50,Male,Nagpur,Maharashtra,Tier 2,Business,115500,6.3,Mumbai Indians,Suryakumar Yadav,2,TV,No,1980,Local Store,4,Smart TV,51.0,No
CUST2493,26,Male,Patna,Bihar,Tier 2,Student,14500,10.0,Chennai Super Kings,Ruturaj Gaikwad,7,JioHotstar,Yes,2680,Amazon,31,Mobile,99.5,Yes
CUST2494,42,Female,Kochi,Kerala,Tier 2,Working Professional,76700,7.7,Mumbai Indians,Jasprit Bumrah,4,TV,No,2780,Flipkart,12,Laptop,71.5,No
CUST2495,28,Male,Hyderabad,Telangana,Tier 1,Working Professional,65700,9.7,Sunrisers Hyderabad,Pat Cummins,6,JioHotstar,Yes,3780,Amazon,26,Mobile,94.5,Yes
CUST2496,21,Male,Guwahati,Assam,Tier 2,Student,9900,10.0,Royal Challengers Bengaluru,Virat Kohli,7,JioHotstar,Yes,2080,Amazon,38,Mobile,100.0,Yes
CUST2497,44,Female,Indore,Madhya Pradesh,Tier 2,Coach,77700,7.4,Rajasthan Royals,Sanju Samson,3,TV,No,3580,Brand Website,9,Smart TV,61.5,No
CUST2498,32,Male,Mumbai,Maharashtra,Tier 1,Working Professional,80700,9.4,Mumbai Indians,Rohit Sharma,5,JioHotstar,Yes,3480,Amazon,22,Laptop,89.5,Yes
CUST2499,23,Female,Ranchi,Jharkhand,Tier 2,Student,12100,10.0,Kolkata Knight Riders,Sunil Narine,7,JioHotstar,Yes,2380,Amazon,33,Mobile,100.0,Yes
CUST2500,49,Male,Jaipur,Rajasthan,Tier 2,Business,110500,6.7,Rajasthan Royals,Jos Buttler,2,TV,No,2180,Local Store,5,Smart TV,54.0,No
CUST2501,30,Female,Pune,Maharashtra,Tier 1,Working Professional,72300,9.2,Chennai Super Kings,MS Dhoni,5,JioHotstar,Yes,3400,Amazon,22,Mobile,89.0,Yes
CUST2502,38,Male,Bengaluru,Karnataka,Tier 1,Working Professional,88200,8.5,Royal Challengers Bengaluru,Virat Kohli,4,JioHotstar,No,3100,Brand Website,15,Laptop,80.0,No
CUST2503,21,Male,Kanpur,Uttar Pradesh,Tier 2,Student,9400,10.0,Lucknow Super Giants,KL Rahul,7,JioHotstar,Yes,2000,Amazon,39,Mobile,100.0,Yes
CUST2504,46,Female,Visakhapatnam,Andhra Pradesh,Tier 2,Business,102000,6.9,Sunrisers Hyderabad,Pat Cummins,2,TV,No,2300,Local Store,5,Smart TV,53.5,No
CUST2505,27,Male,Delhi,Delhi,Tier 1,Athlete,44800,10.0,Delhi Capitals,Rishabh Pant,6,JioHotstar,Yes,5800,Brand Website,32,Mobile,100.0,Yes
CUST2506,41,Female,Ahmedabad,Gujarat,Tier 1,Working Professional,82000,8.1,Gujarat Titans,Shubman Gill,4,JioHotstar,No,2900,Flipkart,13,Laptop,77.0,No
CUST2507,23,Male,Dhanbad,Jharkhand,Tier 2,Student,11400,10.0,Kolkata Knight Riders,Rinku Singh,7,JioHotstar,Yes,2300,Amazon,35,Mobile,100.0,Yes
CUST2508,48,Male,Coimbatore,Tamil Nadu,Tier 2,Coach,79000,7.4,Chennai Super Kings,Ravindra Jadeja,3,TV,No,3800,Brand Website,9,Smart TV,60.5,No
CUST2509,33,Female,Chandigarh,Chandigarh,Tier 1,Working Professional,72000,9.0,Punjab Kings,Arshdeep Singh,5,JioHotstar,Yes,3400,Amazon,20,Mobile,87.5,Yes
CUST2510,20,Male,Aligarh,Uttar Pradesh,Tier 3,Student,8800,10.0,Royal Challengers Bengaluru,Virat Kohli,7,JioHotstar,Yes,1800,Amazon,38,Mobile,100.0,Yes
CUST2511,37,Male,Hyderabad,Telangana,Tier 1,Working Professional,85000,8.8,Sunrisers Hyderabad,Travis Head,5,JioHotstar,No,3400,Brand Website,15,Laptop,81.5,Yes
CUST2512,44,Female,Bhopal,Madhya Pradesh,Tier 2,Working Professional,76000,7.7,Mumbai Indians,Hardik Pandya,4,TV,No,2700,Flipkart,11,Laptop,71.0,No
CUST2513,26,Male,Meerut,Uttar Pradesh,Tier 2,Student,15000,10.0,Lucknow Super Giants,Nicholas Pooran,6,JioHotstar,Yes,2800,Amazon,29,Mobile,97.0,Yes
CUST2514,52,Male,Jodhpur,Rajasthan,Tier 2,Business,122000,6.1,Rajasthan Royals,Sanju Samson,2,TV,No,1900,Local Store,4,Smart TV,49.0,No
CUST2515,28,Female,Mumbai,Maharashtra,Tier 1,Working Professional,68000,9.6,Mumbai Indians,Suryakumar Yadav,5,JioHotstar,Yes,3200,Amazon,22,Mobile,90.0,Yes
CUST2516,39,Male,Lucknow,Uttar Pradesh,Tier 1,Working Professional,87000,8.3,Lucknow Super Giants,KL Rahul,4,JioHotstar,No,3000,Brand Website,14,Laptop,78.5,No
CUST2517,22,Male,Siliguri,West Bengal,Tier 2,Student,10500,10.0,Kolkata Knight Riders,Andre Russell,7,JioHotstar,Yes,2200,Amazon,36,Mobile,100.0,Yes
CUST2518,47,Female,Warangal,Telangana,Tier 2,Coach,78000,7.3,Sunrisers Hyderabad,Heinrich Klaasen,3,TV,No,3700,Brand Website,9,Smart TV,60.0,No
CUST2519,30,Male,Faridabad,Haryana,Tier 1,Athlete,46000,10.0,Punjab Kings,Shikhar Dhawan,6,JioHotstar,Yes,5900,Brand Website,31,Mobile,100.0,Yes
CUST2520,50,Male,Udaipur,Rajasthan,Tier 2,Business,114000,6.5,Rajasthan Royals,Yashasvi Jaiswal,2,TV,No,2100,Local Store,5,Smart TV,52.0,No
CUST2521,32,Female,Thane,Maharashtra,Tier 1,Working Professional,75000,9.1,Mumbai Indians,Rohit Sharma,5,JioHotstar,Yes,3300,Amazon,21,Mobile,89.0,Yes
CUST2522,42,Male,Vijayawada,Andhra Pradesh,Tier 2,Working Professional,75000,8.0,Sunrisers Hyderabad,Pat Cummins,4,JioHotstar,No,2700,Flipkart,12,Laptop,72.5,No
CUST2523,23,Male,Gaya,Bihar,Tier 2,Student,10900,10.0,Chennai Super Kings,MS Dhoni,7,JioHotstar,Yes,2300,Amazon,35,Mobile,100.0,Yes
CUST2524,49,Female,Salem,Tamil Nadu,Tier 2,Business,109000,6.7,Chennai Super Kings,Ravindra Jadeja,2,TV,No,2200,Local Store,5,Smart TV,52.0,No
CUST2525,35,Male,Delhi,Delhi,Tier 1,Working Professional,83000,9.0,Delhi Capitals,Rishabh Pant,5,JioHotstar,Yes,3600,Brand Website,20,Laptop,87.0,Yes
CUST2526,25,Female,Tirupati,Andhra Pradesh,Tier 2,Student,14600,10.0,Sunrisers Hyderabad,Travis Head,6,JioHotstar,Yes,2700,Amazon,29,Mobile,97.5,Yes
CUST2527,40,Male,Noida,Uttar Pradesh,Tier 1,Working Professional,90000,8.6,Lucknow Super Giants,Nicholas Pooran,4,JioHotstar,No,3100,Brand Website,14,Laptop,79.5,No
CUST2528,24,Male,Jamshedpur,Jharkhand,Tier 2,Student,12000,10.0,Kolkata Knight Riders,Rinku Singh,7,JioHotstar,Yes,2400,Amazon,36,Mobile,100.0,Yes
CUST2529,48,Female,Nagpur,Maharashtra,Tier 2,Coach,81000,7.2,Mumbai Indians,Jasprit Bumrah,3,TV,No,3800,Brand Website,9,Smart TV,60.5,No
CUST2530,31,Male,Ahmedabad,Gujarat,Tier 1,Athlete,47000,10.0,Gujarat Titans,Rashid Khan,6,JioHotstar,Yes,6000,Brand Website,32,Mobile,100.0,Yes
CUST2531,36,Female,Kolkata,West Bengal,Tier 1,Working Professional,80000,8.9,Kolkata Knight Riders,Andre Russell,5,JioHotstar,Yes,3200,Amazon,20,Laptop,87.5,Yes
CUST2532,51,Male,Nagpur,Maharashtra,Tier 2,Business,116000,6.4,Mumbai Indians,Suryakumar Yadav,2,TV,No,2000,Local Store,4,Smart TV,51.5,No
CUST2533,27,Male,Patna,Bihar,Tier 2,Student,14600,10.0,Chennai Super Kings,Ruturaj Gaikwad,7,JioHotstar,Yes,2700,Amazon,31,Mobile,100.0,Yes
CUST2534,43,Female,Kochi,Kerala,Tier 2,Working Professional,77000,7.8,Mumbai Indians,Jasprit Bumrah,4,TV,No,2800,Flipkart,12,Laptop,72.0,No
CUST2535,29,Male,Hyderabad,Telangana,Tier 1,Working Professional,66000,9.8,Sunrisers Hyderabad,Pat Cummins,6,JioHotstar,Yes,3800,Amazon,26,Mobile,95.0,Yes
CUST2536,22,Male,Guwahati,Assam,Tier 2,Student,10000,10.0,Royal Challengers Bengaluru,Virat Kohli,7,JioHotstar,Yes,2100,Amazon,38,Mobile,100.0,Yes
CUST2537,45,Female,Indore,Madhya Pradesh,Tier 2,Coach,78000,7.5,Rajasthan Royals,Sanju Samson,3,TV,No,3600,Brand Website,9,Smart TV,61.0,No
CUST2538,33,Male,Mumbai,Maharashtra,Tier 1,Working Professional,81000,9.5,Mumbai Indians,Rohit Sharma,5,JioHotstar,Yes,3500,Amazon,22,Laptop,90.0,Yes
CUST2539,24,Female,Ranchi,Jharkhand,Tier 2,Student,12200,10.0,Kolkata Knight Riders,Sunil Narine,7,JioHotstar,Yes,2400,Amazon,33,Mobile,100.0,Yes
CUST2540,50,Male,Jaipur,Rajasthan,Tier 2,Business,111000,6.8,Rajasthan Royals,Jos Buttler,2,TV,No,2200,Local Store,5,Smart TV,54.5,No
CUST2541,30,Female,Pune,Maharashtra,Tier 1,Working Professional,72600,9.3,Chennai Super Kings,MS Dhoni,5,JioHotstar,Yes,3420,Amazon,22,Mobile,89.5,Yes
CUST2542,38,Male,Bengaluru,Karnataka,Tier 1,Working Professional,88500,8.6,Royal Challengers Bengaluru,Virat Kohli,4,JioHotstar,No,3120,Brand Website,15,Laptop,80.5,No
CUST2543,21,Male,Kanpur,Uttar Pradesh,Tier 2,Student,9500,10.0,Lucknow Super Giants,KL Rahul,7,JioHotstar,Yes,2020,Amazon,39,Mobile,100.0,Yes
CUST2544,46,Female,Visakhapatnam,Andhra Pradesh,Tier 2,Business,102300,7.0,Sunrisers Hyderabad,Pat Cummins,2,TV,No,2320,Local Store,5,Smart TV,54.0,No
CUST2545,27,Male,Delhi,Delhi,Tier 1,Athlete,45000,10.0,Delhi Capitals,Rishabh Pant,6,JioHotstar,Yes,5820,Brand Website,32,Mobile,100.0,Yes
CUST2546,41,Female,Ahmedabad,Gujarat,Tier 1,Working Professional,82300,8.2,Gujarat Titans,Shubman Gill,4,JioHotstar,No,2920,Flipkart,13,Laptop,77.5,No
CUST2547,23,Male,Dhanbad,Jharkhand,Tier 2,Student,11500,10.0,Kolkata Knight Riders,Rinku Singh,7,JioHotstar,Yes,2320,Amazon,35,Mobile,100.0,Yes
CUST2548,48,Male,Coimbatore,Tamil Nadu,Tier 2,Coach,79300,7.5,Chennai Super Kings,Ravindra Jadeja,3,TV,No,3820,Brand Website,9,Smart TV,61.0,No
CUST2549,33,Female,Chandigarh,Chandigarh,Tier 1,Working Professional,72300,9.1,Punjab Kings,Arshdeep Singh,5,JioHotstar,Yes,3420,Amazon,20,Mobile,88.0,Yes
CUST2550,20,Male,Aligarh,Uttar Pradesh,Tier 3,Student,8900,10.0,Royal Challengers Bengaluru,Virat Kohli,7,JioHotstar,Yes,1820,Amazon,38,Mobile,100.0,Yes
CUST2551,37,Male,Hyderabad,Telangana,Tier 1,Working Professional,85300,8.9,Sunrisers Hyderabad,Travis Head,5,JioHotstar,No,3420,Brand Website,15,Laptop,82.0,Yes
CUST2552,44,Female,Bhopal,Madhya Pradesh,Tier 2,Working Professional,76300,7.8,Mumbai Indians,Hardik Pandya,4,TV,No,2720,Flipkart,11,Laptop,71.5,No
CUST2553,26,Male,Meerut,Uttar Pradesh,Tier 2,Student,15100,10.0,Lucknow Super Giants,Nicholas Pooran,6,JioHotstar,Yes,2820,Amazon,29,Mobile,97.5,Yes
CUST2554,52,Male,Jodhpur,Rajasthan,Tier 2,Business,122500,6.2,Rajasthan Royals,Sanju Samson,2,TV,No,1920,Local Store,4,Smart TV,49.5,No
CUST2555,28,Female,Mumbai,Maharashtra,Tier 1,Working Professional,68300,9.7,Mumbai Indians,Suryakumar Yadav,5,JioHotstar,Yes,3220,Amazon,22,Mobile,90.5,Yes
CUST2556,39,Male,Lucknow,Uttar Pradesh,Tier 1,Working Professional,87300,8.4,Lucknow Super Giants,KL Rahul,4,JioHotstar,No,3020,Brand Website,14,Laptop,79.0,No
CUST2557,22,Male,Siliguri,West Bengal,Tier 2,Student,10600,10.0,Kolkata Knight Riders,Andre Russell,7,JioHotstar,Yes,2220,Amazon,36,Mobile,100.0,Yes
CUST2558,47,Female,Warangal,Telangana,Tier 2,Coach,78300,7.4,Sunrisers Hyderabad,Heinrich Klaasen,3,TV,No,3720,Brand Website,9,Smart TV,60.5,No
CUST2559,30,Male,Faridabad,Haryana,Tier 1,Athlete,46200,10.0,Punjab Kings,Shikhar Dhawan,6,JioHotstar,Yes,5920,Brand Website,31,Mobile,100.0,Yes
CUST2560,50,Male,Udaipur,Rajasthan,Tier 2,Business,114500,6.6,Rajasthan Royals,Yashasvi Jaiswal,2,TV,No,2120,Local Store,5,Smart TV,52.5,No
CUST2561,32,Female,Thane,Maharashtra,Tier 1,Working Professional,75300,9.2,Mumbai Indians,Rohit Sharma,5,JioHotstar,Yes,3320,Amazon,21,Mobile,89.5,Yes
CUST2562,42,Male,Vijayawada,Andhra Pradesh,Tier 2,Working Professional,75300,8.1,Sunrisers Hyderabad,Pat Cummins,4,JioHotstar,No,2720,Flipkart,12,Laptop,73.0,No
CUST2563,23,Male,Gaya,Bihar,Tier 2,Student,11000,10.0,Chennai Super Kings,MS Dhoni,7,JioHotstar,Yes,2320,Amazon,35,Mobile,100.0,Yes
CUST2564,49,Female,Salem,Tamil Nadu,Tier 2,Business,109500,6.8,Chennai Super Kings,Ravindra Jadeja,2,TV,No,2220,Local Store,5,Smart TV,52.5,No
CUST2565,35,Male,Delhi,Delhi,Tier 1,Working Professional,83300,9.1,Delhi Capitals,Rishabh Pant,5,JioHotstar,Yes,3620,Brand Website,20,Laptop,87.5,Yes
CUST2566,25,Female,Tirupati,Andhra Pradesh,Tier 2,Student,14700,10.0,Sunrisers Hyderabad,Travis Head,6,JioHotstar,Yes,2720,Amazon,29,Mobile,98.0,Yes
CUST2567,40,Male,Noida,Uttar Pradesh,Tier 1,Working Professional,90300,8.7,Lucknow Super Giants,Nicholas Pooran,4,JioHotstar,No,3120,Brand Website,14,Laptop,80.0,No
CUST2568,24,Male,Jamshedpur,Jharkhand,Tier 2,Student,12100,10.0,Kolkata Knight Riders,Rinku Singh,7,JioHotstar,Yes,2420,Amazon,36,Mobile,100.0,Yes
CUST2569,48,Female,Nagpur,Maharashtra,Tier 2,Coach,81300,7.3,Mumbai Indians,Jasprit Bumrah,3,TV,No,3820,Brand Website,9,Smart TV,61.0,No
CUST2570,31,Male,Ahmedabad,Gujarat,Tier 1,Athlete,47200,10.0,Gujarat Titans,Rashid Khan,6,JioHotstar,Yes,6020,Brand Website,32,Mobile,100.0,Yes
CUST2571,36,Female,Kolkata,West Bengal,Tier 1,Working Professional,80300,9.0,Kolkata Knight Riders,Andre Russell,5,JioHotstar,Yes,3220,Amazon,20,Laptop,88.0,Yes
CUST2572,51,Male,Nagpur,Maharashtra,Tier 2,Business,116500,6.5,Mumbai Indians,Suryakumar Yadav,2,TV,No,2020,Local Store,4,Smart TV,52.0,No
CUST2573,27,Male,Patna,Bihar,Tier 2,Student,14700,10.0,Chennai Super Kings,Ruturaj Gaikwad,7,JioHotstar,Yes,2720,Amazon,31,Mobile,100.0,Yes
CUST2574,43,Female,Kochi,Kerala,Tier 2,Working Professional,77300,7.9,Mumbai Indians,Jasprit Bumrah,4,TV,No,2820,Flipkart,12,Laptop,72.5,No
CUST2575,29,Male,Hyderabad,Telangana,Tier 1,Working Professional,66300,9.9,Sunrisers Hyderabad,Pat Cummins,6,JioHotstar,Yes,3820,Amazon,26,Mobile,95.5,Yes
CUST2576,22,Male,Guwahati,Assam,Tier 2,Student,10100,10.0,Royal Challengers Bengaluru,Virat Kohli,7,JioHotstar,Yes,2120,Amazon,38,Mobile,100.0,Yes
CUST2577,45,Female,Indore,Madhya Pradesh,Tier 2,Coach,78300,7.6,Rajasthan Royals,Sanju Samson,3,TV,No,3620,Brand Website,9,Smart TV,61.5,No
CUST2578,33,Male,Mumbai,Maharashtra,Tier 1,Working Professional,81300,9.6,Mumbai Indians,Rohit Sharma,5,JioHotstar,Yes,3520,Amazon,22,Laptop,90.5,Yes
CUST2579,24,Female,Ranchi,Jharkhand,Tier 2,Student,12300,10.0,Kolkata Knight Riders,Sunil Narine,7,JioHotstar,Yes,2420,Amazon,33,Mobile,100.0,Yes
CUST2580,50,Male,Jaipur,Rajasthan,Tier 2,Business,111500,6.9,Rajasthan Royals,Jos Buttler,2,TV,No,2220,Local Store,5,Smart TV,55.0,No
CUST2581,30,Female,Pune,Maharashtra,Tier 1,Working Professional,72900,9.4,Chennai Super Kings,MS Dhoni,5,JioHotstar,Yes,3440,Amazon,22,Mobile,90.0,Yes
CUST2582,38,Male,Bengaluru,Karnataka,Tier 1,Working Professional,88800,8.7,Royal Challengers Bengaluru,Virat Kohli,4,JioHotstar,No,3140,Brand Website,15,Laptop,81.0,No
CUST2583,21,Male,Kanpur,Uttar Pradesh,Tier 2,Student,9600,10.0,Lucknow Super Giants,KL Rahul,7,JioHotstar,Yes,2040,Amazon,39,Mobile,100.0,Yes
CUST2584,46,Female,Visakhapatnam,Andhra Pradesh,Tier 2,Business,102600,7.1,Sunrisers Hyderabad,Pat Cummins,2,TV,No,2340,Local Store,5,Smart TV,54.5,No
CUST2585,27,Male,Delhi,Delhi,Tier 1,Athlete,45200,10.0,Delhi Capitals,Rishabh Pant,6,JioHotstar,Yes,5840,Brand Website,32,Mobile,100.0,Yes
CUST2586,41,Female,Ahmedabad,Gujarat,Tier 1,Working Professional,82600,8.3,Gujarat Titans,Shubman Gill,4,JioHotstar,No,2940,Flipkart,13,Laptop,78.0,No
CUST2587,23,Male,Dhanbad,Jharkhand,Tier 2,Student,11600,10.0,Kolkata Knight Riders,Rinku Singh,7,JioHotstar,Yes,2340,Amazon,35,Mobile,100.0,Yes
CUST2588,48,Male,Coimbatore,Tamil Nadu,Tier 2,Coach,79600,7.6,Chennai Super Kings,Ravindra Jadeja,3,TV,No,3840,Brand Website,9,Smart TV,61.5,No
CUST2589,33,Female,Chandigarh,Chandigarh,Tier 1,Working Professional,72600,9.2,Punjab Kings,Arshdeep Singh,5,JioHotstar,Yes,3440,Amazon,20,Mobile,88.5,Yes
CUST2590,20,Male,Aligarh,Uttar Pradesh,Tier 3,Student,9000,10.0,Royal Challengers Bengaluru,Virat Kohli,7,JioHotstar,Yes,1840,Amazon,38,Mobile,100.0,Yes
CUST2591,37,Male,Hyderabad,Telangana,Tier 1,Working Professional,85600,9.0,Sunrisers Hyderabad,Travis Head,5,JioHotstar,No,3440,Brand Website,15,Laptop,82.5,Yes
CUST2592,44,Female,Bhopal,Madhya Pradesh,Tier 2,Working Professional,76600,7.9,Mumbai Indians,Hardik Pandya,4,TV,No,2740,Flipkart,11,Laptop,72.0,No
CUST2593,26,Male,Meerut,Uttar Pradesh,Tier 2,Student,15200,10.0,Lucknow Super Giants,Nicholas Pooran,6,JioHotstar,Yes,2840,Amazon,29,Mobile,98.0,Yes
CUST2594,52,Male,Jodhpur,Rajasthan,Tier 2,Business,123000,6.3,Rajasthan Royals,Sanju Samson,2,TV,No,1940,Local Store,4,Smart TV,50.0,No
CUST2595,28,Female,Mumbai,Maharashtra,Tier 1,Working Professional,68600,9.8,Mumbai Indians,Suryakumar Yadav,5,JioHotstar,Yes,3240,Amazon,22,Mobile,91.0,Yes
CUST2596,39,Male,Lucknow,Uttar Pradesh,Tier 1,Working Professional,87600,8.5,Lucknow Super Giants,KL Rahul,4,JioHotstar,No,3040,Brand Website,14,Laptop,79.5,No
CUST2597,22,Male,Siliguri,West Bengal,Tier 2,Student,10700,10.0,Kolkata Knight Riders,Andre Russell,7,JioHotstar,Yes,2240,Amazon,36,Mobile,100.0,Yes
CUST2598,47,Female,Warangal,Telangana,Tier 2,Coach,78600,7.5,Sunrisers Hyderabad,Heinrich Klaasen,3,TV,No,3740,Brand Website,9,Smart TV,61.0,No
CUST2599,30,Male,Faridabad,Haryana,Tier 1,Athlete,46400,10.0,Punjab Kings,Shikhar Dhawan,6,JioHotstar,Yes,5940,Brand Website,31,Mobile,100.0,Yes
CUST2600,50,Male,Udaipur,Rajasthan,Tier 2,Business,115000,6.7,Rajasthan Royals,Yashasvi Jaiswal,2,TV,No,2140,Local Store,5,Smart TV,53.0,No
CUST2601,32,Female,Thane,Maharashtra,Tier 1,Working Professional,75600,9.3,Mumbai Indians,Rohit Sharma,5,JioHotstar,Yes,3340,Amazon,21,Mobile,90.0,Yes
CUST2602,42,Male,Vijayawada,Andhra Pradesh,Tier 2,Working Professional,75600,8.2,Sunrisers Hyderabad,Pat Cummins,4,JioHotstar,No,2740,Flipkart,12,Laptop,73.5,No
CUST2603,23,Male,Gaya,Bihar,Tier 2,Student,11100,10.0,Chennai Super Kings,MS Dhoni,7,JioHotstar,Yes,2340,Amazon,35,Mobile,100.0,Yes
CUST2604,49,Female,Salem,Tamil Nadu,Tier 2,Business,110000,6.9,Chennai Super Kings,Ravindra Jadeja,2,TV,No,2240,Local Store,5,Smart TV,53.0,No
CUST2605,35,Male,Delhi,Delhi,Tier 1,Working Professional,83600,9.2,Delhi Capitals,Rishabh Pant,5,JioHotstar,Yes,3640,Brand Website,20,Laptop,88.0,Yes
CUST2606,25,Female,Tirupati,Andhra Pradesh,Tier 2,Student,14800,10.0,Sunrisers Hyderabad,Travis Head,6,JioHotstar,Yes,2740,Amazon,29,Mobile,98.5,Yes
CUST2607,40,Male,Noida,Uttar Pradesh,Tier 1,Working Professional,90600,8.8,Lucknow Super Giants,Nicholas Pooran,4,JioHotstar,No,3140,Brand Website,14,Laptop,80.5,No
CUST2608,24,Male,Jamshedpur,Jharkhand,Tier 2,Student,12200,10.0,Kolkata Knight Riders,Rinku Singh,7,JioHotstar,Yes,2440,Amazon,36,Mobile,100.0,Yes
CUST2609,48,Female,Nagpur,Maharashtra,Tier 2,Coach,81600,7.4,Mumbai Indians,Jasprit Bumrah,3,TV,No,3840,Brand Website,9,Smart TV,61.5,No
CUST2610,31,Male,Ahmedabad,Gujarat,Tier 1,Athlete,47400,10.0,Gujarat Titans,Rashid Khan,6,JioHotstar,Yes,6040,Brand Website,32,Mobile,100.0,Yes
CUST2611,36,Female,Kolkata,West Bengal,Tier 1,Working Professional,80600,9.1,Kolkata Knight Riders,Andre Russell,5,JioHotstar,Yes,3240,Amazon,20,Laptop,88.5,Yes
CUST2612,51,Male,Nagpur,Maharashtra,Tier 2,Business,117000,6.6,Mumbai Indians,Suryakumar Yadav,2,TV,No,2040,Local Store,4,Smart TV,52.5,No
CUST2613,27,Male,Patna,Bihar,Tier 2,Student,14800,10.0,Chennai Super Kings,Ruturaj Gaikwad,7,JioHotstar,Yes,2740,Amazon,31,Mobile,100.0,Yes
CUST2614,43,Female,Kochi,Kerala,Tier 2,Working Professional,77600,8.0,Mumbai Indians,Jasprit Bumrah,4,TV,No,2840,Flipkart,12,Laptop,73.0,No
CUST2615,29,Male,Hyderabad,Telangana,Tier 1,Working Professional,66600,10.0,Sunrisers Hyderabad,Pat Cummins,6,JioHotstar,Yes,3840,Amazon,26,Mobile,96.0,Yes
CUST2616,22,Male,Guwahati,Assam,Tier 2,Student,10200,10.0,Royal Challengers Bengaluru,Virat Kohli,7,JioHotstar,Yes,2140,Amazon,38,Mobile,100.0,Yes
CUST2617,45,Female,Indore,Madhya Pradesh,Tier 2,Coach,78600,7.7,Rajasthan Royals,Sanju Samson,3,TV,No,3640,Brand Website,9,Smart TV,62.0,No
CUST2618,33,Male,Mumbai,Maharashtra,Tier 1,Working Professional,81600,9.7,Mumbai Indians,Rohit Sharma,5,JioHotstar,Yes,3540,Amazon,22,Laptop,91.0,Yes
CUST2619,24,Female,Ranchi,Jharkhand,Tier 2,Student,12400,10.0,Kolkata Knight Riders,Sunil Narine,7,JioHotstar,Yes,2440,Amazon,33,Mobile,100.0,Yes
CUST2620,50,Male,Jaipur,Rajasthan,Tier 2,Business,112000,7.0,Rajasthan Royals,Jos Buttler,2,TV,No,2240,Local Store,5,Smart TV,55.5,No
CUST2621,30,Female,Pune,Maharashtra,Tier 1,Working Professional,73200,9.5,Chennai Super Kings,MS Dhoni,5,JioHotstar,Yes,3460,Amazon,22,Mobile,90.5,Yes
CUST2622,38,Male,Bengaluru,Karnataka,Tier 1,Working Professional,89100,8.8,Royal Challengers Bengaluru,Virat Kohli,4,JioHotstar,No,3160,Brand Website,15,Laptop,81.5,No
CUST2623,21,Male,Kanpur,Uttar Pradesh,Tier 2,Student,9700,10.0,Lucknow Super Giants,KL Rahul,7,JioHotstar,Yes,2060,Amazon,39,Mobile,100.0,Yes
CUST2624,46,Female,Visakhapatnam,Andhra Pradesh,Tier 2,Business,102900,7.2,Sunrisers Hyderabad,Pat Cummins,2,TV,No,2360,Local Store,5,Smart TV,55.0,No
CUST2625,27,Male,Delhi,Delhi,Tier 1,Athlete,45400,10.0,Delhi Capitals,Rishabh Pant,6,JioHotstar,Yes,5860,Brand Website,32,Mobile,100.0,Yes
CUST2626,41,Female,Ahmedabad,Gujarat,Tier 1,Working Professional,82900,8.4,Gujarat Titans,Shubman Gill,4,JioHotstar,No,2960,Flipkart,13,Laptop,78.5,No
CUST2627,23,Male,Dhanbad,Jharkhand,Tier 2,Student,11700,10.0,Kolkata Knight Riders,Rinku Singh,7,JioHotstar,Yes,2360,Amazon,35,Mobile,100.0,Yes
CUST2628,48,Male,Coimbatore,Tamil Nadu,Tier 2,Coach,79900,7.7,Chennai Super Kings,Ravindra Jadeja,3,TV,No,3860,Brand Website,9,Smart TV,62.0,No
CUST2629,33,Female,Chandigarh,Chandigarh,Tier 1,Working Professional,72900,9.3,Punjab Kings,Arshdeep Singh,5,JioHotstar,Yes,3460,Amazon,20,Mobile,89.0,Yes
CUST2630,20,Male,Aligarh,Uttar Pradesh,Tier 3,Student,9100,10.0,Royal Challengers Bengaluru,Virat Kohli,7,JioHotstar,Yes,1860,Amazon,38,Mobile,100.0,Yes
CUST2631,37,Male,Hyderabad,Telangana,Tier 1,Working Professional,85900,9.1,Sunrisers Hyderabad,Travis Head,5,JioHotstar,No,3460,Brand Website,15,Laptop,83.0,Yes
CUST2632,44,Female,Bhopal,Madhya Pradesh,Tier 2,Working Professional,76900,8.0,Mumbai Indians,Hardik Pandya,4,TV,No,2760,Flipkart,11,Laptop,72.5,No
CUST2633,26,Male,Meerut,Uttar Pradesh,Tier 2,Student,15300,10.0,Lucknow Super Giants,Nicholas Pooran,6,JioHotstar,Yes,2860,Amazon,29,Mobile,98.5,Yes
CUST2634,52,Male,Jodhpur,Rajasthan,Tier 2,Business,123500,6.4,Rajasthan Royals,Sanju Samson,2,TV,No,1960,Local Store,4,Smart TV,50.5,No
CUST2635,28,Female,Mumbai,Maharashtra,Tier 1,Working Professional,68900,9.9,Mumbai Indians,Suryakumar Yadav,5,JioHotstar,Yes,3260,Amazon,22,Mobile,91.5,Yes
CUST2636,39,Male,Lucknow,Uttar Pradesh,Tier 1,Working Professional,87900,8.6,Lucknow Super Giants,KL Rahul,4,JioHotstar,No,3060,Brand Website,14,Laptop,80.0,No
CUST2637,22,Male,Siliguri,West Bengal,Tier 2,Student,10800,10.0,Kolkata Knight Riders,Andre Russell,7,JioHotstar,Yes,2260,Amazon,36,Mobile,100.0,Yes
CUST2638,47,Female,Warangal,Telangana,Tier 2,Coach,78900,7.6,Sunrisers Hyderabad,Heinrich Klaasen,3,TV,No,3760,Brand Website,9,Smart TV,61.5,No
CUST2639,30,Male,Faridabad,Haryana,Tier 1,Athlete,46600,10.0,Punjab Kings,Shikhar Dhawan,6,JioHotstar,Yes,5960,Brand Website,31,Mobile,100.0,Yes
CUST2640,50,Male,Udaipur,Rajasthan,Tier 2,Business,115500,6.8,Rajasthan Royals,Yashasvi Jaiswal,2,TV,No,2160,Local Store,5,Smart TV,53.5,No
CUST2641,32,Female,Thane,Maharashtra,Tier 1,Working Professional,75900,9.4,Mumbai Indians,Rohit Sharma,5,JioHotstar,Yes,3360,Amazon,21,Mobile,90.5,Yes
CUST2642,42,Male,Vijayawada,Andhra Pradesh,Tier 2,Working Professional,75900,8.3,Sunrisers Hyderabad,Pat Cummins,4,JioHotstar,No,2760,Flipkart,12,Laptop,74.0,No
CUST2643,23,Male,Gaya,Bihar,Tier 2,Student,11200,10.0,Chennai Super Kings,MS Dhoni,7,JioHotstar,Yes,2360,Amazon,35,Mobile,100.0,Yes
CUST2644,49,Female,Salem,Tamil Nadu,Tier 2,Business,110500,7.0,Chennai Super Kings,Ravindra Jadeja,2,TV,No,2260,Local Store,5,Smart TV,53.5,No
CUST2645,35,Male,Delhi,Delhi,Tier 1,Working Professional,83900,9.3,Delhi Capitals,Rishabh Pant,5,JioHotstar,Yes,3660,Brand Website,20,Laptop,88.5,Yes
CUST2646,25,Female,Tirupati,Andhra Pradesh,Tier 2,Student,14900,10.0,Sunrisers Hyderabad,Travis Head,6,JioHotstar,Yes,2760,Amazon,29,Mobile,99.0,Yes
CUST2647,40,Male,Noida,Uttar Pradesh,Tier 1,Working Professional,90900,8.9,Lucknow Super Giants,Nicholas Pooran,4,JioHotstar,No,3160,Brand Website,14,Laptop,81.0,No
CUST2648,24,Male,Jamshedpur,Jharkhand,Tier 2,Student,12300,10.0,Kolkata Knight Riders,Rinku Singh,7,JioHotstar,Yes,2460,Amazon,36,Mobile,100.0,Yes
CUST2649,48,Female,Nagpur,Maharashtra,Tier 2,Coach,81900,7.5,Mumbai Indians,Jasprit Bumrah,3,TV,No,3860,Brand Website,9,Smart TV,62.0,No
CUST2650,31,Male,Ahmedabad,Gujarat,Tier 1,Athlete,47600,10.0,Gujarat Titans,Rashid Khan,6,JioHotstar,Yes,6060,Brand Website,32,Mobile,100.0,Yes
CUST2651,36,Female,Kolkata,West Bengal,Tier 1,Working Professional,80900,9.2,Kolkata Knight Riders,Andre Russell,5,JioHotstar,Yes,3260,Amazon,20,Laptop,89.0,Yes
CUST2652,51,Male,Nagpur,Maharashtra,Tier 2,Business,117500,6.7,Mumbai Indians,Suryakumar Yadav,2,TV,No,2060,Local Store,4,Smart TV,53.0,No
CUST2653,27,Male,Patna,Bihar,Tier 2,Student,14900,10.0,Chennai Super Kings,Ruturaj Gaikwad,7,JioHotstar,Yes,2760,Amazon,31,Mobile,100.0,Yes
CUST2654,43,Female,Kochi,Kerala,Tier 2,Working Professional,77900,8.1,Mumbai Indians,Jasprit Bumrah,4,TV,No,2860,Flipkart,12,Laptop,73.5,No
CUST2655,29,Male,Hyderabad,Telangana,Tier 1,Working Professional,66900,10.0,Sunrisers Hyderabad,Pat Cummins,6,JioHotstar,Yes,3860,Amazon,26,Mobile,96.5,Yes
CUST2656,22,Male,Guwahati,Assam,Tier 2,Student,10300,10.0,Royal Challengers Bengaluru,Virat Kohli,7,JioHotstar,Yes,2160,Amazon,38,Mobile,100.0,Yes
CUST2657,45,Female,Indore,Madhya Pradesh,Tier 2,Coach,78900,7.8,Rajasthan Royals,Sanju Samson,3,TV,No,3660,Brand Website,9,Smart TV,62.5,No
CUST2658,33,Male,Mumbai,Maharashtra,Tier 1,Working Professional,81900,9.8,Mumbai Indians,Rohit Sharma,5,JioHotstar,Yes,3560,Amazon,22,Laptop,91.5,Yes
CUST2659,24,Female,Ranchi,Jharkhand,Tier 2,Student,12500,10.0,Kolkata Knight Riders,Sunil Narine,7,JioHotstar,Yes,2460,Amazon,33,Mobile,100.0,Yes
CUST2660,50,Male,Jaipur,Rajasthan,Tier 2,Business,112500,7.1,Rajasthan Royals,Jos Buttler,2,TV,No,2260,Local Store,5,Smart TV,56.0,No
CUST2661,30,Female,Pune,Maharashtra,Tier 1,Working Professional,73500,9.6,Chennai Super Kings,MS Dhoni,5,JioHotstar,Yes,3480,Amazon,22,Mobile,91.0,Yes
CUST2662,38,Male,Bengaluru,Karnataka,Tier 1,Working Professional,89400,8.9,Royal Challengers Bengaluru,Virat Kohli,4,JioHotstar,No,3180,Brand Website,15,Laptop,82.0,No
CUST2663,21,Male,Kanpur,Uttar Pradesh,Tier 2,Student,9800,10.0,Lucknow Super Giants,KL Rahul,7,JioHotstar,Yes,2080,Amazon,39,Mobile,100.0,Yes
CUST2664,46,Female,Visakhapatnam,Andhra Pradesh,Tier 2,Business,103200,7.3,Sunrisers Hyderabad,Pat Cummins,2,TV,No,2380,Local Store,5,Smart TV,55.5,No
CUST2665,27,Male,Delhi,Delhi,Tier 1,Athlete,45600,10.0,Delhi Capitals,Rishabh Pant,6,JioHotstar,Yes,5880,Brand Website,32,Mobile,100.0,Yes
CUST2666,41,Female,Ahmedabad,Gujarat,Tier 1,Working Professional,83200,8.5,Gujarat Titans,Shubman Gill,4,JioHotstar,No,2980,Flipkart,13,Laptop,79.0,No
CUST2667,23,Male,Dhanbad,Jharkhand,Tier 2,Student,11800,10.0,Kolkata Knight Riders,Rinku Singh,7,JioHotstar,Yes,2380,Amazon,35,Mobile,100.0,Yes
CUST2668,48,Male,Coimbatore,Tamil Nadu,Tier 2,Coach,80200,7.8,Chennai Super Kings,Ravindra Jadeja,3,TV,No,3880,Brand Website,9,Smart TV,62.5,No
CUST2669,33,Female,Chandigarh,Chandigarh,Tier 1,Working Professional,73200,9.4,Punjab Kings,Arshdeep Singh,5,JioHotstar,Yes,3480,Amazon,20,Mobile,89.5,Yes
CUST2670,20,Male,Aligarh,Uttar Pradesh,Tier 3,Student,9200,10.0,Royal Challengers Bengaluru,Virat Kohli,7,JioHotstar,Yes,1880,Amazon,38,Mobile,100.0,Yes
CUST2671,37,Male,Hyderabad,Telangana,Tier 1,Working Professional,86200,9.2,Sunrisers Hyderabad,Travis Head,5,JioHotstar,No,3480,Brand Website,15,Laptop,83.5,Yes
CUST2672,44,Female,Bhopal,Madhya Pradesh,Tier 2,Working Professional,77200,8.1,Mumbai Indians,Hardik Pandya,4,TV,No,2780,Flipkart,11,Laptop,73.0,No
CUST2673,26,Male,Meerut,Uttar Pradesh,Tier 2,Student,15400,10.0,Lucknow Super Giants,Nicholas Pooran,6,JioHotstar,Yes,2880,Amazon,29,Mobile,99.0,Yes
CUST2674,52,Male,Jodhpur,Rajasthan,Tier 2,Business,124000,6.5,Rajasthan Royals,Sanju Samson,2,TV,No,1980,Local Store,4,Smart TV,51.0,No
CUST2675,28,Female,Mumbai,Maharashtra,Tier 1,Working Professional,69200,10.0,Mumbai Indians,Suryakumar Yadav,5,JioHotstar,Yes,3280,Amazon,22,Mobile,92.0,Yes
CUST2676,39,Male,Lucknow,Uttar Pradesh,Tier 1,Working Professional,88200,8.7,Lucknow Super Giants,KL Rahul,4,JioHotstar,No,3080,Brand Website,14,Laptop,80.5,No
CUST2677,22,Male,Siliguri,West Bengal,Tier 2,Student,10900,10.0,Kolkata Knight Riders,Andre Russell,7,JioHotstar,Yes,2280,Amazon,36,Mobile,100.0,Yes
CUST2678,47,Female,Warangal,Telangana,Tier 2,Coach,79200,7.7,Sunrisers Hyderabad,Heinrich Klaasen,3,TV,No,3780,Brand Website,9,Smart TV,62.0,No
CUST2679,30,Male,Faridabad,Haryana,Tier 1,Athlete,46800,10.0,Punjab Kings,Shikhar Dhawan,6,JioHotstar,Yes,5980,Brand Website,31,Mobile,100.0,Yes
CUST2680,50,Male,Udaipur,Rajasthan,Tier 2,Business,116000,6.9,Rajasthan Royals,Yashasvi Jaiswal,2,TV,No,2180,Local Store,5,Smart TV,54.0,No
CUST2681,32,Female,Thane,Maharashtra,Tier 1,Working Professional,76200,9.5,Mumbai Indians,Rohit Sharma,5,JioHotstar,Yes,3380,Amazon,21,Mobile,91.0,Yes
CUST2682,42,Male,Vijayawada,Andhra Pradesh,Tier 2,Working Professional,76200,8.4,Sunrisers Hyderabad,Pat Cummins,4,JioHotstar,No,2780,Flipkart,12,Laptop,74.5,No
CUST2683,23,Male,Gaya,Bihar,Tier 2,Student,11300,10.0,Chennai Super Kings,MS Dhoni,7,JioHotstar,Yes,2380,Amazon,35,Mobile,100.0,Yes
CUST2684,49,Female,Salem,Tamil Nadu,Tier 2,Business,111000,7.1,Chennai Super Kings,Ravindra Jadeja,2,TV,No,2280,Local Store,5,Smart TV,54.0,No
CUST2685,35,Male,Delhi,Delhi,Tier 1,Working Professional,84200,9.4,Delhi Capitals,Rishabh Pant,5,JioHotstar,Yes,3680,Brand Website,20,Laptop,89.0,Yes
CUST2686,25,Female,Tirupati,Andhra Pradesh,Tier 2,Student,15000,10.0,Sunrisers Hyderabad,Travis Head,6,JioHotstar,Yes,2780,Amazon,29,Mobile,99.5,Yes
CUST2687,40,Male,Noida,Uttar Pradesh,Tier 1,Working Professional,91200,9.0,Lucknow Super Giants,Nicholas Pooran,4,JioHotstar,No,3180,Brand Website,14,Laptop,81.5,No
CUST2688,24,Male,Jamshedpur,Jharkhand,Tier 2,Student,12400,10.0,Kolkata Knight Riders,Rinku Singh,7,JioHotstar,Yes,2480,Amazon,36,Mobile,100.0,Yes
CUST2689,48,Female,Nagpur,Maharashtra,Tier 2,Coach,82200,7.6,Mumbai Indians,Jasprit Bumrah,3,TV,No,3880,Brand Website,9,Smart TV,62.5,No
CUST2690,31,Male,Ahmedabad,Gujarat,Tier 1,Athlete,47800,10.0,Gujarat Titans,Rashid Khan,6,JioHotstar,Yes,6080,Brand Website,32,Mobile,100.0,Yes
CUST2691,36,Female,Kolkata,West Bengal,Tier 1,Working Professional,81200,9.3,Kolkata Knight Riders,Andre Russell,5,JioHotstar,Yes,3280,Amazon,20,Laptop,89.5,Yes
CUST2692,51,Male,Nagpur,Maharashtra,Tier 2,Business,118000,6.8,Mumbai Indians,Suryakumar Yadav,2,TV,No,2080,Local Store,4,Smart TV,53.5,No
CUST2693,27,Male,Patna,Bihar,Tier 2,Student,15000,10.0,Chennai Super Kings,Ruturaj Gaikwad,7,JioHotstar,Yes,2780,Amazon,31,Mobile,100.0,Yes
CUST2694,43,Female,Kochi,Kerala,Tier 2,Working Professional,78200,8.2,Mumbai Indians,Jasprit Bumrah,4,TV,No,2880,Flipkart,12,Laptop,74.0,No
CUST2695,29,Male,Hyderabad,Telangana,Tier 1,Working Professional,67200,10.0,Sunrisers Hyderabad,Pat Cummins,6,JioHotstar,Yes,3880,Amazon,26,Mobile,97.0,Yes
CUST2696,22,Male,Guwahati,Assam,Tier 2,Student,10400,10.0,Royal Challengers Bengaluru,Virat Kohli,7,JioHotstar,Yes,2180,Amazon,38,Mobile,100.0,Yes
CUST2697,45,Female,Indore,Madhya Pradesh,Tier 2,Coach,79200,7.9,Rajasthan Royals,Sanju Samson,3,TV,No,3680,Brand Website,9,Smart TV,63.0,No
CUST2698,33,Male,Mumbai,Maharashtra,Tier 1,Working Professional,82200,9.9,Mumbai Indians,Rohit Sharma,5,JioHotstar,Yes,3580,Amazon,22,Laptop,92.0,Yes
CUST2699,24,Female,Ranchi,Jharkhand,Tier 2,Student,12600,10.0,Kolkata Knight Riders,Sunil Narine,7,JioHotstar,Yes,2480,Amazon,33,Mobile,100.0,Yes
CUST2700,50,Male,Jaipur,Rajasthan,Tier 2,Business,113000,7.2,Rajasthan Royals,Jos Buttler,2,TV,No,2280,Local Store,5,Smart TV,56.5,No
CUST2701,31,Female,Pune,Maharashtra,Tier 1,Working Professional,73800,9.7,Chennai Super Kings,MS Dhoni,5,JioHotstar,Yes,3500,Amazon,22,Mobile,91.5,Yes
CUST2702,39,Male,Bengaluru,Karnataka,Tier 1,Working Professional,89700,9.0,Royal Challengers Bengaluru,Virat Kohli,4,JioHotstar,No,3200,Brand Website,15,Laptop,82.5,No
CUST2703,22,Male,Kanpur,Uttar Pradesh,Tier 2,Student,9900,10.0,Lucknow Super Giants,KL Rahul,7,JioHotstar,Yes,2100,Amazon,39,Mobile,100.0,Yes
CUST2704,47,Female,Visakhapatnam,Andhra Pradesh,Tier 2,Business,103500,7.4,Sunrisers Hyderabad,Pat Cummins,2,TV,No,2400,Local Store,5,Smart TV,56.0,No
CUST2705,28,Male,Delhi,Delhi,Tier 1,Athlete,45800,10.0,Delhi Capitals,Rishabh Pant,6,JioHotstar,Yes,5900,Brand Website,32,Mobile,100.0,Yes
CUST2706,42,Female,Ahmedabad,Gujarat,Tier 1,Working Professional,83500,8.6,Gujarat Titans,Shubman Gill,4,JioHotstar,No,3000,Flipkart,13,Laptop,79.5,No
CUST2707,24,Male,Dhanbad,Jharkhand,Tier 2,Student,11900,10.0,Kolkata Knight Riders,Rinku Singh,7,JioHotstar,Yes,2400,Amazon,35,Mobile,100.0,Yes
CUST2708,49,Male,Coimbatore,Tamil Nadu,Tier 2,Coach,80500,7.9,Chennai Super Kings,Ravindra Jadeja,3,TV,No,3900,Brand Website,9,Smart TV,63.0,No
CUST2709,34,Female,Chandigarh,Chandigarh,Tier 1,Working Professional,73500,9.5,Punjab Kings,Arshdeep Singh,5,JioHotstar,Yes,3500,Amazon,20,Mobile,90.0,Yes
CUST2710,21,Male,Aligarh,Uttar Pradesh,Tier 3,Student,9300,10.0,Royal Challengers Bengaluru,Virat Kohli,7,JioHotstar,Yes,1900,Amazon,38,Mobile,100.0,Yes
CUST2711,38,Male,Hyderabad,Telangana,Tier 1,Working Professional,86500,9.3,Sunrisers Hyderabad,Travis Head,5,JioHotstar,No,3500,Brand Website,15,Laptop,84.0,Yes
CUST2712,45,Female,Bhopal,Madhya Pradesh,Tier 2,Working Professional,77500,8.2,Mumbai Indians,Hardik Pandya,4,TV,No,2800,Flipkart,11,Laptop,73.5,No
CUST2713,27,Male,Meerut,Uttar Pradesh,Tier 2,Student,15500,10.0,Lucknow Super Giants,Nicholas Pooran,6,JioHotstar,Yes,2900,Amazon,29,Mobile,99.5,Yes
CUST2714,53,Male,Jodhpur,Rajasthan,Tier 2,Business,124500,6.6,Rajasthan Royals,Sanju Samson,2,TV,No,2000,Local Store,4,Smart TV,51.5,No
CUST2715,29,Female,Mumbai,Maharashtra,Tier 1,Working Professional,69500,10.0,Mumbai Indians,Suryakumar Yadav,5,JioHotstar,Yes,3300,Amazon,22,Mobile,92.5,Yes
CUST2716,40,Male,Lucknow,Uttar Pradesh,Tier 1,Working Professional,88500,8.8,Lucknow Super Giants,KL Rahul,4,JioHotstar,No,3100,Brand Website,14,Laptop,81.0,No
CUST2717,23,Male,Siliguri,West Bengal,Tier 2,Student,11000,10.0,Kolkata Knight Riders,Andre Russell,7,JioHotstar,Yes,2300,Amazon,36,Mobile,100.0,Yes
CUST2718,48,Female,Warangal,Telangana,Tier 2,Coach,79500,7.8,Sunrisers Hyderabad,Heinrich Klaasen,3,TV,No,3800,Brand Website,9,Smart TV,62.5,No
CUST2719,31,Male,Faridabad,Haryana,Tier 1,Athlete,47000,10.0,Punjab Kings,Shikhar Dhawan,6,JioHotstar,Yes,6000,Brand Website,31,Mobile,100.0,Yes
CUST2720,51,Male,Udaipur,Rajasthan,Tier 2,Business,116500,7.0,Rajasthan Royals,Yashasvi Jaiswal,2,TV,No,2200,Local Store,5,Smart TV,54.5,No
CUST2721,33,Female,Thane,Maharashtra,Tier 1,Working Professional,76500,9.6,Mumbai Indians,Rohit Sharma,5,JioHotstar,Yes,3400,Amazon,21,Mobile,91.5,Yes
CUST2722,43,Male,Vijayawada,Andhra Pradesh,Tier 2,Working Professional,76500,8.5,Sunrisers Hyderabad,Pat Cummins,4,JioHotstar,No,2800,Flipkart,12,Laptop,75.0,No
CUST2723,24,Male,Gaya,Bihar,Tier 2,Student,11400,10.0,Chennai Super Kings,MS Dhoni,7,JioHotstar,Yes,2400,Amazon,35,Mobile,100.0,Yes
CUST2724,50,Female,Salem,Tamil Nadu,Tier 2,Business,111500,7.2,Chennai Super Kings,Ravindra Jadeja,2,TV,No,2300,Local Store,5,Smart TV,54.5,No
CUST2725,36,Male,Delhi,Delhi,Tier 1,Working Professional,84500,9.5,Delhi Capitals,Rishabh Pant,5,JioHotstar,Yes,3700,Brand Website,20,Laptop,89.5,Yes
CUST2726,26,Female,Tirupati,Andhra Pradesh,Tier 2,Student,15100,10.0,Sunrisers Hyderabad,Travis Head,6,JioHotstar,Yes,2800,Amazon,29,Mobile,100.0,Yes
CUST2727,41,Male,Noida,Uttar Pradesh,Tier 1,Working Professional,91500,9.1,Lucknow Super Giants,Nicholas Pooran,4,JioHotstar,No,3200,Brand Website,14,Laptop,82.0,No
CUST2728,25,Male,Jamshedpur,Jharkhand,Tier 2,Student,12500,10.0,Kolkata Knight Riders,Rinku Singh,7,JioHotstar,Yes,2500,Amazon,36,Mobile,100.0,Yes
CUST2729,49,Female,Nagpur,Maharashtra,Tier 2,Coach,82500,7.7,Mumbai Indians,Jasprit Bumrah,3,TV,No,3900,Brand Website,9,Smart TV,63.0,No
CUST2730,32,Male,Ahmedabad,Gujarat,Tier 1,Athlete,48000,10.0,Gujarat Titans,Rashid Khan,6,JioHotstar,Yes,6100,Brand Website,32,Mobile,100.0,Yes
CUST2731,37,Female,Kolkata,West Bengal,Tier 1,Working Professional,81500,9.4,Kolkata Knight Riders,Andre Russell,5,JioHotstar,Yes,3300,Amazon,20,Laptop,90.0,Yes
CUST2732,52,Male,Nagpur,Maharashtra,Tier 2,Business,118500,6.9,Mumbai Indians,Suryakumar Yadav,2,TV,No,2100,Local Store,4,Smart TV,54.0,No
CUST2733,28,Male,Patna,Bihar,Tier 2,Student,15100,10.0,Chennai Super Kings,Ruturaj Gaikwad,7,JioHotstar,Yes,2800,Amazon,31,Mobile,100.0,Yes
CUST2734,44,Female,Kochi,Kerala,Tier 2,Working Professional,78500,8.3,Mumbai Indians,Jasprit Bumrah,4,TV,No,2900,Flipkart,12,Laptop,74.5,No
CUST2735,30,Male,Hyderabad,Telangana,Tier 1,Working Professional,67500,10.0,Sunrisers Hyderabad,Pat Cummins,6,JioHotstar,Yes,3900,Amazon,26,Mobile,97.5,Yes
CUST2736,23,Male,Guwahati,Assam,Tier 2,Student,10500,10.0,Royal Challengers Bengaluru,Virat Kohli,7,JioHotstar,Yes,2200,Amazon,38,Mobile,100.0,Yes
CUST2737,46,Female,Indore,Madhya Pradesh,Tier 2,Coach,79500,8.0,Rajasthan Royals,Sanju Samson,3,TV,No,3700,Brand Website,9,Smart TV,63.5,No
CUST2738,34,Male,Mumbai,Maharashtra,Tier 1,Working Professional,82500,10.0,Mumbai Indians,Rohit Sharma,5,JioHotstar,Yes,3600,Amazon,22,Laptop,92.5,Yes
CUST2739,25,Female,Ranchi,Jharkhand,Tier 2,Student,12700,10.0,Kolkata Knight Riders,Sunil Narine,7,JioHotstar,Yes,2500,Amazon,33,Mobile,100.0,Yes
CUST2740,51,Male,Jaipur,Rajasthan,Tier 2,Business,113500,7.3,Rajasthan Royals,Jos Buttler,2,TV,No,2300,Local Store,5,Smart TV,56.5,No
CUST2741,31,Female,Pune,Maharashtra,Tier 1,Working Professional,74100,9.8,Chennai Super Kings,MS Dhoni,5,JioHotstar,Yes,3520,Amazon,22,Mobile,92.0,Yes
CUST2742,39,Male,Bengaluru,Karnataka,Tier 1,Working Professional,90000,9.1,Royal Challengers Bengaluru,Virat Kohli,4,JioHotstar,No,3220,Brand Website,15,Laptop,83.0,No
CUST2743,22,Male,Kanpur,Uttar Pradesh,Tier 2,Student,10000,10.0,Lucknow Super Giants,KL Rahul,7,JioHotstar,Yes,2120,Amazon,39,Mobile,100.0,Yes
CUST2744,47,Female,Visakhapatnam,Andhra Pradesh,Tier 2,Business,103800,7.5,Sunrisers Hyderabad,Pat Cummins,2,TV,No,2420,Local Store,5,Smart TV,56.5,No
CUST2745,28,Male,Delhi,Delhi,Tier 1,Athlete,46000,10.0,Delhi Capitals,Rishabh Pant,6,JioHotstar,Yes,5920,Brand Website,32,Mobile,100.0,Yes
CUST2746,42,Female,Ahmedabad,Gujarat,Tier 1,Working Professional,83800,8.7,Gujarat Titans,Shubman Gill,4,JioHotstar,No,3020,Flipkart,13,Laptop,80.0,No
CUST2747,24,Male,Dhanbad,Jharkhand,Tier 2,Student,12000,10.0,Kolkata Knight Riders,Rinku Singh,7,JioHotstar,Yes,2420,Amazon,35,Mobile,100.0,Yes
CUST2748,49,Male,Coimbatore,Tamil Nadu,Tier 2,Coach,80800,8.0,Chennai Super Kings,Ravindra Jadeja,3,TV,No,3920,Brand Website,9,Smart TV,63.5,No
CUST2749,34,Female,Chandigarh,Chandigarh,Tier 1,Working Professional,73800,9.6,Punjab Kings,Arshdeep Singh,5,JioHotstar,Yes,3520,Amazon,20,Mobile,90.5,Yes
CUST2750,21,Male,Aligarh,Uttar Pradesh,Tier 3,Student,9400,10.0,Royal Challengers Bengaluru,Virat Kohli,7,JioHotstar,Yes,1920,Amazon,38,Mobile,100.0,Yes
CUST2751,38,Male,Hyderabad,Telangana,Tier 1,Working Professional,86800,9.4,Sunrisers Hyderabad,Travis Head,5,JioHotstar,No,3520,Brand Website,15,Laptop,84.5,Yes
CUST2752,45,Female,Bhopal,Madhya Pradesh,Tier 2,Working Professional,77800,8.3,Mumbai Indians,Hardik Pandya,4,TV,No,2820,Flipkart,11,Laptop,74.0,No
CUST2753,27,Male,Meerut,Uttar Pradesh,Tier 2,Student,15600,10.0,Lucknow Super Giants,Nicholas Pooran,6,JioHotstar,Yes,2920,Amazon,29,Mobile,100.0,Yes
CUST2754,53,Male,Jodhpur,Rajasthan,Tier 2,Business,125000,6.7,Rajasthan Royals,Sanju Samson,2,TV,No,2020,Local Store,4,Smart TV,52.0,No
CUST2755,29,Female,Mumbai,Maharashtra,Tier 1,Working Professional,69800,10.0,Mumbai Indians,Suryakumar Yadav,5,JioHotstar,Yes,3320,Amazon,22,Mobile,93.0,Yes
CUST2756,40,Male,Lucknow,Uttar Pradesh,Tier 1,Working Professional,88800,8.9,Lucknow Super Giants,KL Rahul,4,JioHotstar,No,3120,Brand Website,14,Laptop,81.5,No
CUST2757,23,Male,Siliguri,West Bengal,Tier 2,Student,11100,10.0,Kolkata Knight Riders,Andre Russell,7,JioHotstar,Yes,2320,Amazon,36,Mobile,100.0,Yes
CUST2758,48,Female,Warangal,Telangana,Tier 2,Coach,79800,7.9,Sunrisers Hyderabad,Heinrich Klaasen,3,TV,No,3820,Brand Website,9,Smart TV,63.0,No
CUST2759,31,Male,Faridabad,Haryana,Tier 1,Athlete,47200,10.0,Punjab Kings,Shikhar Dhawan,6,JioHotstar,Yes,6020,Brand Website,31,Mobile,100.0,Yes
CUST2760,51,Male,Udaipur,Rajasthan,Tier 2,Business,117000,7.1,Rajasthan Royals,Yashasvi Jaiswal,2,TV,No,2220,Local Store,5,Smart TV,55.0,No
CUST2761,33,Female,Thane,Maharashtra,Tier 1,Working Professional,76800,9.7,Mumbai Indians,Rohit Sharma,5,JioHotstar,Yes,3420,Amazon,21,Mobile,92.0,Yes
CUST2762,43,Male,Vijayawada,Andhra Pradesh,Tier 2,Working Professional,76800,8.6,Sunrisers Hyderabad,Pat Cummins,4,JioHotstar,No,2820,Flipkart,12,Laptop,75.5,No
CUST2763,24,Male,Gaya,Bihar,Tier 2,Student,11500,10.0,Chennai Super Kings,MS Dhoni,7,JioHotstar,Yes,2420,Amazon,35,Mobile,100.0,Yes
CUST2764,50,Female,Salem,Tamil Nadu,Tier 2,Business,112000,7.3,Chennai Super Kings,Ravindra Jadeja,2,TV,No,2320,Local Store,5,Smart TV,55.0,No
CUST2765,36,Male,Delhi,Delhi,Tier 1,Working Professional,84800,9.6,Delhi Capitals,Rishabh Pant,5,JioHotstar,Yes,3720,Brand Website,20,Laptop,90.0,Yes
CUST2766,26,Female,Tirupati,Andhra Pradesh,Tier 2,Student,15200,10.0,Sunrisers Hyderabad,Travis Head,6,JioHotstar,Yes,2820,Amazon,29,Mobile,100.0,Yes
CUST2767,41,Male,Noida,Uttar Pradesh,Tier 1,Working Professional,91800,9.2,Lucknow Super Giants,Nicholas Pooran,4,JioHotstar,No,3220,Brand Website,14,Laptop,82.5,No
CUST2768,25,Male,Jamshedpur,Jharkhand,Tier 2,Student,12600,10.0,Kolkata Knight Riders,Rinku Singh,7,JioHotstar,Yes,2520,Amazon,36,Mobile,100.0,Yes
CUST2769,49,Female,Nagpur,Maharashtra,Tier 2,Coach,82800,7.8,Mumbai Indians,Jasprit Bumrah,3,TV,No,3920,Brand Website,9,Smart TV,63.5,No
CUST2770,32,Male,Ahmedabad,Gujarat,Tier 1,Athlete,48200,10.0,Gujarat Titans,Rashid Khan,6,JioHotstar,Yes,6120,Brand Website,32,Mobile,100.0,Yes
CUST2771,37,Female,Kolkata,West Bengal,Tier 1,Working Professional,81800,9.5,Kolkata Knight Riders,Andre Russell,5,JioHotstar,Yes,3320,Amazon,20,Laptop,90.5,Yes
CUST2772,52,Male,Nagpur,Maharashtra,Tier 2,Business,119000,7.0,Mumbai Indians,Suryakumar Yadav,2,TV,No,2120,Local Store,4,Smart TV,54.5,No
CUST2773,28,Male,Patna,Bihar,Tier 2,Student,15200,10.0,Chennai Super Kings,Ruturaj Gaikwad,7,JioHotstar,Yes,2820,Amazon,31,Mobile,100.0,Yes
CUST2774,44,Female,Kochi,Kerala,Tier 2,Working Professional,78800,8.4,Mumbai Indians,Jasprit Bumrah,4,TV,No,2920,Flipkart,12,Laptop,75.0,No
CUST2775,30,Male,Hyderabad,Telangana,Tier 1,Working Professional,67800,10.0,Sunrisers Hyderabad,Pat Cummins,6,JioHotstar,Yes,3920,Amazon,26,Mobile,98.0,Yes
CUST2776,23,Male,Guwahati,Assam,Tier 2,Student,10600,10.0,Royal Challengers Bengaluru,Virat Kohli,7,JioHotstar,Yes,2220,Amazon,38,Mobile,100.0,Yes
CUST2777,46,Female,Indore,Madhya Pradesh,Tier 2,Coach,79800,8.1,Rajasthan Royals,Sanju Samson,3,TV,No,3720,Brand Website,9,Smart TV,64.0,No
CUST2778,34,Male,Mumbai,Maharashtra,Tier 1,Working Professional,82800,10.0,Mumbai Indians,Rohit Sharma,5,JioHotstar,Yes,3620,Amazon,22,Laptop,93.0,Yes
CUST2779,25,Female,Ranchi,Jharkhand,Tier 2,Student,12800,10.0,Kolkata Knight Riders,Sunil Narine,7,JioHotstar,Yes,2520,Amazon,33,Mobile,100.0,Yes
CUST2780,51,Male,Jaipur,Rajasthan,Tier 2,Business,114000,7.4,Rajasthan Royals,Jos Buttler,2,TV,No,2320,Local Store,5,Smart TV,57.0,No
CUST2781,31,Female,Pune,Maharashtra,Tier 1,Working Professional,74400,9.9,Chennai Super Kings,MS Dhoni,5,JioHotstar,Yes,3540,Amazon,22,Mobile,92.5,Yes
CUST2782,39,Male,Bengaluru,Karnataka,Tier 1,Working Professional,90300,9.2,Royal Challengers Bengaluru,Virat Kohli,4,JioHotstar,No,3240,Brand Website,15,Laptop,83.5,No
CUST2783,22,Male,Kanpur,Uttar Pradesh,Tier 2,Student,10100,10.0,Lucknow Super Giants,KL Rahul,7,JioHotstar,Yes,2140,Amazon,39,Mobile,100.0,Yes
CUST2784,47,Female,Visakhapatnam,Andhra Pradesh,Tier 2,Business,104100,7.6,Sunrisers Hyderabad,Pat Cummins,2,TV,No,2440,Local Store,5,Smart TV,57.0,No
CUST2785,28,Male,Delhi,Delhi,Tier 1,Athlete,46200,10.0,Delhi Capitals,Rishabh Pant,6,JioHotstar,Yes,5940,Brand Website,32,Mobile,100.0,Yes
CUST2786,42,Female,Ahmedabad,Gujarat,Tier 1,Working Professional,84100,8.8,Gujarat Titans,Shubman Gill,4,JioHotstar,No,3040,Flipkart,13,Laptop,80.5,No
CUST2787,24,Male,Dhanbad,Jharkhand,Tier 2,Student,12100,10.0,Kolkata Knight Riders,Rinku Singh,7,JioHotstar,Yes,2440,Amazon,35,Mobile,100.0,Yes
CUST2788,49,Male,Coimbatore,Tamil Nadu,Tier 2,Coach,81100,8.1,Chennai Super Kings,Ravindra Jadeja,3,TV,No,3940,Brand Website,9,Smart TV,64.0,No
CUST2789,34,Female,Chandigarh,Chandigarh,Tier 1,Working Professional,74100,9.7,Punjab Kings,Arshdeep Singh,5,JioHotstar,Yes,3540,Amazon,20,Mobile,91.0,Yes
CUST2790,21,Male,Aligarh,Uttar Pradesh,Tier 3,Student,9500,10.0,Royal Challengers Bengaluru,Virat Kohli,7,JioHotstar,Yes,1940,Amazon,38,Mobile,100.0,Yes
CUST2791,38,Male,Hyderabad,Telangana,Tier 1,Working Professional,87100,9.5,Sunrisers Hyderabad,Travis Head,5,JioHotstar,No,3540,Brand Website,15,Laptop,85.0,Yes
CUST2792,45,Female,Bhopal,Madhya Pradesh,Tier 2,Working Professional,78100,8.4,Mumbai Indians,Hardik Pandya,4,TV,No,2840,Flipkart,11,Laptop,74.5,No
CUST2793,27,Male,Meerut,Uttar Pradesh,Tier 2,Student,15700,10.0,Lucknow Super Giants,Nicholas Pooran,6,JioHotstar,Yes,2940,Amazon,29,Mobile,100.0,Yes
CUST2794,53,Male,Jodhpur,Rajasthan,Tier 2,Business,125500,6.8,Rajasthan Royals,Sanju Samson,2,TV,No,2040,Local Store,4,Smart TV,52.5,No
CUST2795,29,Female,Mumbai,Maharashtra,Tier 1,Working Professional,70100,10.0,Mumbai Indians,Suryakumar Yadav,5,JioHotstar,Yes,3340,Amazon,22,Mobile,93.5,Yes
CUST2796,40,Male,Lucknow,Uttar Pradesh,Tier 1,Working Professional,89100,9.0,Lucknow Super Giants,KL Rahul,4,JioHotstar,No,3140,Brand Website,14,Laptop,82.0,No
CUST2797,23,Male,Siliguri,West Bengal,Tier 2,Student,11200,10.0,Kolkata Knight Riders,Andre Russell,7,JioHotstar,Yes,2340,Amazon,36,Mobile,100.0,Yes
CUST2798,48,Female,Warangal,Telangana,Tier 2,Coach,80100,8.0,Sunrisers Hyderabad,Heinrich Klaasen,3,TV,No,3840,Brand Website,9,Smart TV,63.5,No
CUST2799,31,Male,Faridabad,Haryana,Tier 1,Athlete,47400,10.0,Punjab Kings,Shikhar Dhawan,6,JioHotstar,Yes,6040,Brand Website,31,Mobile,100.0,Yes
CUST2800,51,Male,Udaipur,Rajasthan,Tier 2,Business,117500,7.2,Rajasthan Royals,Yashasvi Jaiswal,2,TV,No,2240,Local Store,5,Smart TV,55.5,No
CUST2801,33,Female,Thane,Maharashtra,Tier 1,Working Professional,77100,9.8,Mumbai Indians,Rohit Sharma,5,JioHotstar,Yes,3440,Amazon,21,Mobile,92.5,Yes
CUST2802,43,Male,Vijayawada,Andhra Pradesh,Tier 2,Working Professional,77100,8.7,Sunrisers Hyderabad,Pat Cummins,4,JioHotstar,No,2840,Flipkart,12,Laptop,76.0,No
CUST2803,24,Male,Gaya,Bihar,Tier 2,Student,11600,10.0,Chennai Super Kings,MS Dhoni,7,JioHotstar,Yes,2440,Amazon,35,Mobile,100.0,Yes
CUST2804,50,Female,Salem,Tamil Nadu,Tier 2,Business,112500,7.4,Chennai Super Kings,Ravindra Jadeja,2,TV,No,2340,Local Store,5,Smart TV,55.5,No
CUST2805,36,Male,Delhi,Delhi,Tier 1,Working Professional,85100,9.7,Delhi Capitals,Rishabh Pant,5,JioHotstar,Yes,3740,Brand Website,20,Laptop,90.5,Yes
CUST2806,26,Female,Tirupati,Andhra Pradesh,Tier 2,Student,15300,10.0,Sunrisers Hyderabad,Travis Head,6,JioHotstar,Yes,2840,Amazon,29,Mobile,100.0,Yes
CUST2807,41,Male,Noida,Uttar Pradesh,Tier 1,Working Professional,92100,9.3,Lucknow Super Giants,Nicholas Pooran,4,JioHotstar,No,3240,Brand Website,14,Laptop,83.0,No
CUST2808,25,Male,Jamshedpur,Jharkhand,Tier 2,Student,12700,10.0,Kolkata Knight Riders,Rinku Singh,7,JioHotstar,Yes,2540,Amazon,36,Mobile,100.0,Yes
CUST2809,49,Female,Nagpur,Maharashtra,Tier 2,Coach,83100,7.9,Mumbai Indians,Jasprit Bumrah,3,TV,No,3940,Brand Website,9,Smart TV,64.0,No
CUST2810,32,Male,Ahmedabad,Gujarat,Tier 1,Athlete,48400,10.0,Gujarat Titans,Rashid Khan,6,JioHotstar,Yes,6140,Brand Website,32,Mobile,100.0,Yes
CUST2811,37,Female,Kolkata,West Bengal,Tier 1,Working Professional,82100,9.6,Kolkata Knight Riders,Andre Russell,5,JioHotstar,Yes,3340,Amazon,20,Laptop,91.0,Yes
CUST2812,52,Male,Nagpur,Maharashtra,Tier 2,Business,119500,7.1,Mumbai Indians,Suryakumar Yadav,2,TV,No,2140,Local Store,4,Smart TV,55.0,No
CUST2813,28,Male,Patna,Bihar,Tier 2,Student,15300,10.0,Chennai Super Kings,Ruturaj Gaikwad,7,JioHotstar,Yes,2840,Amazon,31,Mobile,100.0,Yes
CUST2814,44,Female,Kochi,Kerala,Tier 2,Working Professional,79100,8.5,Mumbai Indians,Jasprit Bumrah,4,TV,No,2940,Flipkart,12,Laptop,75.5,No
CUST2815,30,Male,Hyderabad,Telangana,Tier 1,Working Professional,68100,10.0,Sunrisers Hyderabad,Pat Cummins,6,JioHotstar,Yes,3940,Amazon,26,Mobile,98.5,Yes
CUST2816,23,Male,Guwahati,Assam,Tier 2,Student,10700,10.0,Royal Challengers Bengaluru,Virat Kohli,7,JioHotstar,Yes,2240,Amazon,38,Mobile,100.0,Yes
CUST2817,46,Female,Indore,Madhya Pradesh,Tier 2,Coach,80100,8.2,Rajasthan Royals,Sanju Samson,3,TV,No,3740,Brand Website,9,Smart TV,64.5,No
CUST2818,34,Male,Mumbai,Maharashtra,Tier 1,Working Professional,83100,10.0,Mumbai Indians,Rohit Sharma,5,JioHotstar,Yes,3640,Amazon,22,Laptop,93.5,Yes
CUST2819,25,Female,Ranchi,Jharkhand,Tier 2,Student,12900,10.0,Kolkata Knight Riders,Sunil Narine,7,JioHotstar,Yes,2540,Amazon,33,Mobile,100.0,Yes
CUST2820,51,Male,Jaipur,Rajasthan,Tier 2,Business,114500,7.5,Rajasthan Royals,Jos Buttler,2,TV,No,2340,Local Store,5,Smart TV,57.5,No
CUST2821,31,Female,Pune,Maharashtra,Tier 1,Working Professional,74700,10.0,Chennai Super Kings,MS Dhoni,5,JioHotstar,Yes,3560,Amazon,22,Mobile,93.0,Yes
CUST2822,39,Male,Bengaluru,Karnataka,Tier 1,Working Professional,90600,9.3,Royal Challengers Bengaluru,Virat Kohli,4,JioHotstar,No,3260,Brand Website,15,Laptop,84.0,No
CUST2823,22,Male,Kanpur,Uttar Pradesh,Tier 2,Student,10200,10.0,Lucknow Super Giants,KL Rahul,7,JioHotstar,Yes,2160,Amazon,39,Mobile,100.0,Yes
CUST2824,47,Female,Visakhapatnam,Andhra Pradesh,Tier 2,Business,104400,7.7,Sunrisers Hyderabad,Pat Cummins,2,TV,No,2460,Local Store,5,Smart TV,57.5,No
CUST2825,28,Male,Delhi,Delhi,Tier 1,Athlete,46400,10.0,Delhi Capitals,Rishabh Pant,6,JioHotstar,Yes,5960,Brand Website,32,Mobile,100.0,Yes
CUST2826,42,Female,Ahmedabad,Gujarat,Tier 1,Working Professional,84400,8.9,Gujarat Titans,Shubman Gill,4,JioHotstar,No,3060,Flipkart,13,Laptop,81.0,No
CUST2827,24,Male,Dhanbad,Jharkhand,Tier 2,Student,12200,10.0,Kolkata Knight Riders,Rinku Singh,7,JioHotstar,Yes,2460,Amazon,35,Mobile,100.0,Yes
CUST2828,49,Male,Coimbatore,Tamil Nadu,Tier 2,Coach,81400,8.2,Chennai Super Kings,Ravindra Jadeja,3,TV,No,3960,Brand Website,9,Smart TV,64.5,No
CUST2829,34,Female,Chandigarh,Chandigarh,Tier 1,Working Professional,74400,9.8,Punjab Kings,Arshdeep Singh,5,JioHotstar,Yes,3560,Amazon,20,Mobile,91.5,Yes
CUST2830,21,Male,Aligarh,Uttar Pradesh,Tier 3,Student,9600,10.0,Royal Challengers Bengaluru,Virat Kohli,7,JioHotstar,Yes,1960,Amazon,38,Mobile,100.0,Yes
CUST2831,38,Male,Hyderabad,Telangana,Tier 1,Working Professional,87400,9.6,Sunrisers Hyderabad,Travis Head,5,JioHotstar,No,3560,Brand Website,15,Laptop,85.5,Yes
CUST2832,45,Female,Bhopal,Madhya Pradesh,Tier 2,Working Professional,78400,8.5,Mumbai Indians,Hardik Pandya,4,TV,No,2860,Flipkart,11,Laptop,75.0,No
CUST2833,27,Male,Meerut,Uttar Pradesh,Tier 2,Student,15800,10.0,Lucknow Super Giants,Nicholas Pooran,6,JioHotstar,Yes,2960,Amazon,29,Mobile,100.0,Yes
CUST2834,53,Male,Jodhpur,Rajasthan,Tier 2,Business,126000,6.9,Rajasthan Royals,Sanju Samson,2,TV,No,2060,Local Store,4,Smart TV,53.0,No
CUST2835,29,Female,Mumbai,Maharashtra,Tier 1,Working Professional,70400,10.0,Mumbai Indians,Suryakumar Yadav,5,JioHotstar,Yes,3360,Amazon,22,Mobile,94.0,Yes
CUST2836,40,Male,Lucknow,Uttar Pradesh,Tier 1,Working Professional,89400,9.1,Lucknow Super Giants,KL Rahul,4,JioHotstar,No,3160,Brand Website,14,Laptop,82.5,No
CUST2837,23,Male,Siliguri,West Bengal,Tier 2,Student,11300,10.0,Kolkata Knight Riders,Andre Russell,7,JioHotstar,Yes,2360,Amazon,36,Mobile,100.0,Yes
CUST2838,48,Female,Warangal,Telangana,Tier 2,Coach,80400,8.1,Sunrisers Hyderabad,Heinrich Klaasen,3,TV,No,3860,Brand Website,9,Smart TV,64.0,No
CUST2839,31,Male,Faridabad,Haryana,Tier 1,Athlete,47600,10.0,Punjab Kings,Shikhar Dhawan,6,JioHotstar,Yes,6060,Brand Website,31,Mobile,100.0,Yes
CUST2840,51,Male,Udaipur,Rajasthan,Tier 2,Business,118000,7.3,Rajasthan Royals,Yashasvi Jaiswal,2,TV,No,2260,Local Store,5,Smart TV,56.0,No
CUST2841,33,Female,Thane,Maharashtra,Tier 1,Working Professional,77400,9.9,Mumbai Indians,Rohit Sharma,5,JioHotstar,Yes,3460,Amazon,21,Mobile,93.0,Yes
CUST2842,43,Male,Vijayawada,Andhra Pradesh,Tier 2,Working Professional,77400,8.8,Sunrisers Hyderabad,Pat Cummins,4,JioHotstar,No,2860,Flipkart,12,Laptop,76.5,No
CUST2843,24,Male,Gaya,Bihar,Tier 2,Student,11700,10.0,Chennai Super Kings,MS Dhoni,7,JioHotstar,Yes,2460,Amazon,35,Mobile,100.0,Yes
CUST2844,50,Female,Salem,Tamil Nadu,Tier 2,Business,113000,7.5,Chennai Super Kings,Ravindra Jadeja,2,TV,No,2360,Local Store,5,Smart TV,56.0,No
CUST2845,36,Male,Delhi,Delhi,Tier 1,Working Professional,85400,9.8,Delhi Capitals,Rishabh Pant,5,JioHotstar,Yes,3760,Brand Website,20,Laptop,91.0,Yes
CUST2846,26,Female,Tirupati,Andhra Pradesh,Tier 2,Student,15400,10.0,Sunrisers Hyderabad,Travis Head,6,JioHotstar,Yes,2860,Amazon,29,Mobile,100.0,Yes
CUST2847,41,Male,Noida,Uttar Pradesh,Tier 1,Working Professional,92400,9.4,Lucknow Super Giants,Nicholas Pooran,4,JioHotstar,No,3260,Brand Website,14,Laptop,83.5,No
CUST2848,25,Male,Jamshedpur,Jharkhand,Tier 2,Student,12800,10.0,Kolkata Knight Riders,Rinku Singh,7,JioHotstar,Yes,2560,Amazon,36,Mobile,100.0,Yes
CUST2849,49,Female,Nagpur,Maharashtra,Tier 2,Coach,83400,8.0,Mumbai Indians,Jasprit Bumrah,3,TV,No,3960,Brand Website,9,Smart TV,64.5,No
CUST2850,32,Male,Ahmedabad,Gujarat,Tier 1,Athlete,48600,10.0,Gujarat Titans,Rashid Khan,6,JioHotstar,Yes,6160,Brand Website,32,Mobile,100.0,Yes
CUST2851,37,Female,Kolkata,West Bengal,Tier 1,Working Professional,82400,9.7,Kolkata Knight Riders,Andre Russell,5,JioHotstar,Yes,3360,Amazon,20,Laptop,91.5,Yes
CUST2852,52,Male,Nagpur,Maharashtra,Tier 2,Business,120000,7.2,Mumbai Indians,Suryakumar Yadav,2,TV,No,2160,Local Store,4,Smart TV,55.5,No
CUST2853,28,Male,Patna,Bihar,Tier 2,Student,15400,10.0,Chennai Super Kings,Ruturaj Gaikwad,7,JioHotstar,Yes,2860,Amazon,31,Mobile,100.0,Yes
CUST2854,44,Female,Kochi,Kerala,Tier 2,Working Professional,79400,8.6,Mumbai Indians,Jasprit Bumrah,4,TV,No,2960,Flipkart,12,Laptop,76.0,No
CUST2855,30,Male,Hyderabad,Telangana,Tier 1,Working Professional,68400,10.0,Sunrisers Hyderabad,Pat Cummins,6,JioHotstar,Yes,3960,Amazon,26,Mobile,99.0,Yes
CUST2856,23,Male,Guwahati,Assam,Tier 2,Student,10800,10.0,Royal Challengers Bengaluru,Virat Kohli,7,JioHotstar,Yes,2260,Amazon,38,Mobile,100.0,Yes
CUST2857,46,Female,Indore,Madhya Pradesh,Tier 2,Coach,80400,8.3,Rajasthan Royals,Sanju Samson,3,TV,No,3760,Brand Website,9,Smart TV,65.0,No
CUST2858,34,Male,Mumbai,Maharashtra,Tier 1,Working Professional,83400,10.0,Mumbai Indians,Rohit Sharma,5,JioHotstar,Yes,3660,Amazon,22,Laptop,94.0,Yes
CUST2859,25,Female,Ranchi,Jharkhand,Tier 2,Student,13000,10.0,Kolkata Knight Riders,Sunil Narine,7,JioHotstar,Yes,2560,Amazon,33,Mobile,100.0,Yes
CUST2860,51,Male,Jaipur,Rajasthan,Tier 2,Business,115000,7.6,Rajasthan Royals,Jos Buttler,2,TV,No,2360,Local Store,5,Smart TV,58.0,No
CUST2861,31,Female,Pune,Maharashtra,Tier 1,Working Professional,75000,10.0,Chennai Super Kings,MS Dhoni,5,JioHotstar,Yes,3580,Amazon,22,Mobile,93.5,Yes
CUST2862,39,Male,Bengaluru,Karnataka,Tier 1,Working Professional,90900,9.4,Royal Challengers Bengaluru,Virat Kohli,4,JioHotstar,No,3280,Brand Website,15,Laptop,84.5,No
CUST2863,22,Male,Kanpur,Uttar Pradesh,Tier 2,Student,10300,10.0,Lucknow Super Giants,KL Rahul,7,JioHotstar,Yes,2180,Amazon,39,Mobile,100.0,Yes
CUST2864,47,Female,Visakhapatnam,Andhra Pradesh,Tier 2,Business,104700,7.8,Sunrisers Hyderabad,Pat Cummins,2,TV,No,2480,Local Store,5,Smart TV,58.0,No
CUST2865,28,Male,Delhi,Delhi,Tier 1,Athlete,46600,10.0,Delhi Capitals,Rishabh Pant,6,JioHotstar,Yes,5980,Brand Website,32,Mobile,100.0,Yes
CUST2866,42,Female,Ahmedabad,Gujarat,Tier 1,Working Professional,84700,9.0,Gujarat Titans,Shubman Gill,4,JioHotstar,No,3080,Flipkart,13,Laptop,81.5,No
CUST2867,24,Male,Dhanbad,Jharkhand,Tier 2,Student,12300,10.0,Kolkata Knight Riders,Rinku Singh,7,JioHotstar,Yes,2480,Amazon,35,Mobile,100.0,Yes
CUST2868,49,Male,Coimbatore,Tamil Nadu,Tier 2,Coach,81700,8.3,Chennai Super Kings,Ravindra Jadeja,3,TV,No,3980,Brand Website,9,Smart TV,65.0,No
CUST2869,34,Female,Chandigarh,Chandigarh,Tier 1,Working Professional,74700,9.9,Punjab Kings,Arshdeep Singh,5,JioHotstar,Yes,3580,Amazon,20,Mobile,92.0,Yes
CUST2870,21,Male,Aligarh,Uttar Pradesh,Tier 3,Student,9700,10.0,Royal Challengers Bengaluru,Virat Kohli,7,JioHotstar,Yes,1980,Amazon,38,Mobile,100.0,Yes
CUST2871,38,Male,Hyderabad,Telangana,Tier 1,Working Professional,87700,9.7,Sunrisers Hyderabad,Travis Head,5,JioHotstar,No,3580,Brand Website,15,Laptop,86.0,Yes
CUST2872,45,Female,Bhopal,Madhya Pradesh,Tier 2,Working Professional,78700,8.6,Mumbai Indians,Hardik Pandya,4,TV,No,2880,Flipkart,11,Laptop,75.5,No
CUST2873,27,Male,Meerut,Uttar Pradesh,Tier 2,Student,15900,10.0,Lucknow Super Giants,Nicholas Pooran,6,JioHotstar,Yes,2980,Amazon,29,Mobile,100.0,Yes
CUST2874,53,Male,Jodhpur,Rajasthan,Tier 2,Business,126500,7.0,Rajasthan Royals,Sanju Samson,2,TV,No,2080,Local Store,4,Smart TV,53.5,No
CUST2875,29,Female,Mumbai,Maharashtra,Tier 1,Working Professional,70700,10.0,Mumbai Indians,Suryakumar Yadav,5,JioHotstar,Yes,3380,Amazon,22,Mobile,94.5,Yes
CUST2876,40,Male,Lucknow,Uttar Pradesh,Tier 1,Working Professional,89700,9.2,Lucknow Super Giants,KL Rahul,4,JioHotstar,No,3180,Brand Website,14,Laptop,83.0,No
CUST2877,23,Male,Siliguri,West Bengal,Tier 2,Student,11400,10.0,Kolkata Knight Riders,Andre Russell,7,JioHotstar,Yes,2380,Amazon,36,Mobile,100.0,Yes
CUST2878,48,Female,Warangal,Telangana,Tier 2,Coach,80700,8.2,Sunrisers Hyderabad,Heinrich Klaasen,3,TV,No,3880,Brand Website,9,Smart TV,64.5,No
CUST2879,31,Male,Faridabad,Haryana,Tier 1,Athlete,47800,10.0,Punjab Kings,Shikhar Dhawan,6,JioHotstar,Yes,6080,Brand Website,31,Mobile,100.0,Yes
CUST2880,51,Male,Udaipur,Rajasthan,Tier 2,Business,118500,7.4,Rajasthan Royals,Yashasvi Jaiswal,2,TV,No,2280,Local Store,5,Smart TV,56.5,No
CUST2881,33,Female,Thane,Maharashtra,Tier 1,Working Professional,77700,10.0,Mumbai Indians,Rohit Sharma,5,JioHotstar,Yes,3480,Amazon,21,Mobile,93.5,Yes
CUST2882,43,Male,Vijayawada,Andhra Pradesh,Tier 2,Working Professional,77700,8.9,Sunrisers Hyderabad,Pat Cummins,4,JioHotstar,No,2880,Flipkart,12,Laptop,77.0,No
CUST2883,24,Male,Gaya,Bihar,Tier 2,Student,11800,10.0,Chennai Super Kings,MS Dhoni,7,JioHotstar,Yes,2480,Amazon,35,Mobile,100.0,Yes
CUST2884,50,Female,Salem,Tamil Nadu,Tier 2,Business,113500,7.6,Chennai Super Kings,Ravindra Jadeja,2,TV,No,2380,Local Store,5,Smart TV,56.5,No
CUST2885,36,Male,Delhi,Delhi,Tier 1,Working Professional,85700,9.9,Delhi Capitals,Rishabh Pant,5,JioHotstar,Yes,3780,Brand Website,20,Laptop,91.5,Yes
CUST2886,26,Female,Tirupati,Andhra Pradesh,Tier 2,Student,15500,10.0,Sunrisers Hyderabad,Travis Head,6,JioHotstar,Yes,2880,Amazon,29,Mobile,100.0,Yes
CUST2887,41,Male,Noida,Uttar Pradesh,Tier 1,Working Professional,92700,9.5,Lucknow Super Giants,Nicholas Pooran,4,JioHotstar,No,3280,Brand Website,14,Laptop,84.0,No
CUST2888,25,Male,Jamshedpur,Jharkhand,Tier 2,Student,12900,10.0,Kolkata Knight Riders,Rinku Singh,7,JioHotstar,Yes,2580,Amazon,36,Mobile,100.0,Yes
CUST2889,49,Female,Nagpur,Maharashtra,Tier 2,Coach,83700,8.1,Mumbai Indians,Jasprit Bumrah,3,TV,No,3980,Brand Website,9,Smart TV,65.0,No
CUST2890,32,Male,Ahmedabad,Gujarat,Tier 1,Athlete,48800,10.0,Gujarat Titans,Rashid Khan,6,JioHotstar,Yes,6180,Brand Website,32,Mobile,100.0,Yes
CUST2891,37,Female,Kolkata,West Bengal,Tier 1,Working Professional,82700,9.8,Kolkata Knight Riders,Andre Russell,5,JioHotstar,Yes,3380,Amazon,20,Laptop,92.0,Yes
CUST2892,52,Male,Nagpur,Maharashtra,Tier 2,Business,120500,7.3,Mumbai Indians,Suryakumar Yadav,2,TV,No,2180,Local Store,4,Smart TV,56.0,No
CUST2893,28,Male,Patna,Bihar,Tier 2,Student,15500,10.0,Chennai Super Kings,Ruturaj Gaikwad,7,JioHotstar,Yes,2880,Amazon,31,Mobile,100.0,Yes
CUST2894,44,Female,Kochi,Kerala,Tier 2,Working Professional,79700,8.7,Mumbai Indians,Jasprit Bumrah,4,TV,No,2980,Flipkart,12,Laptop,76.5,No
CUST2895,30,Male,Hyderabad,Telangana,Tier 1,Working Professional,68700,10.0,Sunrisers Hyderabad,Pat Cummins,6,JioHotstar,Yes,3980,Amazon,26,Mobile,99.5,Yes
CUST2896,23,Male,Guwahati,Assam,Tier 2,Student,10900,10.0,Royal Challengers Bengaluru,Virat Kohli,7,JioHotstar,Yes,2280,Amazon,38,Mobile,100.0,Yes
CUST2897,46,Female,Indore,Madhya Pradesh,Tier 2,Coach,80700,8.4,Rajasthan Royals,Sanju Samson,3,TV,No,3780,Brand Website,9,Smart TV,65.5,No
CUST2898,34,Male,Mumbai,Maharashtra,Tier 1,Working Professional,83700,10.0,Mumbai Indians,Rohit Sharma,5,JioHotstar,Yes,3680,Amazon,22,Laptop,94.5,Yes
CUST2899,25,Female,Ranchi,Jharkhand,Tier 2,Student,13100,10.0,Kolkata Knight Riders,Sunil Narine,7,JioHotstar,Yes,2580,Amazon,33,Mobile,100.0,Yes
CUST2900,51,Male,Jaipur,Rajasthan,Tier 2,Business,115500,7.7,Rajasthan Royals,Jos Buttler,2,TV,No,2380,Local Store,5,Smart TV,58.5,No
CUST2901,32,Female,Pune,Maharashtra,Tier 1,Working Professional,75300,10.0,Chennai Super Kings,MS Dhoni,5,JioHotstar,Yes,3600,Amazon,22,Mobile,94.0,Yes
CUST2902,40,Male,Bengaluru,Karnataka,Tier 1,Working Professional,91200,9.5,Royal Challengers Bengaluru,Virat Kohli,4,JioHotstar,No,3300,Brand Website,15,Laptop,85.0,No
CUST2903,23,Male,Kanpur,Uttar Pradesh,Tier 2,Student,10400,10.0,Lucknow Super Giants,KL Rahul,7,JioHotstar,Yes,2200,Amazon,39,Mobile,100.0,Yes
CUST2904,48,Female,Visakhapatnam,Andhra Pradesh,Tier 2,Business,105000,7.9,Sunrisers Hyderabad,Pat Cummins,2,TV,No,2500,Local Store,5,Smart TV,58.5,No
CUST2905,29,Male,Delhi,Delhi,Tier 1,Athlete,47000,10.0,Delhi Capitals,Rishabh Pant,6,JioHotstar,Yes,6000,Brand Website,32,Mobile,100.0,Yes
CUST2906,43,Female,Ahmedabad,Gujarat,Tier 1,Working Professional,85000,9.1,Gujarat Titans,Shubman Gill,4,JioHotstar,No,3100,Flipkart,13,Laptop,82.0,No
CUST2907,25,Male,Dhanbad,Jharkhand,Tier 2,Student,12400,10.0,Kolkata Knight Riders,Rinku Singh,7,JioHotstar,Yes,2500,Amazon,35,Mobile,100.0,Yes
CUST2908,50,Male,Coimbatore,Tamil Nadu,Tier 2,Coach,82000,8.4,Chennai Super Kings,Ravindra Jadeja,3,TV,No,4000,Brand Website,9,Smart TV,65.5,No
CUST2909,35,Female,Chandigarh,Chandigarh,Tier 1,Working Professional,75000,10.0,Punjab Kings,Arshdeep Singh,5,JioHotstar,Yes,3600,Amazon,20,Mobile,92.5,Yes
CUST2910,22,Male,Aligarh,Uttar Pradesh,Tier 3,Student,9800,10.0,Royal Challengers Bengaluru,Virat Kohli,7,JioHotstar,Yes,2000,Amazon,38,Mobile,100.0,Yes
CUST2911,39,Male,Hyderabad,Telangana,Tier 1,Working Professional,88000,9.8,Sunrisers Hyderabad,Travis Head,5,JioHotstar,No,3600,Brand Website,15,Laptop,86.5,Yes
CUST2912,46,Female,Bhopal,Madhya Pradesh,Tier 2,Working Professional,79000,8.7,Mumbai Indians,Hardik Pandya,4,TV,No,2900,Flipkart,11,Laptop,76.0,No
CUST2913,28,Male,Meerut,Uttar Pradesh,Tier 2,Student,16000,10.0,Lucknow Super Giants,Nicholas Pooran,6,JioHotstar,Yes,3000,Amazon,29,Mobile,100.0,Yes
CUST2914,54,Male,Jodhpur,Rajasthan,Tier 2,Business,127000,7.1,Rajasthan Royals,Sanju Samson,2,TV,No,2100,Local Store,4,Smart TV,54.0,No
CUST2915,30,Female,Mumbai,Maharashtra,Tier 1,Working Professional,71000,10.0,Mumbai Indians,Suryakumar Yadav,5,JioHotstar,Yes,3400,Amazon,22,Mobile,95.0,Yes
CUST2916,41,Male,Lucknow,Uttar Pradesh,Tier 1,Working Professional,90000,9.3,Lucknow Super Giants,KL Rahul,4,JioHotstar,No,3200,Brand Website,14,Laptop,83.5,No
CUST2917,24,Male,Siliguri,West Bengal,Tier 2,Student,11500,10.0,Kolkata Knight Riders,Andre Russell,7,JioHotstar,Yes,2400,Amazon,36,Mobile,100.0,Yes
CUST2918,49,Female,Warangal,Telangana,Tier 2,Coach,81000,8.3,Sunrisers Hyderabad,Heinrich Klaasen,3,TV,No,3900,Brand Website,9,Smart TV,65.0,No
CUST2919,32,Male,Faridabad,Haryana,Tier 1,Athlete,48000,10.0,Punjab Kings,Shikhar Dhawan,6,JioHotstar,Yes,6100,Brand Website,31,Mobile,100.0,Yes
CUST2920,52,Male,Udaipur,Rajasthan,Tier 2,Business,119000,7.5,Rajasthan Royals,Yashasvi Jaiswal,2,TV,No,2300,Local Store,5,Smart TV,57.0,No
CUST2921,34,Female,Thane,Maharashtra,Tier 1,Working Professional,78000,10.0,Mumbai Indians,Rohit Sharma,5,JioHotstar,Yes,3500,Amazon,21,Mobile,94.0,Yes
CUST2922,44,Male,Vijayawada,Andhra Pradesh,Tier 2,Working Professional,78000,9.0,Sunrisers Hyderabad,Pat Cummins,4,JioHotstar,No,2900,Flipkart,12,Laptop,77.5,No
CUST2923,25,Male,Gaya,Bihar,Tier 2,Student,11900,10.0,Chennai Super Kings,MS Dhoni,7,JioHotstar,Yes,2500,Amazon,35,Mobile,100.0,Yes
CUST2924,51,Female,Salem,Tamil Nadu,Tier 2,Business,114000,7.7,Chennai Super Kings,Ravindra Jadeja,2,TV,No,2400,Local Store,5,Smart TV,57.0,No
CUST2925,37,Male,Delhi,Delhi,Tier 1,Working Professional,86000,10.0,Delhi Capitals,Rishabh Pant,5,JioHotstar,Yes,3800,Brand Website,20,Laptop,92.0,Yes
CUST2926,27,Female,Tirupati,Andhra Pradesh,Tier 2,Student,15600,10.0,Sunrisers Hyderabad,Travis Head,6,JioHotstar,Yes,2900,Amazon,29,Mobile,100.0,Yes
CUST2927,42,Male,Noida,Uttar Pradesh,Tier 1,Working Professional,93000,9.6,Lucknow Super Giants,Nicholas Pooran,4,JioHotstar,No,3300,Brand Website,14,Laptop,84.5,No
CUST2928,26,Male,Jamshedpur,Jharkhand,Tier 2,Student,13000,10.0,Kolkata Knight Riders,Rinku Singh,7,JioHotstar,Yes,2600,Amazon,36,Mobile,100.0,Yes
CUST2929,50,Female,Nagpur,Maharashtra,Tier 2,Coach,84000,8.2,Mumbai Indians,Jasprit Bumrah,3,TV,No,4000,Brand Website,9,Smart TV,65.5,No
CUST2930,33,Male,Ahmedabad,Gujarat,Tier 1,Athlete,49000,10.0,Gujarat Titans,Rashid Khan,6,JioHotstar,Yes,6200,Brand Website,32,Mobile,100.0,Yes
CUST2931,38,Female,Kolkata,West Bengal,Tier 1,Working Professional,83000,10.0,Kolkata Knight Riders,Andre Russell,5,JioHotstar,Yes,3400,Amazon,20,Laptop,92.5,Yes
CUST2932,53,Male,Nagpur,Maharashtra,Tier 2,Business,121000,7.4,Mumbai Indians,Suryakumar Yadav,2,TV,No,2200,Local Store,4,Smart TV,56.5,No
CUST2933,29,Male,Patna,Bihar,Tier 2,Student,15600,10.0,Chennai Super Kings,Ruturaj Gaikwad,7,JioHotstar,Yes,2900,Amazon,31,Mobile,100.0,Yes
CUST2934,45,Female,Kochi,Kerala,Tier 2,Working Professional,80000,8.8,Mumbai Indians,Jasprit Bumrah,4,TV,No,3000,Flipkart,12,Laptop,77.0,No
CUST2935,31,Male,Hyderabad,Telangana,Tier 1,Working Professional,69000,10.0,Sunrisers Hyderabad,Pat Cummins,6,JioHotstar,Yes,4000,Amazon,26,Mobile,100.0,Yes
CUST2936,24,Male,Guwahati,Assam,Tier 2,Student,11000,10.0,Royal Challengers Bengaluru,Virat Kohli,7,JioHotstar,Yes,2300,Amazon,38,Mobile,100.0,Yes
CUST2937,47,Female,Indore,Madhya Pradesh,Tier 2,Coach,81000,8.5,Rajasthan Royals,Sanju Samson,3,TV,No,3800,Brand Website,9,Smart TV,66.0,No
CUST2938,35,Male,Mumbai,Maharashtra,Tier 1,Working Professional,84000,10.0,Mumbai Indians,Rohit Sharma,5,JioHotstar,Yes,3700,Amazon,22,Laptop,95.0,Yes
CUST2939,26,Female,Ranchi,Jharkhand,Tier 2,Student,13200,10.0,Kolkata Knight Riders,Sunil Narine,7,JioHotstar,Yes,2600,Amazon,33,Mobile,100.0,Yes
CUST2940,52,Male,Jaipur,Rajasthan,Tier 2,Business,116000,7.8,Rajasthan Royals,Jos Buttler,2,TV,No,2400,Local Store,5,Smart TV,58.5,No
CUST2941,32,Female,Pune,Maharashtra,Tier 1,Working Professional,75600,10.0,Chennai Super Kings,MS Dhoni,5,JioHotstar,Yes,3620,Amazon,22,Mobile,94.5,Yes
CUST2942,40,Male,Bengaluru,Karnataka,Tier 1,Working Professional,91500,9.6,Royal Challengers Bengaluru,Virat Kohli,4,JioHotstar,No,3320,Brand Website,15,Laptop,85.5,No
CUST2943,23,Male,Kanpur,Uttar Pradesh,Tier 2,Student,10500,10.0,Lucknow Super Giants,KL Rahul,7,JioHotstar,Yes,2220,Amazon,39,Mobile,100.0,Yes
CUST2944,48,Female,Visakhapatnam,Andhra Pradesh,Tier 2,Business,105300,8.0,Sunrisers Hyderabad,Pat Cummins,2,TV,No,2520,Local Store,5,Smart TV,59.0,No
CUST2945,29,Male,Delhi,Delhi,Tier 1,Athlete,47200,10.0,Delhi Capitals,Rishabh Pant,6,JioHotstar,Yes,6020,Brand Website,32,Mobile,100.0,Yes
CUST2946,43,Female,Ahmedabad,Gujarat,Tier 1,Working Professional,85300,9.2,Gujarat Titans,Shubman Gill,4,JioHotstar,No,3120,Flipkart,13,Laptop,82.5,No
CUST2947,25,Male,Dhanbad,Jharkhand,Tier 2,Student,12500,10.0,Kolkata Knight Riders,Rinku Singh,7,JioHotstar,Yes,2520,Amazon,35,Mobile,100.0,Yes
CUST2948,50,Male,Coimbatore,Tamil Nadu,Tier 2,Coach,82300,8.5,Chennai Super Kings,Ravindra Jadeja,3,TV,No,4020,Brand Website,9,Smart TV,66.0,No
CUST2949,35,Female,Chandigarh,Chandigarh,Tier 1,Working Professional,75300,10.0,Punjab Kings,Arshdeep Singh,5,JioHotstar,Yes,3620,Amazon,20,Mobile,93.0,Yes
CUST2950,22,Male,Aligarh,Uttar Pradesh,Tier 3,Student,9900,10.0,Royal Challengers Bengaluru,Virat Kohli,7,JioHotstar,Yes,2020,Amazon,38,Mobile,100.0,Yes
CUST2951,39,Male,Hyderabad,Telangana,Tier 1,Working Professional,88300,9.9,Sunrisers Hyderabad,Travis Head,5,JioHotstar,No,3620,Brand Website,15,Laptop,87.0,Yes
CUST2952,46,Female,Bhopal,Madhya Pradesh,Tier 2,Working Professional,79300,8.8,Mumbai Indians,Hardik Pandya,4,TV,No,2920,Flipkart,11,Laptop,76.5,No
CUST2953,28,Male,Meerut,Uttar Pradesh,Tier 2,Student,16100,10.0,Lucknow Super Giants,Nicholas Pooran,6,JioHotstar,Yes,3020,Amazon,29,Mobile,100.0,Yes
CUST2954,54,Male,Jodhpur,Rajasthan,Tier 2,Business,127500,7.2,Rajasthan Royals,Sanju Samson,2,TV,No,2120,Local Store,4,Smart TV,54.5,No
CUST2955,30,Female,Mumbai,Maharashtra,Tier 1,Working Professional,71300,10.0,Mumbai Indians,Suryakumar Yadav,5,JioHotstar,Yes,3420,Amazon,22,Mobile,95.5,Yes
CUST2956,41,Male,Lucknow,Uttar Pradesh,Tier 1,Working Professional,90300,9.4,Lucknow Super Giants,KL Rahul,4,JioHotstar,No,3220,Brand Website,14,Laptop,84.0,No
CUST2957,24,Male,Siliguri,West Bengal,Tier 2,Student,11600,10.0,Kolkata Knight Riders,Andre Russell,7,JioHotstar,Yes,2420,Amazon,36,Mobile,100.0,Yes
CUST2958,49,Female,Warangal,Telangana,Tier 2,Coach,81300,8.4,Sunrisers Hyderabad,Heinrich Klaasen,3,TV,No,3920,Brand Website,9,Smart TV,65.5,No
CUST2959,32,Male,Faridabad,Haryana,Tier 1,Athlete,48200,10.0,Punjab Kings,Shikhar Dhawan,6,JioHotstar,Yes,6120,Brand Website,31,Mobile,100.0,Yes
CUST2960,52,Male,Udaipur,Rajasthan,Tier 2,Business,119500,7.6,Rajasthan Royals,Yashasvi Jaiswal,2,TV,No,2320,Local Store,5,Smart TV,57.5,No
CUST2961,34,Female,Thane,Maharashtra,Tier 1,Working Professional,78300,10.0,Mumbai Indians,Rohit Sharma,5,JioHotstar,Yes,3520,Amazon,21,Mobile,94.5,Yes
CUST2962,44,Male,Vijayawada,Andhra Pradesh,Tier 2,Working Professional,78300,9.1,Sunrisers Hyderabad,Pat Cummins,4,JioHotstar,No,2920,Flipkart,12,Laptop,78.0,No
CUST2963,25,Male,Gaya,Bihar,Tier 2,Student,12000,10.0,Chennai Super Kings,MS Dhoni,7,JioHotstar,Yes,2520,Amazon,35,Mobile,100.0,Yes
CUST2964,51,Female,Salem,Tamil Nadu,Tier 2,Business,114500,7.8,Chennai Super Kings,Ravindra Jadeja,2,TV,No,2420,Local Store,5,Smart TV,57.5,No
CUST2965,37,Male,Delhi,Delhi,Tier 1,Working Professional,86300,10.0,Delhi Capitals,Rishabh Pant,5,JioHotstar,Yes,3820,Brand Website,20,Laptop,92.5,Yes
CUST2966,27,Female,Tirupati,Andhra Pradesh,Tier 2,Student,15700,10.0,Sunrisers Hyderabad,Travis Head,6,JioHotstar,Yes,2920,Amazon,29,Mobile,100.0,Yes
CUST2967,42,Male,Noida,Uttar Pradesh,Tier 1,Working Professional,93300,9.7,Lucknow Super Giants,Nicholas Pooran,4,JioHotstar,No,3320,Brand Website,14,Laptop,85.0,No
CUST2968,26,Male,Jamshedpur,Jharkhand,Tier 2,Student,13100,10.0,Kolkata Knight Riders,Rinku Singh,7,JioHotstar,Yes,2620,Amazon,36,Mobile,100.0,Yes
CUST2969,50,Female,Nagpur,Maharashtra,Tier 2,Coach,84300,8.3,Mumbai Indians,Jasprit Bumrah,3,TV,No,4020,Brand Website,9,Smart TV,66.0,No
CUST2970,33,Male,Ahmedabad,Gujarat,Tier 1,Athlete,49200,10.0,Gujarat Titans,Rashid Khan,6,JioHotstar,Yes,6220,Brand Website,32,Mobile,100.0,Yes
CUST2971,38,Female,Kolkata,West Bengal,Tier 1,Working Professional,83300,10.0,Kolkata Knight Riders,Andre Russell,5,JioHotstar,Yes,3420,Amazon,20,Laptop,93.0,Yes
CUST2972,53,Male,Nagpur,Maharashtra,Tier 2,Business,121500,7.5,Mumbai Indians,Suryakumar Yadav,2,TV,No,2220,Local Store,4,Smart TV,57.0,No
CUST2973,29,Male,Patna,Bihar,Tier 2,Student,15700,10.0,Chennai Super Kings,Ruturaj Gaikwad,7,JioHotstar,Yes,2920,Amazon,31,Mobile,100.0,Yes
CUST2974,45,Female,Kochi,Kerala,Tier 2,Working Professional,80300,8.9,Mumbai Indians,Jasprit Bumrah,4,TV,No,3020,Flipkart,12,Laptop,77.5,No
CUST2975,31,Male,Hyderabad,Telangana,Tier 1,Working Professional,69300,10.0,Sunrisers Hyderabad,Pat Cummins,6,JioHotstar,Yes,4020,Amazon,26,Mobile,100.0,Yes
CUST2976,24,Male,Guwahati,Assam,Tier 2,Student,11100,10.0,Royal Challengers Bengaluru,Virat Kohli,7,JioHotstar,Yes,2320,Amazon,38,Mobile,100.0,Yes
CUST2977,47,Female,Indore,Madhya Pradesh,Tier 2,Coach,81300,8.6,Rajasthan Royals,Sanju Samson,3,TV,No,3820,Brand Website,9,Smart TV,66.5,No
CUST2978,35,Male,Mumbai,Maharashtra,Tier 1,Working Professional,84300,10.0,Mumbai Indians,Rohit Sharma,5,JioHotstar,Yes,3720,Amazon,22,Laptop,95.5,Yes
CUST2979,26,Female,Ranchi,Jharkhand,Tier 2,Student,13300,10.0,Kolkata Knight Riders,Sunil Narine,7,JioHotstar,Yes,2620,Amazon,33,Mobile,100.0,Yes
CUST2980,52,Male,Jaipur,Rajasthan,Tier 2,Business,116500,7.9,Rajasthan Royals,Jos Buttler,2,TV,No,2420,Local Store,5,Smart TV,59.0,No
CUST2981,32,Female,Pune,Maharashtra,Tier 1,Working Professional,75900,10.0,Chennai Super Kings,MS Dhoni,5,JioHotstar,Yes,3640,Amazon,22,Mobile,95.0,Yes
CUST2982,40,Male,Bengaluru,Karnataka,Tier 1,Working Professional,91800,9.7,Royal Challengers Bengaluru,Virat Kohli,4,JioHotstar,No,3340,Brand Website,15,Laptop,86.0,No
CUST2983,23,Male,Kanpur,Uttar Pradesh,Tier 2,Student,10600,10.0,Lucknow Super Giants,KL Rahul,7,JioHotstar,Yes,2240,Amazon,39,Mobile,100.0,Yes
CUST2984,48,Female,Visakhapatnam,Andhra Pradesh,Tier 2,Business,105600,8.1,Sunrisers Hyderabad,Pat Cummins,2,TV,No,2540,Local Store,5,Smart TV,59.5,No
CUST2985,29,Male,Delhi,Delhi,Tier 1,Athlete,47400,10.0,Delhi Capitals,Rishabh Pant,6,JioHotstar,Yes,6040,Brand Website,32,Mobile,100.0,Yes
CUST2986,43,Female,Ahmedabad,Gujarat,Tier 1,Working Professional,85600,9.3,Gujarat Titans,Shubman Gill,4,JioHotstar,No,3140,Flipkart,13,Laptop,83.0,No
CUST2987,25,Male,Dhanbad,Jharkhand,Tier 2,Student,12600,10.0,Kolkata Knight Riders,Rinku Singh,7,JioHotstar,Yes,2540,Amazon,35,Mobile,100.0,Yes
CUST2988,50,Male,Coimbatore,Tamil Nadu,Tier 2,Coach,82600,8.6,Chennai Super Kings,Ravindra Jadeja,3,TV,No,4040,Brand Website,9,Smart TV,66.5,No
CUST2989,35,Female,Chandigarh,Chandigarh,Tier 1,Working Professional,75600,10.0,Punjab Kings,Arshdeep Singh,5,JioHotstar,Yes,3640,Amazon,20,Mobile,93.5,Yes
CUST2990,22,Male,Aligarh,Uttar Pradesh,Tier 3,Student,10000,10.0,Royal Challengers Bengaluru,Virat Kohli,7,JioHotstar,Yes,2040,Amazon,38,Mobile,100.0,Yes
CUST2991,39,Male,Hyderabad,Telangana,Tier 1,Working Professional,88600,10.0,Sunrisers Hyderabad,Travis Head,5,JioHotstar,No,3640,Brand Website,15,Laptop,87.5,Yes
CUST2992,46,Female,Bhopal,Madhya Pradesh,Tier 2,Working Professional,79600,8.9,Mumbai Indians,Hardik Pandya,4,TV,No,2940,Flipkart,11,Laptop,77.0,No
CUST2993,28,Male,Meerut,Uttar Pradesh,Tier 2,Student,16200,10.0,Lucknow Super Giants,Nicholas Pooran,6,JioHotstar,Yes,3040,Amazon,29,Mobile,100.0,Yes
CUST2994,54,Male,Jodhpur,Rajasthan,Tier 2,Business,128000,7.3,Rajasthan Royals,Sanju Samson,2,TV,No,2140,Local Store,4,Smart TV,55.0,No
CUST2995,30,Female,Mumbai,Maharashtra,Tier 1,Working Professional,71600,10.0,Mumbai Indians,Suryakumar Yadav,5,JioHotstar,Yes,3440,Amazon,22,Mobile,96.0,Yes
CUST2996,41,Male,Lucknow,Uttar Pradesh,Tier 1,Working Professional,90600,9.5,Lucknow Super Giants,KL Rahul,4,JioHotstar,No,3240,Brand Website,14,Laptop,84.5,No
CUST2997,24,Male,Siliguri,West Bengal,Tier 2,Student,11700,10.0,Kolkata Knight Riders,Andre Russell,7,JioHotstar,Yes,2440,Amazon,36,Mobile,100.0,Yes
CUST2998,49,Female,Warangal,Telangana,Tier 2,Coach,81600,8.5,Sunrisers Hyderabad,Heinrich Klaasen,3,TV,No,3940,Brand Website,9,Smart TV,66.0,No
CUST2999,32,Male,Faridabad,Haryana,Tier 1,Athlete,48400,10.0,Punjab Kings,Shikhar Dhawan,6,JioHotstar,Yes,6140,Brand Website,31,Mobile,100.0,Yes
CUST3000,52,Male,Udaipur,Rajasthan,Tier 2,Business,120000,7.7,Rajasthan Royals,Yashasvi Jaiswal,2,TV,No,2340,Local Store,5,Smart TV,58.0,No
CUST3001,34,Female,Thane,Maharashtra,Tier 1,Working Professional,78600,10.0,Mumbai Indians,Rohit Sharma,5,JioHotstar,Yes,3540,Amazon,21,Mobile,95.0,Yes
CUST3002,44,Male,Vijayawada,Andhra Pradesh,Tier 2,Working Professional,78600,9.2,Sunrisers Hyderabad,Pat Cummins,4,JioHotstar,No,2940,Flipkart,12,Laptop,78.5,No
CUST3003,25,Male,Gaya,Bihar,Tier 2,Student,12100,10.0,Chennai Super Kings,MS Dhoni,7,JioHotstar,Yes,2540,Amazon,35,Mobile,100.0,Yes
CUST3004,51,Female,Salem,Tamil Nadu,Tier 2,Business,115000,7.9,Chennai Super Kings,Ravindra Jadeja,2,TV,No,2440,Local Store,5,Smart TV,58.0,No
CUST3005,37,Male,Delhi,Delhi,Tier 1,Working Professional,86600,10.0,Delhi Capitals,Rishabh Pant,5,JioHotstar,Yes,3840,Brand Website,20,Laptop,93.0,Yes
CUST3006,27,Female,Tirupati,Andhra Pradesh,Tier 2,Student,15800,10.0,Sunrisers Hyderabad,Travis Head,6,JioHotstar,Yes,2940,Amazon,29,Mobile,100.0,Yes
CUST3007,42,Male,Noida,Uttar Pradesh,Tier 1,Working Professional,93600,9.8,Lucknow Super Giants,Nicholas Pooran,4,JioHotstar,No,3340,Brand Website,14,Laptop,85.5,No
CUST3008,26,Male,Jamshedpur,Jharkhand,Tier 2,Student,13200,10.0,Kolkata Knight Riders,Rinku Singh,7,JioHotstar,Yes,2640,Amazon,36,Mobile,100.0,Yes
CUST3009,50,Female,Nagpur,Maharashtra,Tier 2,Coach,84600,8.4,Mumbai Indians,Jasprit Bumrah,3,TV,No,4040,Brand Website,9,Smart TV,66.5,No
CUST3010,33,Male,Ahmedabad,Gujarat,Tier 1,Athlete,49400,10.0,Gujarat Titans,Rashid Khan,6,JioHotstar,Yes,6240,Brand Website,32,Mobile,100.0,Yes
CUST3011,38,Female,Kolkata,West Bengal,Tier 1,Working Professional,83600,10.0,Kolkata Knight Riders,Andre Russell,5,JioHotstar,Yes,3440,Amazon,20,Laptop,93.5,Yes
CUST3012,53,Male,Nagpur,Maharashtra,Tier 2,Business,122000,7.6,Mumbai Indians,Suryakumar Yadav,2,TV,No,2240,Local Store,4,Smart TV,57.5,No
CUST3013,29,Male,Patna,Bihar,Tier 2,Student,15800,10.0,Chennai Super Kings,Ruturaj Gaikwad,7,JioHotstar,Yes,2940,Amazon,31,Mobile,100.0,Yes
CUST3014,45,Female,Kochi,Kerala,Tier 2,Working Professional,80600,9.0,Mumbai Indians,Jasprit Bumrah,4,TV,No,3040,Flipkart,12,Laptop,78.0,No
CUST3015,31,Male,Hyderabad,Telangana,Tier 1,Working Professional,69600,10.0,Sunrisers Hyderabad,Pat Cummins,6,JioHotstar,Yes,4040,Amazon,26,Mobile,100.0,Yes
CUST3016,24,Male,Guwahati,Assam,Tier 2,Student,11200,10.0,Royal Challengers Bengaluru,Virat Kohli,7,JioHotstar,Yes,2340,Amazon,38,Mobile,100.0,Yes
CUST3017,47,Female,Indore,Madhya Pradesh,Tier 2,Coach,81600,8.7,Rajasthan Royals,Sanju Samson,3,TV,No,3840,Brand Website,9,Smart TV,67.0,No
CUST3018,35,Male,Mumbai,Maharashtra,Tier 1,Working Professional,84600,10.0,Mumbai Indians,Rohit Sharma,5,JioHotstar,Yes,3740,Amazon,22,Laptop,96.0,Yes
CUST3019,26,Female,Ranchi,Jharkhand,Tier 2,Student,13400,10.0,Kolkata Knight Riders,Sunil Narine,7,JioHotstar,Yes,2640,Amazon,33,Mobile,100.0,Yes
CUST3020,52,Male,Jaipur,Rajasthan,Tier 2,Business,117000,8.0,Rajasthan Royals,Jos Buttler,2,TV,No,2440,Local Store,5,Smart TV,59.5,No
CUST3021,32,Female,Pune,Maharashtra,Tier 1,Working Professional,76200,10.0,Chennai Super Kings,MS Dhoni,5,JioHotstar,Yes,3660,Amazon,22,Mobile,95.5,Yes
CUST3022,40,Male,Bengaluru,Karnataka,Tier 1,Working Professional,92100,9.8,Royal Challengers Bengaluru,Virat Kohli,4,JioHotstar,No,3360,Brand Website,15,Laptop,86.5,No
CUST3023,23,Male,Kanpur,Uttar Pradesh,Tier 2,Student,10700,10.0,Lucknow Super Giants,KL Rahul,7,JioHotstar,Yes,2260,Amazon,39,Mobile,100.0,Yes
CUST3024,48,Female,Visakhapatnam,Andhra Pradesh,Tier 2,Business,105900,8.2,Sunrisers Hyderabad,Pat Cummins,2,TV,No,2560,Local Store,5,Smart TV,60.0,No
CUST3025,29,Male,Delhi,Delhi,Tier 1,Athlete,47600,10.0,Delhi Capitals,Rishabh Pant,6,JioHotstar,Yes,6060,Brand Website,32,Mobile,100.0,Yes
CUST3026,43,Female,Ahmedabad,Gujarat,Tier 1,Working Professional,85900,9.4,Gujarat Titans,Shubman Gill,4,JioHotstar,No,3160,Flipkart,13,Laptop,83.5,No
CUST3027,25,Male,Dhanbad,Jharkhand,Tier 2,Student,12700,10.0,Kolkata Knight Riders,Rinku Singh,7,JioHotstar,Yes,2560,Amazon,35,Mobile,100.0,Yes
CUST3028,50,Male,Coimbatore,Tamil Nadu,Tier 2,Coach,82900,8.7,Chennai Super Kings,Ravindra Jadeja,3,TV,No,4060,Brand Website,9,Smart TV,67.0,No
CUST3029,35,Female,Chandigarh,Chandigarh,Tier 1,Working Professional,75900,10.0,Punjab Kings,Arshdeep Singh,5,JioHotstar,Yes,3660,Amazon,20,Mobile,94.0,Yes
CUST3030,22,Male,Aligarh,Uttar Pradesh,Tier 3,Student,10100,10.0,Royal Challengers Bengaluru,Virat Kohli,7,JioHotstar,Yes,2060,Amazon,38,Mobile,100.0,Yes
CUST3031,39,Male,Hyderabad,Telangana,Tier 1,Working Professional,88900,10.0,Sunrisers Hyderabad,Travis Head,5,JioHotstar,No,3660,Brand Website,15,Laptop,88.0,Yes
CUST3032,46,Female,Bhopal,Madhya Pradesh,Tier 2,Working Professional,79900,9.0,Mumbai Indians,Hardik Pandya,4,TV,No,2960,Flipkart,11,Laptop,77.5,No
CUST3033,28,Male,Meerut,Uttar Pradesh,Tier 2,Student,16300,10.0,Lucknow Super Giants,Nicholas Pooran,6,JioHotstar,Yes,3060,Amazon,29,Mobile,100.0,Yes
CUST3034,54,Male,Jodhpur,Rajasthan,Tier 2,Business,128500,7.4,Rajasthan Royals,Sanju Samson,2,TV,No,2160,Local Store,4,Smart TV,55.5,No
CUST3035,30,Female,Mumbai,Maharashtra,Tier 1,Working Professional,71900,10.0,Mumbai Indians,Suryakumar Yadav,5,JioHotstar,Yes,3460,Amazon,22,Mobile,96.5,Yes
CUST3036,41,Male,Lucknow,Uttar Pradesh,Tier 1,Working Professional,90900,9.6,Lucknow Super Giants,KL Rahul,4,JioHotstar,No,3260,Brand Website,14,Laptop,85.0,No
CUST3037,24,Male,Siliguri,West Bengal,Tier 2,Student,11800,10.0,Kolkata Knight Riders,Andre Russell,7,JioHotstar,Yes,2460,Amazon,36,Mobile,100.0,Yes
CUST3038,49,Female,Warangal,Telangana,Tier 2,Coach,81900,8.6,Sunrisers Hyderabad,Heinrich Klaasen,3,TV,No,3960,Brand Website,9,Smart TV,66.5,No
CUST3039,32,Male,Faridabad,Haryana,Tier 1,Athlete,48600,10.0,Punjab Kings,Shikhar Dhawan,6,JioHotstar,Yes,6160,Brand Website,31,Mobile,100.0,Yes
CUST3040,52,Male,Udaipur,Rajasthan,Tier 2,Business,120500,7.8,Rajasthan Royals,Yashasvi Jaiswal,2,TV,No,2360,Local Store,5,Smart TV,58.5,No
CUST3041,34,Female,Thane,Maharashtra,Tier 1,Working Professional,78900,10.0,Mumbai Indians,Rohit Sharma,5,JioHotstar,Yes,3560,Amazon,21,Mobile,95.5,Yes
CUST3042,44,Male,Vijayawada,Andhra Pradesh,Tier 2,Working Professional,78900,9.3,Sunrisers Hyderabad,Pat Cummins,4,JioHotstar,No,2960,Flipkart,12,Laptop,79.0,No
CUST3043,25,Male,Gaya,Bihar,Tier 2,Student,12200,10.0,Chennai Super Kings,MS Dhoni,7,JioHotstar,Yes,2560,Amazon,35,Mobile,100.0,Yes
CUST3044,51,Female,Salem,Tamil Nadu,Tier 2,Business,115500,8.0,Chennai Super Kings,Ravindra Jadeja,2,TV,No,2460,Local Store,5,Smart TV,58.5,No
CUST3045,37,Male,Delhi,Delhi,Tier 1,Working Professional,86900,10.0,Delhi Capitals,Rishabh Pant,5,JioHotstar,Yes,3860,Brand Website,20,Laptop,93.5,Yes
CUST3046,27,Female,Tirupati,Andhra Pradesh,Tier 2,Student,15900,10.0,Sunrisers Hyderabad,Travis Head,6,JioHotstar,Yes,2960,Amazon,29,Mobile,100.0,Yes
CUST3047,42,Male,Noida,Uttar Pradesh,Tier 1,Working Professional,93900,9.9,Lucknow Super Giants,Nicholas Pooran,4,JioHotstar,No,3360,Brand Website,14,Laptop,86.0,No
CUST3048,26,Male,Jamshedpur,Jharkhand,Tier 2,Student,13300,10.0,Kolkata Knight Riders,Rinku Singh,7,JioHotstar,Yes,2660,Amazon,36,Mobile,100.0,Yes
CUST3049,50,Female,Nagpur,Maharashtra,Tier 2,Coach,84900,8.5,Mumbai Indians,Jasprit Bumrah,3,TV,No,4060,Brand Website,9,Smart TV,67.0,No
CUST3050,33,Male,Ahmedabad,Gujarat,Tier 1,Athlete,49600,10.0,Gujarat Titans,Rashid Khan,6,JioHotstar,Yes,6260,Brand Website,32,Mobile,100.0,Yes
CUST3051,38,Female,Kolkata,West Bengal,Tier 1,Working Professional,83900,10.0,Kolkata Knight Riders,Andre Russell,5,JioHotstar,Yes,3460,Amazon,20,Laptop,94.0,Yes
CUST3052,53,Male,Nagpur,Maharashtra,Tier 2,Business,122500,7.7,Mumbai Indians,Suryakumar Yadav,2,TV,No,2260,Local Store,4,Smart TV,58.0,No
CUST3053,29,Male,Patna,Bihar,Tier 2,Student,15900,10.0,Chennai Super Kings,Ruturaj Gaikwad,7,JioHotstar,Yes,2960,Amazon,31,Mobile,100.0,Yes
CUST3054,45,Female,Kochi,Kerala,Tier 2,Working Professional,80900,9.1,Mumbai Indians,Jasprit Bumrah,4,TV,No,3060,Flipkart,12,Laptop,78.5,No
CUST3055,31,Male,Hyderabad,Telangana,Tier 1,Working Professional,69900,10.0,Sunrisers Hyderabad,Pat Cummins,6,JioHotstar,Yes,4060,Amazon,26,Mobile,100.0,Yes
CUST3056,24,Male,Guwahati,Assam,Tier 2,Student,11300,10.0,Royal Challengers Bengaluru,Virat Kohli,7,JioHotstar,Yes,2360,Amazon,38,Mobile,100.0,Yes
CUST3057,47,Female,Indore,Madhya Pradesh,Tier 2,Coach,81900,8.8,Rajasthan Royals,Sanju Samson,3,TV,No,3860,Brand Website,9,Smart TV,67.5,No
CUST3058,35,Male,Mumbai,Maharashtra,Tier 1,Working Professional,84900,10.0,Mumbai Indians,Rohit Sharma,5,JioHotstar,Yes,3760,Amazon,22,Laptop,96.5,Yes
CUST3059,26,Female,Ranchi,Jharkhand,Tier 2,Student,13500,10.0,Kolkata Knight Riders,Sunil Narine,7,JioHotstar,Yes,2660,Amazon,33,Mobile,100.0,Yes
CUST3060,52,Male,Jaipur,Rajasthan,Tier 2,Business,117500,8.1,Rajasthan Royals,Jos Buttler,2,TV,No,2460,Local Store,5,Smart TV,60.0,No
CUST3061,32,Female,Pune,Maharashtra,Tier 1,Working Professional,76500,10.0,Chennai Super Kings,MS Dhoni,5,JioHotstar,Yes,3680,Amazon,22,Mobile,96.0,Yes
CUST3062,40,Male,Bengaluru,Karnataka,Tier 1,Working Professional,92400,9.9,Royal Challengers Bengaluru,Virat Kohli,4,JioHotstar,No,3380,Brand Website,15,Laptop,87.0,No
CUST3063,23,Male,Kanpur,Uttar Pradesh,Tier 2,Student,10800,10.0,Lucknow Super Giants,KL Rahul,7,JioHotstar,Yes,2280,Amazon,39,Mobile,100.0,Yes
CUST3064,48,Female,Visakhapatnam,Andhra Pradesh,Tier 2,Business,106200,8.3,Sunrisers Hyderabad,Pat Cummins,2,TV,No,2580,Local Store,5,Smart TV,60.5,No
CUST3065,29,Male,Delhi,Delhi,Tier 1,Athlete,47800,10.0,Delhi Capitals,Rishabh Pant,6,JioHotstar,Yes,6080,Brand Website,32,Mobile,100.0,Yes
CUST3066,43,Female,Ahmedabad,Gujarat,Tier 1,Working Professional,86200,9.5,Gujarat Titans,Shubman Gill,4,JioHotstar,No,3180,Flipkart,13,Laptop,84.0,No
CUST3067,25,Male,Dhanbad,Jharkhand,Tier 2,Student,12800,10.0,Kolkata Knight Riders,Rinku Singh,7,JioHotstar,Yes,2580,Amazon,35,Mobile,100.0,Yes
CUST3068,50,Male,Coimbatore,Tamil Nadu,Tier 2,Coach,83200,8.8,Chennai Super Kings,Ravindra Jadeja,3,TV,No,4080,Brand Website,9,Smart TV,67.5,No
CUST3069,35,Female,Chandigarh,Chandigarh,Tier 1,Working Professional,76200,10.0,Punjab Kings,Arshdeep Singh,5,JioHotstar,Yes,3680,Amazon,20,Mobile,94.5,Yes
CUST3070,22,Male,Aligarh,Uttar Pradesh,Tier 3,Student,10200,10.0,Royal Challengers Bengaluru,Virat Kohli,7,JioHotstar,Yes,2080,Amazon,38,Mobile,100.0,Yes
CUST3071,39,Male,Hyderabad,Telangana,Tier 1,Working Professional,89200,10.0,Sunrisers Hyderabad,Travis Head,5,JioHotstar,No,3680,Brand Website,15,Laptop,88.5,Yes
CUST3072,46,Female,Bhopal,Madhya Pradesh,Tier 2,Working Professional,80200,9.1,Mumbai Indians,Hardik Pandya,4,TV,No,2980,Flipkart,11,Laptop,78.0,No
CUST3073,28,Male,Meerut,Uttar Pradesh,Tier 2,Student,16400,10.0,Lucknow Super Giants,Nicholas Pooran,6,JioHotstar,Yes,3080,Amazon,29,Mobile,100.0,Yes
CUST3074,54,Male,Jodhpur,Rajasthan,Tier 2,Business,129000,7.5,Rajasthan Royals,Sanju Samson,2,TV,No,2180,Local Store,4,Smart TV,56.0,No
CUST3075,30,Female,Mumbai,Maharashtra,Tier 1,Working Professional,72200,10.0,Mumbai Indians,Suryakumar Yadav,5,JioHotstar,Yes,3480,Amazon,22,Mobile,97.0,Yes
CUST3076,41,Male,Lucknow,Uttar Pradesh,Tier 1,Working Professional,91200,9.7,Lucknow Super Giants,KL Rahul,4,JioHotstar,No,3280,Brand Website,14,Laptop,85.5,No
CUST3077,24,Male,Siliguri,West Bengal,Tier 2,Student,11900,10.0,Kolkata Knight Riders,Andre Russell,7,JioHotstar,Yes,2480,Amazon,36,Mobile,100.0,Yes
CUST3078,49,Female,Warangal,Telangana,Tier 2,Coach,82200,8.7,Sunrisers Hyderabad,Heinrich Klaasen,3,TV,No,3980,Brand Website,9,Smart TV,67.0,No
CUST3079,32,Male,Faridabad,Haryana,Tier 1,Athlete,48800,10.0,Punjab Kings,Shikhar Dhawan,6,JioHotstar,Yes,6180,Brand Website,31,Mobile,100.0,Yes
CUST3080,52,Male,Udaipur,Rajasthan,Tier 2,Business,121000,7.9,Rajasthan Royals,Yashasvi Jaiswal,2,TV,No,2380,Local Store,5,Smart TV,59.0,No
CUST3081,34,Female,Thane,Maharashtra,Tier 1,Working Professional,79200,10.0,Mumbai Indians,Rohit Sharma,5,JioHotstar,Yes,3580,Amazon,21,Mobile,96.0,Yes
CUST3082,44,Male,Vijayawada,Andhra Pradesh,Tier 2,Working Professional,79200,9.4,Sunrisers Hyderabad,Pat Cummins,4,JioHotstar,No,2980,Flipkart,12,Laptop,79.5,No
CUST3083,25,Male,Gaya,Bihar,Tier 2,Student,12300,10.0,Chennai Super Kings,MS Dhoni,7,JioHotstar,Yes,2580,Amazon,35,Mobile,100.0,Yes
CUST3084,51,Female,Salem,Tamil Nadu,Tier 2,Business,116000,8.1,Chennai Super Kings,Ravindra Jadeja,2,TV,No,2480,Local Store,5,Smart TV,59.0,No
CUST3085,37,Male,Delhi,Delhi,Tier 1,Working Professional,87200,10.0,Delhi Capitals,Rishabh Pant,5,JioHotstar,Yes,3880,Brand Website,20,Laptop,94.0,Yes
CUST3086,27,Female,Tirupati,Andhra Pradesh,Tier 2,Student,16000,10.0,Sunrisers Hyderabad,Travis Head,6,JioHotstar,Yes,2980,Amazon,29,Mobile,100.0,Yes
CUST3087,42,Male,Noida,Uttar Pradesh,Tier 1,Working Professional,94200,10.0,Lucknow Super Giants,Nicholas Pooran,4,JioHotstar,No,3380,Brand Website,14,Laptop,86.5,No
CUST3088,26,Male,Jamshedpur,Jharkhand,Tier 2,Student,13400,10.0,Kolkata Knight Riders,Rinku Singh,7,JioHotstar,Yes,2680,Amazon,36,Mobile,100.0,Yes
CUST3089,50,Female,Nagpur,Maharashtra,Tier 2,Coach,85200,8.6,Mumbai Indians,Jasprit Bumrah,3,TV,No,4080,Brand Website,9,Smart TV,67.5,No
CUST3090,33,Male,Ahmedabad,Gujarat,Tier 1,Athlete,49800,10.0,Gujarat Titans,Rashid Khan,6,JioHotstar,Yes,6280,Brand Website,32,Mobile,100.0,Yes
CUST3091,38,Female,Kolkata,West Bengal,Tier 1,Working Professional,84200,10.0,Kolkata Knight Riders,Andre Russell,5,JioHotstar,Yes,3480,Amazon,20,Laptop,94.5,Yes
CUST3092,53,Male,Nagpur,Maharashtra,Tier 2,Business,123000,7.8,Mumbai Indians,Suryakumar Yadav,2,TV,No,2280,Local Store,4,Smart TV,58.5,No
CUST3093,29,Male,Patna,Bihar,Tier 2,Student,16000,10.0,Chennai Super Kings,Ruturaj Gaikwad,7,JioHotstar,Yes,2980,Amazon,31,Mobile,100.0,Yes
CUST3094,45,Female,Kochi,Kerala,Tier 2,Working Professional,81200,9.2,Mumbai Indians,Jasprit Bumrah,4,TV,No,3080,Flipkart,12,Laptop,79.0,No
CUST3095,31,Male,Hyderabad,Telangana,Tier 1,Working Professional,70200,10.0,Sunrisers Hyderabad,Pat Cummins,6,JioHotstar,Yes,4080,Amazon,26,Mobile,100.0,Yes
CUST3096,24,Male,Guwahati,Assam,Tier 2,Student,11400,10.0,Royal Challengers Bengaluru,Virat Kohli,7,JioHotstar,Yes,2380,Amazon,38,Mobile,100.0,Yes
CUST3097,47,Female,Indore,Madhya Pradesh,Tier 2,Coach,82200,8.9,Rajasthan Royals,Sanju Samson,3,TV,No,3880,Brand Website,9,Smart TV,68.0,No
CUST3098,35,Male,Mumbai,Maharashtra,Tier 1,Working Professional,85200,10.0,Mumbai Indians,Rohit Sharma,5,JioHotstar,Yes,3780,Amazon,22,Laptop,97.0,Yes
CUST3099,26,Female,Ranchi,Jharkhand,Tier 2,Student,13600,10.0,Kolkata Knight Riders,Sunil Narine,7,JioHotstar,Yes,2680,Amazon,33,Mobile,100.0,Yes
CUST3100,52,Male,Jaipur,Rajasthan,Tier 2,Business,118000,8.2,Rajasthan Royals,Jos Buttler,2,TV,No,2480,Local Store,5,Smart TV,60.5,No
CUST3101,33,Female,Pune,Maharashtra,Tier 1,Working Professional,76800,10.0,Chennai Super Kings,MS Dhoni,5,JioHotstar,Yes,3700,Amazon,22,Mobile,96.5,Yes
CUST3102,41,Male,Bengaluru,Karnataka,Tier 1,Working Professional,92700,10.0,Royal Challengers Bengaluru,Virat Kohli,4,JioHotstar,No,3400,Brand Website,15,Laptop,87.5,No
CUST3103,24,Male,Kanpur,Uttar Pradesh,Tier 2,Student,10900,10.0,Lucknow Super Giants,KL Rahul,7,JioHotstar,Yes,2300,Amazon,39,Mobile,100.0,Yes
CUST3104,49,Female,Visakhapatnam,Andhra Pradesh,Tier 2,Business,106500,8.4,Sunrisers Hyderabad,Pat Cummins,2,TV,No,2600,Local Store,5,Smart TV,61.0,No
CUST3105,30,Male,Delhi,Delhi,Tier 1,Athlete,48000,10.0,Delhi Capitals,Rishabh Pant,6,JioHotstar,Yes,6100,Brand Website,32,Mobile,100.0,Yes
CUST3106,44,Female,Ahmedabad,Gujarat,Tier 1,Working Professional,86500,9.6,Gujarat Titans,Shubman Gill,4,JioHotstar,No,3200,Flipkart,13,Laptop,84.5,No
CUST3107,26,Male,Dhanbad,Jharkhand,Tier 2,Student,12900,10.0,Kolkata Knight Riders,Rinku Singh,7,JioHotstar,Yes,2600,Amazon,35,Mobile,100.0,Yes
CUST3108,51,Male,Coimbatore,Tamil Nadu,Tier 2,Coach,83500,8.9,Chennai Super Kings,Ravindra Jadeja,3,TV,No,4100,Brand Website,9,Smart TV,68.0,No
CUST3109,36,Female,Chandigarh,Chandigarh,Tier 1,Working Professional,76500,10.0,Punjab Kings,Arshdeep Singh,5,JioHotstar,Yes,3700,Amazon,20,Mobile,95.0,Yes
CUST3110,23,Male,Aligarh,Uttar Pradesh,Tier 3,Student,10300,10.0,Royal Challengers Bengaluru,Virat Kohli,7,JioHotstar,Yes,2100,Amazon,38,Mobile,100.0,Yes
CUST3111,40,Male,Hyderabad,Telangana,Tier 1,Working Professional,89500,10.0,Sunrisers Hyderabad,Travis Head,5,JioHotstar,No,3700,Brand Website,15,Laptop,89.0,Yes
CUST3112,47,Female,Bhopal,Madhya Pradesh,Tier 2,Working Professional,80500,9.2,Mumbai Indians,Hardik Pandya,4,TV,No,3000,Flipkart,11,Laptop,78.5,No
CUST3113,29,Male,Meerut,Uttar Pradesh,Tier 2,Student,16500,10.0,Lucknow Super Giants,Nicholas Pooran,6,JioHotstar,Yes,3100,Amazon,29,Mobile,100.0,Yes
CUST3114,55,Male,Jodhpur,Rajasthan,Tier 2,Business,130000,7.6,Rajasthan Royals,Sanju Samson,2,TV,No,2200,Local Store,4,Smart TV,56.5,No
CUST3115,31,Female,Mumbai,Maharashtra,Tier 1,Working Professional,72500,10.0,Mumbai Indians,Suryakumar Yadav,5,JioHotstar,Yes,3500,Amazon,22,Mobile,97.5,Yes
CUST3116,42,Male,Lucknow,Uttar Pradesh,Tier 1,Working Professional,91500,9.8,Lucknow Super Giants,KL Rahul,4,JioHotstar,No,3300,Brand Website,14,Laptop,86.0,No
CUST3117,25,Male,Siliguri,West Bengal,Tier 2,Student,12000,10.0,Kolkata Knight Riders,Andre Russell,7,JioHotstar,Yes,2500,Amazon,36,Mobile,100.0,Yes
CUST3118,50,Female,Warangal,Telangana,Tier 2,Coach,82500,8.8,Sunrisers Hyderabad,Heinrich Klaasen,3,TV,No,4000,Brand Website,9,Smart TV,67.5,No
CUST3119,33,Male,Faridabad,Haryana,Tier 1,Athlete,49000,10.0,Punjab Kings,Shikhar Dhawan,6,JioHotstar,Yes,6200,Brand Website,31,Mobile,100.0,Yes
CUST3120,53,Male,Udaipur,Rajasthan,Tier 2,Business,122000,8.0,Rajasthan Royals,Yashasvi Jaiswal,2,TV,No,2400,Local Store,5,Smart TV,59.5,No
CUST3121,35,Female,Thane,Maharashtra,Tier 1,Working Professional,79500,10.0,Mumbai Indians,Rohit Sharma,5,JioHotstar,Yes,3600,Amazon,21,Mobile,96.5,Yes
CUST3122,45,Male,Vijayawada,Andhra Pradesh,Tier 2,Working Professional,79500,9.5,Sunrisers Hyderabad,Pat Cummins,4,JioHotstar,No,3000,Flipkart,12,Laptop,80.0,No
CUST3123,26,Male,Gaya,Bihar,Tier 2,Student,12400,10.0,Chennai Super Kings,MS Dhoni,7,JioHotstar,Yes,2600,Amazon,35,Mobile,100.0,Yes
CUST3124,52,Female,Salem,Tamil Nadu,Tier 2,Business,117000,8.2,Chennai Super Kings,Ravindra Jadeja,2,TV,No,2500,Local Store,5,Smart TV,59.5,No
CUST3125,38,Male,Delhi,Delhi,Tier 1,Working Professional,87500,10.0,Delhi Capitals,Rishabh Pant,5,JioHotstar,Yes,3900,Brand Website,20,Laptop,94.5,Yes
CUST3126,28,Female,Tirupati,Andhra Pradesh,Tier 2,Student,16100,10.0,Sunrisers Hyderabad,Travis Head,6,JioHotstar,Yes,3000,Amazon,29,Mobile,100.0,Yes
CUST3127,43,Male,Noida,Uttar Pradesh,Tier 1,Working Professional,94500,10.0,Lucknow Super Giants,Nicholas Pooran,4,JioHotstar,No,3400,Brand Website,14,Laptop,87.0,No
CUST3128,27,Male,Jamshedpur,Jharkhand,Tier 2,Student,13500,10.0,Kolkata Knight Riders,Rinku Singh,7,JioHotstar,Yes,2700,Amazon,36,Mobile,100.0,Yes
CUST3129,51,Female,Nagpur,Maharashtra,Tier 2,Coach,85500,8.7,Mumbai Indians,Jasprit Bumrah,3,TV,No,4100,Brand Website,9,Smart TV,68.0,No
CUST3130,34,Male,Ahmedabad,Gujarat,Tier 1,Athlete,50000,10.0,Gujarat Titans,Rashid Khan,6,JioHotstar,Yes,6300,Brand Website,32,Mobile,100.0,Yes
CUST3131,39,Female,Kolkata,West Bengal,Tier 1,Working Professional,84500,10.0,Kolkata Knight Riders,Andre Russell,5,JioHotstar,Yes,3500,Amazon,20,Laptop,95.0,Yes
CUST3132,54,Male,Nagpur,Maharashtra,Tier 2,Business,124000,7.9,Mumbai Indians,Suryakumar Yadav,2,TV,No,2300,Local Store,4,Smart TV,59.0,No
CUST3133,30,Male,Patna,Bihar,Tier 2,Student,16100,10.0,Chennai Super Kings,Ruturaj Gaikwad,7,JioHotstar,Yes,3000,Amazon,31,Mobile,100.0,Yes
CUST3134,46,Female,Kochi,Kerala,Tier 2,Working Professional,81500,9.4,Mumbai Indians,Jasprit Bumrah,4,TV,No,3100,Flipkart,12,Laptop,80.0,No
CUST3135,32,Male,Hyderabad,Telangana,Tier 1,Working Professional,70500,10.0,Sunrisers Hyderabad,Pat Cummins,6,JioHotstar,Yes,4100,Amazon,26,Mobile,100.0,Yes
CUST3136,25,Male,Guwahati,Assam,Tier 2,Student,11500,10.0,Royal Challengers Bengaluru,Virat Kohli,7,JioHotstar,Yes,2400,Amazon,38,Mobile,100.0,Yes
CUST3137,48,Female,Indore,Madhya Pradesh,Tier 2,Coach,82500,9.0,Rajasthan Royals,Sanju Samson,3,TV,No,3900,Brand Website,9,Smart TV,68.5,No
CUST3138,36,Male,Mumbai,Maharashtra,Tier 1,Working Professional,85500,10.0,Mumbai Indians,Rohit Sharma,5,JioHotstar,Yes,3800,Amazon,22,Laptop,97.5,Yes
CUST3139,27,Female,Ranchi,Jharkhand,Tier 2,Student,13700,10.0,Kolkata Knight Riders,Sunil Narine,7,JioHotstar,Yes,2700,Amazon,33,Mobile,100.0,Yes
CUST3140,53,Male,Jaipur,Rajasthan,Tier 2,Business,119000,8.3,Rajasthan Royals,Jos Buttler,2,TV,No,2500,Local Store,5,Smart TV,60.5,No
CUST3141,33,Female,Pune,Maharashtra,Tier 1,Working Professional,77100,10.0,Chennai Super Kings,MS Dhoni,5,JioHotstar,Yes,3720,Amazon,22,Mobile,97.0,Yes
CUST3142,41,Male,Bengaluru,Karnataka,Tier 1,Working Professional,93000,10.0,Royal Challengers Bengaluru,Virat Kohli,4,JioHotstar,No,3420,Brand Website,15,Laptop,88.0,No
CUST3143,24,Male,Kanpur,Uttar Pradesh,Tier 2,Student,11000,10.0,Lucknow Super Giants,KL Rahul,7,JioHotstar,Yes,2320,Amazon,39,Mobile,100.0,Yes
CUST3144,49,Female,Visakhapatnam,Andhra Pradesh,Tier 2,Business,106800,8.5,Sunrisers Hyderabad,Pat Cummins,2,TV,No,2620,Local Store,5,Smart TV,61.5,No
CUST3145,30,Male,Delhi,Delhi,Tier 1,Athlete,48200,10.0,Delhi Capitals,Rishabh Pant,6,JioHotstar,Yes,6120,Brand Website,32,Mobile,100.0,Yes
CUST3146,44,Female,Ahmedabad,Gujarat,Tier 1,Working Professional,86800,9.7,Gujarat Titans,Shubman Gill,4,JioHotstar,No,3220,Flipkart,13,Laptop,85.0,No
CUST3147,26,Male,Dhanbad,Jharkhand,Tier 2,Student,13000,10.0,Kolkata Knight Riders,Rinku Singh,7,JioHotstar,Yes,2620,Amazon,35,Mobile,100.0,Yes
CUST3148,51,Male,Coimbatore,Tamil Nadu,Tier 2,Coach,83800,9.0,Chennai Super Kings,Ravindra Jadeja,3,TV,No,4120,Brand Website,9,Smart TV,68.5,No
CUST3149,36,Female,Chandigarh,Chandigarh,Tier 1,Working Professional,76800,10.0,Punjab Kings,Arshdeep Singh,5,JioHotstar,Yes,3720,Amazon,20,Mobile,95.5,Yes
CUST3150,23,Male,Aligarh,Uttar Pradesh,Tier 3,Student,10400,10.0,Royal Challengers Bengaluru,Virat Kohli,7,JioHotstar,Yes,2120,Amazon,38,Mobile,100.0,Yes
CUST3151,40,Male,Hyderabad,Telangana,Tier 1,Working Professional,89800,10.0,Sunrisers Hyderabad,Travis Head,5,JioHotstar,No,3720,Brand Website,15,Laptop,89.5,Yes
CUST3152,47,Female,Bhopal,Madhya Pradesh,Tier 2,Working Professional,80800,9.3,Mumbai Indians,Hardik Pandya,4,TV,No,3020,Flipkart,11,Laptop,79.0,No
CUST3153,29,Male,Meerut,Uttar Pradesh,Tier 2,Student,16600,10.0,Lucknow Super Giants,Nicholas Pooran,6,JioHotstar,Yes,3120,Amazon,29,Mobile,100.0,Yes
CUST3154,55,Male,Jodhpur,Rajasthan,Tier 2,Business,130500,7.7,Rajasthan Royals,Sanju Samson,2,TV,No,2220,Local Store,4,Smart TV,57.0,No
CUST3155,31,Female,Mumbai,Maharashtra,Tier 1,Working Professional,72800,10.0,Mumbai Indians,Suryakumar Yadav,5,JioHotstar,Yes,3520,Amazon,22,Mobile,98.0,Yes
CUST3156,42,Male,Lucknow,Uttar Pradesh,Tier 1,Working Professional,91800,9.9,Lucknow Super Giants,KL Rahul,4,JioHotstar,No,3320,Brand Website,14,Laptop,86.5,No
CUST3157,25,Male,Siliguri,West Bengal,Tier 2,Student,12100,10.0,Kolkata Knight Riders,Andre Russell,7,JioHotstar,Yes,2520,Amazon,36,Mobile,100.0,Yes
CUST3158,50,Female,Warangal,Telangana,Tier 2,Coach,82800,8.9,Sunrisers Hyderabad,Heinrich Klaasen,3,TV,No,4020,Brand Website,9,Smart TV,68.0,No
CUST3159,33,Male,Faridabad,Haryana,Tier 1,Athlete,49200,10.0,Punjab Kings,Shikhar Dhawan,6,JioHotstar,Yes,6220,Brand Website,31,Mobile,100.0,Yes
CUST3160,53,Male,Udaipur,Rajasthan,Tier 2,Business,122500,8.1,Rajasthan Royals,Yashasvi Jaiswal,2,TV,No,2420,Local Store,5,Smart TV,60.0,No
CUST3161,35,Female,Thane,Maharashtra,Tier 1,Working Professional,79800,10.0,Mumbai Indians,Rohit Sharma,5,JioHotstar,Yes,3620,Amazon,21,Mobile,97.0,Yes
CUST3162,45,Male,Vijayawada,Andhra Pradesh,Tier 2,Working Professional,79800,9.6,Sunrisers Hyderabad,Pat Cummins,4,JioHotstar,No,3020,Flipkart,12,Laptop,80.5,No
CUST3163,26,Male,Gaya,Bihar,Tier 2,Student,12500,10.0,Chennai Super Kings,MS Dhoni,7,JioHotstar,Yes,2620,Amazon,35,Mobile,100.0,Yes
CUST3164,52,Female,Salem,Tamil Nadu,Tier 2,Business,117500,8.3,Chennai Super Kings,Ravindra Jadeja,2,TV,No,2520,Local Store,5,Smart TV,60.0,No
CUST3165,38,Male,Delhi,Delhi,Tier 1,Working Professional,87800,10.0,Delhi Capitals,Rishabh Pant,5,JioHotstar,Yes,3920,Brand Website,20,Laptop,95.0,Yes
CUST3166,28,Female,Tirupati,Andhra Pradesh,Tier 2,Student,16200,10.0,Sunrisers Hyderabad,Travis Head,6,JioHotstar,Yes,3020,Amazon,29,Mobile,100.0,Yes
CUST3167,43,Male,Noida,Uttar Pradesh,Tier 1,Working Professional,94800,10.0,Lucknow Super Giants,Nicholas Pooran,4,JioHotstar,No,3420,Brand Website,14,Laptop,87.5,No
CUST3168,27,Male,Jamshedpur,Jharkhand,Tier 2,Student,13600,10.0,Kolkata Knight Riders,Rinku Singh,7,JioHotstar,Yes,2720,Amazon,36,Mobile,100.0,Yes
CUST3169,51,Female,Nagpur,Maharashtra,Tier 2,Coach,85800,8.8,Mumbai Indians,Jasprit Bumrah,3,TV,No,4120,Brand Website,9,Smart TV,68.5,No
CUST3170,34,Male,Ahmedabad,Gujarat,Tier 1,Athlete,50200,10.0,Gujarat Titans,Rashid Khan,6,JioHotstar,Yes,6320,Brand Website,32,Mobile,100.0,Yes
CUST3171,39,Female,Kolkata,West Bengal,Tier 1,Working Professional,84800,10.0,Kolkata Knight Riders,Andre Russell,5,JioHotstar,Yes,3520,Amazon,20,Laptop,95.5,Yes
CUST3172,54,Male,Nagpur,Maharashtra,Tier 2,Business,124500,8.0,Mumbai Indians,Suryakumar Yadav,2,TV,No,2320,Local Store,4,Smart TV,59.5,No
CUST3173,30,Male,Patna,Bihar,Tier 2,Student,16200,10.0,Chennai Super Kings,Ruturaj Gaikwad,7,JioHotstar,Yes,3020,Amazon,31,Mobile,100.0,Yes
CUST3174,46,Female,Kochi,Kerala,Tier 2,Working Professional,81800,9.5,Mumbai Indians,Jasprit Bumrah,4,TV,No,3120,Flipkart,12,Laptop,80.5,No
CUST3175,32,Male,Hyderabad,Telangana,Tier 1,Working Professional,70800,10.0,Sunrisers Hyderabad,Pat Cummins,6,JioHotstar,Yes,4120,Amazon,26,Mobile,100.0,Yes
CUST3176,25,Male,Guwahati,Assam,Tier 2,Student,11600,10.0,Royal Challengers Bengaluru,Virat Kohli,7,JioHotstar,Yes,2420,Amazon,38,Mobile,100.0,Yes
CUST3177,48,Female,Indore,Madhya Pradesh,Tier 2,Coach,82800,9.1,Rajasthan Royals,Sanju Samson,3,TV,No,3920,Brand Website,9,Smart TV,69.0,No
CUST3178,36,Male,Mumbai,Maharashtra,Tier 1,Working Professional,85800,10.0,Mumbai Indians,Rohit Sharma,5,JioHotstar,Yes,3820,Amazon,22,Laptop,98.0,Yes
CUST3179,27,Female,Ranchi,Jharkhand,Tier 2,Student,13800,10.0,Kolkata Knight Riders,Sunil Narine,7,JioHotstar,Yes,2720,Amazon,33,Mobile,100.0,Yes
CUST3180,53,Male,Jaipur,Rajasthan,Tier 2,Business,119500,8.4,Rajasthan Royals,Jos Buttler,2,TV,No,2520,Local Store,5,Smart TV,61.0,No
CUST3181,33,Female,Pune,Maharashtra,Tier 1,Working Professional,77400,10.0,Chennai Super Kings,MS Dhoni,5,JioHotstar,Yes,3740,Amazon,22,Mobile,97.5,Yes
CUST3182,41,Male,Bengaluru,Karnataka,Tier 1,Working Professional,93300,10.0,Royal Challengers Bengaluru,Virat Kohli,4,JioHotstar,No,3440,Brand Website,15,Laptop,88.5,No
CUST3183,24,Male,Kanpur,Uttar Pradesh,Tier 2,Student,11100,10.0,Lucknow Super Giants,KL Rahul,7,JioHotstar,Yes,2340,Amazon,39,Mobile,100.0,Yes
CUST3184,49,Female,Visakhapatnam,Andhra Pradesh,Tier 2,Business,107100,8.6,Sunrisers Hyderabad,Pat Cummins,2,TV,No,2640,Local Store,5,Smart TV,62.0,No
CUST3185,30,Male,Delhi,Delhi,Tier 1,Athlete,48400,10.0,Delhi Capitals,Rishabh Pant,6,JioHotstar,Yes,6140,Brand Website,32,Mobile,100.0,Yes
CUST3186,44,Female,Ahmedabad,Gujarat,Tier 1,Working Professional,87100,9.8,Gujarat Titans,Shubman Gill,4,JioHotstar,No,3240,Flipkart,13,Laptop,85.5,No
CUST3187,26,Male,Dhanbad,Jharkhand,Tier 2,Student,13100,10.0,Kolkata Knight Riders,Rinku Singh,7,JioHotstar,Yes,2640,Amazon,35,Mobile,100.0,Yes
CUST3188,51,Male,Coimbatore,Tamil Nadu,Tier 2,Coach,84100,9.1,Chennai Super Kings,Ravindra Jadeja,3,TV,No,4140,Brand Website,9,Smart TV,69.0,No
CUST3189,36,Female,Chandigarh,Chandigarh,Tier 1,Working Professional,77100,10.0,Punjab Kings,Arshdeep Singh,5,JioHotstar,Yes,3740,Amazon,20,Mobile,96.0,Yes
CUST3190,23,Male,Aligarh,Uttar Pradesh,Tier 3,Student,10500,10.0,Royal Challengers Bengaluru,Virat Kohli,7,JioHotstar,Yes,2140,Amazon,38,Mobile,100.0,Yes
CUST3191,40,Male,Hyderabad,Telangana,Tier 1,Working Professional,90100,10.0,Sunrisers Hyderabad,Travis Head,5,JioHotstar,No,3740,Brand Website,15,Laptop,90.0,Yes
CUST3192,47,Female,Bhopal,Madhya Pradesh,Tier 2,Working Professional,81100,9.4,Mumbai Indians,Hardik Pandya,4,TV,No,3040,Flipkart,11,Laptop,79.5,No
CUST3193,29,Male,Meerut,Uttar Pradesh,Tier 2,Student,16700,10.0,Lucknow Super Giants,Nicholas Pooran,6,JioHotstar,Yes,3140,Amazon,29,Mobile,100.0,Yes
CUST3194,55,Male,Jodhpur,Rajasthan,Tier 2,Business,131000,7.8,Rajasthan Royals,Sanju Samson,2,TV,No,2240,Local Store,4,Smart TV,57.5,No
CUST3195,31,Female,Mumbai,Maharashtra,Tier 1,Working Professional,73100,10.0,Mumbai Indians,Suryakumar Yadav,5,JioHotstar,Yes,3540,Amazon,22,Mobile,98.5,Yes
CUST3196,42,Male,Lucknow,Uttar Pradesh,Tier 1,Working Professional,92100,10.0,Lucknow Super Giants,KL Rahul,4,JioHotstar,No,3340,Brand Website,14,Laptop,87.0,No
CUST3197,25,Male,Siliguri,West Bengal,Tier 2,Student,12200,10.0,Kolkata Knight Riders,Andre Russell,7,JioHotstar,Yes,2540,Amazon,36,Mobile,100.0,Yes
CUST3198,50,Female,Warangal,Telangana,Tier 2,Coach,83100,9.0,Sunrisers Hyderabad,Heinrich Klaasen,3,TV,No,4040,Brand Website,9,Smart TV,68.5,No
CUST3199,33,Male,Faridabad,Haryana,Tier 1,Athlete,49400,10.0,Punjab Kings,Shikhar Dhawan,6,JioHotstar,Yes,6240,Brand Website,31,Mobile,100.0,Yes
CUST3200,53,Male,Udaipur,Rajasthan,Tier 2,Business,123000,8.2,Rajasthan Royals,Yashasvi Jaiswal,2,TV,No,2440,Local Store,5,Smart TV,60.5,No
CUST3201,35,Female,Thane,Maharashtra,Tier 1,Working Professional,80100,10.0,Mumbai Indians,Rohit Sharma,5,JioHotstar,Yes,3640,Amazon,21,Mobile,97.5,Yes
CUST3202,45,Male,Vijayawada,Andhra Pradesh,Tier 2,Working Professional,80100,9.7,Sunrisers Hyderabad,Pat Cummins,4,JioHotstar,No,3040,Flipkart,12,Laptop,81.0,No
CUST3203,26,Male,Gaya,Bihar,Tier 2,Student,12600,10.0,Chennai Super Kings,MS Dhoni,7,JioHotstar,Yes,2640,Amazon,35,Mobile,100.0,Yes
CUST3204,52,Female,Salem,Tamil Nadu,Tier 2,Business,118000,8.4,Chennai Super Kings,Ravindra Jadeja,2,TV,No,2540,Local Store,5,Smart TV,60.5,No
CUST3205,38,Male,Delhi,Delhi,Tier 1,Working Professional,88100,10.0,Delhi Capitals,Rishabh Pant,5,JioHotstar,Yes,3940,Brand Website,20,Laptop,95.5,Yes
CUST3206,28,Female,Tirupati,Andhra Pradesh,Tier 2,Student,16300,10.0,Sunrisers Hyderabad,Travis Head,6,JioHotstar,Yes,3040,Amazon,29,Mobile,100.0,Yes
CUST3207,43,Male,Noida,Uttar Pradesh,Tier 1,Working Professional,95100,10.0,Lucknow Super Giants,Nicholas Pooran,4,JioHotstar,No,3440,Brand Website,14,Laptop,88.0,No
CUST3208,27,Male,Jamshedpur,Jharkhand,Tier 2,Student,13700,10.0,Kolkata Knight Riders,Rinku Singh,7,JioHotstar,Yes,2740,Amazon,36,Mobile,100.0,Yes
CUST3209,51,Female,Nagpur,Maharashtra,Tier 2,Coach,86100,8.9,Mumbai Indians,Jasprit Bumrah,3,TV,No,4140,Brand Website,9,Smart TV,69.0,No
CUST3210,34,Male,Ahmedabad,Gujarat,Tier 1,Athlete,50400,10.0,Gujarat Titans,Rashid Khan,6,JioHotstar,Yes,6340,Brand Website,32,Mobile,100.0,Yes
CUST3211,39,Female,Kolkata,West Bengal,Tier 1,Working Professional,85100,10.0,Kolkata Knight Riders,Andre Russell,5,JioHotstar,Yes,3540,Amazon,20,Laptop,96.0,Yes
CUST3212,54,Male,Nagpur,Maharashtra,Tier 2,Business,125000,8.1,Mumbai Indians,Suryakumar Yadav,2,TV,No,2340,Local Store,4,Smart TV,60.0,No
CUST3213,30,Male,Patna,Bihar,Tier 2,Student,16300,10.0,Chennai Super Kings,Ruturaj Gaikwad,7,JioHotstar,Yes,3040,Amazon,31,Mobile,100.0,Yes
CUST3214,46,Female,Kochi,Kerala,Tier 2,Working Professional,82100,9.6,Mumbai Indians,Jasprit Bumrah,4,TV,No,3140,Flipkart,12,Laptop,81.0,No
CUST3215,32,Male,Hyderabad,Telangana,Tier 1,Working Professional,71100,10.0,Sunrisers Hyderabad,Pat Cummins,6,JioHotstar,Yes,4140,Amazon,26,Mobile,100.0,Yes
CUST3216,25,Male,Guwahati,Assam,Tier 2,Student,11700,10.0,Royal Challengers Bengaluru,Virat Kohli,7,JioHotstar,Yes,2440,Amazon,38,Mobile,100.0,Yes
CUST3217,48,Female,Indore,Madhya Pradesh,Tier 2,Coach,83100,9.2,Rajasthan Royals,Sanju Samson,3,TV,No,3940,Brand Website,9,Smart TV,69.5,No
CUST3218,36,Male,Mumbai,Maharashtra,Tier 1,Working Professional,86100,10.0,Mumbai Indians,Rohit Sharma,5,JioHotstar,Yes,3840,Amazon,22,Laptop,98.5,Yes
CUST3219,27,Female,Ranchi,Jharkhand,Tier 2,Student,13900,10.0,Kolkata Knight Riders,Sunil Narine,7,JioHotstar,Yes,2740,Amazon,33,Mobile,100.0,Yes
CUST3220,53,Male,Jaipur,Rajasthan,Tier 2,Business,120000,8.5,Rajasthan Royals,Jos Buttler,2,TV,No,2540,Local Store,5,Smart TV,61.5,No
CUST3221,33,Female,Pune,Maharashtra,Tier 1,Working Professional,77700,10.0,Chennai Super Kings,MS Dhoni,5,JioHotstar,Yes,3760,Amazon,22,Mobile,98.0,Yes
CUST3222,41,Male,Bengaluru,Karnataka,Tier 1,Working Professional,93600,10.0,Royal Challengers Bengaluru,Virat Kohli,4,JioHotstar,No,3460,Brand Website,15,Laptop,89.0,No
CUST3223,24,Male,Kanpur,Uttar Pradesh,Tier 2,Student,11200,10.0,Lucknow Super Giants,KL Rahul,7,JioHotstar,Yes,2360,Amazon,39,Mobile,100.0,Yes
CUST3224,49,Female,Visakhapatnam,Andhra Pradesh,Tier 2,Business,107400,8.7,Sunrisers Hyderabad,Pat Cummins,2,TV,No,2660,Local Store,5,Smart TV,62.5,No
CUST3225,30,Male,Delhi,Delhi,Tier 1,Athlete,48600,10.0,Delhi Capitals,Rishabh Pant,6,JioHotstar,Yes,6160,Brand Website,32,Mobile,100.0,Yes
CUST3226,44,Female,Ahmedabad,Gujarat,Tier 1,Working Professional,87400,9.9,Gujarat Titans,Shubman Gill,4,JioHotstar,No,3260,Flipkart,13,Laptop,86.0,No
CUST3227,26,Male,Dhanbad,Jharkhand,Tier 2,Student,13200,10.0,Kolkata Knight Riders,Rinku Singh,7,JioHotstar,Yes,2660,Amazon,35,Mobile,100.0,Yes
CUST3228,51,Male,Coimbatore,Tamil Nadu,Tier 2,Coach,84400,9.2,Chennai Super Kings,Ravindra Jadeja,3,TV,No,4160,Brand Website,9,Smart TV,69.5,No
CUST3229,36,Female,Chandigarh,Chandigarh,Tier 1,Working Professional,77400,10.0,Punjab Kings,Arshdeep Singh,5,JioHotstar,Yes,3760,Amazon,20,Mobile,96.5,Yes
CUST3230,23,Male,Aligarh,Uttar Pradesh,Tier 3,Student,10600,10.0,Royal Challengers Bengaluru,Virat Kohli,7,JioHotstar,Yes,2160,Amazon,38,Mobile,100.0,Yes
CUST3231,40,Male,Hyderabad,Telangana,Tier 1,Working Professional,90400,10.0,Sunrisers Hyderabad,Travis Head,5,JioHotstar,No,3760,Brand Website,15,Laptop,90.5,Yes
CUST3232,47,Female,Bhopal,Madhya Pradesh,Tier 2,Working Professional,81400,9.5,Mumbai Indians,Hardik Pandya,4,TV,No,3060,Flipkart,11,Laptop,80.0,No
CUST3233,29,Male,Meerut,Uttar Pradesh,Tier 2,Student,16800,10.0,Lucknow Super Giants,Nicholas Pooran,6,JioHotstar,Yes,3160,Amazon,29,Mobile,100.0,Yes
CUST3234,55,Male,Jodhpur,Rajasthan,Tier 2,Business,131500,7.9,Rajasthan Royals,Sanju Samson,2,TV,No,2260,Local Store,4,Smart TV,58.0,No
CUST3235,31,Female,Mumbai,Maharashtra,Tier 1,Working Professional,73400,10.0,Mumbai Indians,Suryakumar Yadav,5,JioHotstar,Yes,3560,Amazon,22,Mobile,99.0,Yes
CUST3236,42,Male,Lucknow,Uttar Pradesh,Tier 1,Working Professional,92400,10.0,Lucknow Super Giants,KL Rahul,4,JioHotstar,No,3360,Brand Website,14,Laptop,87.5,No
CUST3237,25,Male,Siliguri,West Bengal,Tier 2,Student,12300,10.0,Kolkata Knight Riders,Andre Russell,7,JioHotstar,Yes,2560,Amazon,36,Mobile,100.0,Yes
CUST3238,50,Female,Warangal,Telangana,Tier 2,Coach,83400,9.1,Sunrisers Hyderabad,Heinrich Klaasen,3,TV,No,4060,Brand Website,9,Smart TV,69.0,No
CUST3239,33,Male,Faridabad,Haryana,Tier 1,Athlete,49600,10.0,Punjab Kings,Shikhar Dhawan,6,JioHotstar,Yes,6260,Brand Website,31,Mobile,100.0,Yes
CUST3240,53,Male,Udaipur,Rajasthan,Tier 2,Business,123500,8.3,Rajasthan Royals,Yashasvi Jaiswal,2,TV,No,2460,Local Store,5,Smart TV,61.0,No
CUST3241,35,Female,Thane,Maharashtra,Tier 1,Working Professional,80400,10.0,Mumbai Indians,Rohit Sharma,5,JioHotstar,Yes,3660,Amazon,21,Mobile,98.0,Yes
CUST3242,45,Male,Vijayawada,Andhra Pradesh,Tier 2,Working Professional,80400,9.8,Sunrisers Hyderabad,Pat Cummins,4,JioHotstar,No,3060,Flipkart,12,Laptop,81.5,No
CUST3243,26,Male,Gaya,Bihar,Tier 2,Student,12700,10.0,Chennai Super Kings,MS Dhoni,7,JioHotstar,Yes,2660,Amazon,35,Mobile,100.0,Yes
CUST3244,52,Female,Salem,Tamil Nadu,Tier 2,Business,118500,8.5,Chennai Super Kings,Ravindra Jadeja,2,TV,No,2560,Local Store,5,Smart TV,61.0,No
CUST3245,38,Male,Delhi,Delhi,Tier 1,Working Professional,88400,10.0,Delhi Capitals,Rishabh Pant,5,JioHotstar,Yes,3960,Brand Website,20,Laptop,96.0,Yes
CUST3246,28,Female,Tirupati,Andhra Pradesh,Tier 2,Student,16400,10.0,Sunrisers Hyderabad,Travis Head,6,JioHotstar,Yes,3060,Amazon,29,Mobile,100.0,Yes
CUST3247,43,Male,Noida,Uttar Pradesh,Tier 1,Working Professional,95400,10.0,Lucknow Super Giants,Nicholas Pooran,4,JioHotstar,No,3460,Brand Website,14,Laptop,88.5,No
CUST3248,27,Male,Jamshedpur,Jharkhand,Tier 2,Student,13800,10.0,Kolkata Knight Riders,Rinku Singh,7,JioHotstar,Yes,2760,Amazon,36,Mobile,100.0,Yes
CUST3249,51,Female,Nagpur,Maharashtra,Tier 2,Coach,86400,9.0,Mumbai Indians,Jasprit Bumrah,3,TV,No,4160,Brand Website,9,Smart TV,69.5,No
CUST3250,34,Male,Ahmedabad,Gujarat,Tier 1,Athlete,50600,10.0,Gujarat Titans,Rashid Khan,6,JioHotstar,Yes,6360,Brand Website,32,Mobile,100.0,Yes
CUST3251,39,Female,Kolkata,West Bengal,Tier 1,Working Professional,85400,10.0,Kolkata Knight Riders,Andre Russell,5,JioHotstar,Yes,3560,Amazon,20,Laptop,96.5,Yes
CUST3252,54,Male,Nagpur,Maharashtra,Tier 2,Business,125500,8.2,Mumbai Indians,Suryakumar Yadav,2,TV,No,2360,Local Store,4,Smart TV,60.5,No
CUST3253,30,Male,Patna,Bihar,Tier 2,Student,16400,10.0,Chennai Super Kings,Ruturaj Gaikwad,7,JioHotstar,Yes,3060,Amazon,31,Mobile,100.0,Yes
CUST3254,46,Female,Kochi,Kerala,Tier 2,Working Professional,82400,9.7,Mumbai Indians,Jasprit Bumrah,4,TV,No,3160,Flipkart,12,Laptop,81.5,No
CUST3255,32,Male,Hyderabad,Telangana,Tier 1,Working Professional,71400,10.0,Sunrisers Hyderabad,Pat Cummins,6,JioHotstar,Yes,4160,Amazon,26,Mobile,100.0,Yes
CUST3256,25,Male,Guwahati,Assam,Tier 2,Student,11800,10.0,Royal Challengers Bengaluru,Virat Kohli,7,JioHotstar,Yes,2460,Amazon,38,Mobile,100.0,Yes
CUST3257,48,Female,Indore,Madhya Pradesh,Tier 2,Coach,83400,9.3,Rajasthan Royals,Sanju Samson,3,TV,No,3960,Brand Website,9,Smart TV,70.0,No
CUST3258,36,Male,Mumbai,Maharashtra,Tier 1,Working Professional,86400,10.0,Mumbai Indians,Rohit Sharma,5,JioHotstar,Yes,3860,Amazon,22,Laptop,99.0,Yes
CUST3259,27,Female,Ranchi,Jharkhand,Tier 2,Student,14000,10.0,Kolkata Knight Riders,Sunil Narine,7,JioHotstar,Yes,2760,Amazon,33,Mobile,100.0,Yes
CUST3260,53,Male,Jaipur,Rajasthan,Tier 2,Business,120500,8.6,Rajasthan Royals,Jos Buttler,2,TV,No,2560,Local Store,5,Smart TV,62.0,No
CUST3261,33,Female,Pune,Maharashtra,Tier 1,Working Professional,78000,10.0,Chennai Super Kings,MS Dhoni,5,JioHotstar,Yes,3780,Amazon,22,Mobile,98.5,Yes
CUST3262,41,Male,Bengaluru,Karnataka,Tier 1,Working Professional,93900,10.0,Royal Challengers Bengaluru,Virat Kohli,4,JioHotstar,No,3480,Brand Website,15,Laptop,89.5,No
CUST3263,24,Male,Kanpur,Uttar Pradesh,Tier 2,Student,11300,10.0,Lucknow Super Giants,KL Rahul,7,JioHotstar,Yes,2380,Amazon,39,Mobile,100.0,Yes
CUST3264,49,Female,Visakhapatnam,Andhra Pradesh,Tier 2,Business,107700,8.8,Sunrisers Hyderabad,Pat Cummins,2,TV,No,2680,Local Store,5,Smart TV,63.0,No
CUST3265,30,Male,Delhi,Delhi,Tier 1,Athlete,48800,10.0,Delhi Capitals,Rishabh Pant,6,JioHotstar,Yes,6180,Brand Website,32,Mobile,100.0,Yes
CUST3266,44,Female,Ahmedabad,Gujarat,Tier 1,Working Professional,87700,10.0,Gujarat Titans,Shubman Gill,4,JioHotstar,No,3280,Flipkart,13,Laptop,86.5,No
CUST3267,26,Male,Dhanbad,Jharkhand,Tier 2,Student,13300,10.0,Kolkata Knight Riders,Rinku Singh,7,JioHotstar,Yes,2680,Amazon,35,Mobile,100.0,Yes
CUST3268,51,Male,Coimbatore,Tamil Nadu,Tier 2,Coach,84700,9.3,Chennai Super Kings,Ravindra Jadeja,3,TV,No,4180,Brand Website,9,Smart TV,70.0,No
CUST3269,36,Female,Chandigarh,Chandigarh,Tier 1,Working Professional,77700,10.0,Punjab Kings,Arshdeep Singh,5,JioHotstar,Yes,3780,Amazon,20,Mobile,97.0,Yes
CUST3270,23,Male,Aligarh,Uttar Pradesh,Tier 3,Student,10700,10.0,Royal Challengers Bengaluru,Virat Kohli,7,JioHotstar,Yes,2180,Amazon,38,Mobile,100.0,Yes
CUST3271,40,Male,Hyderabad,Telangana,Tier 1,Working Professional,90700,10.0,Sunrisers Hyderabad,Travis Head,5,JioHotstar,No,3780,Brand Website,15,Laptop,91.0,Yes
CUST3272,47,Female,Bhopal,Madhya Pradesh,Tier 2,Working Professional,81700,9.6,Mumbai Indians,Hardik Pandya,4,TV,No,3080,Flipkart,11,Laptop,80.5,No
CUST3273,29,Male,Meerut,Uttar Pradesh,Tier 2,Student,16900,10.0,Lucknow Super Giants,Nicholas Pooran,6,JioHotstar,Yes,3180,Amazon,29,Mobile,100.0,Yes
CUST3274,55,Male,Jodhpur,Rajasthan,Tier 2,Business,132000,8.0,Rajasthan Royals,Sanju Samson,2,TV,No,2280,Local Store,4,Smart TV,58.5,No
CUST3275,31,Female,Mumbai,Maharashtra,Tier 1,Working Professional,73700,10.0,Mumbai Indians,Suryakumar Yadav,5,JioHotstar,Yes,3580,Amazon,22,Mobile,99.5,Yes
CUST3276,42,Male,Lucknow,Uttar Pradesh,Tier 1,Working Professional,92700,10.0,Lucknow Super Giants,KL Rahul,4,JioHotstar,No,3380,Brand Website,14,Laptop,88.0,No
CUST3277,25,Male,Siliguri,West Bengal,Tier 2,Student,12400,10.0,Kolkata Knight Riders,Andre Russell,7,JioHotstar,Yes,2580,Amazon,36,Mobile,100.0,Yes
CUST3278,50,Female,Warangal,Telangana,Tier 2,Coach,83700,9.2,Sunrisers Hyderabad,Heinrich Klaasen,3,TV,No,4080,Brand Website,9,Smart TV,69.5,No
CUST3279,33,Male,Faridabad,Haryana,Tier 1,Athlete,49800,10.0,Punjab Kings,Shikhar Dhawan,6,JioHotstar,Yes,6280,Brand Website,31,Mobile,100.0,Yes
CUST3280,53,Male,Udaipur,Rajasthan,Tier 2,Business,124000,8.4,Rajasthan Royals,Yashasvi Jaiswal,2,TV,No,2480,Local Store,5,Smart TV,61.5,No
CUST3281,35,Female,Thane,Maharashtra,Tier 1,Working Professional,80700,10.0,Mumbai Indians,Rohit Sharma,5,JioHotstar,Yes,3680,Amazon,21,Mobile,98.5,Yes
CUST3282,45,Male,Vijayawada,Andhra Pradesh,Tier 2,Working Professional,80700,9.9,Sunrisers Hyderabad,Pat Cummins,4,JioHotstar,No,3080,Flipkart,12,Laptop,82.0,No
CUST3283,26,Male,Gaya,Bihar,Tier 2,Student,12800,10.0,Chennai Super Kings,MS Dhoni,7,JioHotstar,Yes,2680,Amazon,35,Mobile,100.0,Yes
CUST3284,52,Female,Salem,Tamil Nadu,Tier 2,Business,119000,8.6,Chennai Super Kings,Ravindra Jadeja,2,TV,No,2580,Local Store,5,Smart TV,61.5,No
CUST3285,38,Male,Delhi,Delhi,Tier 1,Working Professional,88700,10.0,Delhi Capitals,Rishabh Pant,5,JioHotstar,Yes,3980,Brand Website,20,Laptop,96.5,Yes
CUST3286,28,Female,Tirupati,Andhra Pradesh,Tier 2,Student,16500,10.0,Sunrisers Hyderabad,Travis Head,6,JioHotstar,Yes,3080,Amazon,29,Mobile,100.0,Yes
CUST3287,43,Male,Noida,Uttar Pradesh,Tier 1,Working Professional,95700,10.0,Lucknow Super Giants,Nicholas Pooran,4,JioHotstar,No,3480,Brand Website,14,Laptop,89.0,No
CUST3288,27,Male,Jamshedpur,Jharkhand,Tier 2,Student,13900,10.0,Kolkata Knight Riders,Rinku Singh,7,JioHotstar,Yes,2780,Amazon,36,Mobile,100.0,Yes
CUST3289,51,Female,Nagpur,Maharashtra,Tier 2,Coach,86700,9.1,Mumbai Indians,Jasprit Bumrah,3,TV,No,4180,Brand Website,9,Smart TV,70.0,No
CUST3290,34,Male,Ahmedabad,Gujarat,Tier 1,Athlete,50800,10.0,Gujarat Titans,Rashid Khan,6,JioHotstar,Yes,6380,Brand Website,32,Mobile,100.0,Yes
CUST3291,39,Female,Kolkata,West Bengal,Tier 1,Working Professional,85700,10.0,Kolkata Knight Riders,Andre Russell,5,JioHotstar,Yes,3580,Amazon,20,Laptop,97.0,Yes
CUST3292,54,Male,Nagpur,Maharashtra,Tier 2,Business,126000,8.3,Mumbai Indians,Suryakumar Yadav,2,TV,No,2380,Local Store,4,Smart TV,61.0,No
CUST3293,30,Male,Patna,Bihar,Tier 2,Student,16500,10.0,Chennai Super Kings,Ruturaj Gaikwad,7,JioHotstar,Yes,3080,Amazon,31,Mobile,100.0,Yes
CUST3294,46,Female,Kochi,Kerala,Tier 2,Working Professional,82700,9.8,Mumbai Indians,Jasprit Bumrah,4,TV,No,3180,Flipkart,12,Laptop,82.0,No
CUST3295,32,Male,Hyderabad,Telangana,Tier 1,Working Professional,71700,10.0,Sunrisers Hyderabad,Pat Cummins,6,JioHotstar,Yes,4180,Amazon,26,Mobile,100.0,Yes
CUST3296,25,Male,Guwahati,Assam,Tier 2,Student,11900,10.0,Royal Challengers Bengaluru,Virat Kohli,7,JioHotstar,Yes,2480,Amazon,38,Mobile,100.0,Yes
CUST3297,48,Female,Indore,Madhya Pradesh,Tier 2,Coach,83700,9.4,Rajasthan Royals,Sanju Samson,3,TV,No,3980,Brand Website,9,Smart TV,70.5,No
CUST3298,36,Male,Mumbai,Maharashtra,Tier 1,Working Professional,86700,10.0,Mumbai Indians,Rohit Sharma,5,JioHotstar,Yes,3880,Amazon,22,Laptop,99.5,Yes
CUST3299,27,Female,Ranchi,Jharkhand,Tier 2,Student,14100,10.0,Kolkata Knight Riders,Sunil Narine,7,JioHotstar,Yes,2780,Amazon,33,Mobile,100.0,Yes
CUST3300,53,Male,Jaipur,Rajasthan,Tier 2,Business,121000,8.7,Rajasthan Royals,Jos Buttler,2,TV,No,2580,Local Store,5,Smart TV,62.5,No
CUST3301,34,Female,Pune,Maharashtra,Tier 1,Working Professional,78300,10.0,Chennai Super Kings,MS Dhoni,5,JioHotstar,Yes,3800,Amazon,22,Mobile,99.0,Yes
CUST3302,42,Male,Bengaluru,Karnataka,Tier 1,Working Professional,94200,10.0,Royal Challengers Bengaluru,Virat Kohli,4,JioHotstar,No,3500,Brand Website,15,Laptop,90.0,No
CUST3303,25,Male,Kanpur,Uttar Pradesh,Tier 2,Student,11400,10.0,Lucknow Super Giants,KL Rahul,7,JioHotstar,Yes,2400,Amazon,39,Mobile,100.0,Yes
CUST3304,50,Female,Visakhapatnam,Andhra Pradesh,Tier 2,Business,108000,8.9,Sunrisers Hyderabad,Pat Cummins,2,TV,No,2700,Local Store,5,Smart TV,63.5,No
CUST3305,31,Male,Delhi,Delhi,Tier 1,Athlete,49000,10.0,Delhi Capitals,Rishabh Pant,6,JioHotstar,Yes,6200,Brand Website,32,Mobile,100.0,Yes
CUST3306,45,Female,Ahmedabad,Gujarat,Tier 1,Working Professional,88000,10.0,Gujarat Titans,Shubman Gill,4,JioHotstar,No,3300,Flipkart,13,Laptop,87.0,No
CUST3307,27,Male,Dhanbad,Jharkhand,Tier 2,Student,13400,10.0,Kolkata Knight Riders,Rinku Singh,7,JioHotstar,Yes,2700,Amazon,35,Mobile,100.0,Yes
CUST3308,52,Male,Coimbatore,Tamil Nadu,Tier 2,Coach,85000,9.4,Chennai Super Kings,Ravindra Jadeja,3,TV,No,4200,Brand Website,9,Smart TV,70.5,No
CUST3309,37,Female,Chandigarh,Chandigarh,Tier 1,Working Professional,78000,10.0,Punjab Kings,Arshdeep Singh,5,JioHotstar,Yes,3800,Amazon,20,Mobile,97.5,Yes
CUST3310,24,Male,Aligarh,Uttar Pradesh,Tier 3,Student,10800,10.0,Royal Challengers Bengaluru,Virat Kohli,7,JioHotstar,Yes,2200,Amazon,38,Mobile,100.0,Yes
CUST3311,41,Male,Hyderabad,Telangana,Tier 1,Working Professional,91000,10.0,Sunrisers Hyderabad,Travis Head,5,JioHotstar,No,3800,Brand Website,15,Laptop,91.5,Yes
CUST3312,48,Female,Bhopal,Madhya Pradesh,Tier 2,Working Professional,82000,9.7,Mumbai Indians,Hardik Pandya,4,TV,No,3100,Flipkart,11,Laptop,81.0,No
CUST3313,30,Male,Meerut,Uttar Pradesh,Tier 2,Student,17000,10.0,Lucknow Super Giants,Nicholas Pooran,6,JioHotstar,Yes,3200,Amazon,29,Mobile,100.0,Yes
CUST3314,55,Male,Jodhpur,Rajasthan,Tier 2,Business,132500,8.1,Rajasthan Royals,Sanju Samson,2,TV,No,2300,Local Store,4,Smart TV,59.0,No
CUST3315,32,Female,Mumbai,Maharashtra,Tier 1,Working Professional,74000,10.0,Mumbai Indians,Suryakumar Yadav,5,JioHotstar,Yes,3600,Amazon,22,Mobile,100.0,Yes
CUST3316,43,Male,Lucknow,Uttar Pradesh,Tier 1,Working Professional,93000,10.0,Lucknow Super Giants,KL Rahul,4,JioHotstar,No,3400,Brand Website,14,Laptop,88.5,No
CUST3317,26,Male,Siliguri,West Bengal,Tier 2,Student,12500,10.0,Kolkata Knight Riders,Andre Russell,7,JioHotstar,Yes,2600,Amazon,36,Mobile,100.0,Yes
CUST3318,51,Female,Warangal,Telangana,Tier 2,Coach,84000,9.3,Sunrisers Hyderabad,Heinrich Klaasen,3,TV,No,4100,Brand Website,9,Smart TV,70.0,No
CUST3319,34,Male,Faridabad,Haryana,Tier 1,Athlete,50000,10.0,Punjab Kings,Shikhar Dhawan,6,JioHotstar,Yes,6300,Brand Website,31,Mobile,100.0,Yes
CUST3320,54,Male,Udaipur,Rajasthan,Tier 2,Business,124500,8.5,Rajasthan Royals,Yashasvi Jaiswal,2,TV,No,2500,Local Store,5,Smart TV,62.0,No
CUST3321,36,Female,Thane,Maharashtra,Tier 1,Working Professional,81000,10.0,Mumbai Indians,Rohit Sharma,5,JioHotstar,Yes,3700,Amazon,21,Mobile,99.0,Yes
CUST3322,46,Male,Vijayawada,Andhra Pradesh,Tier 2,Working Professional,81000,10.0,Sunrisers Hyderabad,Pat Cummins,4,JioHotstar,No,3100,Flipkart,12,Laptop,82.5,No
CUST3323,27,Male,Gaya,Bihar,Tier 2,Student,12900,10.0,Chennai Super Kings,MS Dhoni,7,JioHotstar,Yes,2700,Amazon,35,Mobile,100.0,Yes
CUST3324,53,Female,Salem,Tamil Nadu,Tier 2,Business,119500,8.7,Chennai Super Kings,Ravindra Jadeja,2,TV,No,2600,Local Store,5,Smart TV,62.0,No
CUST3325,39,Male,Delhi,Delhi,Tier 1,Working Professional,89000,10.0,Delhi Capitals,Rishabh Pant,5,JioHotstar,Yes,4000,Brand Website,20,Laptop,97.0,Yes
CUST3326,29,Female,Tirupati,Andhra Pradesh,Tier 2,Student,16600,10.0,Sunrisers Hyderabad,Travis Head,6,JioHotstar,Yes,3100,Amazon,29,Mobile,100.0,Yes
CUST3327,44,Male,Noida,Uttar Pradesh,Tier 1,Working Professional,96000,10.0,Lucknow Super Giants,Nicholas Pooran,4,JioHotstar,No,3500,Brand Website,14,Laptop,89.5,No
CUST3328,28,Male,Jamshedpur,Jharkhand,Tier 2,Student,14000,10.0,Kolkata Knight Riders,Rinku Singh,7,JioHotstar,Yes,2800,Amazon,36,Mobile,100.0,Yes
CUST3329,52,Female,Nagpur,Maharashtra,Tier 2,Coach,87000,9.2,Mumbai Indians,Jasprit Bumrah,3,TV,No,4200,Brand Website,9,Smart TV,70.5,No
CUST3330,35,Male,Ahmedabad,Gujarat,Tier 1,Athlete,51000,10.0,Gujarat Titans,Rashid Khan,6,JioHotstar,Yes,6400,Brand Website,32,Mobile,100.0,Yes
CUST3331,40,Female,Kolkata,West Bengal,Tier 1,Working Professional,86000,10.0,Kolkata Knight Riders,Andre Russell,5,JioHotstar,Yes,3600,Amazon,20,Laptop,97.5,Yes
CUST3332,55,Male,Nagpur,Maharashtra,Tier 2,Business,126500,8.4,Mumbai Indians,Suryakumar Yadav,2,TV,No,2400,Local Store,4,Smart TV,61.5,No
CUST3333,31,Male,Patna,Bihar,Tier 2,Student,16600,10.0,Chennai Super Kings,Ruturaj Gaikwad,7,JioHotstar,Yes,3100,Amazon,31,Mobile,100.0,Yes
CUST3334,47,Female,Kochi,Kerala,Tier 2,Working Professional,83000,9.9,Mumbai Indians,Jasprit Bumrah,4,TV,No,3200,Flipkart,12,Laptop,82.5,No
CUST3335,33,Male,Hyderabad,Telangana,Tier 1,Working Professional,72000,10.0,Sunrisers Hyderabad,Pat Cummins,6,JioHotstar,Yes,4200,Amazon,26,Mobile,100.0,Yes
CUST3336,26,Male,Guwahati,Assam,Tier 2,Student,12000,10.0,Royal Challengers Bengaluru,Virat Kohli,7,JioHotstar,Yes,2500,Amazon,38,Mobile,100.0,Yes
CUST3337,49,Female,Indore,Madhya Pradesh,Tier 2,Coach,84000,9.5,Rajasthan Royals,Sanju Samson,3,TV,No,4000,Brand Website,9,Smart TV,71.0,No
CUST3338,37,Male,Mumbai,Maharashtra,Tier 1,Working Professional,87000,10.0,Mumbai Indians,Rohit Sharma,5,JioHotstar,Yes,3900,Amazon,22,Laptop,100.0,Yes
CUST3339,28,Female,Ranchi,Jharkhand,Tier 2,Student,14200,10.0,Kolkata Knight Riders,Sunil Narine,7,JioHotstar,Yes,2800,Amazon,33,Mobile,100.0,Yes
CUST3340,54,Male,Jaipur,Rajasthan,Tier 2,Business,121500,8.8,Rajasthan Royals,Jos Buttler,2,TV,No,2600,Local Store,5,Smart TV,63.0,No
CUST3341,34,Female,Pune,Maharashtra,Tier 1,Working Professional,78600,10.0,Chennai Super Kings,MS Dhoni,5,JioHotstar,Yes,3820,Amazon,22,Mobile,99.5,Yes
CUST3342,42,Male,Bengaluru,Karnataka,Tier 1,Working Professional,94500,10.0,Royal Challengers Bengaluru,Virat Kohli,4,JioHotstar,No,3520,Brand Website,15,Laptop,90.5,No
CUST3343,25,Male,Kanpur,Uttar Pradesh,Tier 2,Student,11500,10.0,Lucknow Super Giants,KL Rahul,7,JioHotstar,Yes,2420,Amazon,39,Mobile,100.0,Yes
CUST3344,50,Female,Visakhapatnam,Andhra Pradesh,Tier 2,Business,108300,9.0,Sunrisers Hyderabad,Pat Cummins,2,TV,No,2720,Local Store,5,Smart TV,64.0,No
CUST3345,31,Male,Delhi,Delhi,Tier 1,Athlete,49200,10.0,Delhi Capitals,Rishabh Pant,6,JioHotstar,Yes,6220,Brand Website,32,Mobile,100.0,Yes
CUST3346,45,Female,Ahmedabad,Gujarat,Tier 1,Working Professional,88300,10.0,Gujarat Titans,Shubman Gill,4,JioHotstar,No,3320,Flipkart,13,Laptop,87.5,No
CUST3347,27,Male,Dhanbad,Jharkhand,Tier 2,Student,13500,10.0,Kolkata Knight Riders,Rinku Singh,7,JioHotstar,Yes,2720,Amazon,35,Mobile,100.0,Yes
CUST3348,52,Male,Coimbatore,Tamil Nadu,Tier 2,Coach,85300,9.5,Chennai Super Kings,Ravindra Jadeja,3,TV,No,4220,Brand Website,9,Smart TV,71.0,No
CUST3349,37,Female,Chandigarh,Chandigarh,Tier 1,Working Professional,78300,10.0,Punjab Kings,Arshdeep Singh,5,JioHotstar,Yes,3820,Amazon,20,Mobile,98.0,Yes
CUST3350,24,Male,Aligarh,Uttar Pradesh,Tier 3,Student,10900,10.0,Royal Challengers Bengaluru,Virat Kohli,7,JioHotstar,Yes,2220,Amazon,38,Mobile,100.0,Yes
CUST3351,41,Male,Hyderabad,Telangana,Tier 1,Working Professional,91300,10.0,Sunrisers Hyderabad,Travis Head,5,JioHotstar,No,3820,Brand Website,15,Laptop,92.0,Yes
CUST3352,48,Female,Bhopal,Madhya Pradesh,Tier 2,Working Professional,82300,9.8,Mumbai Indians,Hardik Pandya,4,TV,No,3120,Flipkart,11,Laptop,81.5,No
CUST3353,30,Male,Meerut,Uttar Pradesh,Tier 2,Student,17100,10.0,Lucknow Super Giants,Nicholas Pooran,6,JioHotstar,Yes,3220,Amazon,29,Mobile,100.0,Yes
CUST3354,55,Male,Jodhpur,Rajasthan,Tier 2,Business,133000,8.2,Rajasthan Royals,Sanju Samson,2,TV,No,2320,Local Store,4,Smart TV,59.5,No
CUST3355,32,Female,Mumbai,Maharashtra,Tier 1,Working Professional,74300,10.0,Mumbai Indians,Suryakumar Yadav,5,JioHotstar,Yes,3620,Amazon,22,Mobile,100.0,Yes
CUST3356,43,Male,Lucknow,Uttar Pradesh,Tier 1,Working Professional,93300,10.0,Lucknow Super Giants,KL Rahul,4,JioHotstar,No,3420,Brand Website,14,Laptop,89.0,No
CUST3357,26,Male,Siliguri,West Bengal,Tier 2,Student,12600,10.0,Kolkata Knight Riders,Andre Russell,7,JioHotstar,Yes,2620,Amazon,36,Mobile,100.0,Yes
CUST3358,51,Female,Warangal,Telangana,Tier 2,Coach,84300,9.4,Sunrisers Hyderabad,Heinrich Klaasen,3,TV,No,4120,Brand Website,9,Smart TV,70.5,No
CUST3359,34,Male,Faridabad,Haryana,Tier 1,Athlete,50200,10.0,Punjab Kings,Shikhar Dhawan,6,JioHotstar,Yes,6320,Brand Website,31,Mobile,100.0,Yes
CUST3360,54,Male,Udaipur,Rajasthan,Tier 2,Business,125000,8.6,Rajasthan Royals,Yashasvi Jaiswal,2,TV,No,2520,Local Store,5,Smart TV,62.5,No
CUST3361,36,Female,Thane,Maharashtra,Tier 1,Working Professional,81300,10.0,Mumbai Indians,Rohit Sharma,5,JioHotstar,Yes,3720,Amazon,21,Mobile,99.5,Yes
CUST3362,46,Male,Vijayawada,Andhra Pradesh,Tier 2,Working Professional,81300,10.0,Sunrisers Hyderabad,Pat Cummins,4,JioHotstar,No,3120,Flipkart,12,Laptop,83.0,No
CUST3363,27,Male,Gaya,Bihar,Tier 2,Student,13000,10.0,Chennai Super Kings,MS Dhoni,7,JioHotstar,Yes,2720,Amazon,35,Mobile,100.0,Yes
CUST3364,53,Female,Salem,Tamil Nadu,Tier 2,Business,120000,8.8,Chennai Super Kings,Ravindra Jadeja,2,TV,No,2620,Local Store,5,Smart TV,62.5,No
CUST3365,39,Male,Delhi,Delhi,Tier 1,Working Professional,89300,10.0,Delhi Capitals,Rishabh Pant,5,JioHotstar,Yes,4020,Brand Website,20,Laptop,97.5,Yes
CUST3366,29,Female,Tirupati,Andhra Pradesh,Tier 2,Student,16700,10.0,Sunrisers Hyderabad,Travis Head,6,JioHotstar,Yes,3120,Amazon,29,Mobile,100.0,Yes
CUST3367,44,Male,Noida,Uttar Pradesh,Tier 1,Working Professional,96300,10.0,Lucknow Super Giants,Nicholas Pooran,4,JioHotstar,No,3520,Brand Website,14,Laptop,90.0,No
CUST3368,28,Male,Jamshedpur,Jharkhand,Tier 2,Student,14100,10.0,Kolkata Knight Riders,Rinku Singh,7,JioHotstar,Yes,2820,Amazon,36,Mobile,100.0,Yes
CUST3369,52,Female,Nagpur,Maharashtra,Tier 2,Coach,87300,9.3,Mumbai Indians,Jasprit Bumrah,3,TV,No,4220,Brand Website,9,Smart TV,71.0,No
CUST3370,35,Male,Ahmedabad,Gujarat,Tier 1,Athlete,51200,10.0,Gujarat Titans,Rashid Khan,6,JioHotstar,Yes,6420,Brand Website,32,Mobile,100.0,Yes
CUST3371,40,Female,Kolkata,West Bengal,Tier 1,Working Professional,86300,10.0,Kolkata Knight Riders,Andre Russell,5,JioHotstar,Yes,3620,Amazon,20,Laptop,98.0,Yes
CUST3372,55,Male,Nagpur,Maharashtra,Tier 2,Business,127000,8.5,Mumbai Indians,Suryakumar Yadav,2,TV,No,2420,Local Store,4,Smart TV,62.0,No
CUST3373,31,Male,Patna,Bihar,Tier 2,Student,16700,10.0,Chennai Super Kings,Ruturaj Gaikwad,7,JioHotstar,Yes,3120,Amazon,31,Mobile,100.0,Yes
CUST3374,47,Female,Kochi,Kerala,Tier 2,Working Professional,83300,10.0,Mumbai Indians,Jasprit Bumrah,4,TV,No,3220,Flipkart,12,Laptop,83.0,No
CUST3375,33,Male,Hyderabad,Telangana,Tier 1,Working Professional,72300,10.0,Sunrisers Hyderabad,Pat Cummins,6,JioHotstar,Yes,4220,Amazon,26,Mobile,100.0,Yes
CUST3376,26,Male,Guwahati,Assam,Tier 2,Student,12100,10.0,Royal Challengers Bengaluru,Virat Kohli,7,JioHotstar,Yes,2520,Amazon,38,Mobile,100.0,Yes
CUST3377,49,Female,Indore,Madhya Pradesh,Tier 2,Coach,84300,9.6,Rajasthan Royals,Sanju Samson,3,TV,No,4020,Brand Website,9,Smart TV,71.5,No
CUST3378,37,Male,Mumbai,Maharashtra,Tier 1,Working Professional,87300,10.0,Mumbai Indians,Rohit Sharma,5,JioHotstar,Yes,3920,Amazon,22,Laptop,100.0,Yes
CUST3379,28,Female,Ranchi,Jharkhand,Tier 2,Student,14300,10.0,Kolkata Knight Riders,Sunil Narine,7,JioHotstar,Yes,2820,Amazon,33,Mobile,100.0,Yes
CUST3380,54,Male,Jaipur,Rajasthan,Tier 2,Business,122000,8.9,Rajasthan Royals,Jos Buttler,2,TV,No,2620,Local Store,5,Smart TV,63.5,No
CUST3381,34,Female,Pune,Maharashtra,Tier 1,Working Professional,78900,10.0,Chennai Super Kings,MS Dhoni,5,JioHotstar,Yes,3840,Amazon,22,Mobile,100.0,Yes
CUST3382,42,Male,Bengaluru,Karnataka,Tier 1,Working Professional,94800,10.0,Royal Challengers Bengaluru,Virat Kohli,4,JioHotstar,No,3540,Brand Website,15,Laptop,91.0,No
CUST3383,25,Male,Kanpur,Uttar Pradesh,Tier 2,Student,11600,10.0,Lucknow Super Giants,KL Rahul,7,JioHotstar,Yes,2440,Amazon,39,Mobile,100.0,Yes
CUST3384,50,Female,Visakhapatnam,Andhra Pradesh,Tier 2,Business,108600,9.1,Sunrisers Hyderabad,Pat Cummins,2,TV,No,2740,Local Store,5,Smart TV,64.5,No
CUST3385,31,Male,Delhi,Delhi,Tier 1,Athlete,49400,10.0,Delhi Capitals,Rishabh Pant,6,JioHotstar,Yes,6240,Brand Website,32,Mobile,100.0,Yes
CUST3386,45,Female,Ahmedabad,Gujarat,Tier 1,Working Professional,88600,10.0,Gujarat Titans,Shubman Gill,4,JioHotstar,No,3340,Flipkart,13,Laptop,88.0,No
CUST3387,27,Male,Dhanbad,Jharkhand,Tier 2,Student,13600,10.0,Kolkata Knight Riders,Rinku Singh,7,JioHotstar,Yes,2740,Amazon,35,Mobile,100.0,Yes
CUST3388,52,Male,Coimbatore,Tamil Nadu,Tier 2,Coach,85600,9.6,Chennai Super Kings,Ravindra Jadeja,3,TV,No,4240,Brand Website,9,Smart TV,71.5,No
CUST3389,37,Female,Chandigarh,Chandigarh,Tier 1,Working Professional,78600,10.0,Punjab Kings,Arshdeep Singh,5,JioHotstar,Yes,3840,Amazon,20,Mobile,98.5,Yes
CUST3390,24,Male,Aligarh,Uttar Pradesh,Tier 3,Student,11000,10.0,Royal Challengers Bengaluru,Virat Kohli,7,JioHotstar,Yes,2240,Amazon,38,Mobile,100.0,Yes
CUST3391,41,Male,Hyderabad,Telangana,Tier 1,Working Professional,91600,10.0,Sunrisers Hyderabad,Travis Head,5,JioHotstar,No,3840,Brand Website,15,Laptop,92.5,Yes
CUST3392,48,Female,Bhopal,Madhya Pradesh,Tier 2,Working Professional,82600,9.9,Mumbai Indians,Hardik Pandya,4,TV,No,3140,Flipkart,11,Laptop,82.0,No
CUST3393,30,Male,Meerut,Uttar Pradesh,Tier 2,Student,17200,10.0,Lucknow Super Giants,Nicholas Pooran,6,JioHotstar,Yes,3240,Amazon,29,Mobile,100.0,Yes
CUST3394,55,Male,Jodhpur,Rajasthan,Tier 2,Business,133500,8.3,Rajasthan Royals,Sanju Samson,2,TV,No,2340,Local Store,4,Smart TV,60.0,No
CUST3395,32,Female,Mumbai,Maharashtra,Tier 1,Working Professional,74600,10.0,Mumbai Indians,Suryakumar Yadav,5,JioHotstar,Yes,3640,Amazon,22,Mobile,100.0,Yes
CUST3396,43,Male,Lucknow,Uttar Pradesh,Tier 1,Working Professional,93600,10.0,Lucknow Super Giants,KL Rahul,4,JioHotstar,No,3440,Brand Website,14,Laptop,89.5,No
CUST3397,26,Male,Siliguri,West Bengal,Tier 2,Student,12700,10.0,Kolkata Knight Riders,Andre Russell,7,JioHotstar,Yes,2640,Amazon,36,Mobile,100.0,Yes
CUST3398,51,Female,Warangal,Telangana,Tier 2,Coach,84600,9.5,Sunrisers Hyderabad,Heinrich Klaasen,3,TV,No,4140,Brand Website,9,Smart TV,71.0,No
CUST3399,34,Male,Faridabad,Haryana,Tier 1,Athlete,50400,10.0,Punjab Kings,Shikhar Dhawan,6,JioHotstar,Yes,6340,Brand Website,31,Mobile,100.0,Yes
CUST3400,54,Male,Udaipur,Rajasthan,Tier 2,Business,125500,8.7,Rajasthan Royals,Yashasvi Jaiswal,2,TV,No,2540,Local Store,5,Smart TV,63.0,No
CUST3401,36,Female,Thane,Maharashtra,Tier 1,Working Professional,81600,10.0,Mumbai Indians,Rohit Sharma,5,JioHotstar,Yes,3740,Amazon,21,Mobile,100.0,Yes
CUST3402,46,Male,Vijayawada,Andhra Pradesh,Tier 2,Working Professional,81600,10.0,Sunrisers Hyderabad,Pat Cummins,4,JioHotstar,No,3140,Flipkart,12,Laptop,83.5,No
CUST3403,27,Male,Gaya,Bihar,Tier 2,Student,13100,10.0,Chennai Super Kings,MS Dhoni,7,JioHotstar,Yes,2740,Amazon,35,Mobile,100.0,Yes
CUST3404,53,Female,Salem,Tamil Nadu,Tier 2,Business,120500,8.9,Chennai Super Kings,Ravindra Jadeja,2,TV,No,2640,Local Store,5,Smart TV,63.0,No
CUST3405,39,Male,Delhi,Delhi,Tier 1,Working Professional,89600,10.0,Delhi Capitals,Rishabh Pant,5,JioHotstar,Yes,4040,Brand Website,20,Laptop,98.0,Yes
CUST3406,29,Female,Tirupati,Andhra Pradesh,Tier 2,Student,16800,10.0,Sunrisers Hyderabad,Travis Head,6,JioHotstar,Yes,3140,Amazon,29,Mobile,100.0,Yes
CUST3407,44,Male,Noida,Uttar Pradesh,Tier 1,Working Professional,96600,10.0,Lucknow Super Giants,Nicholas Pooran,4,JioHotstar,No,3540,Brand Website,14,Laptop,90.5,No
CUST3408,28,Male,Jamshedpur,Jharkhand,Tier 2,Student,14200,10.0,Kolkata Knight Riders,Rinku Singh,7,JioHotstar,Yes,2840,Amazon,36,Mobile,100.0,Yes
CUST3409,52,Female,Nagpur,Maharashtra,Tier 2,Coach,87600,9.4,Mumbai Indians,Jasprit Bumrah,3,TV,No,4240,Brand Website,9,Smart TV,71.5,No
CUST3410,35,Male,Ahmedabad,Gujarat,Tier 1,Athlete,51400,10.0,Gujarat Titans,Rashid Khan,6,JioHotstar,Yes,6440,Brand Website,32,Mobile,100.0,Yes
CUST3411,40,Female,Kolkata,West Bengal,Tier 1,Working Professional,86600,10.0,Kolkata Knight Riders,Andre Russell,5,JioHotstar,Yes,3640,Amazon,20,Laptop,98.5,Yes
CUST3412,55,Male,Nagpur,Maharashtra,Tier 2,Business,127500,8.6,Mumbai Indians,Suryakumar Yadav,2,TV,No,2440,Local Store,4,Smart TV,62.5,No
CUST3413,31,Male,Patna,Bihar,Tier 2,Student,16800,10.0,Chennai Super Kings,Ruturaj Gaikwad,7,JioHotstar,Yes,3140,Amazon,31,Mobile,100.0,Yes
CUST3414,47,Female,Kochi,Kerala,Tier 2,Working Professional,83600,10.0,Mumbai Indians,Jasprit Bumrah,4,TV,No,3240,Flipkart,12,Laptop,83.5,No
CUST3415,33,Male,Hyderabad,Telangana,Tier 1,Working Professional,72600,10.0,Sunrisers Hyderabad,Pat Cummins,6,JioHotstar,Yes,4240,Amazon,26,Mobile,100.0,Yes
CUST3416,26,Male,Guwahati,Assam,Tier 2,Student,12200,10.0,Royal Challengers Bengaluru,Virat Kohli,7,JioHotstar,Yes,2540,Amazon,38,Mobile,100.0,Yes
CUST3417,49,Female,Indore,Madhya Pradesh,Tier 2,Coach,84600,9.7,Rajasthan Royals,Sanju Samson,3,TV,No,4040,Brand Website,9,Smart TV,72.0,No
CUST3418,37,Male,Mumbai,Maharashtra,Tier 1,Working Professional,87600,10.0,Mumbai Indians,Rohit Sharma,5,JioHotstar,Yes,3940,Amazon,22,Laptop,100.0,Yes
CUST3419,28,Female,Ranchi,Jharkhand,Tier 2,Student,14400,10.0,Kolkata Knight Riders,Sunil Narine,7,JioHotstar,Yes,2840,Amazon,33,Mobile,100.0,Yes
CUST3420,54,Male,Jaipur,Rajasthan,Tier 2,Business,122500,9.0,Rajasthan Royals,Jos Buttler,2,TV,No,2640,Local Store,5,Smart TV,64.0,No
CUST3421,34,Female,Pune,Maharashtra,Tier 1,Working Professional,79200,10.0,Chennai Super Kings,MS Dhoni,5,JioHotstar,Yes,3860,Amazon,22,Mobile,100.0,Yes
CUST3422,42,Male,Bengaluru,Karnataka,Tier 1,Working Professional,95100,10.0,Royal Challengers Bengaluru,Virat Kohli,4,JioHotstar,No,3560,Brand Website,15,Laptop,91.5,No
CUST3423,25,Male,Kanpur,Uttar Pradesh,Tier 2,Student,11700,10.0,Lucknow Super Giants,KL Rahul,7,JioHotstar,Yes,2460,Amazon,39,Mobile,100.0,Yes
CUST3424,50,Female,Visakhapatnam,Andhra Pradesh,Tier 2,Business,108900,9.2,Sunrisers Hyderabad,Pat Cummins,2,TV,No,2760,Local Store,5,Smart TV,65.0,No
CUST3425,31,Male,Delhi,Delhi,Tier 1,Athlete,49600,10.0,Delhi Capitals,Rishabh Pant,6,JioHotstar,Yes,6260,Brand Website,32,Mobile,100.0,Yes
CUST3426,45,Female,Ahmedabad,Gujarat,Tier 1,Working Professional,88900,10.0,Gujarat Titans,Shubman Gill,4,JioHotstar,No,3360,Flipkart,13,Laptop,88.5,No
CUST3427,27,Male,Dhanbad,Jharkhand,Tier 2,Student,13700,10.0,Kolkata Knight Riders,Rinku Singh,7,JioHotstar,Yes,2760,Amazon,35,Mobile,100.0,Yes
CUST3428,52,Male,Coimbatore,Tamil Nadu,Tier 2,Coach,85900,9.7,Chennai Super Kings,Ravindra Jadeja,3,TV,No,4260,Brand Website,9,Smart TV,72.0,No
CUST3429,37,Female,Chandigarh,Chandigarh,Tier 1,Working Professional,78900,10.0,Punjab Kings,Arshdeep Singh,5,JioHotstar,Yes,3860,Amazon,20,Mobile,99.0,Yes
CUST3430,24,Male,Aligarh,Uttar Pradesh,Tier 3,Student,11100,10.0,Royal Challengers Bengaluru,Virat Kohli,7,JioHotstar,Yes,2260,Amazon,38,Mobile,100.0,Yes
CUST3431,41,Male,Hyderabad,Telangana,Tier 1,Working Professional,91900,10.0,Sunrisers Hyderabad,Travis Head,5,JioHotstar,No,3860,Brand Website,15,Laptop,93.0,Yes
CUST3432,48,Female,Bhopal,Madhya Pradesh,Tier 2,Working Professional,82900,10.0,Mumbai Indians,Hardik Pandya,4,TV,No,3160,Flipkart,11,Laptop,82.5,No
CUST3433,30,Male,Meerut,Uttar Pradesh,Tier 2,Student,17300,10.0,Lucknow Super Giants,Nicholas Pooran,6,JioHotstar,Yes,3260,Amazon,29,Mobile,100.0,Yes
CUST3434,55,Male,Jodhpur,Rajasthan,Tier 2,Business,134000,8.4,Rajasthan Royals,Sanju Samson,2,TV,No,2360,Local Store,4,Smart TV,60.5,No
CUST3435,32,Female,Mumbai,Maharashtra,Tier 1,Working Professional,74900,10.0,Mumbai Indians,Suryakumar Yadav,5,JioHotstar,Yes,3660,Amazon,22,Mobile,100.0,Yes
CUST3436,43,Male,Lucknow,Uttar Pradesh,Tier 1,Working Professional,93900,10.0,Lucknow Super Giants,KL Rahul,4,JioHotstar,No,3460,Brand Website,14,Laptop,90.0,No
CUST3437,26,Male,Siliguri,West Bengal,Tier 2,Student,12800,10.0,Kolkata Knight Riders,Andre Russell,7,JioHotstar,Yes,2660,Amazon,36,Mobile,100.0,Yes
CUST3438,51,Female,Warangal,Telangana,Tier 2,Coach,84900,9.6,Sunrisers Hyderabad,Heinrich Klaasen,3,TV,No,4160,Brand Website,9,Smart TV,71.5,No
CUST3439,34,Male,Faridabad,Haryana,Tier 1,Athlete,50600,10.0,Punjab Kings,Shikhar Dhawan,6,JioHotstar,Yes,6360,Brand Website,31,Mobile,100.0,Yes
CUST3440,54,Male,Udaipur,Rajasthan,Tier 2,Business,126000,8.8,Rajasthan Royals,Yashasvi Jaiswal,2,TV,No,2560,Local Store,5,Smart TV,63.5,No
CUST3441,36,Female,Thane,Maharashtra,Tier 1,Working Professional,81900,10.0,Mumbai Indians,Rohit Sharma,5,JioHotstar,Yes,3760,Amazon,21,Mobile,100.0,Yes
CUST3442,46,Male,Vijayawada,Andhra Pradesh,Tier 2,Working Professional,81900,10.0,Sunrisers Hyderabad,Pat Cummins,4,JioHotstar,No,3160,Flipkart,12,Laptop,84.0,No
CUST3443,27,Male,Gaya,Bihar,Tier 2,Student,13200,10.0,Chennai Super Kings,MS Dhoni,7,JioHotstar,Yes,2760,Amazon,35,Mobile,100.0,Yes
CUST3444,53,Female,Salem,Tamil Nadu,Tier 2,Business,121000,9.0,Chennai Super Kings,Ravindra Jadeja,2,TV,No,2660,Local Store,5,Smart TV,63.5,No
CUST3445,39,Male,Delhi,Delhi,Tier 1,Working Professional,89900,10.0,Delhi Capitals,Rishabh Pant,5,JioHotstar,Yes,4060,Brand Website,20,Laptop,98.5,Yes
CUST3446,29,Female,Tirupati,Andhra Pradesh,Tier 2,Student,16900,10.0,Sunrisers Hyderabad,Travis Head,6,JioHotstar,Yes,3160,Amazon,29,Mobile,100.0,Yes
CUST3447,44,Male,Noida,Uttar Pradesh,Tier 1,Working Professional,96900,10.0,Lucknow Super Giants,Nicholas Pooran,4,JioHotstar,No,3560,Brand Website,14,Laptop,91.0,No
CUST3448,28,Male,Jamshedpur,Jharkhand,Tier 2,Student,14300,10.0,Kolkata Knight Riders,Rinku Singh,7,JioHotstar,Yes,2860,Amazon,36,Mobile,100.0,Yes
CUST3449,52,Female,Nagpur,Maharashtra,Tier 2,Coach,87900,9.5,Mumbai Indians,Jasprit Bumrah,3,TV,No,4260,Brand Website,9,Smart TV,72.0,No
CUST3450,35,Male,Ahmedabad,Gujarat,Tier 1,Athlete,51600,10.0,Gujarat Titans,Rashid Khan,6,JioHotstar,Yes,6460,Brand Website,32,Mobile,100.0,Yes
CUST3451,40,Female,Kolkata,West Bengal,Tier 1,Working Professional,86900,10.0,Kolkata Knight Riders,Andre Russell,5,JioHotstar,Yes,3660,Amazon,20,Laptop,99.0,Yes
CUST3452,55,Male,Nagpur,Maharashtra,Tier 2,Business,128000,8.7,Mumbai Indians,Suryakumar Yadav,2,TV,No,2460,Local Store,4,Smart TV,63.0,No
CUST3453,31,Male,Patna,Bihar,Tier 2,Student,16900,10.0,Chennai Super Kings,Ruturaj Gaikwad,7,JioHotstar,Yes,3160,Amazon,31,Mobile,100.0,Yes
CUST3454,47,Female,Kochi,Kerala,Tier 2,Working Professional,83900,10.0,Mumbai Indians,Jasprit Bumrah,4,TV,No,3260,Flipkart,12,Laptop,84.0,No
CUST3455,33,Male,Hyderabad,Telangana,Tier 1,Working Professional,72900,10.0,Sunrisers Hyderabad,Pat Cummins,6,JioHotstar,Yes,4260,Amazon,26,Mobile,100.0,Yes
CUST3456,26,Male,Guwahati,Assam,Tier 2,Student,12300,10.0,Royal Challengers Bengaluru,Virat Kohli,7,JioHotstar,Yes,2560,Amazon,38,Mobile,100.0,Yes
CUST3457,49,Female,Indore,Madhya Pradesh,Tier 2,Coach,84900,9.8,Rajasthan Royals,Sanju Samson,3,TV,No,4060,Brand Website,9,Smart TV,72.5,No
CUST3458,37,Male,Mumbai,Maharashtra,Tier 1,Working Professional,87900,10.0,Mumbai Indians,Rohit Sharma,5,JioHotstar,Yes,3960,Amazon,22,Laptop,100.0,Yes
CUST3459,28,Female,Ranchi,Jharkhand,Tier 2,Student,14500,10.0,Kolkata Knight Riders,Sunil Narine,7,JioHotstar,Yes,2860,Amazon,33,Mobile,100.0,Yes
CUST3460,54,Male,Jaipur,Rajasthan,Tier 2,Business,123000,9.1,Rajasthan Royals,Jos Buttler,2,TV,No,2660,Local Store,5,Smart TV,64.5,No
CUST3461,34,Female,Pune,Maharashtra,Tier 1,Working Professional,79500,10.0,Chennai Super Kings,MS Dhoni,5,JioHotstar,Yes,3880,Amazon,22,Mobile,100.0,Yes
CUST3462,42,Male,Bengaluru,Karnataka,Tier 1,Working Professional,95400,10.0,Royal Challengers Bengaluru,Virat Kohli,4,JioHotstar,No,3580,Brand Website,15,Laptop,92.0,No
CUST3463,25,Male,Kanpur,Uttar Pradesh,Tier 2,Student,11800,10.0,Lucknow Super Giants,KL Rahul,7,JioHotstar,Yes,2480,Amazon,39,Mobile,100.0,Yes
CUST3464,50,Female,Visakhapatnam,Andhra Pradesh,Tier 2,Business,109200,9.3,Sunrisers Hyderabad,Pat Cummins,2,TV,No,2780,Local Store,5,Smart TV,65.5,No
CUST3465,31,Male,Delhi,Delhi,Tier 1,Athlete,49800,10.0,Delhi Capitals,Rishabh Pant,6,JioHotstar,Yes,6280,Brand Website,32,Mobile,100.0,Yes
CUST3466,45,Female,Ahmedabad,Gujarat,Tier 1,Working Professional,89200,10.0,Gujarat Titans,Shubman Gill,4,JioHotstar,No,3380,Flipkart,13,Laptop,89.0,No
CUST3467,27,Male,Dhanbad,Jharkhand,Tier 2,Student,13800,10.0,Kolkata Knight Riders,Rinku Singh,7,JioHotstar,Yes,2780,Amazon,35,Mobile,100.0,Yes
CUST3468,52,Male,Coimbatore,Tamil Nadu,Tier 2,Coach,86200,9.8,Chennai Super Kings,Ravindra Jadeja,3,TV,No,4280,Brand Website,9,Smart TV,72.5,No
CUST3469,37,Female,Chandigarh,Chandigarh,Tier 1,Working Professional,79200,10.0,Punjab Kings,Arshdeep Singh,5,JioHotstar,Yes,3880,Amazon,20,Mobile,99.5,Yes
CUST3470,24,Male,Aligarh,Uttar Pradesh,Tier 3,Student,11200,10.0,Royal Challengers Bengaluru,Virat Kohli,7,JioHotstar,Yes,2280,Amazon,38,Mobile,100.0,Yes
CUST3471,41,Male,Hyderabad,Telangana,Tier 1,Working Professional,92200,10.0,Sunrisers Hyderabad,Travis Head,5,JioHotstar,No,3880,Brand Website,15,Laptop,93.5,Yes
CUST3472,48,Female,Bhopal,Madhya Pradesh,Tier 2,Working Professional,83200,10.0,Mumbai Indians,Hardik Pandya,4,TV,No,3180,Flipkart,11,Laptop,83.0,No
CUST3473,30,Male,Meerut,Uttar Pradesh,Tier 2,Student,17400,10.0,Lucknow Super Giants,Nicholas Pooran,6,JioHotstar,Yes,3280,Amazon,29,Mobile,100.0,Yes
CUST3474,55,Male,Jodhpur,Rajasthan,Tier 2,Business,134500,8.5,Rajasthan Royals,Sanju Samson,2,TV,No,2380,Local Store,4,Smart TV,61.0,No
CUST3475,32,Female,Mumbai,Maharashtra,Tier 1,Working Professional,75200,10.0,Mumbai Indians,Suryakumar Yadav,5,JioHotstar,Yes,3680,Amazon,22,Mobile,100.0,Yes
CUST3476,43,Male,Lucknow,Uttar Pradesh,Tier 1,Working Professional,94200,10.0,Lucknow Super Giants,KL Rahul,4,JioHotstar,No,3480,Brand Website,14,Laptop,90.5,No
CUST3477,26,Male,Siliguri,West Bengal,Tier 2,Student,12900,10.0,Kolkata Knight Riders,Andre Russell,7,JioHotstar,Yes,2680,Amazon,36,Mobile,100.0,Yes
CUST3478,51,Female,Warangal,Telangana,Tier 2,Coach,85200,9.7,Sunrisers Hyderabad,Heinrich Klaasen,3,TV,No,4180,Brand Website,9,Smart TV,72.0,No
CUST3479,34,Male,Faridabad,Haryana,Tier 1,Athlete,50800,10.0,Punjab Kings,Shikhar Dhawan,6,JioHotstar,Yes,6380,Brand Website,31,Mobile,100.0,Yes
CUST3480,54,Male,Udaipur,Rajasthan,Tier 2,Business,126500,8.9,Rajasthan Royals,Yashasvi Jaiswal,2,TV,No,2580,Local Store,5,Smart TV,64.0,No
CUST3481,36,Female,Thane,Maharashtra,Tier 1,Working Professional,82200,10.0,Mumbai Indians,Rohit Sharma,5,JioHotstar,Yes,3780,Amazon,21,Mobile,100.0,Yes
CUST3482,46,Male,Vijayawada,Andhra Pradesh,Tier 2,Working Professional,82200,10.0,Sunrisers Hyderabad,Pat Cummins,4,JioHotstar,No,3180,Flipkart,12,Laptop,84.5,No
CUST3483,27,Male,Gaya,Bihar,Tier 2,Student,13300,10.0,Chennai Super Kings,MS Dhoni,7,JioHotstar,Yes,2780,Amazon,35,Mobile,100.0,Yes
CUST3484,53,Female,Salem,Tamil Nadu,Tier 2,Business,121500,9.1,Chennai Super Kings,Ravindra Jadeja,2,TV,No,2680,Local Store,5,Smart TV,64.0,No
CUST3485,39,Male,Delhi,Delhi,Tier 1,Working Professional,90200,10.0,Delhi Capitals,Rishabh Pant,5,JioHotstar,Yes,4080,Brand Website,20,Laptop,99.0,Yes
CUST3486,29,Female,Tirupati,Andhra Pradesh,Tier 2,Student,17000,10.0,Sunrisers Hyderabad,Travis Head,6,JioHotstar,Yes,3180,Amazon,29,Mobile,100.0,Yes
CUST3487,44,Male,Noida,Uttar Pradesh,Tier 1,Working Professional,97200,10.0,Lucknow Super Giants,Nicholas Pooran,4,JioHotstar,No,3580,Brand Website,14,Laptop,91.5,No
CUST3488,28,Male,Jamshedpur,Jharkhand,Tier 2,Student,14400,10.0,Kolkata Knight Riders,Rinku Singh,7,JioHotstar,Yes,2880,Amazon,36,Mobile,100.0,Yes
CUST3489,52,Female,Nagpur,Maharashtra,Tier 2,Coach,88200,9.6,Mumbai Indians,Jasprit Bumrah,3,TV,No,4280,Brand Website,9,Smart TV,72.5,No
CUST3490,35,Male,Ahmedabad,Gujarat,Tier 1,Athlete,51800,10.0,Gujarat Titans,Rashid Khan,6,JioHotstar,Yes,6480,Brand Website,32,Mobile,100.0,Yes
CUST3491,40,Female,Kolkata,West Bengal,Tier 1,Working Professional,87200,10.0,Kolkata Knight Riders,Andre Russell,5,JioHotstar,Yes,3680,Amazon,20,Laptop,99.5,Yes
CUST3492,55,Male,Nagpur,Maharashtra,Tier 2,Business,128500,8.8,Mumbai Indians,Suryakumar Yadav,2,TV,No,2480,Local Store,4,Smart TV,63.5,No
CUST3493,31,Male,Patna,Bihar,Tier 2,Student,17000,10.0,Chennai Super Kings,Ruturaj Gaikwad,7,JioHotstar,Yes,3180,Amazon,31,Mobile,100.0,Yes
CUST3494,47,Female,Kochi,Kerala,Tier 2,Working Professional,84200,10.0,Mumbai Indians,Jasprit Bumrah,4,TV,No,3280,Flipkart,12,Laptop,84.5,No
CUST3495,33,Male,Hyderabad,Telangana,Tier 1,Working Professional,73200,10.0,Sunrisers Hyderabad,Pat Cummins,6,JioHotstar,Yes,4280,Amazon,26,Mobile,100.0,Yes
CUST3496,26,Male,Guwahati,Assam,Tier 2,Student,12400,10.0,Royal Challengers Bengaluru,Virat Kohli,7,JioHotstar,Yes,2580,Amazon,38,Mobile,100.0,Yes
CUST3497,49,Female,Indore,Madhya Pradesh,Tier 2,Coach,85200,9.9,Rajasthan Royals,Sanju Samson,3,TV,No,4080,Brand Website,9,Smart TV,73.0,No
CUST3498,37,Male,Mumbai,Maharashtra,Tier 1,Working Professional,88200,10.0,Mumbai Indians,Rohit Sharma,5,JioHotstar,Yes,3980,Amazon,22,Laptop,100.0,Yes
CUST3499,28,Female,Ranchi,Jharkhand,Tier 2,Student,14600,10.0,Kolkata Knight Riders,Sunil Narine,7,JioHotstar,Yes,2880,Amazon,33,Mobile,100.0,Yes
CUST3500,54,Male,Jaipur,Rajasthan,Tier 2,Business,123500,9.2,Rajasthan Royals,Jos Buttler,2,TV,No,2680,Local Store,5,Smart TV,65.0,No