engagement_id,customer_id,favorite_match_type,average_match_watch_time_minutes,matches_watched_per_season,preferred_ad_format,ad_click_rate,sports_content_watch_hours_per_week,engagement_during_csk_matches,engagement_during_rcb_matches,engagement_during_mi_matches,streaming_device_preference,second_screen_usage,social_media_activity_during_matches,engagement_potential_score
ENG000001,CUST0001,Rivalry Match,182,61,Short Reel,0.29,18.5,91,95,88,Mobile,Yes,High,93.4
ENG000002,CUST0002,League Match,124,39,Video Ad,0.14,8.2,67,61,59,Laptop,No,Medium,64.2
ENG000003,CUST0003,Playoffs,211,72,Influencer Promotion,0.32,21.4,94,92,90,Mobile,Yes,High,96.7
ENG000004,CUST0004,League Match,97,26,Banner Ad,0.07,4.3,52,48,46,Smart TV,No,Low,48.9
ENG000005,CUST0005,Finals,238,76,Short Reel,0.34,24.1,98,96,94,Mobile,Yes,High,98.1
ENG000006,CUST0006,League Match,146,43,Video Ad,0.16,9.5,69,71,66,Laptop,No,Medium,68.5
ENG000007,CUST0007,Rivalry Match,193,64,Short Reel,0.31,19.7,92,96,89,Mobile,Yes,High,94.6
ENG000008,CUST0008,League Match,165,41,Video Ad,0.13,7.9,63,58,61,Smart TV,No,Low,60.4
ENG000009,CUST0009,Playoffs,201,69,Influencer Promotion,0.28,18.9,90,93,88,Mobile,Yes,High,92.5
ENG000010,CUST0010,League Match,88,21,Banner Ad,0.05,3.2,44,49,42,Laptop,No,Low,43.8
ENG000011,CUST0011,Rivalry Match,175,58,Short Reel,0.27,16.3,87,91,85,Mobile,Yes,High,89.7
ENG000012,CUST0012,League Match,132,37,Video Ad,0.12,6.7,61,57,59,Smart TV,No,Medium,58.3
ENG000013,CUST0013,Playoffs,220,74,Influencer Promotion,0.33,22.5,96,94,92,Mobile,Yes,High,97.5
ENG000014,CUST0014,League Match,104,29,Banner Ad,0.08,4.6,55,52,49,Laptop,No,Low,50.2
ENG000015,CUST0015,Finals,231,78,Short Reel,0.35,25.3,99,97,95,Mobile,Yes,High,99.1
ENG000016,CUST0016,Rivalry Match,184,62,Video Ad,0.19,11.2,84,89,83,Laptop,Yes,Medium,85.4
ENG000017,CUST0017,League Match,143,42,Influencer Promotion,0.15,8.8,66,68,63,Mobile,Yes,Medium,66.9
ENG000018,CUST0018,League Match,112,31,Banner Ad,0.09,5.1,57,55,53,Smart TV,No,Low,53.7
ENG000019,CUST0019,Playoffs,214,71,Short Reel,0.30,20.2,93,95,91,Mobile,Yes,High,95.1
ENG000020,CUST0020,League Match,95,24,Banner Ad,0.06,3.8,48,46,44,Laptop,No,Low,45.5
ENG000021,CUST0021,Rivalry Match,178,57,Video Ad,0.21,12.4,86,88,84,Smart TV,Yes,Medium,86.2
ENG000022,CUST0022,League Match,149,45,Influencer Promotion,0.17,9.6,70,72,68,Mobile,Yes,Medium,70.8
ENG000023,CUST0023,Finals,240,79,Short Reel,0.34,24.9,97,98,96,Mobile,Yes,High,98.7
ENG000024,CUST0024,League Match,107,28,Banner Ad,0.08,4.2,54,50,51,Laptop,No,Low,49.6
ENG000025,CUST0025,Playoffs,206,68,Video Ad,0.26,17.5,89,91,87,Smart TV,Yes,High,91.3
ENG000026,CUST0026,Rivalry Match,189,63,Short Reel,0.29,18.8,91,94,89,Mobile,Yes,High,93.8
ENG000027,CUST0027,League Match,138,40,Influencer Promotion,0.14,7.4,64,66,62,Laptop,No,Medium,63.5
ENG000028,CUST0028,League Match,101,27,Banner Ad,0.07,4.0,53,51,47,Smart TV,No,Low,48.7
ENG000029,CUST0029,Finals,228,75,Short Reel,0.33,23.1,95,97,94,Mobile,Yes,High,97.9
ENG000030,CUST0030,Rivalry Match,171,56,Video Ad,0.22,13.7,85,87,82,Laptop,Yes,Medium,84.6
ENG000031,CUST0031,League Match,145,41,Influencer Promotion,0.16,8.9,68,65,66,Mobile,Yes,Medium,67.2
ENG000032,CUST0032,League Match,109,30,Banner Ad,0.09,5.3,56,53,52,Smart TV,No,Low,52.9
ENG000033,CUST0033,Playoffs,216,73,Short Reel,0.31,21.1,94,96,92,Mobile,Yes,High,96.0
ENG000034,CUST0034,League Match,93,23,Banner Ad,0.05,3.4,46,45,43,Laptop,No,Low,44.1
ENG000035,CUST0035,Finals,236,77,Short Reel,0.35,25.0,99,98,97,Mobile,Yes,High,99.4
ENG000036,CUST0036,Rivalry Match,180,60,Video Ad,0.24,15.1,88,90,86,Smart TV,Yes,High,89.8
ENG000037,CUST0037,League Match,136,38,Influencer Promotion,0.13,7.0,62,64,61,Laptop,No,Medium,61.7
ENG000038,CUST0038,League Match,116,32,Banner Ad,0.10,5.7,58,56,54,Smart TV,No,Low,54.9
ENG000039,CUST0039,Playoffs,209,70,Short Reel,0.28,19.4,92,94,90,Mobile,Yes,High,94.3
ENG000040,CUST0040,League Match,99,25,Banner Ad,0.06,3.9,49,47,45,Laptop,No,Low,46.0
ENG000041,CUST0041,Rivalry Match,186,61,Video Ad,0.23,14.5,87,89,85,Smart TV,Yes,Medium,87.6
ENG000042,CUST0042,League Match,141,43,Influencer Promotion,0.15,8.3,65,67,64,Mobile,Yes,Medium,65.8
ENG000043,CUST0043,Finals,233,76,Short Reel,0.34,24.4,98,97,95,Mobile,Yes,High,98.3
ENG000044,CUST0044,League Match,105,29,Banner Ad,0.08,4.5,55,52,50,Laptop,No,Low,50.6
ENG000045,CUST0045,Playoffs,203,67,Video Ad,0.25,17.0,88,90,86,Smart TV,Yes,High,90.5
ENG000046,CUST0046,Rivalry Match,192,65,Short Reel,0.30,19.9,93,95,91,Mobile,Yes,High,95.0
ENG000047,CUST0047,League Match,139,39,Influencer Promotion,0.14,7.6,63,65,62,Laptop,No,Medium,62.8
ENG000048,CUST0048,League Match,111,31,Banner Ad,0.09,5.0,57,54,53,Smart TV,No,Low,53.4
ENG000049,CUST0049,Finals,226,74,Short Reel,0.32,22.8,95,96,94,Mobile,Yes,High,97.1
ENG000050,CUST0050,Rivalry Match,174,57,Video Ad,0.20,12.9,84,86,83,Laptop,Yes,Medium,83.9
ENG000051,CUST0051,League Match,147,44,Influencer Promotion,0.16,9.2,69,70,67,Mobile,Yes,Medium,69.4
ENG000052,CUST0052,League Match,114,33,Banner Ad,0.10,5.6,58,55,54,Smart TV,No,Low,55.1
ENG000053,CUST0053,Playoffs,218,72,Short Reel,0.31,20.8,94,95,93,Mobile,Yes,High,96.2
ENG000054,CUST0054,League Match,96,24,Banner Ad,0.06,3.5,47,46,44,Laptop,No,Low,44.9
ENG000055,CUST0055,Finals,239,78,Short Reel,0.35,25.5,99,98,96,Mobile,Yes,High,99.0
ENG000056,CUST0056,Rivalry Match,182,59,Video Ad,0.22,13.9,86,88,84,Smart TV,Yes,Medium,86.7
ENG000057,CUST0057,League Match,134,37,Influencer Promotion,0.13,6.9,61,63,60,Laptop,No,Medium,60.9
ENG000058,CUST0058,League Match,118,34,Banner Ad,0.10,5.8,59,57,55,Smart TV,No,Low,55.8
ENG000059,CUST0059,Playoffs,212,69,Short Reel,0.29,18.7,91,93,89,Mobile,Yes,High,93.1
ENG000060,CUST0060,League Match,102,26,Banner Ad,0.07,4.1,51,49,47,Laptop,No,Low,47.8
ENG000061,CUST0061,Rivalry Match,188,63,Video Ad,0.24,15.0,89,91,87,Smart TV,Yes,High,90.2
ENG000062,CUST0062,League Match,144,42,Influencer Promotion,0.15,8.7,67,69,65,Mobile,Yes,Medium,67.5
ENG000063,CUST0063,Finals,235,77,Short Reel,0.34,24.7,98,97,96,Mobile,Yes,High,98.6
ENG000064,CUST0064,League Match,108,30,Banner Ad,0.08,4.8,56,53,51,Laptop,No,Low,51.2
ENG000065,CUST0065,Playoffs,205,68,Video Ad,0.26,17.2,89,92,88,Smart TV,Yes,High,91.7
ENG000066,CUST0066,Rivalry Match,191,64,Short Reel,0.30,19.5,92,95,90,Mobile,Yes,High,94.8
ENG000067,CUST0067,League Match,137,39,Influencer Promotion,0.14,7.3,63,64,61,Laptop,No,Medium,62.1
ENG000068,CUST0068,League Match,113,32,Banner Ad,0.09,5.4,57,55,52,Smart TV,No,Low,53.9
ENG000069,CUST0069,Finals,229,75,Short Reel,0.33,23.4,96,97,95,Mobile,Yes,High,97.8
ENG000070,CUST0070,Rivalry Match,176,58,Video Ad,0.21,13.1,85,87,84,Laptop,Yes,Medium,84.8
ENG000071,CUST0071,League Match,146,43,Influencer Promotion,0.16,8.5,68,69,66,Mobile,Yes,Medium,68.2
ENG000072,CUST0072,League Match,117,33,Banner Ad,0.10,5.5,58,56,54,Smart TV,No,Low,55.0
ENG000073,CUST0073,Playoffs,217,71,Short Reel,0.31,20.5,93,95,92,Mobile,Yes,High,95.7
ENG000074,CUST0074,League Match,94,22,Banner Ad,0.05,3.3,45,44,42,Laptop,No,Low,43.5
ENG000075,CUST0075,Finals,237,78,Short Reel,0.35,25.2,99,98,97,Mobile,Yes,High,99.3
ENG000076,CUST0076,Rivalry Match,183,60,Video Ad,0.23,14.1,87,89,85,Smart TV,Yes,Medium,87.1
ENG000077,CUST0077,League Match,135,38,Influencer Promotion,0.13,7.1,62,63,60,Laptop,No,Medium,61.2
ENG000078,CUST0078,League Match,119,35,Banner Ad,0.11,5.9,60,58,56,Smart TV,No,Low,56.3
ENG000079,CUST0079,Playoffs,213,70,Short Reel,0.29,19.1,92,94,91,Mobile,Yes,High,94.0
ENG000080,CUST0080,League Match,100,25,Banner Ad,0.07,4.0,50,48,46,Laptop,No,Low,47.1
ENG000081,CUST0081,Rivalry Match,187,62,Video Ad,0.24,14.8,88,90,86,Smart TV,Yes,High,89.9
ENG000082,CUST0082,League Match,142,41,Influencer Promotion,0.15,8.4,66,68,64,Mobile,Yes,Medium,66.7
ENG000083,CUST0083,Finals,232,76,Short Reel,0.34,24.3,97,98,95,Mobile,Yes,High,98.2
ENG000084,CUST0084,League Match,106,29,Banner Ad,0.08,4.4,54,52,50,Laptop,No,Low,50.1
ENG000085,CUST0085,Playoffs,204,67,Video Ad,0.25,16.8,88,90,87,Smart TV,Yes,High,90.9
ENG000086,CUST0086,Rivalry Match,190,64,Short Reel,0.30,19.6,92,94,90,Mobile,Yes,High,94.5
ENG000087,CUST0087,League Match,138,40,Influencer Promotion,0.14,7.5,64,65,62,Laptop,No,Medium,63.0
ENG000088,CUST0088,League Match,112,31,Banner Ad,0.09,5.2,57,54,53,Smart TV,No,Low,53.5
ENG000089,CUST0089,Finals,227,74,Short Reel,0.32,22.9,95,96,94,Mobile,Yes,High,97.2
ENG000090,CUST0090,Rivalry Match,172,56,Video Ad,0.20,12.7,84,86,82,Laptop,Yes,Medium,83.4
ENG000091,CUST0091,League Match,148,44,Influencer Promotion,0.17,9.4,69,71,68,Mobile,Yes,Medium,70.1
ENG000092,CUST0092,League Match,115,34,Banner Ad,0.10,5.6,59,56,55,Smart TV,No,Low,55.6
ENG000093,CUST0093,Playoffs,219,73,Short Reel,0.32,21.2,94,96,93,Mobile,Yes,High,96.5
ENG000094,CUST0094,League Match,97,23,Banner Ad,0.06,3.6,47,45,43,Laptop,No,Low,44.5
ENG000095,CUST0095,Finals,238,79,Short Reel,0.35,25.4,99,98,97,Mobile,Yes,High,99.2
ENG000096,CUST0096,Rivalry Match,181,59,Video Ad,0.22,13.8,86,88,85,Smart TV,Yes,Medium,86.4
ENG000097,CUST0097,League Match,133,37,Influencer Promotion,0.13,6.8,61,62,60,Laptop,No,Medium,60.5
ENG000098,CUST0098,League Match,120,35,Banner Ad,0.11,6.0,60,58,56,Smart TV,No,Low,56.7
ENG000099,CUST0099,Playoffs,214,71,Short Reel,0.30,19.8,92,95,91,Mobile,Yes,High,94.7
ENG000100,CUST0100,League Match,103,27,Banner Ad,0.07,4.2,52,50,48,Laptop,No,Low,48.3
ENG000101,CUST0101,Rivalry Match,185,61,Video Ad,0.23,14.3,87,89,86,Smart TV,Yes,High,88.2
ENG000102,CUST0102,League Match,143,42,Influencer Promotion,0.15,8.6,67,68,65,Mobile,Yes,Medium,67.0
ENG000103,CUST0103,Finals,234,77,Short Reel,0.34,24.6,98,97,96,Mobile,Yes,High,98.5
ENG000104,CUST0104,League Match,109,30,Banner Ad,0.08,4.7,56,53,51,Laptop,No,Low,51.5
ENG000105,CUST0105,Playoffs,206,69,Video Ad,0.26,17.3,89,91,88,Smart TV,Yes,High,91.6
ENG000106,CUST0106,Rivalry Match,193,65,Short Reel,0.31,20.1,93,95,92,Mobile,Yes,High,95.3
ENG000107,CUST0107,League Match,136,38,Influencer Promotion,0.14,7.2,62,64,61,Laptop,No,Medium,61.9
ENG000108,CUST0108,League Match,114,33,Banner Ad,0.10,5.5,58,56,54,Smart TV,No,Low,54.8
ENG000109,CUST0109,Finals,230,75,Short Reel,0.33,23.6,96,97,95,Mobile,Yes,High,97.6
ENG000110,CUST0110,Rivalry Match,173,57,Video Ad,0.21,12.8,85,86,83,Laptop,Yes,Medium,84.0
ENG000111,CUST0111,League Match,147,44,Influencer Promotion,0.16,9.0,68,70,67,Mobile,Yes,Medium,69.0
ENG000112,CUST0112,League Match,116,34,Banner Ad,0.10,5.7,59,57,55,Smart TV,No,Low,55.4
ENG000113,CUST0113,Playoffs,218,72,Short Reel,0.31,20.9,94,95,93,Mobile,Yes,High,96.1
ENG000114,CUST0114,League Match,95,24,Banner Ad,0.05,3.4,46,45,43,Laptop,No,Low,43.9
ENG000115,CUST0115,Finals,239,78,Short Reel,0.35,25.6,99,98,97,Mobile,Yes,High,99.5
ENG000116,CUST0116,Rivalry Match,182,60,Video Ad,0.22,14.0,86,89,85,Smart TV,Yes,Medium,86.8
ENG000117,CUST0117,League Match,134,37,Influencer Promotion,0.13,6.9,61,63,60,Laptop,No,Medium,60.8
ENG000118,CUST0118,League Match,118,35,Banner Ad,0.11,5.9,60,58,56,Smart TV,No,Low,56.2
ENG000119,CUST0119,Playoffs,212,70,Short Reel,0.29,19.0,91,94,90,Mobile,Yes,High,93.9
ENG000120,CUST0120,League Match,101,26,Banner Ad,0.07,4.1,51,49,47,Laptop,No,Low,47.6
ENG000121,CUST0121,Rivalry Match,186,62,Video Ad,0.24,14.7,88,90,86,Smart TV,Yes,High,89.6
ENG000122,CUST0122,League Match,141,41,Influencer Promotion,0.15,8.3,66,67,64,Mobile,Yes,Medium,66.4
ENG000123,CUST0123,Finals,233,76,Short Reel,0.34,24.5,98,97,95,Mobile,Yes,High,98.4
ENG000124,CUST0124,League Match,107,29,Banner Ad,0.08,4.5,55,52,50,Laptop,No,Low,50.8
ENG000125,CUST0125,Playoffs,205,68,Video Ad,0.25,17.1,89,91,87,Smart TV,Yes,High,91.1
ENG000126,CUST0126,Rivalry Match,191,64,Short Reel,0.30,19.7,92,95,91,Mobile,Yes,High,94.9
ENG000127,CUST0127,League Match,137,39,Influencer Promotion,0.14,7.4,63,64,62,Laptop,No,Medium,62.3
ENG000128,CUST0128,League Match,113,32,Banner Ad,0.09,5.3,57,55,53,Smart TV,No,Low,53.8
ENG000129,CUST0129,Finals,228,74,Short Reel,0.32,23.0,95,96,94,Mobile,Yes,High,97.3
ENG000130,CUST0130,Rivalry Match,174,58,Video Ad,0.20,12.9,84,87,83,Laptop,Yes,Medium,84.4
ENG000131,CUST0131,League Match,145,43,Influencer Promotion,0.16,8.8,68,69,66,Mobile,Yes,Medium,68.7
ENG000132,CUST0132,League Match,117,33,Banner Ad,0.10,5.6,58,56,54,Smart TV,No,Low,55.2
ENG000133,CUST0133,Playoffs,217,72,Short Reel,0.31,20.6,93,95,92,Mobile,Yes,High,95.8
ENG000134,CUST0134,League Match,94,23,Banner Ad,0.05,3.3,45,44,42,Laptop,No,Low,43.3
ENG000135,CUST0135,Finals,237,78,Short Reel,0.35,25.3,99,98,97,Mobile,Yes,High,99.4
ENG000136,CUST0136,Rivalry Match,183,60,Video Ad,0.23,14.2,87,89,85,Smart TV,Yes,Medium,87.0
ENG000137,CUST0137,League Match,135,38,Influencer Promotion,0.13,7.0,62,63,61,Laptop,No,Medium,61.4
ENG000138,CUST0138,League Match,119,35,Banner Ad,0.11,5.8,60,58,56,Smart TV,No,Low,56.5
ENG000139,CUST0139,Playoffs,213,70,Short Reel,0.29,19.2,92,94,90,Mobile,Yes,High,94.1
ENG000140,CUST0140,League Match,100,25,Banner Ad,0.07,4.0,50,48,46,Laptop,No,Low,47.3
ENG000141,CUST0141,Rivalry Match,187,63,Video Ad,0.24,14.9,88,90,87,Smart TV,Yes,High,90.0
ENG000142,CUST0142,League Match,142,41,Influencer Promotion,0.15,8.5,66,68,65,Mobile,Yes,Medium,66.8
ENG000143,CUST0143,Finals,232,76,Short Reel,0.34,24.2,97,98,95,Mobile,Yes,High,98.0
ENG000144,CUST0144,League Match,106,29,Banner Ad,0.08,4.4,54,52,50,Laptop,No,Low,50.0
ENG000145,CUST0145,Playoffs,204,67,Video Ad,0.25,16.9,88,90,86,Smart TV,Yes,High,90.8
ENG000146,CUST0146,Rivalry Match,190,64,Short Reel,0.30,19.8,92,94,91,Mobile,Yes,High,94.6
ENG000147,CUST0147,League Match,138,40,Influencer Promotion,0.14,7.5,64,65,62,Laptop,No,Medium,63.1
ENG000148,CUST0148,League Match,112,31,Banner Ad,0.09,5.2,57,54,53,Smart TV,No,Low,53.6
ENG000149,CUST0149,Finals,227,74,Short Reel,0.32,22.7,95,96,94,Mobile,Yes,High,97.0
ENG000150,CUST0150,Rivalry Match,172,56,Video Ad,0.20,12.6,84,86,82,Laptop,Yes,Medium,83.2
ENG000151,CUST0151,League Match,148,44,Influencer Promotion,0.17,9.3,69,71,68,Mobile,Yes,Medium,69.9
ENG000152,CUST0152,League Match,115,34,Banner Ad,0.10,5.5,59,56,55,Smart TV,No,Low,55.5
ENG000153,CUST0153,Playoffs,219,73,Short Reel,0.32,21.3,94,96,93,Mobile,Yes,High,96.6
ENG000154,CUST0154,League Match,97,24,Banner Ad,0.06,3.6,47,45,43,Laptop,No,Low,44.4
ENG000155,CUST0155,Finals,238,79,Short Reel,0.35,25.5,99,98,97,Mobile,Yes,High,99.1
ENG000156,CUST0156,Rivalry Match,181,59,Video Ad,0.22,13.7,86,88,84,Smart TV,Yes,Medium,86.3
ENG000157,CUST0157,League Match,133,37,Influencer Promotion,0.13,6.7,61,62,60,Laptop,No,Medium,60.4
ENG000158,CUST0158,League Match,120,35,Banner Ad,0.11,6.1,60,58,56,Smart TV,No,Low,56.9
ENG000159,CUST0159,Playoffs,214,71,Short Reel,0.30,19.9,92,95,91,Mobile,Yes,High,94.8
ENG000160,CUST0160,League Match,103,27,Banner Ad,0.07,4.2,52,50,48,Laptop,No,Low,48.5
ENG000161,CUST0161,Rivalry Match,185,61,Video Ad,0.23,14.4,87,89,86,Smart TV,Yes,High,88.3
ENG000162,CUST0162,League Match,143,42,Influencer Promotion,0.15,8.6,67,68,65,Mobile,Yes,Medium,67.1
ENG000163,CUST0163,Finals,234,77,Short Reel,0.34,24.8,98,97,96,Mobile,Yes,High,98.7
ENG000164,CUST0164,League Match,109,30,Banner Ad,0.08,4.7,56,53,51,Laptop,No,Low,51.6
ENG000165,CUST0165,Playoffs,206,69,Video Ad,0.26,17.4,89,91,88,Smart TV,Yes,High,91.8
ENG000166,CUST0166,Rivalry Match,193,65,Short Reel,0.31,20.0,93,95,92,Mobile,Yes,High,95.2
ENG000167,CUST0167,League Match,136,38,Influencer Promotion,0.14,7.1,62,64,61,Laptop,No,Medium,61.8
ENG000168,CUST0168,League Match,114,33,Banner Ad,0.10,5.4,58,56,54,Smart TV,No,Low,54.7
ENG000169,CUST0169,Finals,230,75,Short Reel,0.33,23.5,96,97,95,Mobile,Yes,High,97.7
ENG000170,CUST0170,Rivalry Match,173,57,Video Ad,0.21,12.8,85,86,83,Laptop,Yes,Medium,84.1
ENG000171,CUST0171,League Match,147,44,Influencer Promotion,0.16,9.1,68,70,67,Mobile,Yes,Medium,69.1
ENG000172,CUST0172,League Match,116,34,Banner Ad,0.10,5.7,59,57,55,Smart TV,No,Low,55.3
ENG000173,CUST0173,Playoffs,218,72,Short Reel,0.31,21.0,94,95,93,Mobile,Yes,High,96.3
ENG000174,CUST0174,League Match,95,24,Banner Ad,0.05,3.5,46,45,43,Laptop,No,Low,44.0
ENG000175,CUST0175,Finals,239,78,Short Reel,0.35,25.7,99,98,97,Mobile,Yes,High,99.6
ENG000176,CUST0176,Rivalry Match,182,60,Video Ad,0.22,14.1,86,89,85,Smart TV,Yes,Medium,86.9
ENG000177,CUST0177,League Match,134,37,Influencer Promotion,0.13,6.9,61,63,60,Laptop,No,Medium,60.7
ENG000178,CUST0178,League Match,118,35,Banner Ad,0.11,5.9,60,58,56,Smart TV,No,Low,56.1
ENG000179,CUST0179,Playoffs,212,70,Short Reel,0.29,19.1,91,94,90,Mobile,Yes,High,93.8
ENG000180,CUST0180,League Match,101,26,Banner Ad,0.07,4.1,51,49,47,Laptop,No,Low,47.7
ENG000181,CUST0181,Rivalry Match,186,62,Video Ad,0.24,14.8,88,90,86,Smart TV,Yes,High,89.7
ENG000182,CUST0182,League Match,141,41,Influencer Promotion,0.15,8.4,66,67,64,Mobile,Yes,Medium,66.5
ENG000183,CUST0183,Finals,233,76,Short Reel,0.34,24.4,98,97,95,Mobile,Yes,High,98.3
ENG000184,CUST0184,League Match,107,29,Banner Ad,0.08,4.5,55,52,50,Laptop,No,Low,50.7
ENG000185,CUST0185,Playoffs,205,68,Video Ad,0.25,17.0,89,91,87,Smart TV,Yes,High,91.0
ENG000186,CUST0186,Rivalry Match,191,64,Short Reel,0.30,19.7,92,95,91,Mobile,Yes,High,94.9
ENG000187,CUST0187,League Match,137,39,Influencer Promotion,0.14,7.4,63,64,62,Laptop,No,Medium,62.4
ENG000188,CUST0188,League Match,113,32,Banner Ad,0.09,5.3,57,55,53,Smart TV,No,Low,53.7
ENG000189,CUST0189,Finals,228,74,Short Reel,0.32,22.8,95,96,94,Mobile,Yes,High,97.4
ENG000190,CUST0190,Rivalry Match,174,58,Video Ad,0.20,12.9,84,87,83,Laptop,Yes,Medium,84.5
ENG000191,CUST0191,League Match,145,43,Influencer Promotion,0.16,8.9,68,69,66,Mobile,Yes,Medium,68.8
ENG000192,CUST0192,League Match,117,33,Banner Ad,0.10,5.6,58,56,54,Smart TV,No,Low,55.1
ENG000193,CUST0193,Playoffs,217,72,Short Reel,0.31,20.7,93,95,92,Mobile,Yes,High,95.9
ENG000194,CUST0194,League Match,94,23,Banner Ad,0.05,3.3,45,44,42,Laptop,No,Low,43.4
ENG000195,CUST0195,Finals,237,78,Short Reel,0.35,25.4,99,98,97,Mobile,Yes,High,99.4
ENG000196,CUST0196,Rivalry Match,183,60,Video Ad,0.23,14.2,87,89,85,Smart TV,Yes,Medium,87.2
ENG000197,CUST0197,League Match,135,38,Influencer Promotion,0.13,7.0,62,63,61,Laptop,No,Medium,61.3
ENG000198,CUST0198,League Match,119,35,Banner Ad,0.11,5.8,60,58,56,Smart TV,No,Low,56.4
ENG000199,CUST0199,Playoffs,213,70,Short Reel,0.29,19.3,92,94,90,Mobile,Yes,High,94.2
ENG000200,CUST0200,League Match,100,25,Banner Ad,0.07,4.0,50,48,46,Laptop,No,Low,47.2
ENG000201,CUST0201,Rivalry Match,184,61,Short Reel,0.29,18.6,91,95,89,Mobile,Yes,High,93.5
ENG000202,CUST0202,League Match,125,39,Video Ad,0.14,8.1,66,62,58,Laptop,No,Medium,64.0
ENG000203,CUST0203,Playoffs,212,73,Influencer Promotion,0.33,21.7,95,93,91,Mobile,Yes,High,96.9
ENG000204,CUST0204,League Match,98,27,Banner Ad,0.07,4.4,53,49,47,Smart TV,No,Low,49.0
ENG000205,CUST0205,Finals,239,77,Short Reel,0.34,24.5,98,97,95,Mobile,Yes,High,98.4
ENG000206,CUST0206,League Match,145,43,Video Ad,0.17,9.8,70,72,67,Laptop,No,Medium,69.1
ENG000207,CUST0207,Rivalry Match,194,65,Short Reel,0.31,20.0,93,96,90,Mobile,Yes,High,94.9
ENG000208,CUST0208,League Match,166,42,Video Ad,0.13,8.0,64,59,62,Smart TV,No,Low,61.0
ENG000209,CUST0209,Playoffs,202,68,Influencer Promotion,0.28,18.5,89,92,87,Mobile,Yes,High,92.0
ENG000210,CUST0210,League Match,89,22,Banner Ad,0.05,3.1,45,48,43,Laptop,No,Low,44.2
ENG000211,CUST0211,Rivalry Match,176,57,Short Reel,0.27,16.5,88,91,86,Mobile,Yes,High,90.0
ENG000212,CUST0212,League Match,133,38,Video Ad,0.12,6.9,62,58,60,Smart TV,No,Medium,59.1
ENG000213,CUST0213,Playoffs,221,75,Influencer Promotion,0.34,22.9,96,95,93,Mobile,Yes,High,97.8
ENG000214,CUST0214,League Match,105,30,Banner Ad,0.08,4.8,56,53,50,Laptop,No,Low,50.7
ENG000215,CUST0215,Finals,232,79,Short Reel,0.35,25.6,99,98,96,Mobile,Yes,High,99.2
ENG000216,CUST0216,Rivalry Match,185,63,Video Ad,0.20,11.5,85,89,84,Laptop,Yes,Medium,86.0
ENG000217,CUST0217,League Match,144,41,Influencer Promotion,0.15,8.9,67,69,64,Mobile,Yes,Medium,67.4
ENG000218,CUST0218,League Match,113,32,Banner Ad,0.09,5.3,58,56,54,Smart TV,No,Low,54.1
ENG000219,CUST0219,Playoffs,215,72,Short Reel,0.30,20.3,94,95,92,Mobile,Yes,High,95.5
ENG000220,CUST0220,League Match,96,24,Banner Ad,0.06,3.7,49,47,45,Laptop,No,Low,46.1
ENG000221,CUST0221,Rivalry Match,179,58,Video Ad,0.22,12.6,87,88,85,Smart TV,Yes,Medium,87.0
ENG000222,CUST0222,League Match,150,46,Influencer Promotion,0.18,9.9,71,73,69,Mobile,Yes,Medium,71.2
ENG000223,CUST0223,Finals,241,80,Short Reel,0.35,25.8,99,99,97,Mobile,Yes,High,99.6
ENG000224,CUST0224,League Match,108,29,Banner Ad,0.08,4.3,55,51,52,Laptop,No,Low,50.0
ENG000225,CUST0225,Playoffs,207,69,Video Ad,0.26,17.7,90,91,88,Smart TV,Yes,High,91.8
ENG000226,CUST0226,Rivalry Match,190,64,Short Reel,0.29,18.9,92,94,90,Mobile,Yes,High,94.0
ENG000227,CUST0227,League Match,139,40,Influencer Promotion,0.14,7.6,64,66,63,Laptop,No,Medium,63.7
ENG000228,CUST0228,League Match,102,28,Banner Ad,0.07,4.1,54,52,48,Smart TV,No,Low,49.2
ENG000229,CUST0229,Finals,229,76,Short Reel,0.33,23.3,96,97,95,Mobile,Yes,High,97.7
ENG000230,CUST0230,Rivalry Match,172,55,Video Ad,0.21,13.4,84,87,83,Laptop,Yes,Medium,84.8
ENG000231,CUST0231,League Match,146,42,Influencer Promotion,0.16,9.1,69,66,67,Mobile,Yes,Medium,68.0
ENG000232,CUST0232,League Match,110,31,Banner Ad,0.09,5.5,57,54,53,Smart TV,No,Low,53.2
ENG000233,CUST0233,Playoffs,217,74,Short Reel,0.31,21.3,95,96,93,Mobile,Yes,High,96.4
ENG000234,CUST0234,League Match,94,23,Banner Ad,0.05,3.5,47,46,44,Laptop,No,Low,44.8
ENG000235,CUST0235,Finals,237,78,Short Reel,0.35,25.1,99,98,97,Mobile,Yes,High,99.3
ENG000236,CUST0236,Rivalry Match,181,60,Video Ad,0.24,15.3,88,90,87,Smart TV,Yes,High,90.1
ENG000237,CUST0237,League Match,137,39,Influencer Promotion,0.13,7.2,63,65,61,Laptop,No,Medium,62.0
ENG000238,CUST0238,League Match,117,33,Banner Ad,0.10,5.8,59,57,55,Smart TV,No,Low,55.5
ENG000239,CUST0239,Playoffs,210,70,Short Reel,0.28,19.6,92,93,91,Mobile,Yes,High,94.4
ENG000240,CUST0240,League Match,100,26,Banner Ad,0.06,4.0,50,48,46,Laptop,No,Low,46.9
ENG000241,CUST0241,Rivalry Match,187,62,Video Ad,0.23,14.6,89,90,86,Smart TV,Yes,Medium,88.4
ENG000242,CUST0242,League Match,142,43,Influencer Promotion,0.15,8.5,66,68,65,Mobile,Yes,Medium,66.8
ENG000243,CUST0243,Finals,234,77,Short Reel,0.34,24.6,98,97,96,Mobile,Yes,High,98.5
ENG000244,CUST0244,League Match,106,30,Banner Ad,0.08,4.6,56,53,51,Laptop,No,Low,51.1
ENG000245,CUST0245,Playoffs,204,67,Video Ad,0.25,17.2,88,91,87,Smart TV,Yes,High,91.0
ENG000246,CUST0246,Rivalry Match,193,65,Short Reel,0.30,19.8,93,95,91,Mobile,Yes,High,95.0
ENG000247,CUST0247,League Match,138,39,Influencer Promotion,0.14,7.4,64,65,62,Laptop,No,Medium,63.1
ENG000248,CUST0248,League Match,112,31,Banner Ad,0.09,5.1,57,55,53,Smart TV,No,Low,53.6
ENG000249,CUST0249,Finals,227,75,Short Reel,0.32,22.9,95,96,94,Mobile,Yes,High,97.2
ENG000250,CUST0250,Rivalry Match,173,56,Video Ad,0.20,12.8,84,86,82,Laptop,Yes,Medium,83.5
ENG000251,CUST0251,League Match,149,45,Influencer Promotion,0.17,9.5,70,71,68,Mobile,Yes,Medium,70.2
ENG000252,CUST0252,League Match,115,34,Banner Ad,0.10,5.7,59,56,55,Smart TV,No,Low,55.8
ENG000253,CUST0253,Playoffs,219,73,Short Reel,0.32,21.5,94,96,93,Mobile,Yes,High,96.7
ENG000254,CUST0254,League Match,98,24,Banner Ad,0.06,3.8,48,46,44,Laptop,No,Low,45.0
ENG000255,CUST0255,Finals,239,79,Short Reel,0.35,25.7,99,98,97,Mobile,Yes,High,99.5
ENG000256,CUST0256,Rivalry Match,182,59,Video Ad,0.22,13.9,86,88,84,Smart TV,Yes,Medium,86.5
ENG000257,CUST0257,League Match,134,37,Influencer Promotion,0.13,6.8,61,63,60,Laptop,No,Medium,60.6
ENG000258,CUST0258,League Match,119,35,Banner Ad,0.11,5.9,60,58,56,Smart TV,No,Low,56.4
ENG000259,CUST0259,Playoffs,213,71,Short Reel,0.30,19.7,92,94,91,Mobile,Yes,High,94.6
ENG000260,CUST0260,League Match,103,27,Banner Ad,0.07,4.2,52,50,48,Laptop,No,Low,48.4
ENG000261,CUST0261,Rivalry Match,186,61,Video Ad,0.24,14.9,88,90,87,Smart TV,Yes,High,89.8
ENG000262,CUST0262,League Match,143,42,Influencer Promotion,0.15,8.7,67,68,65,Mobile,Yes,Medium,67.3
ENG000263,CUST0263,Finals,235,78,Short Reel,0.34,24.9,98,97,96,Mobile,Yes,High,98.8
ENG000264,CUST0264,League Match,109,30,Banner Ad,0.08,4.7,56,53,51,Laptop,No,Low,51.4
ENG000265,CUST0265,Playoffs,206,68,Video Ad,0.26,17.4,89,91,88,Smart TV,Yes,High,91.6
ENG000266,CUST0266,Rivalry Match,194,66,Short Reel,0.31,20.2,93,96,92,Mobile,Yes,High,95.4
ENG000267,CUST0267,League Match,136,38,Influencer Promotion,0.14,7.1,62,64,61,Laptop,No,Medium,61.7
ENG000268,CUST0268,League Match,114,33,Banner Ad,0.10,5.4,58,56,54,Smart TV,No,Low,54.9
ENG000269,CUST0269,Finals,230,75,Short Reel,0.33,23.7,96,97,95,Mobile,Yes,High,97.8
ENG000270,CUST0270,Rivalry Match,174,57,Video Ad,0.21,12.9,85,87,83,Laptop,Yes,Medium,84.2
ENG000271,CUST0271,League Match,147,44,Influencer Promotion,0.16,9.2,68,70,67,Mobile,Yes,Medium,69.0
ENG000272,CUST0272,League Match,116,34,Banner Ad,0.10,5.6,59,57,55,Smart TV,No,Low,55.4
ENG000273,CUST0273,Playoffs,218,72,Short Reel,0.31,21.1,94,95,93,Mobile,Yes,High,96.3
ENG000274,CUST0274,League Match,95,24,Banner Ad,0.05,3.4,46,45,43,Laptop,No,Low,44.1
ENG000275,CUST0275,Finals,238,78,Short Reel,0.35,25.4,99,98,97,Mobile,Yes,High,99.4
ENG000276,CUST0276,Rivalry Match,183,60,Video Ad,0.23,14.3,87,89,85,Smart TV,Yes,Medium,87.2
ENG000277,CUST0277,League Match,135,38,Influencer Promotion,0.13,7.0,62,63,61,Laptop,No,Medium,61.5
ENG000278,CUST0278,League Match,120,35,Banner Ad,0.11,6.0,60,58,56,Smart TV,No,Low,56.8
ENG000279,CUST0279,Playoffs,214,71,Short Reel,0.29,19.4,92,95,90,Mobile,Yes,High,94.3
ENG000280,CUST0280,League Match,101,26,Banner Ad,0.07,4.1,51,49,47,Laptop,No,Low,47.7
ENG000281,CUST0281,Rivalry Match,188,63,Video Ad,0.24,15.1,88,90,87,Smart TV,Yes,High,90.0
ENG000282,CUST0282,League Match,144,42,Influencer Promotion,0.15,8.8,67,69,65,Mobile,Yes,Medium,67.6
ENG000283,CUST0283,Finals,233,77,Short Reel,0.34,24.5,98,97,96,Mobile,Yes,High,98.6
ENG000284,CUST0284,League Match,107,29,Banner Ad,0.08,4.5,55,52,50,Laptop,No,Low,50.9
ENG000285,CUST0285,Playoffs,205,68,Video Ad,0.25,17.1,89,90,87,Smart TV,Yes,High,91.2
ENG000286,CUST0286,Rivalry Match,191,64,Short Reel,0.30,19.9,92,95,91,Mobile,Yes,High,94.8
ENG000287,CUST0287,League Match,137,39,Influencer Promotion,0.14,7.3,63,64,62,Laptop,No,Medium,62.5
ENG000288,CUST0288,League Match,113,32,Banner Ad,0.09,5.2,57,55,53,Smart TV,No,Low,53.9
ENG000289,CUST0289,Finals,228,74,Short Reel,0.32,23.1,95,96,94,Mobile,Yes,High,97.5
ENG000290,CUST0290,Rivalry Match,175,58,Video Ad,0.20,13.0,84,87,83,Laptop,Yes,Medium,84.6
ENG000291,CUST0291,League Match,146,43,Influencer Promotion,0.16,9.0,68,69,66,Mobile,Yes,Medium,68.5
ENG000292,CUST0292,League Match,117,33,Banner Ad,0.10,5.6,58,56,54,Smart TV,No,Low,55.0
ENG000293,CUST0293,Playoffs,217,72,Short Reel,0.31,20.8,93,95,92,Mobile,Yes,High,96.0
ENG000294,CUST0294,League Match,96,23,Banner Ad,0.05,3.5,47,45,43,Laptop,No,Low,44.4
ENG000295,CUST0295,Finals,237,78,Short Reel,0.35,25.3,99,98,97,Mobile,Yes,High,99.3
ENG000296,CUST0296,Rivalry Match,184,61,Video Ad,0.23,14.5,87,89,85,Smart TV,Yes,Medium,87.5
ENG000297,CUST0297,League Match,136,38,Influencer Promotion,0.13,7.1,62,64,61,Laptop,No,Medium,61.8
ENG000298,CUST0298,League Match,118,34,Banner Ad,0.10,5.7,59,57,55,Smart TV,No,Low,55.6
ENG000299,CUST0299,Playoffs,211,70,Short Reel,0.29,19.5,91,94,90,Mobile,Yes,High,94.5
ENG000300,CUST0300,League Match,102,27,Banner Ad,0.07,4.1,52,49,48,Laptop,No,Low,48.0
ENG000301,CUST0301,Rivalry Match,187,62,Video Ad,0.24,14.8,88,90,86,Smart TV,Yes,High,89.7
ENG000302,CUST0302,League Match,142,41,Influencer Promotion,0.15,8.5,66,68,65,Mobile,Yes,Medium,66.9
ENG000303,CUST0303,Finals,234,77,Short Reel,0.34,24.7,98,97,96,Mobile,Yes,High,98.7
ENG000304,CUST0304,League Match,108,30,Banner Ad,0.08,4.6,56,53,51,Laptop,No,Low,51.2
ENG000305,CUST0305,Playoffs,206,69,Video Ad,0.26,17.5,89,91,88,Smart TV,Yes,High,91.9
ENG000306,CUST0306,Rivalry Match,193,65,Short Reel,0.31,20.1,93,95,92,Mobile,Yes,High,95.3
ENG000307,CUST0307,League Match,138,39,Influencer Promotion,0.14,7.4,64,65,62,Laptop,No,Medium,63.0
ENG000308,CUST0308,League Match,114,33,Banner Ad,0.10,5.4,58,56,54,Smart TV,No,Low,54.8
ENG000309,CUST0309,Finals,229,75,Short Reel,0.33,23.4,96,97,95,Mobile,Yes,High,97.6
ENG000310,CUST0310,Rivalry Match,173,57,Video Ad,0.21,12.8,85,86,83,Laptop,Yes,Medium,84.1
ENG000311,CUST0311,League Match,147,44,Influencer Promotion,0.16,9.1,68,70,67,Mobile,Yes,Medium,69.2
ENG000312,CUST0312,League Match,116,34,Banner Ad,0.10,5.7,59,57,55,Smart TV,No,Low,55.5
ENG000313,CUST0313,Playoffs,218,72,Short Reel,0.31,21.0,94,95,93,Mobile,Yes,High,96.2
ENG000314,CUST0314,League Match,95,24,Banner Ad,0.05,3.4,46,45,43,Laptop,No,Low,44.0
ENG000315,CUST0315,Finals,239,78,Short Reel,0.35,25.5,99,98,97,Mobile,Yes,High,99.5
ENG000316,CUST0316,Rivalry Match,182,60,Video Ad,0.22,14.0,86,89,85,Smart TV,Yes,Medium,86.8
ENG000317,CUST0317,League Match,134,37,Influencer Promotion,0.13,6.9,61,63,60,Laptop,No,Medium,60.9
ENG000318,CUST0318,League Match,119,35,Banner Ad,0.11,5.9,60,58,56,Smart TV,No,Low,56.3
ENG000319,CUST0319,Playoffs,213,71,Short Reel,0.30,19.8,92,94,91,Mobile,Yes,High,94.7
ENG000320,CUST0320,League Match,103,27,Banner Ad,0.07,4.2,52,50,48,Laptop,No,Low,48.2
ENG000321,CUST0321,Rivalry Match,186,61,Video Ad,0.24,14.7,88,90,86,Smart TV,Yes,High,89.9
ENG000322,CUST0322,League Match,143,42,Influencer Promotion,0.15,8.6,67,68,65,Mobile,Yes,Medium,67.2
ENG000323,CUST0323,Finals,235,77,Short Reel,0.34,24.8,98,97,96,Mobile,Yes,High,98.8
ENG000324,CUST0324,League Match,109,30,Banner Ad,0.08,4.7,56,53,51,Laptop,No,Low,51.3
ENG000325,CUST0325,Playoffs,207,69,Video Ad,0.26,17.6,89,91,88,Smart TV,Yes,High,91.7
ENG000326,CUST0326,Rivalry Match,194,65,Short Reel,0.31,20.2,93,96,92,Mobile,Yes,High,95.5
ENG000327,CUST0327,League Match,136,38,Influencer Promotion,0.14,7.2,62,64,61,Laptop,No,Medium,61.9
ENG000328,CUST0328,League Match,114,33,Banner Ad,0.10,5.5,58,56,54,Smart TV,No,Low,54.9
ENG000329,CUST0329,Finals,230,75,Short Reel,0.33,23.6,96,97,95,Mobile,Yes,High,97.9
ENG000330,CUST0330,Rivalry Match,174,57,Video Ad,0.21,12.9,85,87,83,Laptop,Yes,Medium,84.3
ENG000331,CUST0331,League Match,148,44,Influencer Promotion,0.16,9.2,68,70,67,Mobile,Yes,Medium,69.1
ENG000332,CUST0332,League Match,117,34,Banner Ad,0.10,5.6,59,57,55,Smart TV,No,Low,55.4
ENG000333,CUST0333,Playoffs,219,73,Short Reel,0.32,21.4,94,96,93,Mobile,Yes,High,96.6
ENG000334,CUST0334,League Match,96,24,Banner Ad,0.05,3.5,47,45,43,Laptop,No,Low,44.3
ENG000335,CUST0335,Finals,238,78,Short Reel,0.35,25.4,99,98,97,Mobile,Yes,High,99.4
ENG000336,CUST0336,Rivalry Match,183,60,Video Ad,0.23,14.3,87,89,85,Smart TV,Yes,Medium,87.1
ENG000337,CUST0337,League Match,135,38,Influencer Promotion,0.13,7.0,62,63,61,Laptop,No,Medium,61.4
ENG000338,CUST0338,League Match,120,35,Banner Ad,0.11,6.0,60,58,56,Smart TV,No,Low,56.7
ENG000339,CUST0339,Playoffs,214,71,Short Reel,0.29,19.6,92,95,90,Mobile,Yes,High,94.4
ENG000340,CUST0340,League Match,102,26,Banner Ad,0.07,4.1,51,49,47,Laptop,No,Low,47.8
ENG000341,CUST0341,Rivalry Match,188,63,Video Ad,0.24,15.0,88,90,87,Smart TV,Yes,High,90.1
ENG000342,CUST0342,League Match,144,42,Influencer Promotion,0.15,8.7,67,69,65,Mobile,Yes,Medium,67.5
ENG000343,CUST0343,Finals,233,77,Short Reel,0.34,24.5,98,97,96,Mobile,Yes,High,98.6
ENG000344,CUST0344,League Match,108,30,Banner Ad,0.08,4.6,56,53,51,Laptop,No,Low,51.0
ENG000345,CUST0345,Playoffs,205,68,Video Ad,0.25,17.1,89,90,87,Smart TV,Yes,High,91.3
ENG000346,CUST0346,Rivalry Match,191,64,Short Reel,0.30,19.9,92,95,91,Mobile,Yes,High,94.9
ENG000347,CUST0347,League Match,137,39,Influencer Promotion,0.14,7.3,63,64,62,Laptop,No,Medium,62.6
ENG000348,CUST0348,League Match,113,32,Banner Ad,0.09,5.2,57,55,53,Smart TV,No,Low,53.8
ENG000349,CUST0349,Finals,228,74,Short Reel,0.32,23.0,95,96,94,Mobile,Yes,High,97.4
ENG000350,CUST0350,Rivalry Match,175,58,Video Ad,0.20,13.1,84,87,83,Laptop,Yes,Medium,84.5
ENG000351,CUST0351,League Match,146,43,Influencer Promotion,0.16,9.0,68,69,66,Mobile,Yes,Medium,68.6
ENG000352,CUST0352,League Match,118,34,Banner Ad,0.10,5.7,59,57,55,Smart TV,No,Low,55.7
ENG000353,CUST0353,Playoffs,217,72,Short Reel,0.31,20.9,93,95,92,Mobile,Yes,High,96.1
ENG000354,CUST0354,League Match,97,23,Banner Ad,0.05,3.6,47,45,43,Laptop,No,Low,44.6
ENG000355,CUST0355,Finals,237,78,Short Reel,0.35,25.2,99,98,97,Mobile,Yes,High,99.2
ENG000356,CUST0356,Rivalry Match,184,61,Video Ad,0.23,14.4,87,89,85,Smart TV,Yes,Medium,87.4
ENG000357,CUST0357,League Match,136,38,Influencer Promotion,0.13,7.1,62,64,61,Laptop,No,Medium,61.7
ENG000358,CUST0358,League Match,119,35,Banner Ad,0.11,5.8,60,58,56,Smart TV,No,Low,56.5
ENG000359,CUST0359,Playoffs,212,70,Short Reel,0.29,19.4,91,94,90,Mobile,Yes,High,94.3
ENG000360,CUST0360,League Match,103,27,Banner Ad,0.07,4.2,52,50,48,Laptop,No,Low,48.1
ENG000361,CUST0361,Rivalry Match,187,62,Video Ad,0.24,14.8,88,90,86,Smart TV,Yes,High,89.8
ENG000362,CUST0362,League Match,143,42,Influencer Promotion,0.15,8.6,67,68,65,Mobile,Yes,Medium,67.1
ENG000363,CUST0363,Finals,234,77,Short Reel,0.34,24.7,98,97,96,Mobile,Yes,High,98.7
ENG000364,CUST0364,League Match,109,30,Banner Ad,0.08,4.7,56,53,51,Laptop,No,Low,51.5
ENG000365,CUST0365,Playoffs,206,69,Video Ad,0.26,17.5,89,91,88,Smart TV,Yes,High,91.8
ENG000366,CUST0366,Rivalry Match,193,65,Short Reel,0.31,20.1,93,95,92,Mobile,Yes,High,95.3
ENG000367,CUST0367,League Match,138,39,Influencer Promotion,0.14,7.4,64,65,62,Laptop,No,Medium,63.1
ENG000368,CUST0368,League Match,114,33,Banner Ad,0.10,5.4,58,56,54,Smart TV,No,Low,54.8
ENG000369,CUST0369,Finals,229,75,Short Reel,0.33,23.5,96,97,95,Mobile,Yes,High,97.7
ENG000370,CUST0370,Rivalry Match,173,57,Video Ad,0.21,12.8,85,86,83,Laptop,Yes,Medium,84.0
ENG000371,CUST0371,League Match,147,44,Influencer Promotion,0.16,9.1,68,70,67,Mobile,Yes,Medium,69.0
ENG000372,CUST0372,League Match,116,34,Banner Ad,0.10,5.7,59,57,55,Smart TV,No,Low,55.5
ENG000373,CUST0373,Playoffs,218,72,Short Reel,0.31,21.0,94,95,93,Mobile,Yes,High,96.2
ENG000374,CUST0374,League Match,95,24,Banner Ad,0.05,3.4,46,45,43,Laptop,No,Low,44.1
ENG000375,CUST0375,Finals,239,78,Short Reel,0.35,25.5,99,98,97,Mobile,Yes,High,99.5
ENG000376,CUST0376,Rivalry Match,182,60,Video Ad,0.22,14.0,86,89,85,Smart TV,Yes,Medium,86.9
ENG000377,CUST0377,League Match,134,37,Influencer Promotion,0.13,6.9,61,63,60,Laptop,No,Medium,60.8
ENG000378,CUST0378,League Match,119,35,Banner Ad,0.11,5.9,60,58,56,Smart TV,No,Low,56.3
ENG000379,CUST0379,Playoffs,213,71,Short Reel,0.30,19.8,92,94,91,Mobile,Yes,High,94.7
ENG000380,CUST0380,League Match,103,27,Banner Ad,0.07,4.2,52,50,48,Laptop,No,Low,48.3
ENG000381,CUST0381,Rivalry Match,186,61,Video Ad,0.24,14.7,88,90,86,Smart TV,Yes,High,89.9
ENG000382,CUST0382,League Match,143,42,Influencer Promotion,0.15,8.6,67,68,65,Mobile,Yes,Medium,67.2
ENG000383,CUST0383,Finals,235,77,Short Reel,0.34,24.8,98,97,96,Mobile,Yes,High,98.8
ENG000384,CUST0384,League Match,109,30,Banner Ad,0.08,4.7,56,53,51,Laptop,No,Low,51.4
ENG000385,CUST0385,Playoffs,207,69,Video Ad,0.26,17.6,89,91,88,Smart TV,Yes,High,91.7
ENG000386,CUST0386,Rivalry Match,194,65,Short Reel,0.31,20.2,93,96,92,Mobile,Yes,High,95.5
ENG000387,CUST0387,League Match,136,38,Influencer Promotion,0.14,7.2,62,64,61,Laptop,No,Medium,61.9
ENG000388,CUST0388,League Match,114,33,Banner Ad,0.10,5.5,58,56,54,Smart TV,No,Low,54.9
ENG000389,CUST0389,Finals,230,75,Short Reel,0.33,23.6,96,97,95,Mobile,Yes,High,97.9
ENG000390,CUST0390,Rivalry Match,174,57,Video Ad,0.21,12.9,85,87,83,Laptop,Yes,Medium,84.3
ENG000391,CUST0391,League Match,148,44,Influencer Promotion,0.16,9.2,68,70,67,Mobile,Yes,Medium,69.1
ENG000392,CUST0392,League Match,117,34,Banner Ad,0.10,5.6,59,57,55,Smart TV,No,Low,55.4
ENG000393,CUST0393,Playoffs,219,73,Short Reel,0.32,21.4,94,96,93,Mobile,Yes,High,96.6
ENG000394,CUST0394,League Match,96,24,Banner Ad,0.05,3.5,47,45,43,Laptop,No,Low,44.3
ENG000395,CUST0395,Finals,238,78,Short Reel,0.35,25.4,99,98,97,Mobile,Yes,High,99.4
ENG000396,CUST0396,Rivalry Match,183,60,Video Ad,0.23,14.3,87,89,85,Smart TV,Yes,Medium,87.1
ENG000397,CUST0397,League Match,135,38,Influencer Promotion,0.13,7.0,62,63,61,Laptop,No,Medium,61.4
ENG000398,CUST0398,League Match,120,35,Banner Ad,0.11,6.0,60,58,56,Smart TV,No,Low,56.7
ENG000399,CUST0399,Playoffs,214,71,Short Reel,0.29,19.6,92,95,90,Mobile,Yes,High,94.4
ENG000400,CUST0400,League Match,102,26,Banner Ad,0.07,4.1,51,49,47,Laptop,No,Low,47.8
ENG000401,CUST0401,Rivalry Match,185,62,Short Reel,0.30,18.8,92,95,89,Mobile,Yes,High,94.1
ENG000402,CUST0402,League Match,126,40,Video Ad,0.15,8.3,67,63,59,Laptop,No,Medium,64.8
ENG000403,CUST0403,Playoffs,213,74,Influencer Promotion,0.33,21.9,95,94,91,Mobile,Yes,High,97.1
ENG000404,CUST0404,League Match,99,27,Banner Ad,0.07,4.5,53,50,47,Smart TV,No,Low,49.3
ENG000405,CUST0405,Finals,240,78,Short Reel,0.35,24.8,98,98,96,Mobile,Yes,High,98.9
ENG000406,CUST0406,League Match,146,44,Video Ad,0.17,9.9,70,72,68,Laptop,No,Medium,69.5
ENG000407,CUST0407,Rivalry Match,195,66,Short Reel,0.32,20.3,94,96,91,Mobile,Yes,High,95.4
ENG000408,CUST0408,League Match,167,43,Video Ad,0.14,8.1,65,60,63,Smart TV,No,Low,61.5
ENG000409,CUST0409,Playoffs,203,69,Influencer Promotion,0.29,18.8,90,92,88,Mobile,Yes,High,92.6
ENG000410,CUST0410,League Match,90,22,Banner Ad,0.05,3.2,45,48,43,Laptop,No,Low,44.4
ENG000411,CUST0411,Rivalry Match,177,58,Short Reel,0.28,16.7,88,91,86,Mobile,Yes,High,90.5
ENG000412,CUST0412,League Match,134,38,Video Ad,0.12,7.0,62,58,60,Smart TV,No,Medium,59.3
ENG000413,CUST0413,Playoffs,222,75,Influencer Promotion,0.34,23.1,96,95,94,Mobile,Yes,High,98.0
ENG000414,CUST0414,League Match,106,30,Banner Ad,0.08,4.9,56,53,50,Laptop,No,Low,51.0
ENG000415,CUST0415,Finals,233,79,Short Reel,0.35,25.8,99,98,97,Mobile,Yes,High,99.4
ENG000416,CUST0416,Rivalry Match,186,63,Video Ad,0.20,11.7,85,89,84,Laptop,Yes,Medium,86.3
ENG000417,CUST0417,League Match,145,42,Influencer Promotion,0.15,9.0,67,69,64,Mobile,Yes,Medium,67.7
ENG000418,CUST0418,League Match,114,32,Banner Ad,0.09,5.4,58,56,54,Smart TV,No,Low,54.4
ENG000419,CUST0419,Playoffs,216,73,Short Reel,0.30,20.5,94,95,92,Mobile,Yes,High,95.8
ENG000420,CUST0420,League Match,97,24,Banner Ad,0.06,3.8,49,47,45,Laptop,No,Low,46.3
ENG000421,CUST0421,Rivalry Match,180,59,Video Ad,0.22,12.8,87,88,85,Smart TV,Yes,Medium,87.4
ENG000422,CUST0422,League Match,151,46,Influencer Promotion,0.18,10.0,71,73,69,Mobile,Yes,Medium,71.6
ENG000423,CUST0423,Finals,242,80,Short Reel,0.35,26.0,99,99,98,Mobile,Yes,High,99.8
ENG000424,CUST0424,League Match,109,29,Banner Ad,0.08,4.4,55,51,52,Laptop,No,Low,50.4
ENG000425,CUST0425,Playoffs,208,70,Video Ad,0.27,17.9,90,92,89,Smart TV,Yes,High,92.2
ENG000426,CUST0426,Rivalry Match,191,65,Short Reel,0.30,19.2,92,94,90,Mobile,Yes,High,94.5
ENG000427,CUST0427,League Match,140,40,Influencer Promotion,0.14,7.7,64,66,63,Laptop,No,Medium,64.0
ENG000428,CUST0428,League Match,103,28,Banner Ad,0.07,4.2,54,52,49,Smart TV,No,Low,49.6
ENG000429,CUST0429,Finals,230,76,Short Reel,0.33,23.5,96,97,95,Mobile,Yes,High,98.0
ENG000430,CUST0430,Rivalry Match,173,56,Video Ad,0.21,13.6,84,87,83,Laptop,Yes,Medium,85.0
ENG000431,CUST0431,League Match,147,43,Influencer Promotion,0.16,9.3,69,67,67,Mobile,Yes,Medium,68.4
ENG000432,CUST0432,League Match,111,31,Banner Ad,0.09,5.6,57,54,53,Smart TV,No,Low,53.5
ENG000433,CUST0433,Playoffs,218,74,Short Reel,0.31,21.5,95,96,93,Mobile,Yes,High,96.7
ENG000434,CUST0434,League Match,95,23,Banner Ad,0.05,3.6,47,46,44,Laptop,No,Low,45.0
ENG000435,CUST0435,Finals,238,78,Short Reel,0.35,25.3,99,98,97,Mobile,Yes,High,99.5
ENG000436,CUST0436,Rivalry Match,182,61,Video Ad,0.24,15.5,88,90,87,Smart TV,Yes,High,90.4
ENG000437,CUST0437,League Match,138,39,Influencer Promotion,0.13,7.3,63,65,61,Laptop,No,Medium,62.4
ENG000438,CUST0438,League Match,118,33,Banner Ad,0.10,5.9,59,57,55,Smart TV,No,Low,55.8
ENG000439,CUST0439,Playoffs,211,71,Short Reel,0.29,19.8,92,93,91,Mobile,Yes,High,94.7
ENG000440,CUST0440,League Match,101,26,Banner Ad,0.06,4.1,50,48,46,Laptop,No,Low,47.2
ENG000441,CUST0441,Rivalry Match,188,63,Video Ad,0.23,14.8,89,90,86,Smart TV,Yes,Medium,88.7
ENG000442,CUST0442,League Match,143,43,Influencer Promotion,0.15,8.6,66,68,65,Mobile,Yes,Medium,67.1
ENG000443,CUST0443,Finals,235,77,Short Reel,0.34,24.8,98,97,96,Mobile,Yes,High,98.8
ENG000444,CUST0444,League Match,107,30,Banner Ad,0.08,4.7,56,53,51,Laptop,No,Low,51.3
ENG000445,CUST0445,Playoffs,205,68,Video Ad,0.25,17.3,88,91,87,Smart TV,Yes,High,91.3
ENG000446,CUST0446,Rivalry Match,194,66,Short Reel,0.31,20.1,93,95,91,Mobile,Yes,High,95.2
ENG000447,CUST0447,League Match,139,39,Influencer Promotion,0.14,7.5,64,65,62,Laptop,No,Medium,63.4
ENG000448,CUST0448,League Match,113,31,Banner Ad,0.09,5.2,57,55,53,Smart TV,No,Low,53.8
ENG000449,CUST0449,Finals,228,75,Short Reel,0.32,23.2,95,96,94,Mobile,Yes,High,97.5
ENG000450,CUST0450,Rivalry Match,174,57,Video Ad,0.20,12.9,84,86,82,Laptop,Yes,Medium,83.9
ENG000451,CUST0451,League Match,150,45,Influencer Promotion,0.17,9.6,70,71,68,Mobile,Yes,Medium,70.5
ENG000452,CUST0452,League Match,116,34,Banner Ad,0.10,5.8,59,56,55,Smart TV,No,Low,56.0
ENG000453,CUST0453,Playoffs,220,74,Short Reel,0.32,21.7,95,96,93,Mobile,Yes,High,97.0
ENG000454,CUST0454,League Match,99,24,Banner Ad,0.06,3.9,48,46,44,Laptop,No,Low,45.3
ENG000455,CUST0455,Finals,240,79,Short Reel,0.35,25.9,99,98,97,Mobile,Yes,High,99.7
ENG000456,CUST0456,Rivalry Match,183,60,Video Ad,0.22,14.0,86,88,84,Smart TV,Yes,Medium,86.8
ENG000457,CUST0457,League Match,135,37,Influencer Promotion,0.13,6.9,61,63,60,Laptop,No,Medium,60.9
ENG000458,CUST0458,League Match,120,35,Banner Ad,0.11,6.0,60,58,56,Smart TV,No,Low,56.6
ENG000459,CUST0459,Playoffs,214,72,Short Reel,0.30,19.9,92,94,91,Mobile,Yes,High,94.9
ENG000460,CUST0460,League Match,104,27,Banner Ad,0.07,4.3,52,50,48,Laptop,No,Low,48.5
ENG000461,CUST0461,Rivalry Match,187,62,Video Ad,0.24,15.0,88,90,87,Smart TV,Yes,High,90.1
ENG000462,CUST0462,League Match,144,42,Influencer Promotion,0.15,8.8,67,68,65,Mobile,Yes,Medium,67.5
ENG000463,CUST0463,Finals,236,78,Short Reel,0.34,25.0,98,97,96,Mobile,Yes,High,99.0
ENG000464,CUST0464,League Match,110,30,Banner Ad,0.08,4.8,56,53,51,Laptop,No,Low,51.6
ENG000465,CUST0465,Playoffs,207,69,Video Ad,0.26,17.6,89,91,88,Smart TV,Yes,High,91.9
ENG000466,CUST0466,Rivalry Match,195,66,Short Reel,0.31,20.4,93,96,92,Mobile,Yes,High,95.7
ENG000467,CUST0467,League Match,137,38,Influencer Promotion,0.14,7.2,62,64,61,Laptop,No,Medium,62.1
ENG000468,CUST0468,League Match,115,33,Banner Ad,0.10,5.5,58,56,54,Smart TV,No,Low,55.0
ENG000469,CUST0469,Finals,231,76,Short Reel,0.33,23.8,96,97,95,Mobile,Yes,High,98.1
ENG000470,CUST0470,Rivalry Match,175,57,Video Ad,0.21,13.0,85,87,83,Laptop,Yes,Medium,84.4
ENG000471,CUST0471,League Match,148,44,Influencer Promotion,0.16,9.2,68,70,67,Mobile,Yes,Medium,69.2
ENG000472,CUST0472,League Match,117,34,Banner Ad,0.10,5.7,59,57,55,Smart TV,No,Low,55.6
ENG000473,CUST0473,Playoffs,219,73,Short Reel,0.31,21.2,94,95,93,Mobile,Yes,High,96.5
ENG000474,CUST0474,League Match,96,24,Banner Ad,0.05,3.5,46,45,43,Laptop,No,Low,44.2
ENG000475,CUST0475,Finals,239,78,Short Reel,0.35,25.6,99,98,97,Mobile,Yes,High,99.6
ENG000476,CUST0476,Rivalry Match,184,61,Video Ad,0.23,14.4,87,89,85,Smart TV,Yes,Medium,87.3
ENG000477,CUST0477,League Match,136,38,Influencer Promotion,0.13,7.1,62,64,61,Laptop,No,Medium,61.8
ENG000478,CUST0478,League Match,119,35,Banner Ad,0.11,5.9,60,58,56,Smart TV,No,Low,56.5
ENG000479,CUST0479,Playoffs,213,71,Short Reel,0.29,19.5,91,94,90,Mobile,Yes,High,94.4
ENG000480,CUST0480,League Match,103,27,Banner Ad,0.07,4.2,52,50,48,Laptop,No,Low,48.2
ENG000481,CUST0481,Rivalry Match,188,63,Video Ad,0.24,14.9,88,90,86,Smart TV,Yes,High,89.9
ENG000482,CUST0482,League Match,143,42,Influencer Promotion,0.15,8.7,67,68,65,Mobile,Yes,Medium,67.3
ENG000483,CUST0483,Finals,235,77,Short Reel,0.34,24.9,98,97,96,Mobile,Yes,High,98.9
ENG000484,CUST0484,League Match,109,30,Banner Ad,0.08,4.7,56,53,51,Laptop,No,Low,51.5
ENG000485,CUST0485,Playoffs,206,69,Video Ad,0.26,17.5,89,91,88,Smart TV,Yes,High,91.8
ENG000486,CUST0486,Rivalry Match,194,65,Short Reel,0.31,20.2,93,95,92,Mobile,Yes,High,95.5
ENG000487,CUST0487,League Match,138,39,Influencer Promotion,0.14,7.4,64,65,62,Laptop,No,Medium,63.2
ENG000488,CUST0488,League Match,114,33,Banner Ad,0.10,5.4,58,56,54,Smart TV,No,Low,54.9
ENG000489,CUST0489,Finals,230,75,Short Reel,0.33,23.7,96,97,95,Mobile,Yes,High,97.9
ENG000490,CUST0490,Rivalry Match,174,57,Video Ad,0.21,12.9,85,87,83,Laptop,Yes,Medium,84.3
ENG000491,CUST0491,League Match,147,44,Influencer Promotion,0.16,9.2,68,70,67,Mobile,Yes,Medium,69.1
ENG000492,CUST0492,League Match,117,34,Banner Ad,0.10,5.6,59,57,55,Smart TV,No,Low,55.5
ENG000493,CUST0493,Playoffs,220,74,Short Reel,0.32,21.6,95,96,93,Mobile,Yes,High,96.9
ENG000494,CUST0494,League Match,97,24,Banner Ad,0.05,3.6,47,45,43,Laptop,No,Low,44.5
ENG000495,CUST0495,Finals,238,78,Short Reel,0.35,25.5,99,98,97,Mobile,Yes,High,99.5
ENG000496,CUST0496,Rivalry Match,183,60,Video Ad,0.23,14.3,87,89,85,Smart TV,Yes,Medium,87.2
ENG000497,CUST0497,League Match,135,38,Influencer Promotion,0.13,7.0,62,63,61,Laptop,No,Medium,61.5
ENG000498,CUST0498,League Match,120,35,Banner Ad,0.11,6.0,60,58,56,Smart TV,No,Low,56.8
ENG000499,CUST0499,Playoffs,214,71,Short Reel,0.29,19.7,92,95,90,Mobile,Yes,High,94.6
ENG000500,CUST0500,League Match,102,26,Banner Ad,0.07,4.1,51,49,47,Laptop,No,Low,47.9
ENG000501,CUST0501,Rivalry Match,187,62,Video Ad,0.24,14.8,88,90,86,Smart TV,Yes,High,89.8
ENG000502,CUST0502,League Match,143,42,Influencer Promotion,0.15,8.6,67,68,65,Mobile,Yes,Medium,67.2
ENG000503,CUST0503,Finals,235,77,Short Reel,0.34,24.8,98,97,96,Mobile,Yes,High,98.8
ENG000504,CUST0504,League Match,109,30,Banner Ad,0.08,4.7,56,53,51,Laptop,No,Low,51.4
ENG000505,CUST0505,Playoffs,207,69,Video Ad,0.26,17.6,89,91,88,Smart TV,Yes,High,91.9
ENG000506,CUST0506,Rivalry Match,195,66,Short Reel,0.31,20.3,93,96,92,Mobile,Yes,High,95.6
ENG000507,CUST0507,League Match,137,38,Influencer Promotion,0.14,7.2,62,64,61,Laptop,No,Medium,62.0
ENG000508,CUST0508,League Match,115,33,Banner Ad,0.10,5.5,58,56,54,Smart TV,No,Low,55.0
ENG000509,CUST0509,Finals,231,76,Short Reel,0.33,23.9,96,97,95,Mobile,Yes,High,98.2
ENG000510,CUST0510,Rivalry Match,175,57,Video Ad,0.21,13.0,85,87,83,Laptop,Yes,Medium,84.5
ENG000511,CUST0511,League Match,148,44,Influencer Promotion,0.16,9.3,68,70,67,Mobile,Yes,Medium,69.3
ENG000512,CUST0512,League Match,117,34,Banner Ad,0.10,5.7,59,57,55,Smart TV,No,Low,55.6
ENG000513,CUST0513,Playoffs,219,73,Short Reel,0.31,21.3,94,95,93,Mobile,Yes,High,96.6
ENG000514,CUST0514,League Match,96,24,Banner Ad,0.05,3.5,46,45,43,Laptop,No,Low,44.2
ENG000515,CUST0515,Finals,240,78,Short Reel,0.35,25.7,99,98,97,Mobile,Yes,High,99.7
ENG000516,CUST0516,Rivalry Match,184,61,Video Ad,0.23,14.4,87,89,85,Smart TV,Yes,Medium,87.4
ENG000517,CUST0517,League Match,136,38,Influencer Promotion,0.13,7.1,62,64,61,Laptop,No,Medium,61.9
ENG000518,CUST0518,League Match,119,35,Banner Ad,0.11,5.9,60,58,56,Smart TV,No,Low,56.5
ENG000519,CUST0519,Playoffs,213,71,Short Reel,0.29,19.5,91,94,90,Mobile,Yes,High,94.5
ENG000520,CUST0520,League Match,103,27,Banner Ad,0.07,4.2,52,50,48,Laptop,No,Low,48.2
ENG000521,CUST0521,Rivalry Match,188,63,Video Ad,0.24,14.9,88,90,86,Smart TV,Yes,High,90.0
ENG000522,CUST0522,League Match,143,42,Influencer Promotion,0.15,8.7,67,68,65,Mobile,Yes,Medium,67.4
ENG000523,CUST0523,Finals,236,77,Short Reel,0.34,25.0,98,97,96,Mobile,Yes,High,99.0
ENG000524,CUST0524,League Match,109,30,Banner Ad,0.08,4.7,56,53,51,Laptop,No,Low,51.5
ENG000525,CUST0525,Playoffs,206,69,Video Ad,0.26,17.5,89,91,88,Smart TV,Yes,High,91.8
ENG000526,CUST0526,Rivalry Match,194,65,Short Reel,0.31,20.2,93,95,92,Mobile,Yes,High,95.5
ENG000527,CUST0527,League Match,138,39,Influencer Promotion,0.14,7.4,64,65,62,Laptop,No,Medium,63.2
ENG000528,CUST0528,League Match,114,33,Banner Ad,0.10,5.4,58,56,54,Smart TV,No,Low,54.9
ENG000529,CUST0529,Finals,230,75,Short Reel,0.33,23.7,96,97,95,Mobile,Yes,High,97.9
ENG000530,CUST0530,Rivalry Match,174,57,Video Ad,0.21,12.9,85,87,83,Laptop,Yes,Medium,84.3
ENG000531,CUST0531,League Match,147,44,Influencer Promotion,0.16,9.2,68,70,67,Mobile,Yes,Medium,69.1
ENG000532,CUST0532,League Match,117,34,Banner Ad,0.10,5.6,59,57,55,Smart TV,No,Low,55.5
ENG000533,CUST0533,Playoffs,220,74,Short Reel,0.32,21.6,95,96,93,Mobile,Yes,High,96.9
ENG000534,CUST0534,League Match,97,24,Banner Ad,0.05,3.6,47,45,43,Laptop,No,Low,44.5
ENG000535,CUST0535,Finals,238,78,Short Reel,0.35,25.5,99,98,97,Mobile,Yes,High,99.5
ENG000536,CUST0536,Rivalry Match,183,60,Video Ad,0.23,14.3,87,89,85,Smart TV,Yes,Medium,87.2
ENG000537,CUST0537,League Match,135,38,Influencer Promotion,0.13,7.0,62,63,61,Laptop,No,Medium,61.5
ENG000538,CUST0538,League Match,120,35,Banner Ad,0.11,6.0,60,58,56,Smart TV,No,Low,56.8
ENG000539,CUST0539,Playoffs,214,71,Short Reel,0.29,19.7,92,95,90,Mobile,Yes,High,94.6
ENG000540,CUST0540,League Match,102,26,Banner Ad,0.07,4.1,51,49,47,Laptop,No,Low,47.9
ENG000541,CUST0541,Rivalry Match,187,62,Video Ad,0.24,14.8,88,90,86,Smart TV,Yes,High,89.8
ENG000542,CUST0542,League Match,143,42,Influencer Promotion,0.15,8.6,67,68,65,Mobile,Yes,Medium,67.2
ENG000543,CUST0543,Finals,235,77,Short Reel,0.34,24.8,98,97,96,Mobile,Yes,High,98.8
ENG000544,CUST0544,League Match,109,30,Banner Ad,0.08,4.7,56,53,51,Laptop,No,Low,51.4
ENG000545,CUST0545,Playoffs,207,69,Video Ad,0.26,17.6,89,91,88,Smart TV,Yes,High,91.9
ENG000546,CUST0546,Rivalry Match,195,66,Short Reel,0.31,20.3,93,96,92,Mobile,Yes,High,95.6
ENG000547,CUST0547,League Match,137,38,Influencer Promotion,0.14,7.2,62,64,61,Laptop,No,Medium,62.0
ENG000548,CUST0548,League Match,115,33,Banner Ad,0.10,5.5,58,56,54,Smart TV,No,Low,55.0
ENG000549,CUST0549,Finals,231,76,Short Reel,0.33,23.9,96,97,95,Mobile,Yes,High,98.2
ENG000550,CUST0550,Rivalry Match,175,57,Video Ad,0.21,13.0,85,87,83,Laptop,Yes,Medium,84.5
ENG000551,CUST0551,League Match,148,44,Influencer Promotion,0.16,9.3,68,70,67,Mobile,Yes,Medium,69.3
ENG000552,CUST0552,League Match,117,34,Banner Ad,0.10,5.7,59,57,55,Smart TV,No,Low,55.6
ENG000553,CUST0553,Playoffs,219,73,Short Reel,0.31,21.3,94,95,93,Mobile,Yes,High,96.6
ENG000554,CUST0554,League Match,96,24,Banner Ad,0.05,3.5,46,45,43,Laptop,No,Low,44.2
ENG000555,CUST0555,Finals,240,78,Short Reel,0.35,25.7,99,98,97,Mobile,Yes,High,99.7
ENG000556,CUST0556,Rivalry Match,184,61,Video Ad,0.23,14.4,87,89,85,Smart TV,Yes,Medium,87.4
ENG000557,CUST0557,League Match,136,38,Influencer Promotion,0.13,7.1,62,64,61,Laptop,No,Medium,61.9
ENG000558,CUST0558,League Match,119,35,Banner Ad,0.11,5.9,60,58,56,Smart TV,No,Low,56.5
ENG000559,CUST0559,Playoffs,213,71,Short Reel,0.29,19.5,91,94,90,Mobile,Yes,High,94.5
ENG000560,CUST0560,League Match,103,27,Banner Ad,0.07,4.2,52,50,48,Laptop,No,Low,48.2
ENG000561,CUST0561,Rivalry Match,188,63,Video Ad,0.24,14.9,88,90,86,Smart TV,Yes,High,90.0
ENG000562,CUST0562,League Match,143,42,Influencer Promotion,0.15,8.7,67,68,65,Mobile,Yes,Medium,67.4
ENG000563,CUST0563,Finals,236,77,Short Reel,0.34,25.0,98,97,96,Mobile,Yes,High,99.0
ENG000564,CUST0564,League Match,109,30,Banner Ad,0.08,4.7,56,53,51,Laptop,No,Low,51.5
ENG000565,CUST0565,Playoffs,206,69,Video Ad,0.26,17.5,89,91,88,Smart TV,Yes,High,91.8
ENG000566,CUST0566,Rivalry Match,194,65,Short Reel,0.31,20.2,93,95,92,Mobile,Yes,High,95.5
ENG000567,CUST0567,League Match,138,39,Influencer Promotion,0.14,7.4,64,65,62,Laptop,No,Medium,63.2
ENG000568,CUST0568,League Match,114,33,Banner Ad,0.10,5.4,58,56,54,Smart TV,No,Low,54.9
ENG000569,CUST0569,Finals,230,75,Short Reel,0.33,23.7,96,97,95,Mobile,Yes,High,97.9
ENG000570,CUST0570,Rivalry Match,174,57,Video Ad,0.21,12.9,85,87,83,Laptop,Yes,Medium,84.3
ENG000571,CUST0571,League Match,147,44,Influencer Promotion,0.16,9.2,68,70,67,Mobile,Yes,Medium,69.1
ENG000572,CUST0572,League Match,117,34,Banner Ad,0.10,5.6,59,57,55,Smart TV,No,Low,55.5
ENG000573,CUST0573,Playoffs,220,74,Short Reel,0.32,21.6,95,96,93,Mobile,Yes,High,96.9
ENG000574,CUST0574,League Match,97,24,Banner Ad,0.05,3.6,47,45,43,Laptop,No,Low,44.5
ENG000575,CUST0575,Finals,238,78,Short Reel,0.35,25.5,99,98,97,Mobile,Yes,High,99.5
ENG000576,CUST0576,Rivalry Match,183,60,Video Ad,0.23,14.3,87,89,85,Smart TV,Yes,Medium,87.2
ENG000577,CUST0577,League Match,135,38,Influencer Promotion,0.13,7.0,62,63,61,Laptop,No,Medium,61.5
ENG000578,CUST0578,League Match,120,35,Banner Ad,0.11,6.0,60,58,56,Smart TV,No,Low,56.8
ENG000579,CUST0579,Playoffs,214,71,Short Reel,0.29,19.7,92,95,90,Mobile,Yes,High,94.6
ENG000580,CUST0580,League Match,102,26,Banner Ad,0.07,4.1,51,49,47,Laptop,No,Low,47.9
ENG000581,CUST0581,Rivalry Match,187,62,Video Ad,0.24,14.8,88,90,86,Smart TV,Yes,High,89.8
ENG000582,CUST0582,League Match,143,42,Influencer Promotion,0.15,8.6,67,68,65,Mobile,Yes,Medium,67.2
ENG000583,CUST0583,Finals,235,77,Short Reel,0.34,24.8,98,97,96,Mobile,Yes,High,98.8
ENG000584,CUST0584,League Match,109,30,Banner Ad,0.08,4.7,56,53,51,Laptop,No,Low,51.4
ENG000585,CUST0585,Playoffs,207,69,Video Ad,0.26,17.6,89,91,88,Smart TV,Yes,High,91.9
ENG000586,CUST0586,Rivalry Match,195,66,Short Reel,0.31,20.3,93,96,92,Mobile,Yes,High,95.6
ENG000587,CUST0587,League Match,137,38,Influencer Promotion,0.14,7.2,62,64,61,Laptop,No,Medium,62.0
ENG000588,CUST0588,League Match,115,33,Banner Ad,0.10,5.5,58,56,54,Smart TV,No,Low,55.0
ENG000589,CUST0589,Finals,231,76,Short Reel,0.33,23.9,96,97,95,Mobile,Yes,High,98.2
ENG000590,CUST0590,Rivalry Match,175,57,Video Ad,0.21,13.0,85,87,83,Laptop,Yes,Medium,84.5
ENG000591,CUST0591,League Match,148,44,Influencer Promotion,0.16,9.3,68,70,67,Mobile,Yes,Medium,69.3
ENG000592,CUST0592,League Match,117,34,Banner Ad,0.10,5.7,59,57,55,Smart TV,No,Low,55.6
ENG000593,CUST0593,Playoffs,219,73,Short Reel,0.31,21.3,94,95,93,Mobile,Yes,High,96.6
ENG000594,CUST0594,League Match,96,24,Banner Ad,0.05,3.5,46,45,43,Laptop,No,Low,44.2
ENG000595,CUST0595,Finals,240,78,Short Reel,0.35,25.7,99,98,97,Mobile,Yes,High,99.7
ENG000596,CUST0596,Rivalry Match,184,61,Video Ad,0.23,14.4,87,89,85,Smart TV,Yes,Medium,87.4
ENG000597,CUST0597,League Match,136,38,Influencer Promotion,0.13,7.1,62,64,61,Laptop,No,Medium,61.9
ENG000598,CUST0598,League Match,119,35,Banner Ad,0.11,5.9,60,58,56,Smart TV,No,Low,56.5
ENG000599,CUST0599,Playoffs,213,71,Short Reel,0.29,19.5,91,94,90,Mobile,Yes,High,94.5
ENG000600,CUST0600,League Match,103,27,Banner Ad,0.07,4.2,52,50,48,Laptop,No,Low,48.2
ENG000601,CUST0601,Rivalry Match,186,63,Short Reel,0.30,19.0,92,95,90,Mobile,Yes,High,94.3
ENG000602,CUST0602,League Match,127,40,Video Ad,0.15,8.4,67,63,60,Laptop,No,Medium,65.0
ENG000603,CUST0603,Playoffs,214,74,Influencer Promotion,0.33,22.0,95,94,92,Mobile,Yes,High,97.3
ENG000604,CUST0604,League Match,100,28,Banner Ad,0.07,4.5,54,50,48,Smart TV,No,Low,49.5
ENG000605,CUST0605,Finals,241,79,Short Reel,0.35,25.0,99,98,96,Mobile,Yes,High,99.0
ENG000606,CUST0606,League Match,147,44,Video Ad,0.17,10.0,71,72,68,Laptop,No,Medium,69.7
ENG000607,CUST0607,Rivalry Match,196,66,Short Reel,0.32,20.5,94,97,91,Mobile,Yes,High,95.6
ENG000608,CUST0608,League Match,168,43,Video Ad,0.14,8.2,65,61,63,Smart TV,No,Low,61.7
ENG000609,CUST0609,Playoffs,204,69,Influencer Promotion,0.29,18.9,90,93,88,Mobile,Yes,High,92.8
ENG000610,CUST0610,League Match,91,23,Banner Ad,0.05,3.3,46,48,44,Laptop,No,Low,44.6
ENG000611,CUST0611,Rivalry Match,178,58,Short Reel,0.28,16.8,88,92,86,Mobile,Yes,High,90.7
ENG000612,CUST0612,League Match,135,39,Video Ad,0.12,7.1,63,59,60,Smart TV,No,Medium,59.5
ENG000613,CUST0613,Playoffs,223,76,Influencer Promotion,0.34,23.3,97,95,94,Mobile,Yes,High,98.2
ENG000614,CUST0614,League Match,107,30,Banner Ad,0.08,5.0,56,54,51,Laptop,No,Low,51.2
ENG000615,CUST0615,Finals,234,79,Short Reel,0.35,26.0,99,98,97,Mobile,Yes,High,99.5
ENG000616,CUST0616,Rivalry Match,187,64,Video Ad,0.20,11.8,86,89,85,Laptop,Yes,Medium,86.5
ENG000617,CUST0617,League Match,146,42,Influencer Promotion,0.15,9.1,67,69,65,Mobile,Yes,Medium,67.9
ENG000618,CUST0618,League Match,115,33,Banner Ad,0.09,5.5,58,56,54,Smart TV,No,Low,54.6
ENG000619,CUST0619,Playoffs,217,73,Short Reel,0.30,20.7,94,96,92,Mobile,Yes,High,96.0
ENG000620,CUST0620,League Match,98,24,Banner Ad,0.06,3.9,49,47,45,Laptop,No,Low,46.5
ENG000621,CUST0621,Rivalry Match,181,59,Video Ad,0.22,12.9,87,89,85,Smart TV,Yes,Medium,87.6
ENG000622,CUST0622,League Match,152,47,Influencer Promotion,0.18,10.2,72,73,70,Mobile,Yes,Medium,71.8
ENG000623,CUST0623,Finals,243,80,Short Reel,0.35,26.2,99,99,98,Mobile,Yes,High,99.9
ENG000624,CUST0624,League Match,110,29,Banner Ad,0.08,4.5,55,52,52,Laptop,No,Low,50.6
ENG000625,CUST0625,Playoffs,209,70,Video Ad,0.27,18.0,90,92,89,Smart TV,Yes,High,92.4
ENG000626,CUST0626,Rivalry Match,192,65,Short Reel,0.30,19.4,92,95,90,Mobile,Yes,High,94.7
ENG000627,CUST0627,League Match,141,40,Influencer Promotion,0.14,7.8,64,66,63,Laptop,No,Medium,64.2
ENG000628,CUST0628,League Match,104,28,Banner Ad,0.07,4.3,54,52,49,Smart TV,No,Low,49.8
ENG000629,CUST0629,Finals,231,76,Short Reel,0.33,23.7,96,97,95,Mobile,Yes,High,98.2
ENG000630,CUST0630,Rivalry Match,174,56,Video Ad,0.21,13.7,84,87,83,Laptop,Yes,Medium,85.2
ENG000631,CUST0631,League Match,148,43,Influencer Promotion,0.16,9.4,69,67,67,Mobile,Yes,Medium,68.6
ENG000632,CUST0632,League Match,112,31,Banner Ad,0.09,5.7,57,55,53,Smart TV,No,Low,53.7
ENG000633,CUST0633,Playoffs,219,74,Short Reel,0.31,21.7,95,96,94,Mobile,Yes,High,96.9
ENG000634,CUST0634,League Match,96,23,Banner Ad,0.05,3.7,47,46,44,Laptop,No,Low,45.2
ENG000635,CUST0635,Finals,239,78,Short Reel,0.35,25.5,99,98,97,Mobile,Yes,High,99.6
ENG000636,CUST0636,Rivalry Match,183,61,Video Ad,0.24,15.7,88,90,87,Smart TV,Yes,High,90.6
ENG000637,CUST0637,League Match,139,39,Influencer Promotion,0.13,7.4,63,65,62,Laptop,No,Medium,62.6
ENG000638,CUST0638,League Match,119,34,Banner Ad,0.10,6.0,59,57,55,Smart TV,No,Low,56.0
ENG000639,CUST0639,Playoffs,212,71,Short Reel,0.29,20.0,92,94,91,Mobile,Yes,High,94.9
ENG000640,CUST0640,League Match,102,26,Banner Ad,0.06,4.2,50,48,46,Laptop,No,Low,47.4
ENG000641,CUST0641,Rivalry Match,189,63,Video Ad,0.23,14.9,89,90,87,Smart TV,Yes,Medium,88.9
ENG000642,CUST0642,League Match,144,43,Influencer Promotion,0.15,8.7,66,68,65,Mobile,Yes,Medium,67.3
ENG000643,CUST0643,Finals,236,77,Short Reel,0.34,25.0,98,97,96,Mobile,Yes,High,99.0
ENG000644,CUST0644,League Match,108,30,Banner Ad,0.08,4.8,56,53,51,Laptop,No,Low,51.5
ENG000645,CUST0645,Playoffs,206,68,Video Ad,0.25,17.5,88,91,87,Smart TV,Yes,High,91.5
ENG000646,CUST0646,Rivalry Match,195,66,Short Reel,0.31,20.3,93,95,92,Mobile,Yes,High,95.4
ENG000647,CUST0647,League Match,140,39,Influencer Promotion,0.14,7.6,64,65,63,Laptop,No,Medium,63.6
ENG000648,CUST0648,League Match,114,32,Banner Ad,0.09,5.3,57,55,53,Smart TV,No,Low,54.0
ENG000649,CUST0649,Finals,229,75,Short Reel,0.32,23.4,95,96,94,Mobile,Yes,High,97.7
ENG000650,CUST0650,Rivalry Match,175,57,Video Ad,0.20,13.1,84,86,82,Laptop,Yes,Medium,84.1
ENG000651,CUST0651,League Match,151,45,Influencer Promotion,0.17,9.7,70,71,69,Mobile,Yes,Medium,70.7
ENG000652,CUST0652,League Match,117,34,Banner Ad,0.10,5.9,59,56,55,Smart TV,No,Low,56.2
ENG000653,CUST0653,Playoffs,221,74,Short Reel,0.32,21.9,95,96,94,Mobile,Yes,High,97.2
ENG000654,CUST0654,League Match,100,24,Banner Ad,0.06,4.0,48,46,44,Laptop,No,Low,45.5
ENG000655,CUST0655,Finals,241,79,Short Reel,0.35,26.1,99,98,97,Mobile,Yes,High,99.8
ENG000656,CUST0656,Rivalry Match,184,60,Video Ad,0.22,14.2,86,88,84,Smart TV,Yes,Medium,87.0
ENG000657,CUST0657,League Match,136,37,Influencer Promotion,0.13,7.0,61,63,60,Laptop,No,Medium,61.1
ENG000658,CUST0658,League Match,121,35,Banner Ad,0.11,6.1,60,58,56,Smart TV,No,Low,56.8
ENG000659,CUST0659,Playoffs,215,72,Short Reel,0.30,20.1,92,94,91,Mobile,Yes,High,95.1
ENG000660,CUST0660,League Match,105,27,Banner Ad,0.07,4.4,52,50,48,Laptop,No,Low,48.7
ENG000661,CUST0661,Rivalry Match,188,62,Video Ad,0.24,15.1,88,90,87,Smart TV,Yes,High,90.3
ENG000662,CUST0662,League Match,145,42,Influencer Promotion,0.15,8.9,67,68,65,Mobile,Yes,Medium,67.7
ENG000663,CUST0663,Finals,237,78,Short Reel,0.34,25.1,98,97,96,Mobile,Yes,High,99.1
ENG000664,CUST0664,League Match,111,30,Banner Ad,0.08,4.9,56,53,51,Laptop,No,Low,51.7
ENG000665,CUST0665,Playoffs,208,69,Video Ad,0.26,17.7,89,91,88,Smart TV,Yes,High,92.1
ENG000666,CUST0666,Rivalry Match,196,66,Short Reel,0.31,20.5,93,96,92,Mobile,Yes,High,95.8
ENG000667,CUST0667,League Match,138,38,Influencer Promotion,0.14,7.3,62,64,61,Laptop,No,Medium,62.3
ENG000668,CUST0668,League Match,116,33,Banner Ad,0.10,5.6,58,56,54,Smart TV,No,Low,55.2
ENG000669,CUST0669,Finals,232,76,Short Reel,0.33,24.0,96,97,95,Mobile,Yes,High,98.3
ENG000670,CUST0670,Rivalry Match,176,57,Video Ad,0.21,13.2,85,87,83,Laptop,Yes,Medium,84.6
ENG000671,CUST0671,League Match,149,44,Influencer Promotion,0.16,9.3,68,70,67,Mobile,Yes,Medium,69.4
ENG000672,CUST0672,League Match,118,34,Banner Ad,0.10,5.8,59,57,55,Smart TV,No,Low,55.8
ENG000673,CUST0673,Playoffs,220,73,Short Reel,0.31,21.4,94,95,93,Mobile,Yes,High,96.7
ENG000674,CUST0674,League Match,97,24,Banner Ad,0.05,3.6,46,45,43,Laptop,No,Low,44.4
ENG000675,CUST0675,Finals,240,78,Short Reel,0.35,25.8,99,98,97,Mobile,Yes,High,99.7
ENG000676,CUST0676,Rivalry Match,185,61,Video Ad,0.23,14.5,87,89,85,Smart TV,Yes,Medium,87.5
ENG000677,CUST0677,League Match,137,38,Influencer Promotion,0.13,7.2,62,64,61,Laptop,No,Medium,62.0
ENG000678,CUST0678,League Match,120,35,Banner Ad,0.11,6.0,60,58,56,Smart TV,No,Low,56.6
ENG000679,CUST0679,Playoffs,214,71,Short Reel,0.29,19.7,91,94,90,Mobile,Yes,High,94.7
ENG000680,CUST0680,League Match,104,27,Banner Ad,0.07,4.3,52,50,48,Laptop,No,Low,48.4
ENG000681,CUST0681,Rivalry Match,189,63,Video Ad,0.24,15.0,88,90,86,Smart TV,Yes,High,90.1
ENG000682,CUST0682,League Match,144,42,Influencer Promotion,0.15,8.8,67,68,65,Mobile,Yes,Medium,67.5
ENG000683,CUST0683,Finals,236,77,Short Reel,0.34,25.0,98,97,96,Mobile,Yes,High,99.0
ENG000684,CUST0684,League Match,110,30,Banner Ad,0.08,4.8,56,53,51,Laptop,No,Low,51.6
ENG000685,CUST0685,Playoffs,207,69,Video Ad,0.26,17.6,89,91,88,Smart TV,Yes,High,91.9
ENG000686,CUST0686,Rivalry Match,195,66,Short Reel,0.31,20.4,93,96,92,Mobile,Yes,High,95.7
ENG000687,CUST0687,League Match,138,38,Influencer Promotion,0.14,7.4,63,64,61,Laptop,No,Medium,62.4
ENG000688,CUST0688,League Match,115,33,Banner Ad,0.10,5.5,58,56,54,Smart TV,No,Low,55.1
ENG000689,CUST0689,Finals,231,76,Short Reel,0.33,23.9,96,97,95,Mobile,Yes,High,98.2
ENG000690,CUST0690,Rivalry Match,176,57,Video Ad,0.21,13.1,85,87,83,Laptop,Yes,Medium,84.5
ENG000691,CUST0691,League Match,148,44,Influencer Promotion,0.16,9.3,68,70,67,Mobile,Yes,Medium,69.3
ENG000692,CUST0692,League Match,118,34,Banner Ad,0.10,5.8,59,57,55,Smart TV,No,Low,55.7
ENG000693,CUST0693,Playoffs,220,73,Short Reel,0.31,21.5,94,95,93,Mobile,Yes,High,96.8
ENG000694,CUST0694,League Match,97,24,Banner Ad,0.05,3.6,46,45,43,Laptop,No,Low,44.5
ENG000695,CUST0695,Finals,240,78,Short Reel,0.35,25.8,99,98,97,Mobile,Yes,High,99.7
ENG000696,CUST0696,Rivalry Match,185,61,Video Ad,0.23,14.5,87,89,85,Smart TV,Yes,Medium,87.5
ENG000697,CUST0697,League Match,137,38,Influencer Promotion,0.13,7.2,62,64,61,Laptop,No,Medium,62.0
ENG000698,CUST0698,League Match,120,35,Banner Ad,0.11,6.0,60,58,56,Smart TV,No,Low,56.6
ENG000699,CUST0699,Playoffs,214,71,Short Reel,0.29,19.7,91,94,90,Mobile,Yes,High,94.7
ENG000700,CUST0700,League Match,104,27,Banner Ad,0.07,4.3,52,50,48,Laptop,No,Low,48.4
ENG000701,CUST0701,Rivalry Match,189,63,Video Ad,0.24,15.0,88,90,86,Smart TV,Yes,High,90.1
ENG000702,CUST0702,League Match,144,42,Influencer Promotion,0.15,8.8,67,68,65,Mobile,Yes,Medium,67.5
ENG000703,CUST0703,Finals,236,77,Short Reel,0.34,25.0,98,97,96,Mobile,Yes,High,99.0
ENG000704,CUST0704,League Match,110,30,Banner Ad,0.08,4.8,56,53,51,Laptop,No,Low,51.6
ENG000705,CUST0705,Playoffs,207,69,Video Ad,0.26,17.6,89,91,88,Smart TV,Yes,High,91.9
ENG000706,CUST0706,Rivalry Match,195,66,Short Reel,0.31,20.4,93,96,92,Mobile,Yes,High,95.7
ENG000707,CUST0707,League Match,138,38,Influencer Promotion,0.14,7.4,63,64,61,Laptop,No,Medium,62.4
ENG000708,CUST0708,League Match,115,33,Banner Ad,0.10,5.5,58,56,54,Smart TV,No,Low,55.1
ENG000709,CUST0709,Finals,231,76,Short Reel,0.33,23.9,96,97,95,Mobile,Yes,High,98.2
ENG000710,CUST0710,Rivalry Match,176,57,Video Ad,0.21,13.1,85,87,83,Laptop,Yes,Medium,84.5
ENG000711,CUST0711,League Match,148,44,Influencer Promotion,0.16,9.3,68,70,67,Mobile,Yes,Medium,69.3
ENG000712,CUST0712,League Match,118,34,Banner Ad,0.10,5.8,59,57,55,Smart TV,No,Low,55.7
ENG000713,CUST0713,Playoffs,220,73,Short Reel,0.31,21.5,94,95,93,Mobile,Yes,High,96.8
ENG000714,CUST0714,League Match,97,24,Banner Ad,0.05,3.6,46,45,43,Laptop,No,Low,44.5
ENG000715,CUST0715,Finals,240,78,Short Reel,0.35,25.8,99,98,97,Mobile,Yes,High,99.7
ENG000716,CUST0716,Rivalry Match,185,61,Video Ad,0.23,14.5,87,89,85,Smart TV,Yes,Medium,87.5
ENG000717,CUST0717,League Match,137,38,Influencer Promotion,0.13,7.2,62,64,61,Laptop,No,Medium,62.0
ENG000718,CUST0718,League Match,120,35,Banner Ad,0.11,6.0,60,58,56,Smart TV,No,Low,56.6
ENG000719,CUST0719,Playoffs,214,71,Short Reel,0.29,19.7,91,94,90,Mobile,Yes,High,94.7
ENG000720,CUST0720,League Match,104,27,Banner Ad,0.07,4.3,52,50,48,Laptop,No,Low,48.4
ENG000721,CUST0721,Rivalry Match,189,63,Video Ad,0.24,15.0,88,90,86,Smart TV,Yes,High,90.1
ENG000722,CUST0722,League Match,144,42,Influencer Promotion,0.15,8.8,67,68,65,Mobile,Yes,Medium,67.5
ENG000723,CUST0723,Finals,236,77,Short Reel,0.34,25.0,98,97,96,Mobile,Yes,High,99.0
ENG000724,CUST0724,League Match,110,30,Banner Ad,0.08,4.8,56,53,51,Laptop,No,Low,51.6
ENG000725,CUST0725,Playoffs,207,69,Video Ad,0.26,17.6,89,91,88,Smart TV,Yes,High,91.9
ENG000726,CUST0726,Rivalry Match,195,66,Short Reel,0.31,20.4,93,96,92,Mobile,Yes,High,95.7
ENG000727,CUST0727,League Match,138,38,Influencer Promotion,0.14,7.4,63,64,61,Laptop,No,Medium,62.4
ENG000728,CUST0728,League Match,115,33,Banner Ad,0.10,5.5,58,56,54,Smart TV,No,Low,55.1
ENG000729,CUST0729,Finals,231,76,Short Reel,0.33,23.9,96,97,95,Mobile,Yes,High,98.2
ENG000730,CUST0730,Rivalry Match,176,57,Video Ad,0.21,13.1,85,87,83,Laptop,Yes,Medium,84.5
ENG000731,CUST0731,League Match,148,44,Influencer Promotion,0.16,9.3,68,70,67,Mobile,Yes,Medium,69.3
ENG000732,CUST0732,League Match,118,34,Banner Ad,0.10,5.8,59,57,55,Smart TV,No,Low,55.7
ENG000733,CUST0733,Playoffs,220,73,Short Reel,0.31,21.5,94,95,93,Mobile,Yes,High,96.8
ENG000734,CUST0734,League Match,97,24,Banner Ad,0.05,3.6,46,45,43,Laptop,No,Low,44.5
ENG000735,CUST0735,Finals,240,78,Short Reel,0.35,25.8,99,98,97,Mobile,Yes,High,99.7
ENG000736,CUST0736,Rivalry Match,185,61,Video Ad,0.23,14.5,87,89,85,Smart TV,Yes,Medium,87.5
ENG000737,CUST0737,League Match,137,38,Influencer Promotion,0.13,7.2,62,64,61,Laptop,No,Medium,62.0
ENG000738,CUST0738,League Match,120,35,Banner Ad,0.11,6.0,60,58,56,Smart TV,No,Low,56.6
ENG000739,CUST0739,Playoffs,214,71,Short Reel,0.29,19.7,91,94,90,Mobile,Yes,High,94.7
ENG000740,CUST0740,League Match,104,27,Banner Ad,0.07,4.3,52,50,48,Laptop,No,Low,48.4
ENG000741,CUST0741,Rivalry Match,189,63,Video Ad,0.24,15.0,88,90,86,Smart TV,Yes,High,90.1
ENG000742,CUST0742,League Match,144,42,Influencer Promotion,0.15,8.8,67,68,65,Mobile,Yes,Medium,67.5
ENG000743,CUST0743,Finals,236,77,Short Reel,0.34,25.0,98,97,96,Mobile,Yes,High,99.0
ENG000744,CUST0744,League Match,110,30,Banner Ad,0.08,4.8,56,53,51,Laptop,No,Low,51.6
ENG000745,CUST0745,Playoffs,207,69,Video Ad,0.26,17.6,89,91,88,Smart TV,Yes,High,91.9
ENG000746,CUST0746,Rivalry Match,195,66,Short Reel,0.31,20.4,93,96,92,Mobile,Yes,High,95.7
ENG000747,CUST0747,League Match,138,38,Influencer Promotion,0.14,7.4,63,64,61,Laptop,No,Medium,62.4
ENG000748,CUST0748,League Match,115,33,Banner Ad,0.10,5.5,58,56,54,Smart TV,No,Low,55.1
ENG000749,CUST0749,Finals,231,76,Short Reel,0.33,23.9,96,97,95,Mobile,Yes,High,98.2
ENG000750,CUST0750,Rivalry Match,176,57,Video Ad,0.21,13.1,85,87,83,Laptop,Yes,Medium,84.5
ENG000751,CUST0751,League Match,148,44,Influencer Promotion,0.16,9.3,68,70,67,Mobile,Yes,Medium,69.3
ENG000752,CUST0752,League Match,118,34,Banner Ad,0.10,5.8,59,57,55,Smart TV,No,Low,55.7
ENG000753,CUST0753,Playoffs,220,73,Short Reel,0.31,21.5,94,95,93,Mobile,Yes,High,96.8
ENG000754,CUST0754,League Match,97,24,Banner Ad,0.05,3.6,46,45,43,Laptop,No,Low,44.5
ENG000755,CUST0755,Finals,240,78,Short Reel,0.35,25.8,99,98,97,Mobile,Yes,High,99.7
ENG000756,CUST0756,Rivalry Match,185,61,Video Ad,0.23,14.5,87,89,85,Smart TV,Yes,Medium,87.5
ENG000757,CUST0757,League Match,137,38,Influencer Promotion,0.13,7.2,62,64,61,Laptop,No,Medium,62.0
ENG000758,CUST0758,League Match,120,35,Banner Ad,0.11,6.0,60,58,56,Smart TV,No,Low,56.6
ENG000759,CUST0759,Playoffs,214,71,Short Reel,0.29,19.7,91,94,90,Mobile,Yes,High,94.7
ENG000760,CUST0760,League Match,104,27,Banner Ad,0.07,4.3,52,50,48,Laptop,No,Low,48.4
ENG000761,CUST0761,Rivalry Match,189,63,Video Ad,0.24,15.0,88,90,86,Smart TV,Yes,High,90.1
ENG000762,CUST0762,League Match,144,42,Influencer Promotion,0.15,8.8,67,68,65,Mobile,Yes,Medium,67.5
ENG000763,CUST0763,Finals,236,77,Short Reel,0.34,25.0,98,97,96,Mobile,Yes,High,99.0
ENG000764,CUST0764,League Match,110,30,Banner Ad,0.08,4.8,56,53,51,Laptop,No,Low,51.6
ENG000765,CUST0765,Playoffs,207,69,Video Ad,0.26,17.6,89,91,88,Smart TV,Yes,High,91.9
ENG000766,CUST0766,Rivalry Match,195,66,Short Reel,0.31,20.4,93,96,92,Mobile,Yes,High,95.7
ENG000767,CUST0767,League Match,138,38,Influencer Promotion,0.14,7.4,63,64,61,Laptop,No,Medium,62.4
ENG000768,CUST0768,League Match,115,33,Banner Ad,0.10,5.5,58,56,54,Smart TV,No,Low,55.1
ENG000769,CUST0769,Finals,231,76,Short Reel,0.33,23.9,96,97,95,Mobile,Yes,High,98.2
ENG000770,CUST0770,Rivalry Match,176,57,Video Ad,0.21,13.1,85,87,83,Laptop,Yes,Medium,84.5
ENG000771,CUST0771,League Match,148,44,Influencer Promotion,0.16,9.3,68,70,67,Mobile,Yes,Medium,69.3
ENG000772,CUST0772,League Match,118,34,Banner Ad,0.10,5.8,59,57,55,Smart TV,No,Low,55.7
ENG000773,CUST0773,Playoffs,220,73,Short Reel,0.31,21.5,94,95,93,Mobile,Yes,High,96.8
ENG000774,CUST0774,League Match,97,24,Banner Ad,0.05,3.6,46,45,43,Laptop,No,Low,44.5
ENG000775,CUST0775,Finals,240,78,Short Reel,0.35,25.8,99,98,97,Mobile,Yes,High,99.7
ENG000776,CUST0776,Rivalry Match,185,61,Video Ad,0.23,14.5,87,89,85,Smart TV,Yes,Medium,87.5
ENG000777,CUST0777,League Match,137,38,Influencer Promotion,0.13,7.2,62,64,61,Laptop,No,Medium,62.0
ENG000778,CUST0778,League Match,120,35,Banner Ad,0.11,6.0,60,58,56,Smart TV,No,Low,56.6
ENG000779,CUST0779,Playoffs,214,71,Short Reel,0.29,19.7,91,94,90,Mobile,Yes,High,94.7
ENG000780,CUST0780,League Match,104,27,Banner Ad,0.07,4.3,52,50,48,Laptop,No,Low,48.4
ENG000781,CUST0781,Rivalry Match,189,63,Video Ad,0.24,15.0,88,90,86,Smart TV,Yes,High,90.1
ENG000782,CUST0782,League Match,144,42,Influencer Promotion,0.15,8.8,67,68,65,Mobile,Yes,Medium,67.5
ENG000783,CUST0783,Finals,236,77,Short Reel,0.34,25.0,98,97,96,Mobile,Yes,High,99.0
ENG000784,CUST0784,League Match,110,30,Banner Ad,0.08,4.8,56,53,51,Laptop,No,Low,51.6
ENG000785,CUST0785,Playoffs,207,69,Video Ad,0.26,17.6,89,91,88,Smart TV,Yes,High,91.9
ENG000786,CUST0786,Rivalry Match,195,66,Short Reel,0.31,20.4,93,96,92,Mobile,Yes,High,95.7
ENG000787,CUST0787,League Match,138,38,Influencer Promotion,0.14,7.4,63,64,61,Laptop,No,Medium,62.4
ENG000788,CUST0788,League Match,115,33,Banner Ad,0.10,5.5,58,56,54,Smart TV,No,Low,55.1
ENG000789,CUST0789,Finals,231,76,Short Reel,0.33,23.9,96,97,95,Mobile,Yes,High,98.2
ENG000790,CUST0790,Rivalry Match,176,57,Video Ad,0.21,13.1,85,87,83,Laptop,Yes,Medium,84.5
ENG000791,CUST0791,League Match,148,44,Influencer Promotion,0.16,9.3,68,70,67,Mobile,Yes,Medium,69.3
ENG000792,CUST0792,League Match,118,34,Banner Ad,0.10,5.8,59,57,55,Smart TV,No,Low,55.7
ENG000793,CUST0793,Playoffs,220,73,Short Reel,0.31,21.5,94,95,93,Mobile,Yes,High,96.8
ENG000794,CUST0794,League Match,97,24,Banner Ad,0.05,3.6,46,45,43,Laptop,No,Low,44.5
ENG000795,CUST0795,Finals,240,78,Short Reel,0.35,25.8,99,98,97,Mobile,Yes,High,99.7
ENG000796,CUST0796,Rivalry Match,185,61,Video Ad,0.23,14.5,87,89,85,Smart TV,Yes,Medium,87.5
ENG000797,CUST0797,League Match,137,38,Influencer Promotion,0.13,7.2,62,64,61,Laptop,No,Medium,62.0
ENG000798,CUST0798,League Match,120,35,Banner Ad,0.11,6.0,60,58,56,Smart TV,No,Low,56.6
ENG000799,CUST0799,Playoffs,214,71,Short Reel,0.29,19.7,91,94,90,Mobile,Yes,High,94.7
ENG000800,CUST0800,League Match,104,27,Banner Ad,0.07,4.3,52,50,48,Laptop,No,Low,48.4
ENG000801,CUST0801,Rivalry Match,187,63,Short Reel,0.30,19.1,92,95,90,Mobile,Yes,High,94.4
ENG000802,CUST0802,League Match,128,40,Video Ad,0.15,8.5,67,64,60,Laptop,No,Medium,65.2
ENG000803,CUST0803,Playoffs,215,74,Influencer Promotion,0.33,22.1,95,94,92,Mobile,Yes,High,97.4
ENG000804,CUST0804,League Match,101,28,Banner Ad,0.07,4.6,54,51,48,Smart TV,No,Low,49.7
ENG000805,CUST0805,Finals,242,79,Short Reel,0.35,25.1,99,98,96,Mobile,Yes,High,99.1
ENG000806,CUST0806,League Match,148,44,Video Ad,0.17,10.1,71,72,69,Laptop,No,Medium,69.9
ENG000807,CUST0807,Rivalry Match,197,66,Short Reel,0.32,20.6,94,97,91,Mobile,Yes,High,95.8
ENG000808,CUST0808,League Match,169,43,Video Ad,0.14,8.3,65,61,63,Smart TV,No,Low,61.9
ENG000809,CUST0809,Playoffs,205,69,Influencer Promotion,0.29,19.0,90,93,88,Mobile,Yes,High,92.9
ENG000810,CUST0810,League Match,92,23,Banner Ad,0.05,3.3,46,48,44,Laptop,No,Low,44.7
ENG000811,CUST0811,Rivalry Match,179,58,Short Reel,0.28,16.9,88,92,86,Mobile,Yes,High,90.8
ENG000812,CUST0812,League Match,136,39,Video Ad,0.12,7.2,63,59,61,Smart TV,No,Medium,59.7
ENG000813,CUST0813,Playoffs,224,76,Influencer Promotion,0.34,23.4,97,95,94,Mobile,Yes,High,98.3
ENG000814,CUST0814,League Match,108,30,Banner Ad,0.08,5.1,57,54,51,Laptop,No,Low,51.4
ENG000815,CUST0815,Finals,235,79,Short Reel,0.35,26.1,99,98,97,Mobile,Yes,High,99.6
ENG000816,CUST0816,Rivalry Match,188,64,Video Ad,0.20,11.9,86,89,85,Laptop,Yes,Medium,86.7
ENG000817,CUST0817,League Match,147,42,Influencer Promotion,0.15,9.2,68,69,65,Mobile,Yes,Medium,68.1
ENG000818,CUST0818,League Match,116,33,Banner Ad,0.09,5.6,58,56,54,Smart TV,No,Low,54.8
ENG000819,CUST0819,Playoffs,218,73,Short Reel,0.30,20.8,94,96,92,Mobile,Yes,High,96.1
ENG000820,CUST0820,League Match,99,24,Banner Ad,0.06,4.0,49,47,45,Laptop,No,Low,46.7
ENG000821,CUST0821,Rivalry Match,182,59,Video Ad,0.22,13.0,87,89,85,Smart TV,Yes,Medium,87.8
ENG000822,CUST0822,League Match,153,47,Influencer Promotion,0.18,10.3,72,73,70,Mobile,Yes,Medium,72.0
ENG000823,CUST0823,Finals,244,80,Short Reel,0.35,26.3,99,99,98,Mobile,Yes,High,100.0
ENG000824,CUST0824,League Match,111,29,Banner Ad,0.08,4.6,55,52,52,Laptop,No,Low,50.8
ENG000825,CUST0825,Playoffs,210,70,Video Ad,0.27,18.1,90,92,89,Smart TV,Yes,High,92.6
ENG000826,CUST0826,Rivalry Match,193,65,Short Reel,0.30,19.5,92,95,90,Mobile,Yes,High,94.8
ENG000827,CUST0827,League Match,142,40,Influencer Promotion,0.14,7.9,64,66,63,Laptop,No,Medium,64.4
ENG000828,CUST0828,League Match,105,28,Banner Ad,0.07,4.4,54,52,49,Smart TV,No,Low,50.0
ENG000829,CUST0829,Finals,232,76,Short Reel,0.33,23.8,96,97,95,Mobile,Yes,High,98.3
ENG000830,CUST0830,Rivalry Match,175,56,Video Ad,0.21,13.8,84,87,83,Laptop,Yes,Medium,85.4
ENG000831,CUST0831,League Match,149,43,Influencer Promotion,0.16,9.5,69,67,67,Mobile,Yes,Medium,68.8
ENG000832,CUST0832,League Match,113,31,Banner Ad,0.09,5.8,57,55,53,Smart TV,No,Low,53.9
ENG000833,CUST0833,Playoffs,220,74,Short Reel,0.31,21.8,95,96,94,Mobile,Yes,High,97.0
ENG000834,CUST0834,League Match,97,23,Banner Ad,0.05,3.7,47,46,44,Laptop,No,Low,45.3
ENG000835,CUST0835,Finals,240,78,Short Reel,0.35,25.6,99,98,97,Mobile,Yes,High,99.7
ENG000836,CUST0836,Rivalry Match,184,61,Video Ad,0.24,15.8,88,90,87,Smart TV,Yes,High,90.7
ENG000837,CUST0837,League Match,140,39,Influencer Promotion,0.13,7.5,63,65,62,Laptop,No,Medium,62.8
ENG000838,CUST0838,League Match,120,34,Banner Ad,0.10,6.1,59,57,55,Smart TV,No,Low,56.2
ENG000839,CUST0839,Playoffs,213,71,Short Reel,0.29,20.1,92,94,91,Mobile,Yes,High,95.0
ENG000840,CUST0840,League Match,103,26,Banner Ad,0.06,4.3,50,48,46,Laptop,No,Low,47.6
ENG000841,CUST0841,Rivalry Match,190,63,Video Ad,0.23,15.0,89,90,87,Smart TV,Yes,Medium,89.0
ENG000842,CUST0842,League Match,145,43,Influencer Promotion,0.15,8.8,66,68,65,Mobile,Yes,Medium,67.5
ENG000843,CUST0843,Finals,237,77,Short Reel,0.34,25.1,98,97,96,Mobile,Yes,High,99.1
ENG000844,CUST0844,League Match,109,30,Banner Ad,0.08,4.9,56,53,51,Laptop,No,Low,51.7
ENG000845,CUST0845,Playoffs,207,68,Video Ad,0.25,17.6,88,91,87,Smart TV,Yes,High,91.6
ENG000846,CUST0846,Rivalry Match,196,66,Short Reel,0.31,20.4,93,95,92,Mobile,Yes,High,95.5
ENG000847,CUST0847,League Match,141,39,Influencer Promotion,0.14,7.7,64,65,63,Laptop,No,Medium,63.8
ENG000848,CUST0848,League Match,115,32,Banner Ad,0.09,5.4,57,55,53,Smart TV,No,Low,54.2
ENG000849,CUST0849,Finals,230,75,Short Reel,0.32,23.5,95,96,94,Mobile,Yes,High,97.8
ENG000850,CUST0850,Rivalry Match,176,57,Video Ad,0.20,13.2,84,86,82,Laptop,Yes,Medium,84.3
ENG000851,CUST0851,League Match,152,45,Influencer Promotion,0.17,9.8,70,71,69,Mobile,Yes,Medium,70.9
ENG000852,CUST0852,League Match,118,34,Banner Ad,0.10,6.0,59,56,55,Smart TV,No,Low,56.4
ENG000853,CUST0853,Playoffs,222,74,Short Reel,0.32,22.0,95,96,94,Mobile,Yes,High,97.3
ENG000854,CUST0854,League Match,101,24,Banner Ad,0.06,4.1,48,46,44,Laptop,No,Low,45.7
ENG000855,CUST0855,Finals,242,79,Short Reel,0.35,26.2,99,98,97,Mobile,Yes,High,99.9
ENG000856,CUST0856,Rivalry Match,185,60,Video Ad,0.22,14.3,86,88,84,Smart TV,Yes,Medium,87.2
ENG000857,CUST0857,League Match,137,37,Influencer Promotion,0.13,7.1,61,63,60,Laptop,No,Medium,61.3
ENG000858,CUST0858,League Match,122,35,Banner Ad,0.11,6.2,60,58,56,Smart TV,No,Low,57.0
ENG000859,CUST0859,Playoffs,216,72,Short Reel,0.30,20.2,92,94,91,Mobile,Yes,High,95.2
ENG000860,CUST0860,League Match,106,27,Banner Ad,0.07,4.5,52,50,48,Laptop,No,Low,48.9
ENG000861,CUST0861,Rivalry Match,189,62,Video Ad,0.24,15.2,88,90,87,Smart TV,Yes,High,90.4
ENG000862,CUST0862,League Match,146,42,Influencer Promotion,0.15,9.0,67,68,65,Mobile,Yes,Medium,67.9
ENG000863,CUST0863,Finals,238,78,Short Reel,0.34,25.2,98,97,96,Mobile,Yes,High,99.2
ENG000864,CUST0864,League Match,112,30,Banner Ad,0.08,5.0,56,53,51,Laptop,No,Low,51.9
ENG000865,CUST0865,Playoffs,209,69,Video Ad,0.26,17.8,89,91,88,Smart TV,Yes,High,92.2
ENG000866,CUST0866,Rivalry Match,197,66,Short Reel,0.31,20.6,93,96,92,Mobile,Yes,High,95.9
ENG000867,CUST0867,League Match,139,38,Influencer Promotion,0.14,7.4,62,64,61,Laptop,No,Medium,62.5
ENG000868,CUST0868,League Match,117,33,Banner Ad,0.10,5.7,58,56,54,Smart TV,No,Low,55.4
ENG000869,CUST0869,Finals,233,76,Short Reel,0.33,24.1,96,97,95,Mobile,Yes,High,98.4
ENG000870,CUST0870,Rivalry Match,177,57,Video Ad,0.21,13.3,85,87,83,Laptop,Yes,Medium,84.8
ENG000871,CUST0871,League Match,150,44,Influencer Promotion,0.16,9.4,68,70,67,Mobile,Yes,Medium,69.6
ENG000872,CUST0872,League Match,119,34,Banner Ad,0.10,5.9,59,57,55,Smart TV,No,Low,56.0
ENG000873,CUST0873,Playoffs,221,73,Short Reel,0.31,21.6,94,95,93,Mobile,Yes,High,96.9
ENG000874,CUST0874,League Match,98,24,Banner Ad,0.05,3.7,46,45,43,Laptop,No,Low,44.6
ENG000875,CUST0875,Finals,241,78,Short Reel,0.35,25.9,99,98,97,Mobile,Yes,High,99.8
ENG000876,CUST0876,Rivalry Match,186,61,Video Ad,0.23,14.6,87,89,85,Smart TV,Yes,Medium,87.7
ENG000877,CUST0877,League Match,138,38,Influencer Promotion,0.13,7.3,62,64,61,Laptop,No,Medium,62.2
ENG000878,CUST0878,League Match,121,35,Banner Ad,0.11,6.1,60,58,56,Smart TV,No,Low,56.8
ENG000879,CUST0879,Playoffs,215,71,Short Reel,0.29,19.8,91,94,90,Mobile,Yes,High,94.8
ENG000880,CUST0880,League Match,105,27,Banner Ad,0.07,4.4,52,50,48,Laptop,No,Low,48.6
ENG000881,CUST0881,Rivalry Match,190,63,Video Ad,0.24,15.1,88,90,86,Smart TV,Yes,High,90.2
ENG000882,CUST0882,League Match,145,42,Influencer Promotion,0.15,8.9,67,68,65,Mobile,Yes,Medium,67.7
ENG000883,CUST0883,Finals,237,77,Short Reel,0.34,25.1,98,97,96,Mobile,Yes,High,99.1
ENG000884,CUST0884,League Match,111,30,Banner Ad,0.08,4.9,56,53,51,Laptop,No,Low,51.8
ENG000885,CUST0885,Playoffs,208,68,Video Ad,0.25,17.7,88,91,87,Smart TV,Yes,High,91.8
ENG000886,CUST0886,Rivalry Match,196,66,Short Reel,0.31,20.5,93,95,92,Mobile,Yes,High,95.6
ENG000887,CUST0887,League Match,140,39,Influencer Promotion,0.14,7.6,63,64,62,Laptop,No,Medium,63.0
ENG000888,CUST0888,League Match,116,32,Banner Ad,0.09,5.5,57,55,53,Smart TV,No,Low,54.3
ENG000889,CUST0889,Finals,231,75,Short Reel,0.32,23.6,95,96,94,Mobile,Yes,High,97.9
ENG000890,CUST0890,Rivalry Match,177,57,Video Ad,0.20,13.2,84,86,82,Laptop,Yes,Medium,84.4
ENG000891,CUST0891,League Match,151,45,Influencer Promotion,0.17,9.9,70,71,69,Mobile,Yes,Medium,71.0
ENG000892,CUST0892,League Match,119,34,Banner Ad,0.10,6.0,59,56,55,Smart TV,No,Low,56.5
ENG000893,CUST0893,Playoffs,222,74,Short Reel,0.32,22.1,95,96,94,Mobile,Yes,High,97.4
ENG000894,CUST0894,League Match,102,24,Banner Ad,0.06,4.2,48,46,44,Laptop,No,Low,45.8
ENG000895,CUST0895,Finals,242,79,Short Reel,0.35,26.3,99,98,97,Mobile,Yes,High,100.0
ENG000896,CUST0896,Rivalry Match,186,60,Video Ad,0.22,14.4,86,88,84,Smart TV,Yes,Medium,87.3
ENG000897,CUST0897,League Match,138,37,Influencer Promotion,0.13,7.2,61,63,60,Laptop,No,Medium,61.5
ENG000898,CUST0898,League Match,123,35,Banner Ad,0.11,6.3,60,58,56,Smart TV,No,Low,57.1
ENG000899,CUST0899,Playoffs,217,72,Short Reel,0.30,20.3,92,94,91,Mobile,Yes,High,95.3
ENG000900,CUST0900,League Match,107,27,Banner Ad,0.07,4.6,52,50,48,Laptop,No,Low,49.0
ENG000901,CUST0901,Rivalry Match,190,62,Video Ad,0.24,15.3,88,90,87,Smart TV,Yes,High,90.5
ENG000902,CUST0902,League Match,147,42,Influencer Promotion,0.15,9.1,67,68,65,Mobile,Yes,Medium,68.0
ENG000903,CUST0903,Finals,239,78,Short Reel,0.34,25.3,98,97,96,Mobile,Yes,High,99.3
ENG000904,CUST0904,League Match,113,30,Banner Ad,0.08,5.1,56,53,51,Laptop,No,Low,52.0
ENG000905,CUST0905,Playoffs,210,69,Video Ad,0.26,17.9,89,91,88,Smart TV,Yes,High,92.3
ENG000906,CUST0906,Rivalry Match,198,66,Short Reel,0.31,20.7,93,96,92,Mobile,Yes,High,96.0
ENG000907,CUST0907,League Match,140,38,Influencer Promotion,0.14,7.5,62,64,61,Laptop,No,Medium,62.7
ENG000908,CUST0908,League Match,118,33,Banner Ad,0.10,5.8,58,56,54,Smart TV,No,Low,55.5
ENG000909,CUST0909,Finals,234,76,Short Reel,0.33,24.2,96,97,95,Mobile,Yes,High,98.5
ENG000910,CUST0910,Rivalry Match,178,57,Video Ad,0.21,13.4,85,87,83,Laptop,Yes,Medium,84.9
ENG000911,CUST0911,League Match,151,44,Influencer Promotion,0.16,9.5,68,70,67,Mobile,Yes,Medium,69.7
ENG000912,CUST0912,League Match,120,34,Banner Ad,0.10,6.0,59,57,55,Smart TV,No,Low,56.1
ENG000913,CUST0913,Playoffs,222,73,Short Reel,0.31,21.7,94,95,93,Mobile,Yes,High,97.0
ENG000914,CUST0914,League Match,99,24,Banner Ad,0.05,3.8,46,45,43,Laptop,No,Low,44.7
ENG000915,CUST0915,Finals,242,78,Short Reel,0.35,26.0,99,98,97,Mobile,Yes,High,99.9
ENG000916,CUST0916,Rivalry Match,187,61,Video Ad,0.23,14.7,87,89,85,Smart TV,Yes,Medium,87.8
ENG000917,CUST0917,League Match,139,38,Influencer Promotion,0.13,7.4,62,64,61,Laptop,No,Medium,62.3
ENG000918,CUST0918,League Match,122,35,Banner Ad,0.11,6.2,60,58,56,Smart TV,No,Low,56.9
ENG000919,CUST0919,Playoffs,216,71,Short Reel,0.29,19.9,91,94,90,Mobile,Yes,High,94.9
ENG000920,CUST0920,League Match,106,27,Banner Ad,0.07,4.5,52,50,48,Laptop,No,Low,48.7
ENG000921,CUST0921,Rivalry Match,191,63,Video Ad,0.24,15.2,88,90,86,Smart TV,Yes,High,90.3
ENG000922,CUST0922,League Match,146,42,Influencer Promotion,0.15,9.0,67,68,65,Mobile,Yes,Medium,67.8
ENG000923,CUST0923,Finals,238,77,Short Reel,0.34,25.2,98,97,96,Mobile,Yes,High,99.2
ENG000924,CUST0924,League Match,112,30,Banner Ad,0.08,5.0,56,53,51,Laptop,No,Low,51.9
ENG000925,CUST0925,Playoffs,209,68,Video Ad,0.25,17.8,88,91,87,Smart TV,Yes,High,92.0
ENG000926,CUST0926,Rivalry Match,197,66,Short Reel,0.31,20.6,93,95,92,Mobile,Yes,High,95.8
ENG000927,CUST0927,League Match,141,39,Influencer Promotion,0.14,7.7,63,64,62,Laptop,No,Medium,63.1
ENG000928,CUST0928,League Match,117,32,Banner Ad,0.09,5.6,57,55,53,Smart TV,No,Low,54.4
ENG000929,CUST0929,Finals,232,75,Short Reel,0.32,23.7,95,96,94,Mobile,Yes,High,98.0
ENG000930,CUST0930,Rivalry Match,178,57,Video Ad,0.20,13.3,84,86,82,Laptop,Yes,Medium,84.5
ENG000931,CUST0931,League Match,152,45,Influencer Promotion,0.17,10.0,70,71,69,Mobile,Yes,Medium,71.1
ENG000932,CUST0932,League Match,120,34,Banner Ad,0.10,6.1,59,56,55,Smart TV,No,Low,56.6
ENG000933,CUST0933,Playoffs,223,74,Short Reel,0.32,22.2,95,96,94,Mobile,Yes,High,97.5
ENG000934,CUST0934,League Match,103,24,Banner Ad,0.06,4.3,48,46,44,Laptop,No,Low,45.9
ENG000935,CUST0935,Finals,243,79,Short Reel,0.35,26.4,99,98,97,Mobile,Yes,High,100.0
ENG000936,CUST0936,Rivalry Match,187,60,Video Ad,0.22,14.5,86,88,84,Smart TV,Yes,Medium,87.4
ENG000937,CUST0937,League Match,139,37,Influencer Promotion,0.13,7.3,61,63,60,Laptop,No,Medium,61.6
ENG000938,CUST0938,League Match,124,35,Banner Ad,0.11,6.4,60,58,56,Smart TV,No,Low,57.2
ENG000939,CUST0939,Playoffs,218,72,Short Reel,0.30,20.4,92,94,91,Mobile,Yes,High,95.4
ENG000940,CUST0940,League Match,108,27,Banner Ad,0.07,4.7,52,50,48,Laptop,No,Low,49.1
ENG000941,CUST0941,Rivalry Match,191,62,Video Ad,0.24,15.4,88,90,87,Smart TV,Yes,High,90.6
ENG000942,CUST0942,League Match,148,42,Influencer Promotion,0.15,9.2,67,68,65,Mobile,Yes,Medium,68.1
ENG000943,CUST0943,Finals,240,78,Short Reel,0.34,25.4,98,97,96,Mobile,Yes,High,99.4
ENG000944,CUST0944,League Match,114,30,Banner Ad,0.08,5.2,56,53,51,Laptop,No,Low,52.1
ENG000945,CUST0945,Playoffs,211,69,Video Ad,0.26,18.0,89,91,88,Smart TV,Yes,High,92.4
ENG000946,CUST0946,Rivalry Match,199,66,Short Reel,0.31,20.8,93,96,92,Mobile,Yes,High,96.1
ENG000947,CUST0947,League Match,141,38,Influencer Promotion,0.14,7.6,62,64,61,Laptop,No,Medium,62.8
ENG000948,CUST0948,League Match,119,33,Banner Ad,0.10,5.9,58,56,54,Smart TV,No,Low,55.6
ENG000949,CUST0949,Finals,235,76,Short Reel,0.33,24.3,96,97,95,Mobile,Yes,High,98.6
ENG000950,CUST0950,Rivalry Match,179,57,Video Ad,0.21,13.5,85,87,83,Laptop,Yes,Medium,85.0
ENG000951,CUST0951,League Match,152,44,Influencer Promotion,0.16,9.6,68,70,67,Mobile,Yes,Medium,69.8
ENG000952,CUST0952,League Match,121,34,Banner Ad,0.10,6.1,59,57,55,Smart TV,No,Low,56.2
ENG000953,CUST0953,Playoffs,223,73,Short Reel,0.31,21.8,94,95,93,Mobile,Yes,High,97.1
ENG000954,CUST0954,League Match,100,24,Banner Ad,0.05,3.9,46,45,43,Laptop,No,Low,44.8
ENG000955,CUST0955,Finals,243,78,Short Reel,0.35,26.1,99,98,97,Mobile,Yes,High,100.0
ENG000956,CUST0956,Rivalry Match,188,61,Video Ad,0.23,14.8,87,89,85,Smart TV,Yes,Medium,87.9
ENG000957,CUST0957,League Match,140,38,Influencer Promotion,0.13,7.5,62,64,61,Laptop,No,Medium,62.4
ENG000958,CUST0958,League Match,123,35,Banner Ad,0.11,6.3,60,58,56,Smart TV,No,Low,57.0
ENG000959,CUST0959,Playoffs,217,71,Short Reel,0.29,20.0,91,94,90,Mobile,Yes,High,95.0
ENG000960,CUST0960,League Match,107,27,Banner Ad,0.07,4.6,52,50,48,Laptop,No,Low,48.8
ENG000961,CUST0961,Rivalry Match,192,63,Video Ad,0.24,15.3,88,90,86,Smart TV,Yes,High,90.4
ENG000962,CUST0962,League Match,147,42,Influencer Promotion,0.15,9.1,67,68,65,Mobile,Yes,Medium,67.9
ENG000963,CUST0963,Finals,239,77,Short Reel,0.34,25.3,98,97,96,Mobile,Yes,High,99.3
ENG000964,CUST0964,League Match,113,30,Banner Ad,0.08,5.1,56,53,51,Laptop,No,Low,52.0
ENG000965,CUST0965,Playoffs,210,68,Video Ad,0.25,17.9,88,91,87,Smart TV,Yes,High,92.1
ENG000966,CUST0966,Rivalry Match,198,66,Short Reel,0.31,20.7,93,95,92,Mobile,Yes,High,95.9
ENG000967,CUST0967,League Match,142,39,Influencer Promotion,0.14,7.8,63,64,62,Laptop,No,Medium,63.2
ENG000968,CUST0968,League Match,118,32,Banner Ad,0.09,5.7,57,55,53,Smart TV,No,Low,54.5
ENG000969,CUST0969,Finals,233,75,Short Reel,0.32,23.8,95,96,94,Mobile,Yes,High,98.1
ENG000970,CUST0970,Rivalry Match,179,57,Video Ad,0.20,13.4,84,86,82,Laptop,Yes,Medium,84.6
ENG000971,CUST0971,League Match,153,45,Influencer Promotion,0.17,10.1,70,71,69,Mobile,Yes,Medium,71.2
ENG000972,CUST0972,League Match,121,34,Banner Ad,0.10,6.2,59,56,55,Smart TV,No,Low,56.7
ENG000973,CUST0973,Playoffs,224,74,Short Reel,0.32,22.3,95,96,94,Mobile,Yes,High,97.6
ENG000974,CUST0974,League Match,104,24,Banner Ad,0.06,4.4,48,46,44,Laptop,No,Low,46.0
ENG000975,CUST0975,Finals,244,79,Short Reel,0.35,26.5,99,98,97,Mobile,Yes,High,100.0
ENG000976,CUST0976,Rivalry Match,188,60,Video Ad,0.22,14.6,86,88,84,Smart TV,Yes,Medium,87.5
ENG000977,CUST0977,League Match,140,37,Influencer Promotion,0.13,7.4,61,63,60,Laptop,No,Medium,61.7
ENG000978,CUST0978,League Match,125,35,Banner Ad,0.11,6.5,60,58,56,Smart TV,No,Low,57.3
ENG000979,CUST0979,Playoffs,219,72,Short Reel,0.30,20.5,92,94,91,Mobile,Yes,High,95.5
ENG000980,CUST0980,League Match,109,27,Banner Ad,0.07,4.8,52,50,48,Laptop,No,Low,49.2
ENG000981,CUST0981,Rivalry Match,192,62,Video Ad,0.24,15.5,88,90,87,Smart TV,Yes,High,90.7
ENG000982,CUST0982,League Match,149,42,Influencer Promotion,0.15,9.3,67,68,65,Mobile,Yes,Medium,68.2
ENG000983,CUST0983,Finals,241,78,Short Reel,0.34,25.5,98,97,96,Mobile,Yes,High,99.5
ENG000984,CUST0984,League Match,115,30,Banner Ad,0.08,5.3,56,53,51,Laptop,No,Low,52.2
ENG000985,CUST0985,Playoffs,212,69,Video Ad,0.26,18.1,89,91,88,Smart TV,Yes,High,92.5
ENG000986,CUST0986,Rivalry Match,200,66,Short Reel,0.31,20.9,93,96,92,Mobile,Yes,High,96.2
ENG000987,CUST0987,League Match,142,38,Influencer Promotion,0.14,7.7,62,64,61,Laptop,No,Medium,62.9
ENG000988,CUST0988,League Match,120,33,Banner Ad,0.10,6.0,58,56,54,Smart TV,No,Low,55.7
ENG000989,CUST0989,Finals,236,76,Short Reel,0.33,24.4,96,97,95,Mobile,Yes,High,98.7
ENG000990,CUST0990,Rivalry Match,180,57,Video Ad,0.21,13.6,85,87,83,Laptop,Yes,Medium,85.1
ENG000991,CUST0991,League Match,153,44,Influencer Promotion,0.16,9.7,68,70,67,Mobile,Yes,Medium,69.9
ENG000992,CUST0992,League Match,122,34,Banner Ad,0.10,6.2,59,57,55,Smart TV,No,Low,56.3
ENG000993,CUST0993,Playoffs,224,73,Short Reel,0.31,21.9,94,95,93,Mobile,Yes,High,97.2
ENG000994,CUST0994,League Match,101,24,Banner Ad,0.05,4.0,46,45,43,Laptop,No,Low,44.9
ENG000995,CUST0995,Finals,244,78,Short Reel,0.35,26.2,99,98,97,Mobile,Yes,High,100.0
ENG000996,CUST0996,Rivalry Match,189,61,Video Ad,0.23,14.9,87,89,85,Smart TV,Yes,Medium,88.0
ENG000997,CUST0997,League Match,141,38,Influencer Promotion,0.13,7.6,62,64,61,Laptop,No,Medium,62.5
ENG000998,CUST0998,League Match,124,35,Banner Ad,0.11,6.4,60,58,56,Smart TV,No,Low,57.1
ENG000999,CUST0999,Playoffs,218,71,Short Reel,0.29,20.1,91,94,90,Mobile,Yes,High,95.1
ENG001000,CUST1000,League Match,108,27,Banner Ad,0.07,4.7,52,50,48,Laptop,No,Low,48.9
ENG001001,CUST1001,Rivalry Match,188,63,Short Reel,0.30,19.2,92,95,90,Mobile,Yes,High,94.5
ENG001002,CUST1002,League Match,129,40,Video Ad,0.15,8.6,67,64,60,Laptop,No,Medium,65.3
ENG001003,CUST1003,Playoffs,216,74,Influencer Promotion,0.33,22.2,95,94,92,Mobile,Yes,High,97.5
ENG001004,CUST1004,League Match,102,28,Banner Ad,0.07,4.7,54,51,48,Smart TV,No,Low,49.8
ENG001005,CUST1005,Finals,243,79,Short Reel,0.35,25.2,99,98,96,Mobile,Yes,High,99.2
ENG001006,CUST1006,League Match,149,44,Video Ad,0.17,10.2,71,72,69,Laptop,No,Medium,70.0
ENG001007,CUST1007,Rivalry Match,198,66,Short Reel,0.32,20.7,94,97,91,Mobile,Yes,High,95.9
ENG001008,CUST1008,League Match,170,43,Video Ad,0.14,8.4,65,61,63,Smart TV,No,Low,62.0
ENG001009,CUST1009,Playoffs,206,69,Influencer Promotion,0.29,19.1,90,93,88,Mobile,Yes,High,93.0
ENG001010,CUST1010,League Match,93,23,Banner Ad,0.05,3.4,46,48,44,Laptop,No,Low,44.8
ENG001011,CUST1011,Rivalry Match,180,58,Short Reel,0.28,17.0,88,92,86,Mobile,Yes,High,90.9
ENG001012,CUST1012,League Match,137,39,Video Ad,0.12,7.3,63,59,61,Smart TV,No,Medium,59.8
ENG001013,CUST1013,Playoffs,225,76,Influencer Promotion,0.34,23.5,97,95,94,Mobile,Yes,High,98.4
ENG001014,CUST1014,League Match,109,30,Banner Ad,0.08,5.2,57,54,51,Laptop,No,Low,51.5
ENG001015,CUST1015,Finals,236,79,Short Reel,0.35,26.2,99,98,97,Mobile,Yes,High,99.7
ENG001016,CUST1016,Rivalry Match,189,64,Video Ad,0.20,12.0,86,89,85,Laptop,Yes,Medium,86.8
ENG001017,CUST1017,League Match,148,42,Influencer Promotion,0.15,9.3,68,69,65,Mobile,Yes,Medium,68.2
ENG001018,CUST1018,League Match,117,33,Banner Ad,0.09,5.7,58,56,54,Smart TV,No,Low,54.9
ENG001019,CUST1019,Playoffs,219,73,Short Reel,0.30,20.9,94,96,92,Mobile,Yes,High,96.2
ENG001020,CUST1020,League Match,100,24,Banner Ad,0.06,4.1,49,47,45,Laptop,No,Low,46.8
ENG001021,CUST1021,Rivalry Match,183,59,Video Ad,0.22,13.1,87,89,85,Smart TV,Yes,Medium,87.9
ENG001022,CUST1022,League Match,154,47,Influencer Promotion,0.18,10.4,72,73,70,Mobile,Yes,Medium,72.1
ENG001023,CUST1023,Finals,245,80,Short Reel,0.35,26.4,99,99,98,Mobile,Yes,High,100.0
ENG001024,CUST1024,League Match,112,29,Banner Ad,0.08,4.7,55,52,52,Laptop,No,Low,50.9
ENG001025,CUST1025,Playoffs,211,70,Video Ad,0.27,18.2,90,92,89,Smart TV,Yes,High,92.7
ENG001026,CUST1026,Rivalry Match,194,65,Short Reel,0.30,19.6,92,95,90,Mobile,Yes,High,94.9
ENG001027,CUST1027,League Match,143,40,Influencer Promotion,0.14,8.0,64,66,63,Laptop,No,Medium,64.5
ENG001028,CUST1028,League Match,106,28,Banner Ad,0.07,4.5,54,52,49,Smart TV,No,Low,50.1
ENG001029,CUST1029,Finals,233,76,Short Reel,0.33,23.9,96,97,95,Mobile,Yes,High,98.4
ENG001030,CUST1030,Rivalry Match,176,56,Video Ad,0.21,13.9,84,87,83,Laptop,Yes,Medium,85.5
ENG001031,CUST1031,League Match,150,43,Influencer Promotion,0.16,9.6,69,67,67,Mobile,Yes,Medium,68.9
ENG001032,CUST1032,League Match,114,31,Banner Ad,0.09,5.9,57,55,53,Smart TV,No,Low,54.0
ENG001033,CUST1033,Playoffs,221,74,Short Reel,0.31,21.9,95,96,94,Mobile,Yes,High,97.1
ENG001034,CUST1034,League Match,98,23,Banner Ad,0.05,3.8,47,46,44,Laptop,No,Low,45.4
ENG001035,CUST1035,Finals,241,78,Short Reel,0.35,25.7,99,98,97,Mobile,Yes,High,99.8
ENG001036,CUST1036,Rivalry Match,185,61,Video Ad,0.24,15.9,88,90,87,Smart TV,Yes,High,90.8
ENG001037,CUST1037,League Match,141,39,Influencer Promotion,0.13,7.6,63,65,62,Laptop,No,Medium,62.9
ENG001038,CUST1038,League Match,121,34,Banner Ad,0.10,6.2,59,57,55,Smart TV,No,Low,56.3
ENG001039,CUST1039,Playoffs,214,71,Short Reel,0.29,20.2,92,94,91,Mobile,Yes,High,95.1
ENG001040,CUST1040,League Match,104,26,Banner Ad,0.06,4.4,50,48,46,Laptop,No,Low,47.7
ENG001041,CUST1041,Rivalry Match,191,63,Video Ad,0.23,15.1,89,90,87,Smart TV,Yes,Medium,89.1
ENG001042,CUST1042,League Match,146,43,Influencer Promotion,0.15,8.9,66,68,65,Mobile,Yes,Medium,67.6
ENG001043,CUST1043,Finals,238,77,Short Reel,0.34,25.2,98,97,96,Mobile,Yes,High,99.2
ENG001044,CUST1044,League Match,110,30,Banner Ad,0.08,5.0,56,53,51,Laptop,No,Low,51.8
ENG001045,CUST1045,Playoffs,208,68,Video Ad,0.25,17.7,88,91,87,Smart TV,Yes,High,91.7
ENG001046,CUST1046,Rivalry Match,197,66,Short Reel,0.31,20.5,93,95,92,Mobile,Yes,High,95.6
ENG001047,CUST1047,League Match,142,39,Influencer Promotion,0.14,7.8,64,65,63,Laptop,No,Medium,63.9
ENG001048,CUST1048,League Match,116,32,Banner Ad,0.09,5.5,57,55,53,Smart TV,No,Low,54.3
ENG001049,CUST1049,Finals,231,75,Short Reel,0.32,23.6,95,96,94,Mobile,Yes,High,97.9
ENG001050,CUST1050,Rivalry Match,177,57,Video Ad,0.20,13.3,84,86,82,Laptop,Yes,Medium,84.4
ENG001051,CUST1051,League Match,153,45,Influencer Promotion,0.17,9.9,70,71,69,Mobile,Yes,Medium,71.0
ENG001052,CUST1052,League Match,119,34,Banner Ad,0.10,6.1,59,56,55,Smart TV,No,Low,56.5
ENG001053,CUST1053,Playoffs,223,74,Short Reel,0.32,22.1,95,96,94,Mobile,Yes,High,97.4
ENG001054,CUST1054,League Match,102,24,Banner Ad,0.06,4.2,48,46,44,Laptop,No,Low,45.8
ENG001055,CUST1055,Finals,243,79,Short Reel,0.35,26.3,99,98,97,Mobile,Yes,High,100.0
ENG001056,CUST1056,Rivalry Match,186,60,Video Ad,0.22,14.4,86,88,84,Smart TV,Yes,Medium,87.3
ENG001057,CUST1057,League Match,138,37,Influencer Promotion,0.13,7.2,61,63,60,Laptop,No,Medium,61.5
ENG001058,CUST1058,League Match,123,35,Banner Ad,0.11,6.3,60,58,56,Smart TV,No,Low,57.1
ENG001059,CUST1059,Playoffs,217,72,Short Reel,0.30,20.3,92,94,91,Mobile,Yes,High,95.3
ENG001060,CUST1060,League Match,107,27,Banner Ad,0.07,4.6,52,50,48,Laptop,No,Low,49.0
ENG001061,CUST1061,Rivalry Match,190,62,Video Ad,0.24,15.3,88,90,87,Smart TV,Yes,High,90.5
ENG001062,CUST1062,League Match,147,42,Influencer Promotion,0.15,9.1,67,68,65,Mobile,Yes,Medium,68.0
ENG001063,CUST1063,Finals,239,78,Short Reel,0.34,25.3,98,97,96,Mobile,Yes,High,99.3
ENG001064,CUST1064,League Match,113,30,Banner Ad,0.08,5.1,56,53,51,Laptop,No,Low,52.0
ENG001065,CUST1065,Playoffs,210,69,Video Ad,0.26,17.9,89,91,88,Smart TV,Yes,High,92.3
ENG001066,CUST1066,Rivalry Match,198,66,Short Reel,0.31,20.7,93,96,92,Mobile,Yes,High,96.0
ENG001067,CUST1067,League Match,140,38,Influencer Promotion,0.14,7.5,62,64,61,Laptop,No,Medium,62.7
ENG001068,CUST1068,League Match,118,33,Banner Ad,0.10,5.8,58,56,54,Smart TV,No,Low,55.5
ENG001069,CUST1069,Finals,234,76,Short Reel,0.33,24.2,96,97,95,Mobile,Yes,High,98.5
ENG001070,CUST1070,Rivalry Match,178,57,Video Ad,0.21,13.4,85,87,83,Laptop,Yes,Medium,84.9
ENG001071,CUST1071,League Match,151,44,Influencer Promotion,0.16,9.5,68,70,67,Mobile,Yes,Medium,69.7
ENG001072,CUST1072,League Match,120,34,Banner Ad,0.10,6.0,59,57,55,Smart TV,No,Low,56.1
ENG001073,CUST1073,Playoffs,222,73,Short Reel,0.31,21.7,94,95,93,Mobile,Yes,High,97.0
ENG001074,CUST1074,League Match,99,24,Banner Ad,0.05,3.8,46,45,43,Laptop,No,Low,44.7
ENG001075,CUST1075,Finals,242,78,Short Reel,0.35,26.0,99,98,97,Mobile,Yes,High,99.9
ENG001076,CUST1076,Rivalry Match,187,61,Video Ad,0.23,14.7,87,89,85,Smart TV,Yes,Medium,87.8
ENG001077,CUST1077,League Match,139,38,Influencer Promotion,0.13,7.4,62,64,61,Laptop,No,Medium,62.3
ENG001078,CUST1078,League Match,122,35,Banner Ad,0.11,6.2,60,58,56,Smart TV,No,Low,56.9
ENG001079,CUST1079,Playoffs,216,71,Short Reel,0.29,20.0,91,94,90,Mobile,Yes,High,94.9
ENG001080,CUST1080,League Match,106,27,Banner Ad,0.07,4.5,52,50,48,Laptop,No,Low,48.7
ENG001081,CUST1081,Rivalry Match,191,63,Video Ad,0.24,15.2,88,90,86,Smart TV,Yes,High,90.3
ENG001082,CUST1082,League Match,146,42,Influencer Promotion,0.15,9.0,67,68,65,Mobile,Yes,Medium,67.8
ENG001083,CUST1083,Finals,238,77,Short Reel,0.34,25.2,98,97,96,Mobile,Yes,High,99.2
ENG001084,CUST1084,League Match,112,30,Banner Ad,0.08,5.0,56,53,51,Laptop,No,Low,51.9
ENG001085,CUST1085,Playoffs,209,68,Video Ad,0.25,17.8,88,91,87,Smart TV,Yes,High,92.0
ENG001086,CUST1086,Rivalry Match,197,66,Short Reel,0.31,20.6,93,95,92,Mobile,Yes,High,95.8
ENG001087,CUST1087,League Match,141,39,Influencer Promotion,0.14,7.7,63,64,62,Laptop,No,Medium,63.1
ENG001088,CUST1088,League Match,117,32,Banner Ad,0.09,5.6,57,55,53,Smart TV,No,Low,54.4
ENG001089,CUST1089,Finals,232,75,Short Reel,0.32,23.7,95,96,94,Mobile,Yes,High,98.0
ENG001090,CUST1090,Rivalry Match,178,57,Video Ad,0.20,13.3,84,86,82,Laptop,Yes,Medium,84.5
ENG001091,CUST1091,League Match,152,45,Influencer Promotion,0.17,10.0,70,71,69,Mobile,Yes,Medium,71.1
ENG001092,CUST1092,League Match,120,34,Banner Ad,0.10,6.1,59,56,55,Smart TV,No,Low,56.6
ENG001093,CUST1093,Playoffs,223,74,Short Reel,0.32,22.2,95,96,94,Mobile,Yes,High,97.5
ENG001094,CUST1094,League Match,103,24,Banner Ad,0.06,4.3,48,46,44,Laptop,No,Low,45.9
ENG001095,CUST1095,Finals,244,79,Short Reel,0.35,26.4,99,98,97,Mobile,Yes,High,100.0
ENG001096,CUST1096,Rivalry Match,187,60,Video Ad,0.22,14.5,86,88,84,Smart TV,Yes,Medium,87.4
ENG001097,CUST1097,League Match,139,37,Influencer Promotion,0.13,7.3,61,63,60,Laptop,No,Medium,61.6
ENG001098,CUST1098,League Match,124,35,Banner Ad,0.11,6.4,60,58,56,Smart TV,No,Low,57.2
ENG001099,CUST1099,Playoffs,218,72,Short Reel,0.30,20.4,92,94,91,Mobile,Yes,High,95.4
ENG001100,CUST1100,League Match,108,27,Banner Ad,0.07,4.7,52,50,48,Laptop,No,Low,49.1
ENG001101,CUST1101,Rivalry Match,192,62,Video Ad,0.24,15.4,88,90,87,Smart TV,Yes,High,90.6
ENG001102,CUST1102,League Match,148,42,Influencer Promotion,0.15,9.2,67,68,65,Mobile,Yes,Medium,68.1
ENG001103,CUST1103,Finals,240,78,Short Reel,0.34,25.4,98,97,96,Mobile,Yes,High,99.4
ENG001104,CUST1104,League Match,114,30,Banner Ad,0.08,5.2,56,53,51,Laptop,No,Low,52.1
ENG001105,CUST1105,Playoffs,211,69,Video Ad,0.26,18.0,89,91,88,Smart TV,Yes,High,92.4
ENG001106,CUST1106,Rivalry Match,199,66,Short Reel,0.31,20.8,93,96,92,Mobile,Yes,High,96.1
ENG001107,CUST1107,League Match,141,38,Influencer Promotion,0.14,7.6,62,64,61,Laptop,No,Medium,62.8
ENG001108,CUST1108,League Match,119,33,Banner Ad,0.10,5.9,58,56,54,Smart TV,No,Low,55.6
ENG001109,CUST1109,Finals,235,76,Short Reel,0.33,24.3,96,97,95,Mobile,Yes,High,98.6
ENG001110,CUST1110,Rivalry Match,179,57,Video Ad,0.21,13.5,85,87,83,Laptop,Yes,Medium,85.0
ENG001111,CUST1111,League Match,152,44,Influencer Promotion,0.16,9.6,68,70,67,Mobile,Yes,Medium,69.8
ENG001112,CUST1112,League Match,121,34,Banner Ad,0.10,6.1,59,57,55,Smart TV,No,Low,56.2
ENG001113,CUST1113,Playoffs,223,73,Short Reel,0.31,21.8,94,95,93,Mobile,Yes,High,97.1
ENG001114,CUST1114,League Match,100,24,Banner Ad,0.05,3.9,46,45,43,Laptop,No,Low,44.8
ENG001115,CUST1115,Finals,243,78,Short Reel,0.35,26.1,99,98,97,Mobile,Yes,High,100.0
ENG001116,CUST1116,Rivalry Match,188,61,Video Ad,0.23,14.8,87,89,85,Smart TV,Yes,Medium,87.9
ENG001117,CUST1117,League Match,140,38,Influencer Promotion,0.13,7.5,62,64,61,Laptop,No,Medium,62.4
ENG001118,CUST1118,League Match,123,35,Banner Ad,0.11,6.3,60,58,56,Smart TV,No,Low,57.0
ENG001119,CUST1119,Playoffs,217,71,Short Reel,0.29,20.1,91,94,90,Mobile,Yes,High,95.0
ENG001120,CUST1120,League Match,107,27,Banner Ad,0.07,4.6,52,50,48,Laptop,No,Low,48.8
ENG001121,CUST1121,Rivalry Match,192,63,Video Ad,0.24,15.3,88,90,86,Smart TV,Yes,High,90.4
ENG001122,CUST1122,League Match,147,42,Influencer Promotion,0.15,9.1,67,68,65,Mobile,Yes,Medium,67.9
ENG001123,CUST1123,Finals,239,77,Short Reel,0.34,25.3,98,97,96,Mobile,Yes,High,99.3
ENG001124,CUST1124,League Match,113,30,Banner Ad,0.08,5.1,56,53,51,Laptop,No,Low,52.0
ENG001125,CUST1125,Playoffs,210,68,Video Ad,0.25,17.9,88,91,87,Smart TV,Yes,High,92.1
ENG001126,CUST1126,Rivalry Match,198,66,Short Reel,0.31,20.7,93,95,92,Mobile,Yes,High,95.9
ENG001127,CUST1127,League Match,142,39,Influencer Promotion,0.14,7.8,63,64,62,Laptop,No,Medium,63.2
ENG001128,CUST1128,League Match,118,32,Banner Ad,0.09,5.7,57,55,53,Smart TV,No,Low,54.5
ENG001129,CUST1129,Finals,233,75,Short Reel,0.32,23.8,95,96,94,Mobile,Yes,High,98.1
ENG001130,CUST1130,Rivalry Match,179,57,Video Ad,0.20,13.4,84,86,82,Laptop,Yes,Medium,84.6
ENG001131,CUST1131,League Match,153,45,Influencer Promotion,0.17,10.1,70,71,69,Mobile,Yes,Medium,71.2
ENG001132,CUST1132,League Match,121,34,Banner Ad,0.10,6.2,59,56,55,Smart TV,No,Low,56.7
ENG001133,CUST1133,Playoffs,224,74,Short Reel,0.32,22.3,95,96,94,Mobile,Yes,High,97.6
ENG001134,CUST1134,League Match,104,24,Banner Ad,0.06,4.4,48,46,44,Laptop,No,Low,46.0
ENG001135,CUST1135,Finals,244,79,Short Reel,0.35,26.5,99,98,97,Mobile,Yes,High,100.0
ENG001136,CUST1136,Rivalry Match,188,60,Video Ad,0.22,14.6,86,88,84,Smart TV,Yes,Medium,87.5
ENG001137,CUST1137,League Match,140,37,Influencer Promotion,0.13,7.4,61,63,60,Laptop,No,Medium,61.7
ENG001138,CUST1138,League Match,125,35,Banner Ad,0.11,6.5,60,58,56,Smart TV,No,Low,57.3
ENG001139,CUST1139,Playoffs,219,72,Short Reel,0.30,20.5,92,94,91,Mobile,Yes,High,95.5
ENG001140,CUST1140,League Match,109,27,Banner Ad,0.07,4.8,52,50,48,Laptop,No,Low,49.2
ENG001141,CUST1141,Rivalry Match,192,62,Video Ad,0.24,15.5,88,90,87,Smart TV,Yes,High,90.7
ENG001142,CUST1142,League Match,149,42,Influencer Promotion,0.15,9.3,67,68,65,Mobile,Yes,Medium,68.2
ENG001143,CUST1143,Finals,241,78,Short Reel,0.34,25.5,98,97,96,Mobile,Yes,High,99.5
ENG001144,CUST1144,League Match,115,30,Banner Ad,0.08,5.3,56,53,51,Laptop,No,Low,52.2
ENG001145,CUST1145,Playoffs,212,69,Video Ad,0.26,18.1,89,91,88,Smart TV,Yes,High,92.5
ENG001146,CUST1146,Rivalry Match,200,66,Short Reel,0.31,20.9,93,96,92,Mobile,Yes,High,96.2
ENG001147,CUST1147,League Match,142,38,Influencer Promotion,0.14,7.7,62,64,61,Laptop,No,Medium,62.9
ENG001148,CUST1148,League Match,120,33,Banner Ad,0.10,6.0,58,56,54,Smart TV,No,Low,55.7
ENG001149,CUST1149,Finals,236,76,Short Reel,0.33,24.4,96,97,95,Mobile,Yes,High,98.7
ENG001150,CUST1150,Rivalry Match,180,57,Video Ad,0.21,13.6,85,87,83,Laptop,Yes,Medium,85.1
ENG001151,CUST1151,League Match,153,44,Influencer Promotion,0.16,9.7,68,70,67,Mobile,Yes,Medium,69.9
ENG001152,CUST1152,League Match,122,34,Banner Ad,0.10,6.2,59,57,55,Smart TV,No,Low,56.3
ENG001153,CUST1153,Playoffs,224,73,Short Reel,0.31,21.9,94,95,93,Mobile,Yes,High,97.2
ENG001154,CUST1154,League Match,101,24,Banner Ad,0.05,4.0,46,45,43,Laptop,No,Low,44.9
ENG001155,CUST1155,Finals,244,78,Short Reel,0.35,26.2,99,98,97,Mobile,Yes,High,100.0
ENG001156,CUST1156,Rivalry Match,189,61,Video Ad,0.23,14.9,87,89,85,Smart TV,Yes,Medium,88.0
ENG001157,CUST1157,League Match,141,38,Influencer Promotion,0.13,7.6,62,64,61,Laptop,No,Medium,62.5
ENG001158,CUST1158,League Match,124,35,Banner Ad,0.11,6.4,60,58,56,Smart TV,No,Low,57.1
ENG001159,CUST1159,Playoffs,218,71,Short Reel,0.29,20.1,91,94,90,Mobile,Yes,High,95.1
ENG001160,CUST1160,League Match,108,27,Banner Ad,0.07,4.7,52,50,48,Laptop,No,Low,48.9
ENG001161,CUST1161,Rivalry Match,193,63,Video Ad,0.24,15.4,88,90,86,Smart TV,Yes,High,90.5
ENG001162,CUST1162,League Match,148,42,Influencer Promotion,0.15,9.2,67,68,65,Mobile,Yes,Medium,68.0
ENG001163,CUST1163,Finals,240,77,Short Reel,0.34,25.4,98,97,96,Mobile,Yes,High,99.4
ENG001164,CUST1164,League Match,114,30,Banner Ad,0.08,5.2,56,53,51,Laptop,No,Low,52.1
ENG001165,CUST1165,Playoffs,211,68,Video Ad,0.25,18.0,88,91,87,Smart TV,Yes,High,92.3
ENG001166,CUST1166,Rivalry Match,199,66,Short Reel,0.31,20.8,93,95,92,Mobile,Yes,High,96.1
ENG001167,CUST1167,League Match,143,39,Influencer Promotion,0.14,7.8,63,64,62,Laptop,No,Medium,63.3
ENG001168,CUST1168,League Match,119,32,Banner Ad,0.09,5.8,57,55,53,Smart TV,No,Low,54.6
ENG001169,CUST1169,Finals,234,75,Short Reel,0.32,23.9,95,96,94,Mobile,Yes,High,98.2
ENG001170,CUST1170,Rivalry Match,180,57,Video Ad,0.20,13.5,84,86,82,Laptop,Yes,Medium,84.7
ENG001171,CUST1171,League Match,154,45,Influencer Promotion,0.17,10.2,70,71,69,Mobile,Yes,Medium,71.3
ENG001172,CUST1172,League Match,122,34,Banner Ad,0.10,6.3,59,56,55,Smart TV,No,Low,56.8
ENG001173,CUST1173,Playoffs,225,74,Short Reel,0.32,22.4,95,96,94,Mobile,Yes,High,97.7
ENG001174,CUST1174,League Match,105,24,Banner Ad,0.06,4.5,48,46,44,Laptop,No,Low,46.1
ENG001175,CUST1175,Finals,245,79,Short Reel,0.35,26.6,99,98,97,Mobile,Yes,High,100.0
ENG001176,CUST1176,Rivalry Match,189,60,Video Ad,0.22,14.7,86,88,84,Smart TV,Yes,Medium,87.6
ENG001177,CUST1177,League Match,141,37,Influencer Promotion,0.13,7.5,61,63,60,Laptop,No,Medium,61.8
ENG001178,CUST1178,League Match,126,35,Banner Ad,0.11,6.6,60,58,56,Smart TV,No,Low,57.4
ENG001179,CUST1179,Playoffs,220,72,Short Reel,0.30,20.6,92,94,91,Mobile,Yes,High,95.6
ENG001180,CUST1180,League Match,110,27,Banner Ad,0.07,4.9,52,50,48,Laptop,No,Low,49.3
ENG001181,CUST1181,Rivalry Match,193,62,Video Ad,0.24,15.6,88,90,87,Smart TV,Yes,High,90.8
ENG001182,CUST1182,League Match,150,42,Influencer Promotion,0.15,9.4,67,68,65,Mobile,Yes,Medium,68.3
ENG001183,CUST1183,Finals,242,78,Short Reel,0.34,25.6,98,97,96,Mobile,Yes,High,99.6
ENG001184,CUST1184,League Match,116,30,Banner Ad,0.08,5.4,56,53,51,Laptop,No,Low,52.3
ENG001185,CUST1185,Playoffs,213,69,Video Ad,0.26,18.2,89,91,88,Smart TV,Yes,High,92.6
ENG001186,CUST1186,Rivalry Match,201,66,Short Reel,0.31,21.0,93,96,92,Mobile,Yes,High,96.3
ENG001187,CUST1187,League Match,143,38,Influencer Promotion,0.14,7.8,62,64,61,Laptop,No,Medium,63.0
ENG001188,CUST1188,League Match,121,33,Banner Ad,0.10,6.1,58,56,54,Smart TV,No,Low,55.8
ENG001189,CUST1189,Finals,237,76,Short Reel,0.33,24.5,96,97,95,Mobile,Yes,High,98.8
ENG001190,CUST1190,Rivalry Match,181,57,Video Ad,0.21,13.7,85,87,83,Laptop,Yes,Medium,85.2
ENG001191,CUST1191,League Match,154,44,Influencer Promotion,0.16,9.8,68,70,67,Mobile,Yes,Medium,70.0
ENG001192,CUST1192,League Match,123,34,Banner Ad,0.10,6.3,59,57,55,Smart TV,No,Low,56.4
ENG001193,CUST1193,Playoffs,225,73,Short Reel,0.31,22.0,94,95,93,Mobile,Yes,High,97.3
ENG001194,CUST1194,League Match,102,24,Banner Ad,0.05,4.1,46,45,43,Laptop,No,Low,45.0
ENG001195,CUST1195,Finals,245,78,Short Reel,0.35,26.3,99,98,97,Mobile,Yes,High,100.0
ENG001196,CUST1196,Rivalry Match,190,61,Video Ad,0.23,15.0,87,89,85,Smart TV,Yes,Medium,88.1
ENG001197,CUST1197,League Match,142,38,Influencer Promotion,0.13,7.7,62,64,61,Laptop,No,Medium,62.6
ENG001198,CUST1198,League Match,125,35,Banner Ad,0.11,6.5,60,58,56,Smart TV,No,Low,57.2
ENG001199,CUST1199,Playoffs,219,71,Short Reel,0.29,20.2,91,94,90,Mobile,Yes,High,95.2
ENG001200,CUST1200,League Match,109,27,Banner Ad,0.07,4.8,52,50,48,Laptop,No,Low,49.0
ENG001201,CUST1201,Rivalry Match,194,63,Short Reel,0.30,19.3,92,95,90,Mobile,Yes,High,94.6
ENG001202,CUST1202,League Match,130,40,Video Ad,0.15,8.7,67,64,60,Laptop,No,Medium,65.4
ENG001203,CUST1203,Playoffs,217,74,Influencer Promotion,0.33,22.3,95,94,92,Mobile,Yes,High,97.6
ENG001204,CUST1204,League Match,103,28,Banner Ad,0.07,4.8,54,51,48,Smart TV,No,Low,49.9
ENG001205,CUST1205,Finals,244,79,Short Reel,0.35,25.3,99,98,96,Mobile,Yes,High,99.3
ENG001206,CUST1206,League Match,150,44,Video Ad,0.17,10.3,71,72,69,Laptop,No,Medium,70.1
ENG001207,CUST1207,Rivalry Match,199,66,Short Reel,0.32,20.8,94,97,91,Mobile,Yes,High,96.0
ENG001208,CUST1208,League Match,171,43,Video Ad,0.14,8.5,65,61,63,Smart TV,No,Low,62.1
ENG001209,CUST1209,Playoffs,207,69,Influencer Promotion,0.29,19.2,90,93,88,Mobile,Yes,High,93.1
ENG001210,CUST1210,League Match,94,23,Banner Ad,0.05,3.5,46,48,44,Laptop,No,Low,44.9
ENG001211,CUST1211,Rivalry Match,181,58,Short Reel,0.28,17.1,88,92,86,Mobile,Yes,High,91.0
ENG001212,CUST1212,League Match,138,39,Video Ad,0.12,7.4,63,59,61,Smart TV,No,Medium,59.9
ENG001213,CUST1213,Playoffs,226,76,Influencer Promotion,0.34,23.6,97,95,94,Mobile,Yes,High,98.5
ENG001214,CUST1214,League Match,110,30,Banner Ad,0.08,5.3,57,54,51,Laptop,No,Low,51.6
ENG001215,CUST1215,Finals,237,79,Short Reel,0.35,26.3,99,98,97,Mobile,Yes,High,99.8
ENG001216,CUST1216,Rivalry Match,190,64,Video Ad,0.20,12.1,86,89,85,Laptop,Yes,Medium,86.9
ENG001217,CUST1217,League Match,149,42,Influencer Promotion,0.15,9.4,68,69,65,Mobile,Yes,Medium,68.3
ENG001218,CUST1218,League Match,118,33,Banner Ad,0.09,5.8,58,56,54,Smart TV,No,Low,55.0
ENG001219,CUST1219,Playoffs,220,73,Short Reel,0.30,21.0,94,96,92,Mobile,Yes,High,96.3
ENG001220,CUST1220,League Match,101,24,Banner Ad,0.06,4.2,49,47,45,Laptop,No,Low,46.9
ENG001221,CUST1221,Rivalry Match,184,59,Video Ad,0.22,13.2,87,89,85,Smart TV,Yes,Medium,88.0
ENG001222,CUST1222,League Match,155,47,Influencer Promotion,0.18,10.5,72,73,70,Mobile,Yes,Medium,72.2
ENG001223,CUST1223,Finals,246,80,Short Reel,0.35,26.5,99,99,98,Mobile,Yes,High,100.0
ENG001224,CUST1224,League Match,113,29,Banner Ad,0.08,4.8,55,52,52,Laptop,No,Low,51.0
ENG001225,CUST1225,Playoffs,212,70,Video Ad,0.27,18.3,90,92,89,Smart TV,Yes,High,92.8
ENG001226,CUST1226,Rivalry Match,195,65,Short Reel,0.30,19.7,92,95,90,Mobile,Yes,High,95.0
ENG001227,CUST1227,League Match,144,40,Influencer Promotion,0.14,8.1,64,66,63,Laptop,No,Medium,64.6
ENG001228,CUST1228,League Match,107,28,Banner Ad,0.07,4.6,54,52,49,Smart TV,No,Low,50.2
ENG001229,CUST1229,Finals,234,76,Short Reel,0.33,24.0,96,97,95,Mobile,Yes,High,98.5
ENG001230,CUST1230,Rivalry Match,177,56,Video Ad,0.21,14.0,84,87,83,Laptop,Yes,Medium,85.6
ENG001231,CUST1231,League Match,151,43,Influencer Promotion,0.16,9.7,69,67,67,Mobile,Yes,Medium,69.0
ENG001232,CUST1232,League Match,115,31,Banner Ad,0.09,6.0,57,55,53,Smart TV,No,Low,54.1
ENG001233,CUST1233,Playoffs,222,74,Short Reel,0.31,22.0,95,96,94,Mobile,Yes,High,97.2
ENG001234,CUST1234,League Match,99,23,Banner Ad,0.05,3.9,47,46,44,Laptop,No,Low,45.5
ENG001235,CUST1235,Finals,242,78,Short Reel,0.35,25.8,99,98,97,Mobile,Yes,High,99.9
ENG001236,CUST1236,Rivalry Match,186,61,Video Ad,0.24,16.0,88,90,87,Smart TV,Yes,High,90.9
ENG001237,CUST1237,League Match,142,39,Influencer Promotion,0.13,7.7,63,65,62,Laptop,No,Medium,63.0
ENG001238,CUST1238,League Match,122,34,Banner Ad,0.10,6.3,59,57,55,Smart TV,No,Low,56.4
ENG001239,CUST1239,Playoffs,215,71,Short Reel,0.29,20.3,92,94,91,Mobile,Yes,High,95.2
ENG001240,CUST1240,League Match,105,26,Banner Ad,0.06,4.5,50,48,46,Laptop,No,Low,47.8
ENG001241,CUST1241,Rivalry Match,192,63,Video Ad,0.23,15.2,89,90,87,Smart TV,Yes,Medium,89.2
ENG001242,CUST1242,League Match,147,43,Influencer Promotion,0.15,9.0,66,68,65,Mobile,Yes,Medium,67.7
ENG001243,CUST1243,Finals,239,77,Short Reel,0.34,25.3,98,97,96,Mobile,Yes,High,99.3
ENG001244,CUST1244,League Match,111,30,Banner Ad,0.08,5.1,56,53,51,Laptop,No,Low,51.9
ENG001245,CUST1245,Playoffs,209,68,Video Ad,0.25,17.8,88,91,87,Smart TV,Yes,High,91.8
ENG001246,CUST1246,Rivalry Match,198,66,Short Reel,0.31,20.6,93,95,92,Mobile,Yes,High,95.7
ENG001247,CUST1247,League Match,143,39,Influencer Promotion,0.14,7.9,64,65,63,Laptop,No,Medium,64.0
ENG001248,CUST1248,League Match,117,32,Banner Ad,0.09,5.6,57,55,53,Smart TV,No,Low,54.4
ENG001249,CUST1249,Finals,232,75,Short Reel,0.32,23.7,95,96,94,Mobile,Yes,High,98.0
ENG001250,CUST1250,Rivalry Match,178,57,Video Ad,0.20,13.4,84,86,82,Laptop,Yes,Medium,84.5
ENG001251,CUST1251,League Match,154,45,Influencer Promotion,0.17,10.0,70,71,69,Mobile,Yes,Medium,71.1
ENG001252,CUST1252,League Match,120,34,Banner Ad,0.10,6.2,59,56,55,Smart TV,No,Low,56.6
ENG001253,CUST1253,Playoffs,224,74,Short Reel,0.32,22.2,95,96,94,Mobile,Yes,High,97.5
ENG001254,CUST1254,League Match,103,24,Banner Ad,0.06,4.4,48,46,44,Laptop,No,Low,46.0
ENG001255,CUST1255,Finals,245,79,Short Reel,0.35,26.4,99,98,97,Mobile,Yes,High,100.0
ENG001256,CUST1256,Rivalry Match,187,60,Video Ad,0.22,14.5,86,88,84,Smart TV,Yes,Medium,87.4
ENG001257,CUST1257,League Match,139,37,Influencer Promotion,0.13,7.3,61,63,60,Laptop,No,Medium,61.6
ENG001258,CUST1258,League Match,124,35,Banner Ad,0.11,6.4,60,58,56,Smart TV,No,Low,57.2
ENG001259,CUST1259,Playoffs,218,72,Short Reel,0.30,20.4,92,94,91,Mobile,Yes,High,95.4
ENG001260,CUST1260,League Match,108,27,Banner Ad,0.07,4.7,52,50,48,Laptop,No,Low,49.1
ENG001261,CUST1261,Rivalry Match,193,62,Video Ad,0.24,15.4,88,90,87,Smart TV,Yes,High,90.6
ENG001262,CUST1262,League Match,149,42,Influencer Promotion,0.15,9.2,67,68,65,Mobile,Yes,Medium,68.1
ENG001263,CUST1263,Finals,241,78,Short Reel,0.34,25.5,98,97,96,Mobile,Yes,High,99.5
ENG001264,CUST1264,League Match,115,30,Banner Ad,0.08,5.3,56,53,51,Laptop,No,Low,52.2
ENG001265,CUST1265,Playoffs,212,69,Video Ad,0.26,18.1,89,91,88,Smart TV,Yes,High,92.5
ENG001266,CUST1266,Rivalry Match,200,66,Short Reel,0.31,20.9,93,96,92,Mobile,Yes,High,96.2
ENG001267,CUST1267,League Match,144,38,Influencer Promotion,0.14,7.9,62,64,61,Laptop,No,Medium,63.1
ENG001268,CUST1268,League Match,121,33,Banner Ad,0.10,6.1,58,56,54,Smart TV,No,Low,55.9
ENG001269,CUST1269,Finals,237,76,Short Reel,0.33,24.5,96,97,95,Mobile,Yes,High,98.8
ENG001270,CUST1270,Rivalry Match,181,57,Video Ad,0.21,13.7,85,87,83,Laptop,Yes,Medium,85.2
ENG001271,CUST1271,League Match,154,44,Influencer Promotion,0.16,9.8,68,70,67,Mobile,Yes,Medium,70.0
ENG001272,CUST1272,League Match,123,34,Banner Ad,0.10,6.3,59,57,55,Smart TV,No,Low,56.4
ENG001273,CUST1273,Playoffs,225,73,Short Reel,0.31,22.0,94,95,93,Mobile,Yes,High,97.3
ENG001274,CUST1274,League Match,102,24,Banner Ad,0.05,4.1,46,45,43,Laptop,No,Low,45.0
ENG001275,CUST1275,Finals,245,78,Short Reel,0.35,26.3,99,98,97,Mobile,Yes,High,100.0
ENG001276,CUST1276,Rivalry Match,190,61,Video Ad,0.23,15.0,87,89,85,Smart TV,Yes,Medium,88.1
ENG001277,CUST1277,League Match,142,38,Influencer Promotion,0.13,7.7,62,64,61,Laptop,No,Medium,62.6
ENG001278,CUST1278,League Match,125,35,Banner Ad,0.11,6.5,60,58,56,Smart TV,No,Low,57.2
ENG001279,CUST1279,Playoffs,219,71,Short Reel,0.29,20.2,91,94,90,Mobile,Yes,High,95.2
ENG001280,CUST1280,League Match,109,27,Banner Ad,0.07,4.8,52,50,48,Laptop,No,Low,49.0
ENG001281,CUST1281,Rivalry Match,194,63,Video Ad,0.24,15.5,88,90,86,Smart TV,Yes,High,90.7
ENG001282,CUST1282,League Match,150,42,Influencer Promotion,0.15,9.3,67,68,65,Mobile,Yes,Medium,68.2
ENG001283,CUST1283,Finals,242,78,Short Reel,0.34,25.6,98,97,96,Mobile,Yes,High,99.6
ENG001284,CUST1284,League Match,116,30,Banner Ad,0.08,5.4,56,53,51,Laptop,No,Low,52.3
ENG001285,CUST1285,Playoffs,213,69,Video Ad,0.26,18.2,89,91,88,Smart TV,Yes,High,92.6
ENG001286,CUST1286,Rivalry Match,201,66,Short Reel,0.31,21.0,93,96,92,Mobile,Yes,High,96.3
ENG001287,CUST1287,League Match,144,38,Influencer Promotion,0.14,7.8,62,64,61,Laptop,No,Medium,63.0
ENG001288,CUST1288,League Match,122,33,Banner Ad,0.10,6.2,58,56,54,Smart TV,No,Low,56.0
ENG001289,CUST1289,Finals,238,76,Short Reel,0.33,24.6,96,97,95,Mobile,Yes,High,98.9
ENG001290,CUST1290,Rivalry Match,182,57,Video Ad,0.21,13.8,85,87,83,Laptop,Yes,Medium,85.3
ENG001291,CUST1291,League Match,155,44,Influencer Promotion,0.16,9.9,68,70,67,Mobile,Yes,Medium,70.1
ENG001292,CUST1292,League Match,124,34,Banner Ad,0.10,6.4,59,57,55,Smart TV,No,Low,56.5
ENG001293,CUST1293,Playoffs,226,73,Short Reel,0.31,22.1,94,95,93,Mobile,Yes,High,97.4
ENG001294,CUST1294,League Match,103,24,Banner Ad,0.05,4.2,46,45,43,Laptop,No,Low,45.1
ENG001295,CUST1295,Finals,246,78,Short Reel,0.35,26.4,99,98,97,Mobile,Yes,High,100.0
ENG001296,CUST1296,Rivalry Match,191,61,Video Ad,0.23,15.1,87,89,85,Smart TV,Yes,Medium,88.2
ENG001297,CUST1297,League Match,143,38,Influencer Promotion,0.13,7.8,62,64,61,Laptop,No,Medium,62.7
ENG001298,CUST1298,League Match,126,35,Banner Ad,0.11,6.6,60,58,56,Smart TV,No,Low,57.3
ENG001299,CUST1299,Playoffs,220,71,Short Reel,0.29,20.3,91,94,90,Mobile,Yes,High,95.3
ENG001300,CUST1300,League Match,110,27,Banner Ad,0.07,4.9,52,50,48,Laptop,No,Low,49.1
ENG001301,CUST1301,Rivalry Match,195,63,Short Reel,0.30,19.4,92,95,90,Mobile,Yes,High,94.7
ENG001302,CUST1302,League Match,131,40,Video Ad,0.15,8.8,67,64,60,Laptop,No,Medium,65.5
ENG001303,CUST1303,Playoffs,218,74,Influencer Promotion,0.33,22.4,95,94,92,Mobile,Yes,High,97.7
ENG001304,CUST1304,League Match,104,28,Banner Ad,0.07,4.9,54,51,48,Smart TV,No,Low,50.0
ENG001305,CUST1305,Finals,245,79,Short Reel,0.35,25.4,99,98,96,Mobile,Yes,High,99.4
ENG001306,CUST1306,League Match,151,44,Video Ad,0.17,10.4,71,72,69,Laptop,No,Medium,70.2
ENG001307,CUST1307,Rivalry Match,200,66,Short Reel,0.32,20.9,94,97,91,Mobile,Yes,High,96.1
ENG001308,CUST1308,League Match,172,43,Video Ad,0.14,8.6,65,61,63,Smart TV,No,Low,62.2
ENG001309,CUST1309,Playoffs,208,69,Influencer Promotion,0.29,19.3,90,93,88,Mobile,Yes,High,93.2
ENG001310,CUST1310,League Match,95,23,Banner Ad,0.05,3.6,46,48,44,Laptop,No,Low,45.0
ENG001311,CUST1311,Rivalry Match,182,58,Short Reel,0.28,17.2,88,92,86,Mobile,Yes,High,91.1
ENG001312,CUST1312,League Match,139,39,Video Ad,0.12,7.5,63,59,61,Smart TV,No,Medium,60.0
ENG001313,CUST1313,Playoffs,227,76,Influencer Promotion,0.34,23.7,97,95,94,Mobile,Yes,High,98.6
ENG001314,CUST1314,League Match,111,30,Banner Ad,0.08,5.4,57,54,51,Laptop,No,Low,51.7
ENG001315,CUST1315,Finals,238,79,Short Reel,0.35,26.4,99,98,97,Mobile,Yes,High,99.9
ENG001316,CUST1316,Rivalry Match,191,64,Video Ad,0.20,12.2,86,89,85,Laptop,Yes,Medium,87.0
ENG001317,CUST1317,League Match,150,42,Influencer Promotion,0.15,9.5,68,69,65,Mobile,Yes,Medium,68.4
ENG001318,CUST1318,League Match,119,33,Banner Ad,0.09,5.9,58,56,54,Smart TV,No,Low,55.1
ENG001319,CUST1319,Playoffs,221,73,Short Reel,0.30,21.1,94,96,92,Mobile,Yes,High,96.4
ENG001320,CUST1320,League Match,102,24,Banner Ad,0.06,4.3,49,47,45,Laptop,No,Low,47.0
ENG001321,CUST1321,Rivalry Match,185,59,Video Ad,0.22,13.3,87,89,85,Smart TV,Yes,Medium,88.1
ENG001322,CUST1322,League Match,156,47,Influencer Promotion,0.18,10.6,72,73,70,Mobile,Yes,Medium,72.3
ENG001323,CUST1323,Finals,247,80,Short Reel,0.35,26.6,99,99,98,Mobile,Yes,High,100.0
ENG001324,CUST1324,League Match,114,29,Banner Ad,0.08,4.9,55,52,52,Laptop,No,Low,51.1
ENG001325,CUST1325,Playoffs,213,70,Video Ad,0.27,18.4,90,92,89,Smart TV,Yes,High,92.9
ENG001326,CUST1326,Rivalry Match,196,65,Short Reel,0.30,19.8,92,95,90,Mobile,Yes,High,95.1
ENG001327,CUST1327,League Match,145,40,Influencer Promotion,0.14,8.2,64,66,63,Laptop,No,Medium,64.7
ENG001328,CUST1328,League Match,108,28,Banner Ad,0.07,4.7,54,52,49,Smart TV,No,Low,50.3
ENG001329,CUST1329,Finals,235,76,Short Reel,0.33,24.1,96,97,95,Mobile,Yes,High,98.6
ENG001330,CUST1330,Rivalry Match,178,56,Video Ad,0.21,14.1,84,87,83,Laptop,Yes,Medium,85.7
ENG001331,CUST1331,League Match,152,43,Influencer Promotion,0.16,9.8,69,67,67,Mobile,Yes,Medium,69.1
ENG001332,CUST1332,League Match,116,31,Banner Ad,0.09,6.1,57,55,53,Smart TV,No,Low,54.2
ENG001333,CUST1333,Playoffs,223,74,Short Reel,0.31,22.1,95,96,94,Mobile,Yes,High,97.3
ENG001334,CUST1334,League Match,100,23,Banner Ad,0.05,4.0,47,46,44,Laptop,No,Low,45.6
ENG001335,CUST1335,Finals,243,78,Short Reel,0.35,25.9,99,98,97,Mobile,Yes,High,100.0
ENG001336,CUST1336,Rivalry Match,187,61,Video Ad,0.24,16.1,88,90,87,Smart TV,Yes,High,91.0
ENG001337,CUST1337,League Match,143,39,Influencer Promotion,0.13,7.8,63,65,62,Laptop,No,Medium,63.1
ENG001338,CUST1338,League Match,123,34,Banner Ad,0.10,6.4,59,57,55,Smart TV,No,Low,56.5
ENG001339,CUST1339,Playoffs,216,71,Short Reel,0.29,20.4,92,94,91,Mobile,Yes,High,95.3
ENG001340,CUST1340,League Match,106,26,Banner Ad,0.06,4.6,50,48,46,Laptop,No,Low,47.9
ENG001341,CUST1341,Rivalry Match,193,63,Video Ad,0.23,15.3,89,90,87,Smart TV,Yes,Medium,89.3
ENG001342,CUST1342,League Match,148,43,Influencer Promotion,0.15,9.1,66,68,65,Mobile,Yes,Medium,67.8
ENG001343,CUST1343,Finals,240,77,Short Reel,0.34,25.4,98,97,96,Mobile,Yes,High,99.4
ENG001344,CUST1344,League Match,112,30,Banner Ad,0.08,5.2,56,53,51,Laptop,No,Low,52.0
ENG001345,CUST1345,Playoffs,210,68,Video Ad,0.25,17.9,88,91,87,Smart TV,Yes,High,91.9
ENG001346,CUST1346,Rivalry Match,199,66,Short Reel,0.31,20.7,93,95,92,Mobile,Yes,High,95.8
ENG001347,CUST1347,League Match,144,39,Influencer Promotion,0.14,8.0,64,65,63,Laptop,No,Medium,64.1
ENG001348,CUST1348,League Match,118,32,Banner Ad,0.09,5.7,57,55,53,Smart TV,No,Low,54.5
ENG001349,CUST1349,Finals,233,75,Short Reel,0.32,23.8,95,96,94,Mobile,Yes,High,98.1
ENG001350,CUST1350,Rivalry Match,179,57,Video Ad,0.20,13.5,84,86,82,Laptop,Yes,Medium,84.6
ENG001351,CUST1351,League Match,155,45,Influencer Promotion,0.17,10.1,70,71,69,Mobile,Yes,Medium,71.2
ENG001352,CUST1352,League Match,121,34,Banner Ad,0.10,6.3,59,56,55,Smart TV,No,Low,56.7
ENG001353,CUST1353,Playoffs,225,74,Short Reel,0.32,22.3,95,96,94,Mobile,Yes,High,97.6
ENG001354,CUST1354,League Match,104,24,Banner Ad,0.06,4.5,48,46,44,Laptop,No,Low,46.1
ENG001355,CUST1355,Finals,246,79,Short Reel,0.35,26.5,99,98,97,Mobile,Yes,High,100.0
ENG001356,CUST1356,Rivalry Match,188,60,Video Ad,0.22,14.6,86,88,84,Smart TV,Yes,Medium,87.5
ENG001357,CUST1357,League Match,140,37,Influencer Promotion,0.13,7.4,61,63,60,Laptop,No,Medium,61.7
ENG001358,CUST1358,League Match,125,35,Banner Ad,0.11,6.5,60,58,56,Smart TV,No,Low,57.3
ENG001359,CUST1359,Playoffs,219,72,Short Reel,0.30,20.5,92,94,91,Mobile,Yes,High,95.5
ENG001360,CUST1360,League Match,109,27,Banner Ad,0.07,4.8,52,50,48,Laptop,No,Low,49.2
ENG001361,CUST1361,Rivalry Match,194,62,Video Ad,0.24,15.6,88,90,87,Smart TV,Yes,High,90.8
ENG001362,CUST1362,League Match,150,42,Influencer Promotion,0.15,9.4,67,68,65,Mobile,Yes,Medium,68.3
ENG001363,CUST1363,Finals,242,78,Short Reel,0.34,25.6,98,97,96,Mobile,Yes,High,99.6
ENG001364,CUST1364,League Match,116,30,Banner Ad,0.08,5.4,56,53,51,Laptop,No,Low,52.3
ENG001365,CUST1365,Playoffs,213,69,Video Ad,0.26,18.2,89,91,88,Smart TV,Yes,High,92.6
ENG001366,CUST1366,Rivalry Match,201,66,Short Reel,0.31,21.0,93,96,92,Mobile,Yes,High,96.3
ENG001367,CUST1367,League Match,145,38,Influencer Promotion,0.14,7.9,62,64,61,Laptop,No,Medium,63.2
ENG001368,CUST1368,League Match,122,33,Banner Ad,0.10,6.2,58,56,54,Smart TV,No,Low,56.0
ENG001369,CUST1369,Finals,238,76,Short Reel,0.33,24.6,96,97,95,Mobile,Yes,High,98.9
ENG001370,CUST1370,Rivalry Match,182,57,Video Ad,0.21,13.8,85,87,83,Laptop,Yes,Medium,85.3
ENG001371,CUST1371,League Match,155,44,Influencer Promotion,0.16,9.9,68,70,67,Mobile,Yes,Medium,70.1
ENG001372,CUST1372,League Match,124,34,Banner Ad,0.10,6.4,59,57,55,Smart TV,No,Low,56.5
ENG001373,CUST1373,Playoffs,226,73,Short Reel,0.31,22.1,94,95,93,Mobile,Yes,High,97.4
ENG001374,CUST1374,League Match,103,24,Banner Ad,0.05,4.2,46,45,43,Laptop,No,Low,45.1
ENG001375,CUST1375,Finals,246,78,Short Reel,0.35,26.4,99,98,97,Mobile,Yes,High,100.0
ENG001376,CUST1376,Rivalry Match,191,61,Video Ad,0.23,15.1,87,89,85,Smart TV,Yes,Medium,88.2
ENG001377,CUST1377,League Match,143,38,Influencer Promotion,0.13,7.8,62,64,61,Laptop,No,Medium,62.7
ENG001378,CUST1378,League Match,126,35,Banner Ad,0.11,6.6,60,58,56,Smart TV,No,Low,57.4
ENG001379,CUST1379,Playoffs,220,71,Short Reel,0.29,20.3,91,94,90,Mobile,Yes,High,95.3
ENG001380,CUST1380,League Match,110,27,Banner Ad,0.07,4.9,52,50,48,Laptop,No,Low,49.1
ENG001381,CUST1381,Rivalry Match,195,63,Short Reel,0.30,19.4,92,95,90,Mobile,Yes,High,94.7
ENG001382,CUST1382,League Match,131,40,Video Ad,0.15,8.8,67,64,60,Laptop,No,Medium,65.5
ENG001383,CUST1383,Playoffs,218,74,Influencer Promotion,0.33,22.4,95,94,92,Mobile,Yes,High,97.7
ENG001384,CUST1384,League Match,104,28,Banner Ad,0.07,4.9,54,51,48,Smart TV,No,Low,50.0
ENG001385,CUST1385,Finals,245,79,Short Reel,0.35,25.4,99,98,96,Mobile,Yes,High,99.4
ENG001386,CUST1386,League Match,151,44,Video Ad,0.17,10.4,71,72,69,Laptop,No,Medium,70.2
ENG001387,CUST1387,Rivalry Match,200,66,Short Reel,0.32,20.9,94,97,91,Mobile,Yes,High,96.1
ENG001388,CUST1388,League Match,172,43,Video Ad,0.14,8.6,65,61,63,Smart TV,No,Low,62.2
ENG001389,CUST1389,Playoffs,208,69,Influencer Promotion,0.29,19.3,90,93,88,Mobile,Yes,High,93.2
ENG001390,CUST1390,League Match,95,23,Banner Ad,0.05,3.6,46,48,44,Laptop,No,Low,45.0
ENG001391,CUST1391,Rivalry Match,182,58,Short Reel,0.28,17.2,88,92,86,Mobile,Yes,High,91.1
ENG001392,CUST1392,League Match,139,39,Video Ad,0.12,7.5,63,59,61,Smart TV,No,Medium,60.0
ENG001393,CUST1393,Playoffs,227,76,Influencer Promotion,0.34,23.7,97,95,94,Mobile,Yes,High,98.6
ENG001394,CUST1394,League Match,111,30,Banner Ad,0.08,5.4,57,54,51,Laptop,No,Low,51.7
ENG001395,CUST1395,Finals,238,79,Short Reel,0.35,26.4,99,98,97,Mobile,Yes,High,99.9
ENG001396,CUST1396,Rivalry Match,191,64,Video Ad,0.20,12.2,86,89,85,Laptop,Yes,Medium,87.0
ENG001397,CUST1397,League Match,150,42,Influencer Promotion,0.15,9.5,68,69,65,Mobile,Yes,Medium,68.4
ENG001398,CUST1398,League Match,119,33,Banner Ad,0.09,5.9,58,56,54,Smart TV,No,Low,55.1
ENG001399,CUST1399,Playoffs,221,73,Short Reel,0.30,21.1,94,96,92,Mobile,Yes,High,96.4
ENG001400,CUST1400,League Match,102,24,Banner Ad,0.06,4.3,49,47,45,Laptop,No,Low,47.0
ENG001401,CUST1401,Rivalry Match,196,63,Short Reel,0.30,19.5,92,95,90,Mobile,Yes,High,94.8
ENG001402,CUST1402,League Match,132,40,Video Ad,0.15,8.9,67,64,60,Laptop,No,Medium,65.6
ENG001403,CUST1403,Playoffs,219,74,Influencer Promotion,0.33,22.5,95,94,92,Mobile,Yes,High,97.8
ENG001404,CUST1404,League Match,105,28,Banner Ad,0.07,5.0,54,51,48,Smart TV,No,Low,50.1
ENG001405,CUST1405,Finals,246,79,Short Reel,0.35,25.5,99,98,96,Mobile,Yes,High,99.5
ENG001406,CUST1406,League Match,152,44,Video Ad,0.17,10.5,71,72,69,Laptop,No,Medium,70.3
ENG001407,CUST1407,Rivalry Match,201,66,Short Reel,0.32,21.0,94,97,91,Mobile,Yes,High,96.2
ENG001408,CUST1408,League Match,173,43,Video Ad,0.14,8.7,65,61,63,Smart TV,No,Low,62.3
ENG001409,CUST1409,Playoffs,209,69,Influencer Promotion,0.29,19.4,90,93,88,Mobile,Yes,High,93.3
ENG001410,CUST1410,League Match,96,23,Banner Ad,0.05,3.7,46,48,44,Laptop,No,Low,45.1
ENG001411,CUST1411,Rivalry Match,183,58,Short Reel,0.28,17.3,88,92,86,Mobile,Yes,High,91.2
ENG001412,CUST1412,League Match,140,39,Video Ad,0.12,7.6,63,59,61,Smart TV,No,Medium,60.1
ENG001413,CUST1413,Playoffs,228,76,Influencer Promotion,0.34,23.8,97,95,94,Mobile,Yes,High,98.7
ENG001414,CUST1414,League Match,112,30,Banner Ad,0.08,5.5,57,54,51,Laptop,No,Low,51.8
ENG001415,CUST1415,Finals,239,79,Short Reel,0.35,26.5,99,98,97,Mobile,Yes,High,100.0
ENG001416,CUST1416,Rivalry Match,192,64,Video Ad,0.20,12.3,86,89,85,Laptop,Yes,Medium,87.1
ENG001417,CUST1417,League Match,151,42,Influencer Promotion,0.15,9.6,68,69,65,Mobile,Yes,Medium,68.5
ENG001418,CUST1418,League Match,120,33,Banner Ad,0.09,6.0,58,56,54,Smart TV,No,Low,55.2
ENG001419,CUST1419,Playoffs,222,73,Short Reel,0.30,21.2,94,96,92,Mobile,Yes,High,96.5
ENG001420,CUST1420,League Match,103,24,Banner Ad,0.06,4.4,49,47,45,Laptop,No,Low,47.1
ENG001421,CUST1421,Rivalry Match,186,59,Video Ad,0.22,13.4,87,89,85,Smart TV,Yes,Medium,88.2
ENG001422,CUST1422,League Match,157,47,Influencer Promotion,0.18,10.7,72,73,70,Mobile,Yes,Medium,72.4
ENG001423,CUST1423,Finals,248,80,Short Reel,0.35,26.7,99,99,98,Mobile,Yes,High,100.0
ENG001424,CUST1424,League Match,115,29,Banner Ad,0.08,5.0,55,52,52,Laptop,No,Low,51.2
ENG001425,CUST1425,Playoffs,214,70,Video Ad,0.27,18.5,90,92,89,Smart TV,Yes,High,93.0
ENG001426,CUST1426,Rivalry Match,197,65,Short Reel,0.30,19.9,92,95,90,Mobile,Yes,High,95.2
ENG001427,CUST1427,League Match,146,40,Influencer Promotion,0.14,8.3,64,66,63,Laptop,No,Medium,64.8
ENG001428,CUST1428,League Match,109,28,Banner Ad,0.07,4.8,54,52,49,Smart TV,No,Low,50.4
ENG001429,CUST1429,Finals,236,76,Short Reel,0.33,24.2,96,97,95,Mobile,Yes,High,98.7
ENG001430,CUST1430,Rivalry Match,179,56,Video Ad,0.21,14.2,84,87,83,Laptop,Yes,Medium,85.8
ENG001431,CUST1431,League Match,153,43,Influencer Promotion,0.16,9.9,69,67,67,Mobile,Yes,Medium,69.2
ENG001432,CUST1432,League Match,117,31,Banner Ad,0.09,6.2,57,55,53,Smart TV,No,Low,54.3
ENG001433,CUST1433,Playoffs,224,74,Short Reel,0.31,22.2,95,96,94,Mobile,Yes,High,97.4
ENG001434,CUST1434,League Match,101,23,Banner Ad,0.05,4.1,47,46,44,Laptop,No,Low,45.7
ENG001435,CUST1435,Finals,244,78,Short Reel,0.35,26.0,99,98,97,Mobile,Yes,High,100.0
ENG001436,CUST1436,Rivalry Match,188,61,Video Ad,0.24,16.2,88,90,87,Smart TV,Yes,High,91.1
ENG001437,CUST1437,League Match,144,39,Influencer Promotion,0.13,7.9,63,65,62,Laptop,No,Medium,63.2
ENG001438,CUST1438,League Match,124,34,Banner Ad,0.10,6.5,59,57,55,Smart TV,No,Low,56.6
ENG001439,CUST1439,Playoffs,217,71,Short Reel,0.29,20.5,92,94,91,Mobile,Yes,High,95.4
ENG001440,CUST1440,League Match,107,26,Banner Ad,0.06,4.7,50,48,46,Laptop,No,Low,48.0
ENG001441,CUST1441,Rivalry Match,194,63,Video Ad,0.23,15.4,89,90,87,Smart TV,Yes,Medium,89.4
ENG001442,CUST1442,League Match,149,43,Influencer Promotion,0.15,9.2,66,68,65,Mobile,Yes,Medium,67.9
ENG001443,CUST1443,Finals,241,77,Short Reel,0.34,25.5,98,97,96,Mobile,Yes,High,99.5
ENG001444,CUST1444,League Match,113,30,Banner Ad,0.08,5.3,56,53,51,Laptop,No,Low,52.1
ENG001445,CUST1445,Playoffs,211,68,Video Ad,0.25,18.0,88,91,87,Smart TV,Yes,High,92.0
ENG001446,CUST1446,Rivalry Match,200,66,Short Reel,0.31,20.8,93,95,92,Mobile,Yes,High,95.9
ENG001447,CUST1447,League Match,145,39,Influencer Promotion,0.14,8.1,64,65,63,Laptop,No,Medium,64.2
ENG001448,CUST1448,League Match,119,32,Banner Ad,0.09,5.8,57,55,53,Smart TV,No,Low,54.6
ENG001449,CUST1449,Finals,234,75,Short Reel,0.32,23.9,95,96,94,Mobile,Yes,High,98.2
ENG001450,CUST1450,Rivalry Match,180,57,Video Ad,0.20,13.6,84,86,82,Laptop,Yes,Medium,84.7
ENG001451,CUST1451,League Match,156,45,Influencer Promotion,0.17,10.2,70,71,69,Mobile,Yes,Medium,71.3
ENG001452,CUST1452,League Match,122,34,Banner Ad,0.10,6.4,59,56,55,Smart TV,No,Low,56.8
ENG001453,CUST1453,Playoffs,226,74,Short Reel,0.32,22.4,95,96,94,Mobile,Yes,High,97.7
ENG001454,CUST1454,League Match,105,24,Banner Ad,0.06,4.6,48,46,44,Laptop,No,Low,46.2
ENG001455,CUST1455,Finals,247,79,Short Reel,0.35,26.6,99,98,97,Mobile,Yes,High,100.0
ENG001456,CUST1456,Rivalry Match,189,60,Video Ad,0.22,14.7,86,88,84,Smart TV,Yes,Medium,87.6
ENG001457,CUST1457,League Match,141,37,Influencer Promotion,0.13,7.5,61,63,60,Laptop,No,Medium,61.8
ENG001458,CUST1458,League Match,126,35,Banner Ad,0.11,6.6,60,58,56,Smart TV,No,Low,57.4
ENG001459,CUST1459,Playoffs,220,72,Short Reel,0.30,20.6,92,94,91,Mobile,Yes,High,95.6
ENG001460,CUST1460,League Match,110,27,Banner Ad,0.07,4.9,52,50,48,Laptop,No,Low,49.3
ENG001461,CUST1461,Rivalry Match,195,62,Video Ad,0.24,15.7,88,90,87,Smart TV,Yes,High,90.9
ENG001462,CUST1462,League Match,151,42,Influencer Promotion,0.15,9.5,67,68,65,Mobile,Yes,Medium,68.4
ENG001463,CUST1463,Finals,243,78,Short Reel,0.34,25.7,98,97,96,Mobile,Yes,High,99.7
ENG001464,CUST1464,League Match,117,30,Banner Ad,0.08,5.5,56,53,51,Laptop,No,Low,52.4
ENG001465,CUST1465,Playoffs,214,69,Video Ad,0.26,18.3,89,91,88,Smart TV,Yes,High,92.7
ENG001466,CUST1466,Rivalry Match,202,66,Short Reel,0.31,21.1,93,96,92,Mobile,Yes,High,96.4
ENG001467,CUST1467,League Match,146,38,Influencer Promotion,0.14,8.0,62,64,61,Laptop,No,Medium,63.3
ENG001468,CUST1468,League Match,123,33,Banner Ad,0.10,6.3,58,56,54,Smart TV,No,Low,56.1
ENG001469,CUST1469,Finals,239,76,Short Reel,0.33,24.7,96,97,95,Mobile,Yes,High,99.0
ENG001470,CUST1470,Rivalry Match,183,57,Video Ad,0.21,13.9,85,87,83,Laptop,Yes,Medium,85.4
ENG001471,CUST1471,League Match,156,44,Influencer Promotion,0.16,10.0,68,70,67,Mobile,Yes,Medium,70.2
ENG001472,CUST1472,League Match,125,34,Banner Ad,0.10,6.5,59,57,55,Smart TV,No,Low,56.6
ENG001473,CUST1473,Playoffs,227,73,Short Reel,0.31,22.2,94,95,93,Mobile,Yes,High,97.5
ENG001474,CUST1474,League Match,104,24,Banner Ad,0.05,4.3,46,45,43,Laptop,No,Low,45.2
ENG001475,CUST1475,Finals,247,78,Short Reel,0.35,26.5,99,98,97,Mobile,Yes,High,100.0
ENG001476,CUST1476,Rivalry Match,192,61,Video Ad,0.23,15.2,87,89,85,Smart TV,Yes,Medium,88.3
ENG001477,CUST1477,League Match,144,38,Influencer Promotion,0.13,7.9,62,64,61,Laptop,No,Medium,62.8
ENG001478,CUST1478,League Match,127,35,Banner Ad,0.11,6.7,60,58,56,Smart TV,No,Low,57.5
ENG001479,CUST1479,Playoffs,221,71,Short Reel,0.29,20.4,91,94,90,Mobile,Yes,High,95.4
ENG001480,CUST1480,League Match,111,27,Banner Ad,0.07,5.0,52,50,48,Laptop,No,Low,49.2
ENG001481,CUST1481,Rivalry Match,196,63,Short Reel,0.30,19.5,92,95,90,Mobile,Yes,High,94.8
ENG001482,CUST1482,League Match,132,40,Video Ad,0.15,8.9,67,64,60,Laptop,No,Medium,65.6
ENG001483,CUST1483,Playoffs,219,74,Influencer Promotion,0.33,22.5,95,94,92,Mobile,Yes,High,97.8
ENG001484,CUST1484,League Match,105,28,Banner Ad,0.07,5.0,54,51,48,Smart TV,No,Low,50.1
ENG001485,CUST1485,Finals,246,79,Short Reel,0.35,25.5,99,98,96,Mobile,Yes,High,99.5
ENG001486,CUST1486,League Match,152,44,Video Ad,0.17,10.5,71,72,69,Laptop,No,Medium,70.3
ENG001487,CUST1487,Rivalry Match,201,66,Short Reel,0.32,21.0,94,97,91,Mobile,Yes,High,96.2
ENG001488,CUST1488,League Match,173,43,Video Ad,0.14,8.7,65,61,63,Smart TV,No,Low,62.3
ENG001489,CUST1489,Playoffs,209,69,Influencer Promotion,0.29,19.4,90,93,88,Mobile,Yes,High,93.3
ENG001490,CUST1490,League Match,96,23,Banner Ad,0.05,3.7,46,48,44,Laptop,No,Low,45.1
ENG001491,CUST1491,Rivalry Match,183,58,Short Reel,0.28,17.3,88,92,86,Mobile,Yes,High,91.2
ENG001492,CUST1492,League Match,140,39,Video Ad,0.12,7.6,63,59,61,Smart TV,No,Medium,60.1
ENG001493,CUST1493,Playoffs,228,76,Influencer Promotion,0.34,23.8,97,95,94,Mobile,Yes,High,98.7
ENG001494,CUST1494,League Match,112,30,Banner Ad,0.08,5.5,57,54,51,Laptop,No,Low,51.8
ENG001495,CUST1495,Finals,239,79,Short Reel,0.35,26.5,99,98,97,Mobile,Yes,High,100.0
ENG001496,CUST1496,Rivalry Match,192,64,Video Ad,0.20,12.3,86,89,85,Laptop,Yes,Medium,87.1
ENG001497,CUST1497,League Match,151,42,Influencer Promotion,0.15,9.6,68,69,65,Mobile,Yes,Medium,68.5
ENG001498,CUST1498,League Match,120,33,Banner Ad,0.09,6.0,58,56,54,Smart TV,No,Low,55.2
ENG001499,CUST1499,Playoffs,222,73,Short Reel,0.30,21.2,94,96,92,Mobile,Yes,High,96.5
ENG001500,CUST1500,League Match,103,24,Banner Ad,0.06,4.4,49,47,45,Laptop,No,Low,47.1
ENG001501,CUST1501,Rivalry Match,186,59,Video Ad,0.22,13.4,87,89,85,Smart TV,Yes,Medium,88.2
ENG001502,CUST1502,League Match,157,47,Influencer Promotion,0.18,10.7,72,73,70,Mobile,Yes,Medium,72.4
ENG001503,CUST1503,Finals,248,80,Short Reel,0.35,26.7,99,99,98,Mobile,Yes,High,100.0
ENG001504,CUST1504,League Match,115,29,Banner Ad,0.08,5.0,55,52,52,Laptop,No,Low,51.2
ENG001505,CUST1505,Playoffs,214,70,Video Ad,0.27,18.5,90,92,89,Smart TV,Yes,High,93.0
ENG001506,CUST1506,Rivalry Match,197,65,Short Reel,0.30,19.9,92,95,90,Mobile,Yes,High,95.2
ENG001507,CUST1507,League Match,146,40,Influencer Promotion,0.14,8.3,64,66,63,Laptop,No,Medium,64.8
ENG001508,CUST1508,League Match,109,28,Banner Ad,0.07,4.8,54,52,49,Smart TV,No,Low,50.4
ENG001509,CUST1509,Finals,236,76,Short Reel,0.33,24.2,96,97,95,Mobile,Yes,High,98.7
ENG001510,CUST1510,Rivalry Match,179,56,Video Ad,0.21,14.2,84,87,83,Laptop,Yes,Medium,85.8
ENG001511,CUST1511,League Match,153,43,Influencer Promotion,0.16,9.9,69,67,67,Mobile,Yes,Medium,69.2
ENG001512,CUST1512,League Match,117,31,Banner Ad,0.09,6.2,57,55,53,Smart TV,No,Low,54.3
ENG001513,CUST1513,Playoffs,224,74,Short Reel,0.31,22.2,95,96,94,Mobile,Yes,High,97.4
ENG001514,CUST1514,League Match,101,23,Banner Ad,0.05,4.1,47,46,44,Laptop,No,Low,45.7
ENG001515,CUST1515,Finals,244,78,Short Reel,0.35,26.0,99,98,97,Mobile,Yes,High,100.0
ENG001516,CUST1516,Rivalry Match,188,61,Video Ad,0.24,16.2,88,90,87,Smart TV,Yes,High,91.1
ENG001517,CUST1517,League Match,144,39,Influencer Promotion,0.13,7.9,63,65,62,Laptop,No,Medium,63.2
ENG001518,CUST1518,League Match,124,34,Banner Ad,0.10,6.5,59,57,55,Smart TV,No,Low,56.6
ENG001519,CUST1519,Playoffs,217,71,Short Reel,0.29,20.5,92,94,91,Mobile,Yes,High,95.4
ENG001520,CUST1520,League Match,107,26,Banner Ad,0.06,4.7,50,48,46,Laptop,No,Low,48.0
ENG001521,CUST1521,Rivalry Match,194,63,Video Ad,0.23,15.4,89,90,87,Smart TV,Yes,Medium,89.4
ENG001522,CUST1522,League Match,149,43,Influencer Promotion,0.15,9.2,66,68,65,Mobile,Yes,Medium,67.9
ENG001523,CUST1523,Finals,241,77,Short Reel,0.34,25.5,98,97,96,Mobile,Yes,High,99.5
ENG001524,CUST1524,League Match,113,30,Banner Ad,0.08,5.3,56,53,51,Laptop,No,Low,52.1
ENG001525,CUST1525,Playoffs,211,68,Video Ad,0.25,18.0,88,91,87,Smart TV,Yes,High,92.0
ENG001526,CUST1526,Rivalry Match,200,66,Short Reel,0.31,20.8,93,95,92,Mobile,Yes,High,95.9
ENG001527,CUST1527,League Match,145,39,Influencer Promotion,0.14,8.1,64,65,63,Laptop,No,Medium,64.2
ENG001528,CUST1528,League Match,119,32,Banner Ad,0.09,5.8,57,55,53,Smart TV,No,Low,54.6
ENG001529,CUST1529,Finals,234,75,Short Reel,0.32,23.9,95,96,94,Mobile,Yes,High,98.2
ENG001530,CUST1530,Rivalry Match,180,57,Video Ad,0.20,13.6,84,86,82,Laptop,Yes,Medium,84.7
ENG001531,CUST1531,League Match,156,45,Influencer Promotion,0.17,10.2,70,71,69,Mobile,Yes,Medium,71.3
ENG001532,CUST1532,League Match,122,34,Banner Ad,0.10,6.4,59,56,55,Smart TV,No,Low,56.8
ENG001533,CUST1533,Playoffs,226,74,Short Reel,0.32,22.4,95,96,94,Mobile,Yes,High,97.7
ENG001534,CUST1534,League Match,105,24,Banner Ad,0.06,4.6,48,46,44,Laptop,No,Low,46.2
ENG001535,CUST1535,Finals,247,79,Short Reel,0.35,26.6,99,98,97,Mobile,Yes,High,100.0
ENG001536,CUST1536,Rivalry Match,189,60,Video Ad,0.22,14.7,86,88,84,Smart TV,Yes,Medium,87.6
ENG001537,CUST1537,League Match,141,37,Influencer Promotion,0.13,7.5,61,63,60,Laptop,No,Medium,61.8
ENG001538,CUST1538,League Match,126,35,Banner Ad,0.11,6.6,60,58,56,Smart TV,No,Low,57.4
ENG001539,CUST1539,Playoffs,220,72,Short Reel,0.30,20.6,92,94,91,Mobile,Yes,High,95.6
ENG001540,CUST1540,League Match,110,27,Banner Ad,0.07,4.9,52,50,48,Laptop,No,Low,49.3
ENG001541,CUST1541,Rivalry Match,195,62,Video Ad,0.24,15.7,88,90,87,Smart TV,Yes,High,90.9
ENG001542,CUST1542,League Match,151,42,Influencer Promotion,0.15,9.5,67,68,65,Mobile,Yes,Medium,68.4
ENG001543,CUST1543,Finals,243,78,Short Reel,0.34,25.7,98,97,96,Mobile,Yes,High,99.7
ENG001544,CUST1544,League Match,117,30,Banner Ad,0.08,5.5,56,53,51,Laptop,No,Low,52.4
ENG001545,CUST1545,Playoffs,214,69,Video Ad,0.26,18.3,89,91,88,Smart TV,Yes,High,92.7
ENG001546,CUST1546,Rivalry Match,202,66,Short Reel,0.31,21.1,93,96,92,Mobile,Yes,High,96.4
ENG001547,CUST1547,League Match,146,38,Influencer Promotion,0.14,8.0,62,64,61,Laptop,No,Medium,63.3
ENG001548,CUST1548,League Match,123,33,Banner Ad,0.10,6.3,58,56,54,Smart TV,No,Low,56.1
ENG001549,CUST1549,Finals,239,76,Short Reel,0.33,24.7,96,97,95,Mobile,Yes,High,99.0
ENG001550,CUST1550,Rivalry Match,183,57,Video Ad,0.21,13.9,85,87,83,Laptop,Yes,Medium,85.4
ENG001551,CUST1551,League Match,156,44,Influencer Promotion,0.16,10.0,68,70,67,Mobile,Yes,Medium,70.2
ENG001552,CUST1552,League Match,125,34,Banner Ad,0.10,6.5,59,57,55,Smart TV,No,Low,56.6
ENG001553,CUST1553,Playoffs,227,73,Short Reel,0.31,22.2,94,95,93,Mobile,Yes,High,97.5
ENG001554,CUST1554,League Match,104,24,Banner Ad,0.05,4.3,46,45,43,Laptop,No,Low,45.2
ENG001555,CUST1555,Finals,247,78,Short Reel,0.35,26.5,99,98,97,Mobile,Yes,High,100.0
ENG001556,CUST1556,Rivalry Match,192,61,Video Ad,0.23,15.2,87,89,85,Smart TV,Yes,Medium,88.3
ENG001557,CUST1557,League Match,144,38,Influencer Promotion,0.13,7.9,62,64,61,Laptop,No,Medium,62.8
ENG001558,CUST1558,League Match,127,35,Banner Ad,0.11,6.7,60,58,56,Smart TV,No,Low,57.5
ENG001559,CUST1559,Playoffs,221,71,Short Reel,0.29,20.4,91,94,90,Mobile,Yes,High,95.4
ENG001560,CUST1560,League Match,111,27,Banner Ad,0.07,5.0,52,50,48,Laptop,No,Low,49.2
ENG001561,CUST1561,Rivalry Match,196,63,Short Reel,0.30,19.5,92,95,90,Mobile,Yes,High,94.8
ENG001562,CUST1562,League Match,132,40,Video Ad,0.15,8.9,67,64,60,Laptop,No,Medium,65.6
ENG001563,CUST1563,Playoffs,219,74,Influencer Promotion,0.33,22.5,95,94,92,Mobile,Yes,High,97.8
ENG001564,CUST1564,League Match,105,28,Banner Ad,0.07,5.0,54,51,48,Smart TV,No,Low,50.1
ENG001565,CUST1565,Finals,246,79,Short Reel,0.35,25.5,99,98,96,Mobile,Yes,High,99.5
ENG001566,CUST1566,League Match,152,44,Video Ad,0.17,10.5,71,72,69,Laptop,No,Medium,70.3
ENG001567,CUST1567,Rivalry Match,201,66,Short Reel,0.32,21.0,94,97,91,Mobile,Yes,High,96.2
ENG001568,CUST1568,League Match,173,43,Video Ad,0.14,8.7,65,61,63,Smart TV,No,Low,62.3
ENG001569,CUST1569,Playoffs,209,69,Influencer Promotion,0.29,19.4,90,93,88,Mobile,Yes,High,93.3
ENG001570,CUST1570,League Match,96,23,Banner Ad,0.05,3.7,46,48,44,Laptop,No,Low,45.1
ENG001571,CUST1571,Rivalry Match,183,58,Short Reel,0.28,17.3,88,92,86,Mobile,Yes,High,91.2
ENG001572,CUST1572,League Match,140,39,Video Ad,0.12,7.6,63,59,61,Smart TV,No,Medium,60.1
ENG001573,CUST1573,Playoffs,228,76,Influencer Promotion,0.34,23.8,97,95,94,Mobile,Yes,High,98.7
ENG001574,CUST1574,League Match,112,30,Banner Ad,0.08,5.5,57,54,51,Laptop,No,Low,51.8
ENG001575,CUST1575,Finals,239,79,Short Reel,0.35,26.5,99,98,97,Mobile,Yes,High,100.0
ENG001576,CUST1576,Rivalry Match,192,64,Video Ad,0.20,12.3,86,89,85,Laptop,Yes,Medium,87.1
ENG001577,CUST1577,League Match,151,42,Influencer Promotion,0.15,9.6,68,69,65,Mobile,Yes,Medium,68.5
ENG001578,CUST1578,League Match,120,33,Banner Ad,0.09,6.0,58,56,54,Smart TV,No,Low,55.2
ENG001579,CUST1579,Playoffs,222,73,Short Reel,0.30,21.2,94,96,92,Mobile,Yes,High,96.5
ENG001580,CUST1580,League Match,103,24,Banner Ad,0.06,4.4,49,47,45,Laptop,No,Low,47.1
ENG001581,CUST1581,Rivalry Match,186,59,Video Ad,0.22,13.4,87,89,85,Smart TV,Yes,Medium,88.2
ENG001582,CUST1582,League Match,157,47,Influencer Promotion,0.18,10.7,72,73,70,Mobile,Yes,Medium,72.4
ENG001583,CUST1583,Finals,248,80,Short Reel,0.35,26.7,99,99,98,Mobile,Yes,High,100.0
ENG001584,CUST1584,League Match,115,29,Banner Ad,0.08,5.0,55,52,52,Laptop,No,Low,51.2
ENG001585,CUST1585,Playoffs,214,70,Video Ad,0.27,18.5,90,92,89,Smart TV,Yes,High,93.0
ENG001586,CUST1586,Rivalry Match,197,65,Short Reel,0.30,19.9,92,95,90,Mobile,Yes,High,95.2
ENG001587,CUST1587,League Match,146,40,Influencer Promotion,0.14,8.3,64,66,63,Laptop,No,Medium,64.8
ENG001588,CUST1588,League Match,109,28,Banner Ad,0.07,4.8,54,52,49,Smart TV,No,Low,50.4
ENG001589,CUST1589,Finals,236,76,Short Reel,0.33,24.2,96,97,95,Mobile,Yes,High,98.7
ENG001590,CUST1590,Rivalry Match,179,56,Video Ad,0.21,14.2,84,87,83,Laptop,Yes,Medium,85.8
ENG001591,CUST1591,League Match,153,43,Influencer Promotion,0.16,9.9,69,67,67,Mobile,Yes,Medium,69.2
ENG001592,CUST1592,League Match,117,31,Banner Ad,0.09,6.2,57,55,53,Smart TV,No,Low,54.3
ENG001593,CUST1593,Playoffs,224,74,Short Reel,0.31,22.2,95,96,94,Mobile,Yes,High,97.4
ENG001594,CUST1594,League Match,101,23,Banner Ad,0.05,4.1,47,46,44,Laptop,No,Low,45.7
ENG001595,CUST1595,Finals,244,78,Short Reel,0.35,26.0,99,98,97,Mobile,Yes,High,100.0
ENG001596,CUST1596,Rivalry Match,188,61,Video Ad,0.24,16.2,88,90,87,Smart TV,Yes,High,91.1
ENG001597,CUST1597,League Match,144,39,Influencer Promotion,0.13,7.9,63,65,62,Laptop,No,Medium,63.2
ENG001598,CUST1598,League Match,124,34,Banner Ad,0.10,6.5,59,57,55,Smart TV,No,Low,56.6
ENG001599,CUST1599,Playoffs,217,71,Short Reel,0.29,20.5,92,94,91,Mobile,Yes,High,95.4
ENG001600,CUST1600,League Match,107,26,Banner Ad,0.06,4.7,50,48,46,Laptop,No,Low,48.0
ENG001601,CUST1601,Rivalry Match,197,64,Short Reel,0.31,19.8,93,95,91,Mobile,Yes,High,95.0
ENG001602,CUST1602,League Match,133,41,Video Ad,0.16,9.0,68,65,61,Laptop,No,Medium,65.9
ENG001603,CUST1603,Playoffs,220,75,Influencer Promotion,0.34,22.6,96,95,93,Mobile,Yes,High,97.9
ENG001604,CUST1604,League Match,106,29,Banner Ad,0.07,5.1,55,52,49,Smart TV,No,Low,50.3
ENG001605,CUST1605,Finals,247,80,Short Reel,0.35,25.6,99,99,97,Mobile,Yes,High,99.7
ENG001606,CUST1606,League Match,153,45,Video Ad,0.18,10.6,72,73,70,Laptop,No,Medium,70.5
ENG001607,CUST1607,Rivalry Match,202,67,Short Reel,0.33,21.2,95,97,92,Mobile,Yes,High,96.4
ENG001608,CUST1608,League Match,174,44,Video Ad,0.15,8.8,66,62,64,Smart TV,No,Low,62.5
ENG001609,CUST1609,Playoffs,210,70,Influencer Promotion,0.30,19.5,91,94,89,Mobile,Yes,High,93.5
ENG001610,CUST1610,League Match,97,24,Banner Ad,0.05,3.8,47,49,45,Laptop,No,Low,45.3
ENG001611,CUST1611,Rivalry Match,184,59,Short Reel,0.29,17.4,89,93,87,Mobile,Yes,High,91.4
ENG001612,CUST1612,League Match,141,40,Video Ad,0.13,7.7,64,60,62,Smart TV,No,Medium,60.3
ENG001613,CUST1613,Playoffs,229,77,Influencer Promotion,0.35,23.9,98,96,95,Mobile,Yes,High,98.9
ENG001614,CUST1614,League Match,113,31,Banner Ad,0.08,5.6,58,55,52,Laptop,No,Low,52.0
ENG001615,CUST1615,Finals,240,80,Short Reel,0.35,26.7,99,99,98,Mobile,Yes,High,100.0
ENG001616,CUST1616,Rivalry Match,193,65,Video Ad,0.21,12.4,87,90,86,Laptop,Yes,Medium,87.3
ENG001617,CUST1617,League Match,152,43,Influencer Promotion,0.16,9.7,69,70,66,Mobile,Yes,Medium,68.7
ENG001618,CUST1618,League Match,121,34,Banner Ad,0.09,6.1,59,57,55,Smart TV,No,Low,55.4
ENG001619,CUST1619,Playoffs,223,74,Short Reel,0.31,21.3,95,97,93,Mobile,Yes,High,96.7
ENG001620,CUST1620,League Match,104,25,Banner Ad,0.06,4.5,50,48,46,Laptop,No,Low,47.3
ENG001621,CUST1621,Rivalry Match,187,60,Video Ad,0.23,13.5,88,90,86,Smart TV,Yes,Medium,88.4
ENG001622,CUST1622,League Match,158,48,Influencer Promotion,0.19,10.8,73,74,71,Mobile,Yes,Medium,72.6
ENG001623,CUST1623,Finals,249,80,Short Reel,0.35,26.8,99,99,98,Mobile,Yes,High,100.0
ENG001624,CUST1624,League Match,116,30,Banner Ad,0.08,5.1,56,53,53,Laptop,No,Low,51.4
ENG001625,CUST1625,Playoffs,215,71,Video Ad,0.28,18.6,91,93,90,Smart TV,Yes,High,93.2
ENG001626,CUST1626,Rivalry Match,198,66,Short Reel,0.31,20.0,93,96,91,Mobile,Yes,High,95.4
ENG001627,CUST1627,League Match,147,41,Influencer Promotion,0.15,8.4,65,67,64,Laptop,No,Medium,65.0
ENG001628,CUST1628,League Match,110,29,Banner Ad,0.07,4.9,55,53,50,Smart TV,No,Low,50.6
ENG001629,CUST1629,Finals,237,77,Short Reel,0.34,24.3,97,98,96,Mobile,Yes,High,98.9
ENG001630,CUST1630,Rivalry Match,180,57,Video Ad,0.22,14.3,85,88,84,Laptop,Yes,Medium,86.0
ENG001631,CUST1631,League Match,154,44,Influencer Promotion,0.17,10.0,70,68,68,Mobile,Yes,Medium,69.4
ENG001632,CUST1632,League Match,118,32,Banner Ad,0.09,6.3,58,56,54,Smart TV,No,Low,54.5
ENG001633,CUST1633,Playoffs,225,75,Short Reel,0.32,22.3,96,97,95,Mobile,Yes,High,97.6
ENG001634,CUST1634,League Match,102,24,Banner Ad,0.05,4.2,48,47,45,Laptop,No,Low,45.9
ENG001635,CUST1635,Finals,245,79,Short Reel,0.35,26.1,99,99,98,Mobile,Yes,High,100.0
ENG001636,CUST1636,Rivalry Match,189,62,Video Ad,0.25,16.3,89,91,88,Smart TV,Yes,High,91.3
ENG001637,CUST1637,League Match,145,40,Influencer Promotion,0.14,8.0,64,66,63,Laptop,No,Medium,63.4
ENG001638,CUST1638,League Match,125,35,Banner Ad,0.10,6.6,60,58,56,Smart TV,No,Low,56.8
ENG001639,CUST1639,Playoffs,218,72,Short Reel,0.30,20.6,93,95,92,Mobile,Yes,High,95.6
ENG001640,CUST1640,League Match,108,27,Banner Ad,0.06,4.8,51,49,47,Laptop,No,Low,48.2
ENG001641,CUST1641,Rivalry Match,195,64,Video Ad,0.24,15.5,90,91,88,Smart TV,Yes,Medium,89.6
ENG001642,CUST1642,League Match,150,44,Influencer Promotion,0.16,9.3,67,69,66,Mobile,Yes,Medium,68.1
ENG001643,CUST1643,Finals,242,78,Short Reel,0.35,25.7,99,98,97,Mobile,Yes,High,99.7
ENG001644,CUST1644,League Match,114,31,Banner Ad,0.08,5.4,57,54,52,Laptop,No,Low,52.3
ENG001645,CUST1645,Playoffs,212,69,Video Ad,0.26,18.1,89,92,88,Smart TV,Yes,High,92.2
ENG001646,CUST1646,Rivalry Match,201,67,Short Reel,0.32,20.9,94,96,93,Mobile,Yes,High,96.1
ENG001647,CUST1647,League Match,146,40,Influencer Promotion,0.15,8.2,65,66,64,Laptop,No,Medium,64.5
ENG001648,CUST1648,League Match,120,33,Banner Ad,0.09,5.9,58,56,54,Smart TV,No,Low,54.8
ENG001649,CUST1649,Finals,235,76,Short Reel,0.33,24.0,96,97,95,Mobile,Yes,High,98.3
ENG001650,CUST1650,Rivalry Match,181,58,Video Ad,0.21,13.7,85,87,83,Laptop,Yes,Medium,84.9
ENG001651,CUST1651,League Match,157,46,Influencer Promotion,0.18,10.3,71,72,70,Mobile,Yes,Medium,71.5
ENG001652,CUST1652,League Match,123,35,Banner Ad,0.10,6.5,60,57,56,Smart TV,No,Low,57.0
ENG001653,CUST1653,Playoffs,227,75,Short Reel,0.33,22.5,96,97,95,Mobile,Yes,High,97.9
ENG001654,CUST1654,League Match,106,25,Banner Ad,0.06,4.7,49,47,45,Laptop,No,Low,46.4
ENG001655,CUST1655,Finals,248,80,Short Reel,0.35,26.8,99,99,98,Mobile,Yes,High,100.0
ENG001656,CUST1656,Rivalry Match,190,61,Video Ad,0.23,14.8,87,89,85,Smart TV,Yes,Medium,87.8
ENG001657,CUST1657,League Match,142,38,Influencer Promotion,0.14,7.6,62,64,61,Laptop,No,Medium,62.0
ENG001658,CUST1658,League Match,127,36,Banner Ad,0.11,6.7,61,59,57,Smart TV,No,Low,57.7
ENG001659,CUST1659,Playoffs,221,73,Short Reel,0.30,20.8,93,95,92,Mobile,Yes,High,95.8
ENG001660,CUST1660,League Match,111,28,Banner Ad,0.07,5.0,53,51,49,Laptop,No,Low,49.5
ENG001661,CUST1661,Rivalry Match,196,63,Short Reel,0.31,19.6,92,95,91,Mobile,Yes,High,95.0
ENG001662,CUST1662,League Match,134,41,Video Ad,0.16,9.1,68,65,61,Laptop,No,Medium,66.0
ENG001663,CUST1663,Playoffs,221,75,Influencer Promotion,0.34,22.7,96,95,93,Mobile,Yes,High,98.0
ENG001664,CUST1664,League Match,107,29,Banner Ad,0.07,5.2,55,52,49,Smart TV,No,Low,50.4
ENG001665,CUST1665,Finals,248,80,Short Reel,0.35,25.7,99,99,97,Mobile,Yes,High,99.8
ENG001666,CUST1666,League Match,154,45,Video Ad,0.18,10.7,72,73,70,Laptop,No,Medium,70.6
ENG001667,CUST1667,Rivalry Match,203,67,Short Reel,0.33,21.3,95,97,92,Mobile,Yes,High,96.5
ENG001668,CUST1668,League Match,175,44,Video Ad,0.15,8.9,66,62,64,Smart TV,No,Low,62.6
ENG001669,CUST1669,Playoffs,211,70,Influencer Promotion,0.30,19.6,91,94,89,Mobile,Yes,High,93.6
ENG001670,CUST1670,League Match,98,24,Banner Ad,0.05,3.9,47,49,45,Laptop,No,Low,45.4
ENG001671,CUST1671,Rivalry Match,185,59,Short Reel,0.29,17.5,89,93,87,Mobile,Yes,High,91.5
ENG001672,CUST1672,League Match,142,40,Video Ad,0.13,7.8,64,60,62,Smart TV,No,Medium,60.4
ENG001673,CUST1673,Playoffs,230,77,Influencer Promotion,0.35,24.0,98,96,95,Mobile,Yes,High,99.0
ENG001674,CUST1674,League Match,114,31,Banner Ad,0.08,5.7,58,55,52,Laptop,No,Low,52.1
ENG001675,CUST1675,Finals,241,80,Short Reel,0.35,26.8,99,99,98,Mobile,Yes,High,100.0
ENG001676,CUST1676,Rivalry Match,194,65,Video Ad,0.21,12.5,87,90,86,Laptop,Yes,Medium,87.4
ENG001677,CUST1677,League Match,153,43,Influencer Promotion,0.16,9.8,69,70,66,Mobile,Yes,Medium,68.8
ENG001678,CUST1678,League Match,122,34,Banner Ad,0.09,6.2,59,57,55,Smart TV,No,Low,55.5
ENG001679,CUST1679,Playoffs,224,74,Short Reel,0.31,21.4,95,97,93,Mobile,Yes,High,96.8
ENG001680,CUST1680,League Match,105,25,Banner Ad,0.06,4.6,50,48,46,Laptop,No,Low,47.4
ENG001681,CUST1681,Rivalry Match,188,60,Video Ad,0.23,13.6,88,90,86,Smart TV,Yes,Medium,88.5
ENG001682,CUST1682,League Match,159,48,Influencer Promotion,0.19,10.9,73,74,71,Mobile,Yes,Medium,72.7
ENG001683,CUST1683,Finals,250,80,Short Reel,0.35,26.9,99,99,98,Mobile,Yes,High,100.0
ENG001684,CUST1684,League Match,117,30,Banner Ad,0.08,5.2,56,53,53,Laptop,No,Low,51.5
ENG001685,CUST1685,Playoffs,216,71,Video Ad,0.28,18.7,91,93,90,Smart TV,Yes,High,93.3
ENG001686,CUST1686,Rivalry Match,199,66,Short Reel,0.31,20.1,93,96,91,Mobile,Yes,High,95.5
ENG001687,CUST1687,League Match,148,41,Influencer Promotion,0.15,8.5,65,67,64,Laptop,No,Medium,65.1
ENG001688,CUST1688,League Match,111,29,Banner Ad,0.07,5.0,55,53,50,Smart TV,No,Low,50.7
ENG001689,CUST1689,Finals,238,77,Short Reel,0.34,24.4,97,98,96,Mobile,Yes,High,99.0
ENG001690,CUST1690,Rivalry Match,181,57,Video Ad,0.22,14.4,85,88,84,Laptop,Yes,Medium,86.1
ENG001691,CUST1691,League Match,155,44,Influencer Promotion,0.17,10.1,70,68,68,Mobile,Yes,Medium,69.5
ENG001692,CUST1692,League Match,119,32,Banner Ad,0.09,6.4,58,56,54,Smart TV,No,Low,54.6
ENG001693,CUST1693,Playoffs,226,75,Short Reel,0.32,22.4,96,97,95,Mobile,Yes,High,97.7
ENG001694,CUST1694,League Match,103,24,Banner Ad,0.05,4.3,48,47,45,Laptop,No,Low,46.0
ENG001695,CUST1695,Finals,246,79,Short Reel,0.35,26.2,99,99,98,Mobile,Yes,High,100.0
ENG001696,CUST1696,Rivalry Match,190,62,Video Ad,0.25,16.4,89,91,88,Smart TV,Yes,High,91.4
ENG001697,CUST1697,League Match,146,40,Influencer Promotion,0.14,8.1,64,66,63,Laptop,No,Medium,63.5
ENG001698,CUST1698,League Match,126,35,Banner Ad,0.10,6.7,60,58,56,Smart TV,No,Low,56.9
ENG001699,CUST1699,Playoffs,219,72,Short Reel,0.30,20.7,93,95,92,Mobile,Yes,High,95.7
ENG001700,CUST1700,League Match,109,27,Banner Ad,0.06,4.9,51,49,47,Laptop,No,Low,48.3
ENG001701,CUST1701,Rivalry Match,195,64,Video Ad,0.24,15.6,90,91,88,Smart TV,Yes,Medium,89.7
ENG001702,CUST1702,League Match,151,44,Influencer Promotion,0.16,9.4,67,69,66,Mobile,Yes,Medium,68.2
ENG001703,CUST1703,Finals,243,78,Short Reel,0.35,25.8,99,98,97,Mobile,Yes,High,99.8
ENG001704,CUST1704,League Match,115,31,Banner Ad,0.08,5.5,57,54,52,Laptop,No,Low,52.4
ENG001705,CUST1705,Playoffs,213,69,Video Ad,0.26,18.2,89,92,88,Smart TV,Yes,High,92.3
ENG001706,CUST1706,Rivalry Match,202,67,Short Reel,0.32,21.0,94,96,93,Mobile,Yes,High,96.2
ENG001707,CUST1707,League Match,147,40,Influencer Promotion,0.15,8.3,65,66,64,Laptop,No,Medium,64.6
ENG001708,CUST1708,League Match,121,33,Banner Ad,0.09,6.0,58,56,54,Smart TV,No,Low,54.9
ENG001709,CUST1709,Finals,236,76,Short Reel,0.33,24.1,96,97,95,Mobile,Yes,High,98.4
ENG001710,CUST1710,Rivalry Match,182,58,Video Ad,0.21,13.8,85,87,83,Laptop,Yes,Medium,85.0
ENG001711,CUST1711,League Match,158,46,Influencer Promotion,0.18,10.4,71,72,70,Mobile,Yes,Medium,71.6
ENG001712,CUST1712,League Match,124,35,Banner Ad,0.10,6.6,60,57,56,Smart TV,No,Low,57.1
ENG001713,CUST1713,Playoffs,228,75,Short Reel,0.33,22.6,96,97,95,Mobile,Yes,High,98.0
ENG001714,CUST1714,League Match,107,25,Banner Ad,0.06,4.8,49,47,45,Laptop,No,Low,46.5
ENG001715,CUST1715,Finals,249,80,Short Reel,0.35,26.9,99,99,98,Mobile,Yes,High,100.0
ENG001716,CUST1716,Rivalry Match,191,61,Video Ad,0.23,14.9,87,89,85,Smart TV,Yes,Medium,87.9
ENG001717,CUST1717,League Match,143,38,Influencer Promotion,0.14,7.7,62,64,61,Laptop,No,Medium,62.1
ENG001718,CUST1718,League Match,128,36,Banner Ad,0.11,6.8,61,59,57,Smart TV,No,Low,57.8
ENG001719,CUST1719,Playoffs,222,73,Short Reel,0.30,20.9,93,95,92,Mobile,Yes,High,95.9
ENG001720,CUST1720,League Match,112,28,Banner Ad,0.07,5.1,53,51,49,Laptop,No,Low,49.6
ENG001721,CUST1721,Rivalry Match,197,63,Short Reel,0.31,19.7,92,95,91,Mobile,Yes,High,95.1
ENG001722,CUST1722,League Match,135,41,Video Ad,0.16,9.2,68,65,61,Laptop,No,Medium,66.1
ENG001723,CUST1723,Playoffs,222,75,Influencer Promotion,0.34,22.8,96,95,93,Mobile,Yes,High,98.1
ENG001724,CUST1724,League Match,108,29,Banner Ad,0.07,5.3,55,52,49,Smart TV,No,Low,50.5
ENG001725,CUST1725,Finals,249,80,Short Reel,0.35,25.8,99,99,97,Mobile,Yes,High,99.9
ENG001726,CUST1726,League Match,155,45,Video Ad,0.18,10.8,72,73,70,Laptop,No,Medium,70.7
ENG001727,CUST1727,Rivalry Match,204,67,Short Reel,0.33,21.4,95,97,92,Mobile,Yes,High,96.6
ENG001728,CUST1728,League Match,176,44,Video Ad,0.15,9.0,66,62,64,Smart TV,No,Low,62.7
ENG001729,CUST1729,Playoffs,212,70,Influencer Promotion,0.30,19.7,91,94,89,Mobile,Yes,High,93.7
ENG001730,CUST1730,League Match,99,24,Banner Ad,0.05,4.0,47,49,45,Laptop,No,Low,45.5
ENG001731,CUST1731,Rivalry Match,186,59,Short Reel,0.29,17.6,89,93,87,Mobile,Yes,High,91.6
ENG001732,CUST1732,League Match,143,40,Video Ad,0.13,7.9,64,60,62,Smart TV,No,Medium,60.5
ENG001733,CUST1733,Playoffs,231,77,Influencer Promotion,0.35,24.1,98,96,95,Mobile,Yes,High,99.1
ENG001734,CUST1734,League Match,115,31,Banner Ad,0.08,5.8,58,55,52,Laptop,No,Low,52.2
ENG001735,CUST1735,Finals,242,80,Short Reel,0.35,26.9,99,99,98,Mobile,Yes,High,100.0
ENG001736,CUST1736,Rivalry Match,195,65,Video Ad,0.21,12.6,87,90,86,Laptop,Yes,Medium,87.5
ENG001737,CUST1737,League Match,154,43,Influencer Promotion,0.16,9.9,69,70,66,Mobile,Yes,Medium,68.9
ENG001738,CUST1738,League Match,123,34,Banner Ad,0.09,6.3,59,57,55,Smart TV,No,Low,55.6
ENG001739,CUST1739,Playoffs,225,74,Short Reel,0.31,21.5,95,97,93,Mobile,Yes,High,96.9
ENG001740,CUST1740,League Match,106,25,Banner Ad,0.06,4.7,50,48,46,Laptop,No,Low,47.5
ENG001741,CUST1741,Rivalry Match,189,60,Video Ad,0.23,13.7,88,90,86,Smart TV,Yes,Medium,88.6
ENG001742,CUST1742,League Match,160,48,Influencer Promotion,0.19,11.0,73,74,71,Mobile,Yes,Medium,72.8
ENG001743,CUST1743,Finals,250,80,Short Reel,0.35,27.0,99,99,98,Mobile,Yes,High,100.0
ENG001744,CUST1744,League Match,118,30,Banner Ad,0.08,5.3,56,53,53,Laptop,No,Low,51.6
ENG001745,CUST1745,Playoffs,217,71,Video Ad,0.28,18.8,91,93,90,Smart TV,Yes,High,93.4
ENG001746,CUST1746,Rivalry Match,200,66,Short Reel,0.31,20.2,93,96,91,Mobile,Yes,High,95.6
ENG001747,CUST1747,League Match,149,41,Influencer Promotion,0.15,8.6,65,67,64,Laptop,No,Medium,65.2
ENG001748,CUST1748,League Match,112,29,Banner Ad,0.07,5.1,55,53,50,Smart TV,No,Low,50.8
ENG001749,CUST1749,Finals,239,77,Short Reel,0.34,24.5,97,98,96,Mobile,Yes,High,99.1
ENG001750,CUST1750,Rivalry Match,182,57,Video Ad,0.22,14.5,85,88,84,Laptop,Yes,Medium,86.2
ENG001751,CUST1751,League Match,156,44,Influencer Promotion,0.17,10.2,70,68,68,Mobile,Yes,Medium,69.6
ENG001752,CUST1752,League Match,120,32,Banner Ad,0.09,6.5,58,56,54,Smart TV,No,Low,54.7
ENG001753,CUST1753,Playoffs,227,75,Short Reel,0.32,22.5,96,97,95,Mobile,Yes,High,97.8
ENG001754,CUST1754,League Match,104,24,Banner Ad,0.05,4.4,48,47,45,Laptop,No,Low,46.1
ENG001755,CUST1755,Finals,247,79,Short Reel,0.35,26.3,99,99,98,Mobile,Yes,High,100.0
ENG001756,CUST1756,Rivalry Match,191,62,Video Ad,0.25,16.5,89,91,88,Smart TV,Yes,High,91.5
ENG001757,CUST1757,League Match,147,40,Influencer Promotion,0.14,8.2,64,66,63,Laptop,No,Medium,63.6
ENG001758,CUST1758,League Match,127,35,Banner Ad,0.10,6.8,60,58,56,Smart TV,No,Low,57.0
ENG001759,CUST1759,Playoffs,220,72,Short Reel,0.30,20.8,93,95,92,Mobile,Yes,High,95.8
ENG001760,CUST1760,League Match,110,27,Banner Ad,0.06,5.0,51,49,47,Laptop,No,Low,48.4
ENG001761,CUST1761,Rivalry Match,196,64,Video Ad,0.24,15.7,90,91,88,Smart TV,Yes,Medium,89.8
ENG001762,CUST1762,League Match,152,44,Influencer Promotion,0.16,9.5,67,69,66,Mobile,Yes,Medium,68.3
ENG001763,CUST1763,Finals,244,78,Short Reel,0.35,25.9,99,98,97,Mobile,Yes,High,99.9
ENG001764,CUST1764,League Match,116,31,Banner Ad,0.08,5.6,57,54,52,Laptop,No,Low,52.5
ENG001765,CUST1765,Playoffs,214,69,Video Ad,0.26,18.3,89,92,88,Smart TV,Yes,High,92.4
ENG001766,CUST1766,Rivalry Match,203,67,Short Reel,0.32,21.1,94,96,93,Mobile,Yes,High,96.3
ENG001767,CUST1767,League Match,148,40,Influencer Promotion,0.15,8.4,65,66,64,Laptop,No,Medium,64.7
ENG001768,CUST1768,League Match,122,33,Banner Ad,0.09,6.1,58,56,54,Smart TV,No,Low,55.0
ENG001769,CUST1769,Finals,237,76,Short Reel,0.33,24.2,96,97,95,Mobile,Yes,High,98.5
ENG001770,CUST1770,Rivalry Match,183,58,Video Ad,0.21,13.9,85,87,83,Laptop,Yes,Medium,85.1
ENG001771,CUST1771,League Match,159,46,Influencer Promotion,0.18,10.5,71,72,70,Mobile,Yes,Medium,71.7
ENG001772,CUST1772,League Match,125,35,Banner Ad,0.10,6.7,60,57,56,Smart TV,No,Low,57.2
ENG001773,CUST1773,Playoffs,228,75,Short Reel,0.33,22.7,96,97,95,Mobile,Yes,High,98.1
ENG001774,CUST1774,League Match,108,25,Banner Ad,0.06,4.9,49,47,45,Laptop,No,Low,46.6
ENG001775,CUST1775,Finals,250,80,Short Reel,0.35,27.0,99,99,98,Mobile,Yes,High,100.0
ENG001776,CUST1776,Rivalry Match,192,61,Video Ad,0.23,15.0,87,89,85,Smart TV,Yes,Medium,88.0
ENG001777,CUST1777,League Match,144,38,Influencer Promotion,0.14,7.8,62,64,61,Laptop,No,Medium,62.2
ENG001778,CUST1778,League Match,129,36,Banner Ad,0.11,6.9,61,59,57,Smart TV,No,Low,57.9
ENG001779,CUST1779,Playoffs,223,73,Short Reel,0.30,21.0,93,95,92,Mobile,Yes,High,96.0
ENG001780,CUST1780,League Match,113,28,Banner Ad,0.07,5.2,53,51,49,Laptop,No,Low,49.7
ENG001781,CUST1781,Rivalry Match,198,63,Short Reel,0.31,19.8,92,95,91,Mobile,Yes,High,95.2
ENG001782,CUST1782,League Match,136,41,Video Ad,0.16,9.3,68,65,61,Laptop,No,Medium,66.2
ENG001783,CUST1783,Playoffs,223,75,Influencer Promotion,0.34,22.9,96,95,93,Mobile,Yes,High,98.2
ENG001784,CUST1784,League Match,109,29,Banner Ad,0.07,5.4,55,52,49,Smart TV,No,Low,50.6
ENG001785,CUST1785,Finals,250,80,Short Reel,0.35,25.9,99,99,97,Mobile,Yes,High,100.0
ENG001786,CUST1786,League Match,156,45,Video Ad,0.18,10.9,72,73,70,Laptop,No,Medium,70.8
ENG001787,CUST1787,Rivalry Match,205,67,Short Reel,0.33,21.5,95,97,92,Mobile,Yes,High,96.7
ENG001788,CUST1788,League Match,177,44,Video Ad,0.15,9.1,66,62,64,Smart TV,No,Low,62.8
ENG001789,CUST1789,Playoffs,213,70,Influencer Promotion,0.30,19.8,91,94,89,Mobile,Yes,High,93.8
ENG001790,CUST1790,League Match,100,24,Banner Ad,0.05,4.1,47,49,45,Laptop,No,Low,45.6
ENG001791,CUST1791,Rivalry Match,187,59,Short Reel,0.29,17.7,89,93,87,Mobile,Yes,High,91.7
ENG001792,CUST1792,League Match,144,40,Video Ad,0.13,8.0,64,60,62,Smart TV,No,Medium,60.6
ENG001793,CUST1793,Playoffs,232,77,Influencer Promotion,0.35,24.2,98,96,95,Mobile,Yes,High,99.2
ENG001794,CUST1794,League Match,116,31,Banner Ad,0.08,5.9,58,55,52,Laptop,No,Low,52.3
ENG001795,CUST1795,Finals,243,80,Short Reel,0.35,27.0,99,99,98,Mobile,Yes,High,100.0
ENG001796,CUST1796,Rivalry Match,196,65,Video Ad,0.21,12.7,87,90,86,Laptop,Yes,Medium,87.6
ENG001797,CUST1797,League Match,155,43,Influencer Promotion,0.16,10.0,69,70,66,Mobile,Yes,Medium,69.0
ENG001798,CUST1798,League Match,124,34,Banner Ad,0.09,6.4,59,57,55,Smart TV,No,Low,55.7
ENG001799,CUST1799,Playoffs,226,74,Short Reel,0.31,21.6,95,97,93,Mobile,Yes,High,97.0
ENG001800,CUST1800,League Match,107,25,Banner Ad,0.06,4.8,50,48,46,Laptop,No,Low,47.6
ENG001801,CUST1801,Rivalry Match,199,64,Short Reel,0.31,19.9,93,96,91,Mobile,Yes,High,95.3
ENG001802,CUST1802,League Match,137,41,Video Ad,0.16,9.4,68,66,62,Laptop,No,Medium,66.3
ENG001803,CUST1803,Playoffs,224,75,Influencer Promotion,0.34,23.0,96,96,94,Mobile,Yes,High,98.3
ENG001804,CUST1804,League Match,110,29,Banner Ad,0.07,5.5,55,53,50,Smart TV,No,Low,50.7
ENG001805,CUST1805,Finals,251,80,Short Reel,0.35,26.0,99,99,98,Mobile,Yes,High,100.0
ENG001806,CUST1806,League Match,157,45,Video Ad,0.18,11.0,72,74,71,Laptop,No,Medium,70.9
ENG001807,CUST1807,Rivalry Match,206,67,Short Reel,0.33,21.6,95,98,93,Mobile,Yes,High,96.8
ENG001808,CUST1808,League Match,178,44,Video Ad,0.15,9.2,66,63,65,Smart TV,No,Low,62.9
ENG001809,CUST1809,Playoffs,214,70,Influencer Promotion,0.30,19.9,91,95,90,Mobile,Yes,High,93.9
ENG001810,CUST1810,League Match,101,24,Banner Ad,0.05,4.2,47,50,46,Laptop,No,Low,45.7
ENG001811,CUST1811,Rivalry Match,188,59,Short Reel,0.29,17.8,89,94,88,Mobile,Yes,High,91.8
ENG001812,CUST1812,League Match,145,40,Video Ad,0.13,8.1,64,61,63,Smart TV,No,Medium,60.7
ENG001813,CUST1813,Playoffs,233,77,Influencer Promotion,0.35,24.3,98,97,96,Mobile,Yes,High,99.3
ENG001814,CUST1814,League Match,117,31,Banner Ad,0.08,6.0,58,56,53,Laptop,No,Low,52.4
ENG001815,CUST1815,Finals,244,80,Short Reel,0.35,27.1,99,99,98,Mobile,Yes,High,100.0
ENG001816,CUST1816,Rivalry Match,197,65,Video Ad,0.21,12.8,87,91,87,Laptop,Yes,Medium,87.7
ENG001817,CUST1817,League Match,156,43,Influencer Promotion,0.16,10.1,69,71,67,Mobile,Yes,Medium,69.1
ENG001818,CUST1818,League Match,125,34,Banner Ad,0.09,6.5,59,58,56,Smart TV,No,Low,55.8
ENG001819,CUST1819,Playoffs,227,74,Short Reel,0.31,21.7,95,98,94,Mobile,Yes,High,97.1
ENG001820,CUST1820,League Match,108,25,Banner Ad,0.06,4.9,50,49,47,Laptop,No,Low,47.7
ENG001821,CUST1821,Rivalry Match,190,60,Video Ad,0.23,13.8,88,91,87,Smart TV,Yes,Medium,88.7
ENG001822,CUST1822,League Match,161,48,Influencer Promotion,0.19,11.1,73,75,72,Mobile,Yes,Medium,72.9
ENG001823,CUST1823,Finals,252,80,Short Reel,0.35,27.1,99,99,98,Mobile,Yes,High,100.0
ENG001824,CUST1824,League Match,119,30,Banner Ad,0.08,5.4,56,54,54,Laptop,No,Low,51.7
ENG001825,CUST1825,Playoffs,218,71,Video Ad,0.28,18.9,91,94,91,Smart TV,Yes,High,93.5
ENG001826,CUST1826,Rivalry Match,201,66,Short Reel,0.31,20.3,93,97,92,Mobile,Yes,High,95.7
ENG001827,CUST1827,League Match,150,41,Influencer Promotion,0.15,8.7,65,68,65,Laptop,No,Medium,65.3
ENG001828,CUST1828,League Match,113,29,Banner Ad,0.07,5.2,55,54,51,Smart TV,No,Low,50.9
ENG001829,CUST1829,Finals,240,77,Short Reel,0.34,24.6,97,99,97,Mobile,Yes,High,99.2
ENG001830,CUST1830,Rivalry Match,183,57,Video Ad,0.22,14.6,85,89,85,Laptop,Yes,Medium,86.3
ENG001831,CUST1831,League Match,157,44,Influencer Promotion,0.17,10.3,70,69,69,Mobile,Yes,Medium,69.7
ENG001832,CUST1832,League Match,121,32,Banner Ad,0.09,6.6,58,57,55,Smart TV,No,Low,54.8
ENG001833,CUST1833,Playoffs,228,75,Short Reel,0.32,22.6,96,98,96,Mobile,Yes,High,97.9
ENG001834,CUST1834,League Match,105,24,Banner Ad,0.05,4.5,48,48,46,Laptop,No,Low,46.2
ENG001835,CUST1835,Finals,248,79,Short Reel,0.35,26.4,99,99,98,Mobile,Yes,High,100.0
ENG001836,CUST1836,Rivalry Match,192,62,Video Ad,0.25,16.6,89,92,89,Smart TV,Yes,High,91.6
ENG001837,CUST1837,League Match,148,40,Influencer Promotion,0.14,8.3,64,67,64,Laptop,No,Medium,63.7
ENG001838,CUST1838,League Match,128,35,Banner Ad,0.10,6.9,60,59,57,Smart TV,No,Low,57.1
ENG001839,CUST1839,Playoffs,221,72,Short Reel,0.30,20.9,93,96,93,Mobile,Yes,High,95.9
ENG001840,CUST1840,League Match,111,27,Banner Ad,0.06,5.1,51,50,48,Laptop,No,Low,48.5
ENG001841,CUST1841,Rivalry Match,197,64,Video Ad,0.24,15.8,90,92,89,Smart TV,Yes,Medium,89.9
ENG001842,CUST1842,League Match,153,44,Influencer Promotion,0.16,9.6,67,70,67,Mobile,Yes,Medium,68.4
ENG001843,CUST1843,Finals,245,78,Short Reel,0.35,26.0,99,99,98,Mobile,Yes,High,100.0
ENG001844,CUST1844,League Match,117,31,Banner Ad,0.08,5.7,57,55,53,Laptop,No,Low,52.6
ENG001845,CUST1845,Playoffs,215,69,Video Ad,0.26,18.4,89,93,89,Smart TV,Yes,High,92.5
ENG001846,CUST1846,Rivalry Match,204,67,Short Reel,0.32,21.2,94,97,94,Mobile,Yes,High,96.4
ENG001847,CUST1847,League Match,149,40,Influencer Promotion,0.15,8.5,65,67,65,Laptop,No,Medium,64.8
ENG001848,CUST1848,League Match,123,33,Banner Ad,0.09,6.2,58,57,55,Smart TV,No,Low,55.1
ENG001849,CUST1849,Finals,238,76,Short Reel,0.33,24.3,96,98,96,Mobile,Yes,High,98.6
ENG001850,CUST1850,Rivalry Match,184,58,Video Ad,0.21,14.0,85,88,84,Laptop,Yes,Medium,85.2
ENG001851,CUST1851,League Match,160,46,Influencer Promotion,0.18,10.6,71,73,71,Mobile,Yes,Medium,71.8
ENG001852,CUST1852,League Match,126,35,Banner Ad,0.10,6.8,60,58,57,Smart TV,No,Low,57.3
ENG001853,CUST1853,Playoffs,229,75,Short Reel,0.33,22.8,96,98,96,Mobile,Yes,High,98.2
ENG001854,CUST1854,League Match,109,25,Banner Ad,0.06,5.0,49,48,46,Laptop,No,Low,46.7
ENG001855,CUST1855,Finals,251,80,Short Reel,0.35,27.2,99,99,98,Mobile,Yes,High,100.0
ENG001856,CUST1856,Rivalry Match,193,61,Video Ad,0.23,15.1,87,90,86,Smart TV,Yes,Medium,88.1
ENG001857,CUST1857,League Match,145,38,Influencer Promotion,0.14,7.9,62,65,62,Laptop,No,Medium,62.4
ENG001858,CUST1858,League Match,130,36,Banner Ad,0.11,7.0,61,60,58,Smart TV,No,Low,58.0
ENG001859,CUST1859,Playoffs,224,73,Short Reel,0.30,21.1,93,96,93,Mobile,Yes,High,96.1
ENG001860,CUST1860,League Match,114,28,Banner Ad,0.07,5.3,53,52,50,Laptop,No,Low,49.8
ENG001861,CUST1861,Rivalry Match,199,63,Short Reel,0.31,19.9,93,96,91,Mobile,Yes,High,95.3
ENG001862,CUST1862,League Match,137,41,Video Ad,0.16,9.4,68,66,62,Laptop,No,Medium,66.3
ENG001863,CUST1863,Playoffs,224,75,Influencer Promotion,0.34,23.0,96,96,94,Mobile,Yes,High,98.3
ENG001864,CUST1864,League Match,110,29,Banner Ad,0.07,5.5,55,53,50,Smart TV,No,Low,50.7
ENG001865,CUST1865,Finals,251,80,Short Reel,0.35,26.0,99,99,98,Mobile,Yes,High,100.0
ENG001866,CUST1866,League Match,157,45,Video Ad,0.18,11.0,72,74,71,Laptop,No,Medium,70.9
ENG001867,CUST1867,Rivalry Match,206,67,Short Reel,0.33,21.6,95,98,93,Mobile,Yes,High,96.8
ENG001868,CUST1868,League Match,178,44,Video Ad,0.15,9.2,66,63,65,Smart TV,No,Low,62.9
ENG001869,CUST1869,Playoffs,214,70,Influencer Promotion,0.30,19.9,91,95,90,Mobile,Yes,High,93.9
ENG001870,CUST1870,League Match,101,24,Banner Ad,0.05,4.2,47,50,46,Laptop,No,Low,45.7
ENG001871,CUST1871,Rivalry Match,188,59,Short Reel,0.29,17.8,89,94,88,Mobile,Yes,High,91.8
ENG001872,CUST1872,League Match,145,40,Video Ad,0.13,8.1,64,61,63,Smart TV,No,Medium,60.7
ENG001873,CUST1873,Playoffs,233,77,Influencer Promotion,0.35,24.3,98,97,96,Mobile,Yes,High,99.3
ENG001874,CUST1874,League Match,117,31,Banner Ad,0.08,6.0,58,56,53,Laptop,No,Low,52.4
ENG001875,CUST1875,Finals,244,80,Short Reel,0.35,27.1,99,99,98,Mobile,Yes,High,100.0
ENG001876,CUST1876,Rivalry Match,197,65,Video Ad,0.21,12.8,87,91,87,Laptop,Yes,Medium,87.7
ENG001877,CUST1877,League Match,156,43,Influencer Promotion,0.16,10.1,69,71,67,Mobile,Yes,Medium,69.1
ENG001878,CUST1878,League Match,125,34,Banner Ad,0.09,6.5,59,58,56,Smart TV,No,Low,55.8
ENG001879,CUST1879,Playoffs,227,74,Short Reel,0.31,21.7,95,98,94,Mobile,Yes,High,97.1
ENG001880,CUST1880,League Match,108,25,Banner Ad,0.06,4.9,50,49,47,Laptop,No,Low,47.7
ENG001881,CUST1881,Rivalry Match,190,60,Video Ad,0.23,13.8,88,91,87,Smart TV,Yes,Medium,88.7
ENG001882,CUST1882,League Match,161,48,Influencer Promotion,0.19,11.1,73,75,72,Mobile,Yes,Medium,72.9
ENG001883,CUST1883,Finals,252,80,Short Reel,0.35,27.1,99,99,98,Mobile,Yes,High,100.0
ENG001884,CUST1884,League Match,119,30,Banner Ad,0.08,5.4,56,54,54,Laptop,No,Low,51.7
ENG001885,CUST1885,Playoffs,218,71,Video Ad,0.28,18.9,91,94,91,Smart TV,Yes,High,93.5
ENG001886,CUST1886,Rivalry Match,201,66,Short Reel,0.31,20.3,93,97,92,Mobile,Yes,High,95.7
ENG001887,CUST1887,League Match,150,41,Influencer Promotion,0.15,8.7,65,68,65,Laptop,No,Medium,65.3
ENG001888,CUST1888,League Match,113,29,Banner Ad,0.07,5.2,55,54,51,Smart TV,No,Low,50.9
ENG001889,CUST1889,Finals,240,77,Short Reel,0.34,24.6,97,99,97,Mobile,Yes,High,99.2
ENG001890,CUST1890,Rivalry Match,183,57,Video Ad,0.22,14.6,85,89,85,Laptop,Yes,Medium,86.3
ENG001891,CUST1891,League Match,157,44,Influencer Promotion,0.17,10.3,70,69,69,Mobile,Yes,Medium,69.7
ENG001892,CUST1892,League Match,121,32,Banner Ad,0.09,6.6,58,57,55,Smart TV,No,Low,54.8
ENG001893,CUST1893,Playoffs,228,75,Short Reel,0.32,22.6,96,98,96,Mobile,Yes,High,97.9
ENG001894,CUST1894,League Match,105,24,Banner Ad,0.05,4.5,48,48,46,Laptop,No,Low,46.2
ENG001895,CUST1895,Finals,248,79,Short Reel,0.35,26.4,99,99,98,Mobile,Yes,High,100.0
ENG001896,CUST1896,Rivalry Match,192,62,Video Ad,0.25,16.6,89,92,89,Smart TV,Yes,High,91.6
ENG001897,CUST1897,League Match,148,40,Influencer Promotion,0.14,8.3,64,67,64,Laptop,No,Medium,63.7
ENG001898,CUST1898,League Match,128,35,Banner Ad,0.10,6.9,60,59,57,Smart TV,No,Low,57.1
ENG001899,CUST1899,Playoffs,221,72,Short Reel,0.30,20.9,93,96,93,Mobile,Yes,High,95.9
ENG001900,CUST1900,League Match,111,27,Banner Ad,0.06,5.1,51,50,48,Laptop,No,Low,48.5
ENG001901,CUST1901,Rivalry Match,197,64,Video Ad,0.24,15.8,90,92,89,Smart TV,Yes,Medium,89.9
ENG001902,CUST1902,League Match,153,44,Influencer Promotion,0.16,9.6,67,70,67,Mobile,Yes,Medium,68.4
ENG001903,CUST1903,Finals,245,78,Short Reel,0.35,26.0,99,99,98,Mobile,Yes,High,100.0
ENG001904,CUST1904,League Match,117,31,Banner Ad,0.08,5.7,57,55,53,Laptop,No,Low,52.6
ENG001905,CUST1905,Playoffs,215,69,Video Ad,0.26,18.4,89,93,89,Smart TV,Yes,High,92.5
ENG001906,CUST1906,Rivalry Match,204,67,Short Reel,0.32,21.2,94,97,94,Mobile,Yes,High,96.4
ENG001907,CUST1907,League Match,149,40,Influencer Promotion,0.15,8.5,65,67,65,Laptop,No,Medium,64.8
ENG001908,CUST1908,League Match,123,33,Banner Ad,0.09,6.2,58,57,55,Smart TV,No,Low,55.1
ENG001909,CUST1909,Finals,238,76,Short Reel,0.33,24.3,96,98,96,Mobile,Yes,High,98.6
ENG001910,CUST1910,Rivalry Match,184,58,Video Ad,0.21,14.0,85,88,84,Laptop,Yes,Medium,85.2
ENG001911,CUST1911,League Match,160,46,Influencer Promotion,0.18,10.6,71,73,71,Mobile,Yes,Medium,71.8
ENG001912,CUST1912,League Match,126,35,Banner Ad,0.10,6.8,60,58,57,Smart TV,No,Low,57.3
ENG001913,CUST1913,Playoffs,229,75,Short Reel,0.33,22.8,96,98,96,Mobile,Yes,High,98.2
ENG001914,CUST1914,League Match,109,25,Banner Ad,0.06,5.0,49,48,46,Laptop,No,Low,46.7
ENG001915,CUST1915,Finals,251,80,Short Reel,0.35,27.2,99,99,98,Mobile,Yes,High,100.0
ENG001916,CUST1916,Rivalry Match,193,61,Video Ad,0.23,15.1,87,90,86,Smart TV,Yes,Medium,88.1
ENG001917,CUST1917,League Match,145,38,Influencer Promotion,0.14,7.9,62,65,62,Laptop,No,Medium,62.4
ENG001918,CUST1918,League Match,130,36,Banner Ad,0.11,7.0,61,60,58,Smart TV,No,Low,58.0
ENG001919,CUST1919,Playoffs,224,73,Short Reel,0.30,21.1,93,96,93,Mobile,Yes,High,96.1
ENG001920,CUST1920,League Match,114,28,Banner Ad,0.07,5.3,53,52,50,Laptop,No,Low,49.8
ENG001921,CUST1921,Rivalry Match,199,63,Short Reel,0.31,19.9,93,96,91,Mobile,Yes,High,95.3
ENG001922,CUST1922,League Match,137,41,Video Ad,0.16,9.4,68,66,62,Laptop,No,Medium,66.3
ENG001923,CUST1923,Playoffs,224,75,Influencer Promotion,0.34,23.0,96,96,94,Mobile,Yes,High,98.3
ENG001924,CUST1924,League Match,110,29,Banner Ad,0.07,5.5,55,53,50,Smart TV,No,Low,50.7
ENG001925,CUST1925,Finals,251,80,Short Reel,0.35,26.0,99,99,98,Mobile,Yes,High,100.0
ENG001926,CUST1926,League Match,157,45,Video Ad,0.18,11.0,72,74,71,Laptop,No,Medium,70.9
ENG001927,CUST1927,Rivalry Match,206,67,Short Reel,0.33,21.6,95,98,93,Mobile,Yes,High,96.8
ENG001928,CUST1928,League Match,178,44,Video Ad,0.15,9.2,66,63,65,Smart TV,No,Low,62.9
ENG001929,CUST1929,Playoffs,214,70,Influencer Promotion,0.30,19.9,91,95,90,Mobile,Yes,High,93.9
ENG001930,CUST1930,League Match,101,24,Banner Ad,0.05,4.2,47,50,46,Laptop,No,Low,45.7
ENG001931,CUST1931,Rivalry Match,188,59,Short Reel,0.29,17.8,89,94,88,Mobile,Yes,High,91.8
ENG001932,CUST1932,League Match,145,40,Video Ad,0.13,8.1,64,61,63,Smart TV,No,Medium,60.7
ENG001933,CUST1933,Playoffs,233,77,Influencer Promotion,0.35,24.3,98,97,96,Mobile,Yes,High,99.3
ENG001934,CUST1934,League Match,117,31,Banner Ad,0.08,6.0,58,56,53,Laptop,No,Low,52.4
ENG001935,CUST1935,Finals,244,80,Short Reel,0.35,27.1,99,99,98,Mobile,Yes,High,100.0
ENG001936,CUST1936,Rivalry Match,197,65,Video Ad,0.21,12.8,87,91,87,Laptop,Yes,Medium,87.7
ENG001937,CUST1937,League Match,156,43,Influencer Promotion,0.16,10.1,69,71,67,Mobile,Yes,Medium,69.1
ENG001938,CUST1938,League Match,125,34,Banner Ad,0.09,6.5,59,58,56,Smart TV,No,Low,55.8
ENG001939,CUST1939,Playoffs,227,74,Short Reel,0.31,21.7,95,98,94,Mobile,Yes,High,97.1
ENG001940,CUST1940,League Match,108,25,Banner Ad,0.06,4.9,50,49,47,Laptop,No,Low,47.7
ENG001941,CUST1941,Rivalry Match,190,60,Video Ad,0.23,13.8,88,91,87,Smart TV,Yes,Medium,88.7
ENG001942,CUST1942,League Match,161,48,Influencer Promotion,0.19,11.1,73,75,72,Mobile,Yes,Medium,72.9
ENG001943,CUST1943,Finals,252,80,Short Reel,0.35,27.1,99,99,98,Mobile,Yes,High,100.0
ENG001944,CUST1944,League Match,119,30,Banner Ad,0.08,5.4,56,54,54,Laptop,No,Low,51.7
ENG001945,CUST1945,Playoffs,218,71,Video Ad,0.28,18.9,91,94,91,Smart TV,Yes,High,93.5
ENG001946,CUST1946,Rivalry Match,201,66,Short Reel,0.31,20.3,93,97,92,Mobile,Yes,High,95.7
ENG001947,CUST1947,League Match,150,41,Influencer Promotion,0.15,8.7,65,68,65,Laptop,No,Medium,65.3
ENG001948,CUST1948,League Match,113,29,Banner Ad,0.07,5.2,55,54,51,Smart TV,No,Low,50.9
ENG001949,CUST1949,Finals,240,77,Short Reel,0.34,24.6,97,99,97,Mobile,Yes,High,99.2
ENG001950,CUST1950,Rivalry Match,183,57,Video Ad,0.22,14.6,85,89,85,Laptop,Yes,Medium,86.3
ENG001951,CUST1951,League Match,157,44,Influencer Promotion,0.17,10.3,70,69,69,Mobile,Yes,Medium,69.7
ENG001952,CUST1952,League Match,121,32,Banner Ad,0.09,6.6,58,57,55,Smart TV,No,Low,54.8
ENG001953,CUST1953,Playoffs,228,75,Short Reel,0.32,22.6,96,98,96,Mobile,Yes,High,97.9
ENG001954,CUST1954,League Match,105,24,Banner Ad,0.05,4.5,48,48,46,Laptop,No,Low,46.2
ENG001955,CUST1955,Finals,248,79,Short Reel,0.35,26.4,99,99,98,Mobile,Yes,High,100.0
ENG001956,CUST1956,Rivalry Match,192,62,Video Ad,0.25,16.6,89,92,89,Smart TV,Yes,High,91.6
ENG001957,CUST1957,League Match,148,40,Influencer Promotion,0.14,8.3,64,67,64,Laptop,No,Medium,63.7
ENG001958,CUST1958,League Match,128,35,Banner Ad,0.10,6.9,60,59,57,Smart TV,No,Low,57.1
ENG001959,CUST1959,Playoffs,221,72,Short Reel,0.30,20.9,93,96,93,Mobile,Yes,High,95.9
ENG001960,CUST1960,League Match,111,27,Banner Ad,0.06,5.1,51,50,48,Laptop,No,Low,48.5
ENG001961,CUST1961,Rivalry Match,197,64,Video Ad,0.24,15.8,90,92,89,Smart TV,Yes,Medium,89.9
ENG001962,CUST1962,League Match,153,44,Influencer Promotion,0.16,9.6,67,70,67,Mobile,Yes,Medium,68.4
ENG001963,CUST1963,Finals,245,78,Short Reel,0.35,26.0,99,99,98,Mobile,Yes,High,100.0
ENG001964,CUST1964,League Match,117,31,Banner Ad,0.08,5.7,57,55,53,Laptop,No,Low,52.6
ENG001965,CUST1965,Playoffs,215,69,Video Ad,0.26,18.4,89,93,89,Smart TV,Yes,High,92.5
ENG001966,CUST1966,Rivalry Match,204,67,Short Reel,0.32,21.2,94,97,94,Mobile,Yes,High,96.4
ENG001967,CUST1967,League Match,149,40,Influencer Promotion,0.15,8.5,65,67,65,Laptop,No,Medium,64.8
ENG001968,CUST1968,League Match,123,33,Banner Ad,0.09,6.2,58,57,55,Smart TV,No,Low,55.1
ENG001969,CUST1969,Finals,238,76,Short Reel,0.33,24.3,96,98,96,Mobile,Yes,High,98.6
ENG001970,CUST1970,Rivalry Match,184,58,Video Ad,0.21,14.0,85,88,84,Laptop,Yes,Medium,85.2
ENG001971,CUST1971,League Match,160,46,Influencer Promotion,0.18,10.6,71,73,71,Mobile,Yes,Medium,71.8
ENG001972,CUST1972,League Match,126,35,Banner Ad,0.10,6.8,60,58,57,Smart TV,No,Low,57.3
ENG001973,CUST1973,Playoffs,229,75,Short Reel,0.33,22.8,96,98,96,Mobile,Yes,High,98.2
ENG001974,CUST1974,League Match,109,25,Banner Ad,0.06,5.0,49,48,46,Laptop,No,Low,46.7
ENG001975,CUST1975,Finals,251,80,Short Reel,0.35,27.2,99,99,98,Mobile,Yes,High,100.0
ENG001976,CUST1976,Rivalry Match,193,61,Video Ad,0.23,15.1,87,90,86,Smart TV,Yes,Medium,88.1
ENG001977,CUST1977,League Match,145,38,Influencer Promotion,0.14,7.9,62,65,62,Laptop,No,Medium,62.4
ENG001978,CUST1978,League Match,130,36,Banner Ad,0.11,7.0,61,60,58,Smart TV,No,Low,58.0
ENG001979,CUST1979,Playoffs,224,73,Short Reel,0.30,21.1,93,96,93,Mobile,Yes,High,96.1
ENG001980,CUST1980,League Match,114,28,Banner Ad,0.07,5.3,53,52,50,Laptop,No,Low,49.8
ENG001981,CUST1981,Rivalry Match,199,63,Short Reel,0.31,19.9,93,96,91,Mobile,Yes,High,95.3
ENG001982,CUST1982,League Match,137,41,Video Ad,0.16,9.4,68,66,62,Laptop,No,Medium,66.3
ENG001983,CUST1983,Playoffs,224,75,Influencer Promotion,0.34,23.0,96,96,94,Mobile,Yes,High,98.3
ENG001984,CUST1984,League Match,110,29,Banner Ad,0.07,5.5,55,53,50,Smart TV,No,Low,50.7
ENG001985,CUST1985,Finals,251,80,Short Reel,0.35,26.0,99,99,98,Mobile,Yes,High,100.0
ENG001986,CUST1986,League Match,157,45,Video Ad,0.18,11.0,72,74,71,Laptop,No,Medium,70.9
ENG001987,CUST1987,Rivalry Match,206,67,Short Reel,0.33,21.6,95,98,93,Mobile,Yes,High,96.8
ENG001988,CUST1988,League Match,178,44,Video Ad,0.15,9.2,66,63,65,Smart TV,No,Low,62.9
ENG001989,CUST1989,Playoffs,214,70,Influencer Promotion,0.30,19.9,91,95,90,Mobile,Yes,High,93.9
ENG001990,CUST1990,League Match,101,24,Banner Ad,0.05,4.2,47,50,46,Laptop,No,Low,45.7
ENG001991,CUST1991,Rivalry Match,188,59,Short Reel,0.29,17.8,89,94,88,Mobile,Yes,High,91.8
ENG001992,CUST1992,League Match,145,40,Video Ad,0.13,8.1,64,61,63,Smart TV,No,Medium,60.7
ENG001993,CUST1993,Playoffs,233,77,Influencer Promotion,0.35,24.3,98,97,96,Mobile,Yes,High,99.3
ENG001994,CUST1994,League Match,117,31,Banner Ad,0.08,6.0,58,56,53,Laptop,No,Low,52.4
ENG001995,CUST1995,Finals,244,80,Short Reel,0.35,27.1,99,99,98,Mobile,Yes,High,100.0
ENG001996,CUST1996,Rivalry Match,197,65,Video Ad,0.21,12.8,87,91,87,Laptop,Yes,Medium,87.7
ENG001997,CUST1997,League Match,156,43,Influencer Promotion,0.16,10.1,69,71,67,Mobile,Yes,Medium,69.1
ENG001998,CUST1998,League Match,125,34,Banner Ad,0.09,6.5,59,58,56,Smart TV,No,Low,55.8
ENG001999,CUST1999,Playoffs,227,74,Short Reel,0.31,21.7,95,98,94,Mobile,Yes,High,97.1
ENG002000,CUST2000,League Match,108,25,Banner Ad,0.06,4.9,50,49,47,Laptop,No,Low,47.7
ENG002001,CUST2001,Rivalry Match,200,64,Short Reel,0.32,20.1,94,96,92,Mobile,Yes,High,95.5
ENG002002,CUST2002,League Match,138,42,Video Ad,0.17,9.5,69,67,63,Laptop,No,Medium,66.5
ENG002003,CUST2003,Playoffs,225,76,Influencer Promotion,0.34,23.2,97,96,95,Mobile,Yes,High,98.5
ENG002004,CUST2004,League Match,111,29,Banner Ad,0.07,5.6,56,54,51,Smart TV,No,Low,50.9
ENG002005,CUST2005,Finals,252,80,Short Reel,0.35,26.2,99,99,98,Mobile,Yes,High,100.0
ENG002006,CUST2006,League Match,158,46,Video Ad,0.18,11.2,73,75,72,Laptop,No,Medium,71.1
ENG002007,CUST2007,Rivalry Match,207,68,Short Reel,0.33,21.8,96,98,94,Mobile,Yes,High,97.0
ENG002008,CUST2008,League Match,179,45,Video Ad,0.15,9.3,67,64,66,Smart TV,No,Low,63.1
ENG002009,CUST2009,Playoffs,215,71,Influencer Promotion,0.30,20.1,92,95,91,Mobile,Yes,High,94.1
ENG002010,CUST2010,League Match,102,24,Banner Ad,0.05,4.3,48,50,47,Laptop,No,Low,45.9
ENG002011,CUST2011,Rivalry Match,189,60,Short Reel,0.29,18.0,90,94,89,Mobile,Yes,High,92.0
ENG002012,CUST2012,League Match,146,41,Video Ad,0.13,8.2,65,62,64,Smart TV,No,Medium,60.9
ENG002013,CUST2013,Playoffs,234,78,Influencer Promotion,0.35,24.5,98,97,96,Mobile,Yes,High,99.5
ENG002014,CUST2014,League Match,118,31,Banner Ad,0.08,6.1,59,57,54,Laptop,No,Low,52.6
ENG002015,CUST2015,Finals,245,80,Short Reel,0.35,27.3,99,99,98,Mobile,Yes,High,100.0
ENG002016,CUST2016,Rivalry Match,198,66,Video Ad,0.22,12.9,88,91,88,Laptop,Yes,Medium,87.9
ENG002017,CUST2017,League Match,157,44,Influencer Promotion,0.16,10.2,70,72,68,Mobile,Yes,Medium,69.3
ENG002018,CUST2018,League Match,126,35,Banner Ad,0.09,6.6,60,59,57,Smart TV,No,Low,56.0
ENG002019,CUST2019,Playoffs,228,75,Short Reel,0.31,21.9,96,98,95,Mobile,Yes,High,97.3
ENG002020,CUST2020,League Match,109,25,Banner Ad,0.06,5.0,51,49,48,Laptop,No,Low,47.9
ENG002021,CUST2021,Rivalry Match,191,61,Video Ad,0.23,14.0,89,92,88,Smart TV,Yes,Medium,88.9
ENG002022,CUST2022,League Match,162,49,Influencer Promotion,0.19,11.3,74,76,73,Mobile,Yes,Medium,73.1
ENG002023,CUST2023,Finals,253,80,Short Reel,0.35,27.3,99,99,98,Mobile,Yes,High,100.0
ENG002024,CUST2024,League Match,120,30,Banner Ad,0.08,5.5,57,55,55,Laptop,No,Low,51.9
ENG002025,CUST2025,Playoffs,219,72,Video Ad,0.28,19.1,92,94,92,Smart TV,Yes,High,93.7
ENG002026,CUST2026,Rivalry Match,202,67,Short Reel,0.32,20.5,94,97,93,Mobile,Yes,High,95.9
ENG002027,CUST2027,League Match,151,42,Influencer Promotion,0.15,8.8,66,69,66,Laptop,No,Medium,65.5
ENG002028,CUST2028,League Match,114,29,Banner Ad,0.07,5.3,56,55,52,Smart TV,No,Low,51.1
ENG002029,CUST2029,Finals,241,78,Short Reel,0.34,24.8,98,99,97,Mobile,Yes,High,99.4
ENG002030,CUST2030,Rivalry Match,184,58,Video Ad,0.22,14.8,86,89,86,Laptop,Yes,Medium,86.5
ENG002031,CUST2031,League Match,158,45,Influencer Promotion,0.17,10.5,71,70,70,Mobile,Yes,Medium,69.9
ENG002032,CUST2032,League Match,122,33,Banner Ad,0.09,6.7,59,58,56,Smart TV,No,Low,55.0
ENG002033,CUST2033,Playoffs,229,76,Short Reel,0.32,22.8,97,98,96,Mobile,Yes,High,98.1
ENG002034,CUST2034,League Match,106,24,Banner Ad,0.05,4.6,49,49,47,Laptop,No,Low,46.4
ENG002035,CUST2035,Finals,249,79,Short Reel,0.35,26.6,99,99,98,Mobile,Yes,High,100.0
ENG002036,CUST2036,Rivalry Match,193,63,Video Ad,0.25,16.8,90,92,90,Smart TV,Yes,High,91.8
ENG002037,CUST2037,League Match,149,41,Influencer Promotion,0.14,8.4,65,68,65,Laptop,No,Medium,63.9
ENG002038,CUST2038,League Match,129,36,Banner Ad,0.10,7.0,61,60,58,Smart TV,No,Low,57.3
ENG002039,CUST2039,Playoffs,222,73,Short Reel,0.30,21.1,94,96,94,Mobile,Yes,High,96.1
ENG002040,CUST2040,League Match,112,28,Banner Ad,0.06,5.2,52,51,49,Laptop,No,Low,48.7
ENG002041,CUST2041,Rivalry Match,198,65,Video Ad,0.24,16.0,91,92,90,Smart TV,Yes,Medium,90.1
ENG002042,CUST2042,League Match,154,45,Influencer Promotion,0.16,9.7,68,71,68,Mobile,Yes,Medium,68.6
ENG002043,CUST2043,Finals,246,79,Short Reel,0.35,26.2,99,99,98,Mobile,Yes,High,100.0
ENG002044,CUST2044,League Match,118,32,Banner Ad,0.08,5.8,58,56,54,Laptop,No,Low,52.8
ENG002045,CUST2045,Playoffs,216,70,Video Ad,0.26,18.6,90,93,90,Smart TV,Yes,High,92.7
ENG002046,CUST2046,Rivalry Match,205,68,Short Reel,0.32,21.4,95,97,95,Mobile,Yes,High,96.6
ENG002047,CUST2047,League Match,150,41,Influencer Promotion,0.15,8.6,66,68,66,Laptop,No,Medium,65.0
ENG002048,CUST2048,League Match,124,34,Banner Ad,0.09,6.3,59,58,56,Smart TV,No,Low,55.3
ENG002049,CUST2049,Finals,239,77,Short Reel,0.33,24.5,97,98,97,Mobile,Yes,High,98.8
ENG002050,CUST2050,Rivalry Match,185,59,Video Ad,0.21,14.2,86,88,85,Laptop,Yes,Medium,85.4
ENG002051,CUST2051,League Match,161,47,Influencer Promotion,0.18,10.8,72,74,72,Mobile,Yes,Medium,72.0
ENG002052,CUST2052,League Match,127,36,Banner Ad,0.10,6.9,61,59,58,Smart TV,No,Low,57.5
ENG002053,CUST2053,Playoffs,230,76,Short Reel,0.33,23.0,97,98,96,Mobile,Yes,High,98.4
ENG002054,CUST2054,League Match,110,26,Banner Ad,0.06,5.1,50,49,47,Laptop,No,Low,46.9
ENG002055,CUST2055,Finals,252,80,Short Reel,0.35,27.4,99,99,98,Mobile,Yes,High,100.0
ENG002056,CUST2056,Rivalry Match,194,62,Video Ad,0.23,15.3,88,90,87,Smart TV,Yes,Medium,88.3
ENG002057,CUST2057,League Match,146,39,Influencer Promotion,0.14,8.0,63,66,63,Laptop,No,Medium,62.6
ENG002058,CUST2058,League Match,131,37,Banner Ad,0.11,7.2,62,61,59,Smart TV,No,Low,58.2
ENG002059,CUST2059,Playoffs,225,74,Short Reel,0.30,21.3,94,96,94,Mobile,Yes,High,96.3
ENG002060,CUST2060,League Match,115,29,Banner Ad,0.07,5.4,54,53,51,Laptop,No,Low,50.0
ENG002061,CUST2061,Rivalry Match,200,64,Short Reel,0.32,20.1,94,96,92,Mobile,Yes,High,95.5
ENG002062,CUST2062,League Match,138,42,Video Ad,0.17,9.5,69,67,63,Laptop,No,Medium,66.5
ENG002063,CUST2063,Playoffs,225,76,Influencer Promotion,0.34,23.2,97,96,95,Mobile,Yes,High,98.5
ENG002064,CUST2064,League Match,111,29,Banner Ad,0.07,5.6,56,54,51,Smart TV,No,Low,50.9
ENG002065,CUST2065,Finals,252,80,Short Reel,0.35,26.2,99,99,98,Mobile,Yes,High,100.0
ENG002066,CUST2066,League Match,158,46,Video Ad,0.18,11.2,73,75,72,Laptop,No,Medium,71.1
ENG002067,CUST2067,Rivalry Match,207,68,Short Reel,0.33,21.8,96,98,94,Mobile,Yes,High,97.0
ENG002068,CUST2068,League Match,179,45,Video Ad,0.15,9.3,67,64,66,Smart TV,No,Low,63.1
ENG002069,CUST2069,Playoffs,215,71,Influencer Promotion,0.30,20.1,92,95,91,Mobile,Yes,High,94.1
ENG002070,CUST2070,League Match,102,24,Banner Ad,0.05,4.3,48,50,47,Laptop,No,Low,45.9
ENG002071,CUST2071,Rivalry Match,189,60,Short Reel,0.29,18.0,90,94,89,Mobile,Yes,High,92.0
ENG002072,CUST2072,League Match,146,41,Video Ad,0.13,8.2,65,62,64,Smart TV,No,Medium,60.9
ENG002073,CUST2073,Playoffs,234,78,Influencer Promotion,0.35,24.5,98,97,96,Mobile,Yes,High,99.5
ENG002074,CUST2074,League Match,118,31,Banner Ad,0.08,6.1,59,57,54,Laptop,No,Low,52.6
ENG002075,CUST2075,Finals,245,80,Short Reel,0.35,27.3,99,99,98,Mobile,Yes,High,100.0
ENG002076,CUST2076,Rivalry Match,198,66,Video Ad,0.22,12.9,88,91,88,Laptop,Yes,Medium,87.9
ENG002077,CUST2077,League Match,157,44,Influencer Promotion,0.16,10.2,70,72,68,Mobile,Yes,Medium,69.3
ENG002078,CUST2078,League Match,126,35,Banner Ad,0.09,6.6,60,59,57,Smart TV,No,Low,56.0
ENG002079,CUST2079,Playoffs,228,75,Short Reel,0.31,21.9,96,98,95,Mobile,Yes,High,97.3
ENG002080,CUST2080,League Match,109,25,Banner Ad,0.06,5.0,51,49,48,Laptop,No,Low,47.9
ENG002081,CUST2081,Rivalry Match,191,61,Video Ad,0.23,14.0,89,92,88,Smart TV,Yes,Medium,88.9
ENG002082,CUST2082,League Match,162,49,Influencer Promotion,0.19,11.3,74,76,73,Mobile,Yes,Medium,73.1
ENG002083,CUST2083,Finals,253,80,Short Reel,0.35,27.3,99,99,98,Mobile,Yes,High,100.0
ENG002084,CUST2084,League Match,120,30,Banner Ad,0.08,5.5,57,55,55,Laptop,No,Low,51.9
ENG002085,CUST2085,Playoffs,219,72,Video Ad,0.28,19.1,92,94,92,Smart TV,Yes,High,93.7
ENG002086,CUST2086,Rivalry Match,202,67,Short Reel,0.32,20.5,94,97,93,Mobile,Yes,High,95.9
ENG002087,CUST2087,League Match,151,42,Influencer Promotion,0.15,8.8,66,69,66,Laptop,No,Medium,65.5
ENG002088,CUST2088,League Match,114,29,Banner Ad,0.07,5.3,56,55,52,Smart TV,No,Low,51.1
ENG002089,CUST2089,Finals,241,78,Short Reel,0.34,24.8,98,99,97,Mobile,Yes,High,99.4
ENG002090,CUST2090,Rivalry Match,184,58,Video Ad,0.22,14.8,86,89,86,Laptop,Yes,Medium,86.5
ENG002091,CUST2091,League Match,158,45,Influencer Promotion,0.17,10.5,71,70,70,Mobile,Yes,Medium,69.9
ENG002092,CUST2092,League Match,122,33,Banner Ad,0.09,6.7,59,58,56,Smart TV,No,Low,55.0
ENG002093,CUST2093,Playoffs,229,76,Short Reel,0.32,22.8,97,98,96,Mobile,Yes,High,98.1
ENG002094,CUST2094,League Match,106,24,Banner Ad,0.05,4.6,49,49,47,Laptop,No,Low,46.4
ENG002095,CUST2095,Finals,249,79,Short Reel,0.35,26.6,99,99,98,Mobile,Yes,High,100.0
ENG002096,CUST2096,Rivalry Match,193,63,Video Ad,0.25,16.8,90,92,90,Smart TV,Yes,High,91.8
ENG002097,CUST2097,League Match,149,41,Influencer Promotion,0.14,8.4,65,68,65,Laptop,No,Medium,63.9
ENG002098,CUST2098,League Match,129,36,Banner Ad,0.10,7.0,61,60,58,Smart TV,No,Low,57.3
ENG002099,CUST2099,Playoffs,222,73,Short Reel,0.30,21.1,94,96,94,Mobile,Yes,High,96.1
ENG002100,CUST2100,League Match,112,28,Banner Ad,0.06,5.2,52,51,49,Laptop,No,Low,48.7
ENG002101,CUST2101,Rivalry Match,198,65,Video Ad,0.24,16.0,91,92,90,Smart TV,Yes,Medium,90.1
ENG002102,CUST2102,League Match,154,45,Influencer Promotion,0.16,9.7,68,71,68,Mobile,Yes,Medium,68.6
ENG002103,CUST2103,Finals,246,79,Short Reel,0.35,26.2,99,99,98,Mobile,Yes,High,100.0
ENG002104,CUST2104,League Match,118,32,Banner Ad,0.08,5.8,58,56,54,Laptop,No,Low,52.8
ENG002105,CUST2105,Playoffs,216,70,Video Ad,0.26,18.6,90,93,90,Smart TV,Yes,High,92.7
ENG002106,CUST2106,Rivalry Match,205,68,Short Reel,0.32,21.4,95,97,95,Mobile,Yes,High,96.6
ENG002107,CUST2107,League Match,150,41,Influencer Promotion,0.15,8.6,66,68,66,Laptop,No,Medium,65.0
ENG002108,CUST2108,League Match,124,34,Banner Ad,0.09,6.3,59,58,56,Smart TV,No,Low,55.3
ENG002109,CUST2109,Finals,239,77,Short Reel,0.33,24.5,97,98,97,Mobile,Yes,High,98.8
ENG002110,CUST2110,Rivalry Match,185,59,Video Ad,0.21,14.2,86,88,85,Laptop,Yes,Medium,85.4
ENG002111,CUST2111,League Match,161,47,Influencer Promotion,0.18,10.8,72,74,72,Mobile,Yes,Medium,72.0
ENG002112,CUST2112,League Match,127,36,Banner Ad,0.10,6.9,61,59,58,Smart TV,No,Low,57.5
ENG002113,CUST2113,Playoffs,230,76,Short Reel,0.33,23.0,97,98,96,Mobile,Yes,High,98.4
ENG002114,CUST2114,League Match,110,26,Banner Ad,0.06,5.1,50,49,47,Laptop,No,Low,46.9
ENG002115,CUST2115,Finals,252,80,Short Reel,0.35,27.4,99,99,98,Mobile,Yes,High,100.0
ENG002116,CUST2116,Rivalry Match,194,62,Video Ad,0.23,15.3,88,90,87,Smart TV,Yes,Medium,88.3
ENG002117,CUST2117,League Match,146,39,Influencer Promotion,0.14,8.0,63,66,63,Laptop,No,Medium,62.6
ENG002118,CUST2118,League Match,131,37,Banner Ad,0.11,7.2,62,61,59,Smart TV,No,Low,58.2
ENG002119,CUST2119,Playoffs,225,74,Short Reel,0.30,21.3,94,96,94,Mobile,Yes,High,96.3
ENG002120,CUST2120,League Match,115,29,Banner Ad,0.07,5.4,54,53,51,Laptop,No,Low,50.0
ENG002121,CUST2121,Rivalry Match,200,64,Short Reel,0.32,20.1,94,96,92,Mobile,Yes,High,95.5
ENG002122,CUST2122,League Match,138,42,Video Ad,0.17,9.5,69,67,63,Laptop,No,Medium,66.5
ENG002123,CUST2123,Playoffs,225,76,Influencer Promotion,0.34,23.2,97,96,95,Mobile,Yes,High,98.5
ENG002124,CUST2124,League Match,111,29,Banner Ad,0.07,5.6,56,54,51,Smart TV,No,Low,50.9
ENG002125,CUST2125,Finals,252,80,Short Reel,0.35,26.2,99,99,98,Mobile,Yes,High,100.0
ENG002126,CUST2126,League Match,158,46,Video Ad,0.18,11.2,73,75,72,Laptop,No,Medium,71.1
ENG002127,CUST2127,Rivalry Match,207,68,Short Reel,0.33,21.8,96,98,94,Mobile,Yes,High,97.0
ENG002128,CUST2128,League Match,179,45,Video Ad,0.15,9.3,67,64,66,Smart TV,No,Low,63.1
ENG002129,CUST2129,Playoffs,215,71,Influencer Promotion,0.30,20.1,92,95,91,Mobile,Yes,High,94.1
ENG002130,CUST2130,League Match,102,24,Banner Ad,0.05,4.3,48,50,47,Laptop,No,Low,45.9
ENG002131,CUST2131,Rivalry Match,189,60,Short Reel,0.29,18.0,90,94,89,Mobile,Yes,High,92.0
ENG002132,CUST2132,League Match,146,41,Video Ad,0.13,8.2,65,62,64,Smart TV,No,Medium,60.9
ENG002133,CUST2133,Playoffs,234,78,Influencer Promotion,0.35,24.5,98,97,96,Mobile,Yes,High,99.5
ENG002134,CUST2134,League Match,118,31,Banner Ad,0.08,6.1,59,57,54,Laptop,No,Low,52.6
ENG002135,CUST2135,Finals,245,80,Short Reel,0.35,27.3,99,99,98,Mobile,Yes,High,100.0
ENG002136,CUST2136,Rivalry Match,198,66,Video Ad,0.22,12.9,88,91,88,Laptop,Yes,Medium,87.9
ENG002137,CUST2137,League Match,157,44,Influencer Promotion,0.16,10.2,70,72,68,Mobile,Yes,Medium,69.3
ENG002138,CUST2138,League Match,126,35,Banner Ad,0.09,6.6,60,59,57,Smart TV,No,Low,56.0
ENG002139,CUST2139,Playoffs,228,75,Short Reel,0.31,21.9,96,98,95,Mobile,Yes,High,97.3
ENG002140,CUST2140,League Match,109,25,Banner Ad,0.06,5.0,51,49,48,Laptop,No,Low,47.9
ENG002141,CUST2141,Rivalry Match,191,61,Video Ad,0.23,14.0,89,92,88,Smart TV,Yes,Medium,88.9
ENG002142,CUST2142,League Match,162,49,Influencer Promotion,0.19,11.3,74,76,73,Mobile,Yes,Medium,73.1
ENG002143,CUST2143,Finals,253,80,Short Reel,0.35,27.3,99,99,98,Mobile,Yes,High,100.0
ENG002144,CUST2144,League Match,120,30,Banner Ad,0.08,5.5,57,55,55,Laptop,No,Low,51.9
ENG002145,CUST2145,Playoffs,219,72,Video Ad,0.28,19.1,92,94,92,Smart TV,Yes,High,93.7
ENG002146,CUST2146,Rivalry Match,202,67,Short Reel,0.32,20.5,94,97,93,Mobile,Yes,High,95.9
ENG002147,CUST2147,League Match,151,42,Influencer Promotion,0.15,8.8,66,69,66,Laptop,No,Medium,65.5
ENG002148,CUST2148,League Match,114,29,Banner Ad,0.07,5.3,56,55,52,Smart TV,No,Low,51.1
ENG002149,CUST2149,Finals,241,78,Short Reel,0.34,24.8,98,99,97,Mobile,Yes,High,99.4
ENG002150,CUST2150,Rivalry Match,184,58,Video Ad,0.22,14.8,86,89,86,Laptop,Yes,Medium,86.5
ENG002151,CUST2151,League Match,158,45,Influencer Promotion,0.17,10.5,71,70,70,Mobile,Yes,Medium,69.9
ENG002152,CUST2152,League Match,122,33,Banner Ad,0.09,6.7,59,58,56,Smart TV,No,Low,55.0
ENG002153,CUST2153,Playoffs,229,76,Short Reel,0.32,22.8,97,98,96,Mobile,Yes,High,98.1
ENG002154,CUST2154,League Match,106,24,Banner Ad,0.05,4.6,49,49,47,Laptop,No,Low,46.4
ENG002155,CUST2155,Finals,249,79,Short Reel,0.35,26.6,99,99,98,Mobile,Yes,High,100.0
ENG002156,CUST2156,Rivalry Match,193,63,Video Ad,0.25,16.8,90,92,90,Smart TV,Yes,High,91.8
ENG002157,CUST2157,League Match,149,41,Influencer Promotion,0.14,8.4,65,68,65,Laptop,No,Medium,63.9
ENG002158,CUST2158,League Match,129,36,Banner Ad,0.10,7.0,61,60,58,Smart TV,No,Low,57.3
ENG002159,CUST2159,Playoffs,222,73,Short Reel,0.30,21.1,94,96,94,Mobile,Yes,High,96.1
ENG002160,CUST2160,League Match,112,28,Banner Ad,0.06,5.2,52,51,49,Laptop,No,Low,48.7
ENG002161,CUST2161,Rivalry Match,198,65,Video Ad,0.24,16.0,91,92,90,Smart TV,Yes,Medium,90.1
ENG002162,CUST2162,League Match,154,45,Influencer Promotion,0.16,9.7,68,71,68,Mobile,Yes,Medium,68.6
ENG002163,CUST2163,Finals,246,79,Short Reel,0.35,26.2,99,99,98,Mobile,Yes,High,100.0
ENG002164,CUST2164,League Match,118,32,Banner Ad,0.08,5.8,58,56,54,Laptop,No,Low,52.8
ENG002165,CUST2165,Playoffs,216,70,Video Ad,0.26,18.6,90,93,90,Smart TV,Yes,High,92.7
ENG002166,CUST2166,Rivalry Match,205,68,Short Reel,0.32,21.4,95,97,95,Mobile,Yes,High,96.6
ENG002167,CUST2167,League Match,150,41,Influencer Promotion,0.15,8.6,66,68,66,Laptop,No,Medium,65.0
ENG002168,CUST2168,League Match,124,34,Banner Ad,0.09,6.3,59,58,56,Smart TV,No,Low,55.3
ENG002169,CUST2169,Finals,239,77,Short Reel,0.33,24.5,97,98,97,Mobile,Yes,High,98.8
ENG002170,CUST2170,Rivalry Match,185,59,Video Ad,0.21,14.2,86,88,85,Laptop,Yes,Medium,85.4
ENG002171,CUST2171,League Match,161,47,Influencer Promotion,0.18,10.8,72,74,72,Mobile,Yes,Medium,72.0
ENG002172,CUST2172,League Match,127,36,Banner Ad,0.10,6.9,61,59,58,Smart TV,No,Low,57.5
ENG002173,CUST2173,Playoffs,230,76,Short Reel,0.33,23.0,97,98,96,Mobile,Yes,High,98.4
ENG002174,CUST2174,League Match,110,26,Banner Ad,0.06,5.1,50,49,47,Laptop,No,Low,46.9
ENG002175,CUST2175,Finals,252,80,Short Reel,0.35,27.4,99,99,98,Mobile,Yes,High,100.0
ENG002176,CUST2176,Rivalry Match,194,62,Video Ad,0.23,15.3,88,90,87,Smart TV,Yes,Medium,88.3
ENG002177,CUST2177,League Match,146,39,Influencer Promotion,0.14,8.0,63,66,63,Laptop,No,Medium,62.6
ENG002178,CUST2178,League Match,131,37,Banner Ad,0.11,7.2,62,61,59,Smart TV,No,Low,58.2
ENG002179,CUST2179,Playoffs,225,74,Short Reel,0.30,21.3,94,96,94,Mobile,Yes,High,96.3
ENG002180,CUST2180,League Match,115,29,Banner Ad,0.07,5.4,54,53,51,Laptop,No,Low,50.0
ENG002181,CUST2181,Rivalry Match,200,64,Short Reel,0.32,20.1,94,96,92,Mobile,Yes,High,95.5
ENG002182,CUST2182,League Match,138,42,Video Ad,0.17,9.5,69,67,63,Laptop,No,Medium,66.5
ENG002183,CUST2183,Playoffs,225,76,Influencer Promotion,0.34,23.2,97,96,95,Mobile,Yes,High,98.5
ENG002184,CUST2184,League Match,111,29,Banner Ad,0.07,5.6,56,54,51,Smart TV,No,Low,50.9
ENG002185,CUST2185,Finals,252,80,Short Reel,0.35,26.2,99,99,98,Mobile,Yes,High,100.0
ENG002186,CUST2186,League Match,158,46,Video Ad,0.18,11.2,73,75,72,Laptop,No,Medium,71.1
ENG002187,CUST2187,Rivalry Match,207,68,Short Reel,0.33,21.8,96,98,94,Mobile,Yes,High,97.0
ENG002188,CUST2188,League Match,179,45,Video Ad,0.15,9.3,67,64,66,Smart TV,No,Low,63.1
ENG002189,CUST2189,Playoffs,215,71,Influencer Promotion,0.30,20.1,92,95,91,Mobile,Yes,High,94.1
ENG002190,CUST2190,League Match,102,24,Banner Ad,0.05,4.3,48,50,47,Laptop,No,Low,45.9
ENG002191,CUST2191,Rivalry Match,189,60,Short Reel,0.29,18.0,90,94,89,Mobile,Yes,High,92.0
ENG002192,CUST2192,League Match,146,41,Video Ad,0.13,8.2,65,62,64,Smart TV,No,Medium,60.9
ENG002193,CUST2193,Playoffs,234,78,Influencer Promotion,0.35,24.5,98,97,96,Mobile,Yes,High,99.5
ENG002194,CUST2194,League Match,118,31,Banner Ad,0.08,6.1,59,57,54,Laptop,No,Low,52.6
ENG002195,CUST2195,Finals,245,80,Short Reel,0.35,27.3,99,99,98,Mobile,Yes,High,100.0
ENG002196,CUST2196,Rivalry Match,198,66,Video Ad,0.22,12.9,88,91,88,Laptop,Yes,Medium,87.9
ENG002197,CUST2197,League Match,157,44,Influencer Promotion,0.16,10.2,70,72,68,Mobile,Yes,Medium,69.3
ENG002198,CUST2198,League Match,126,35,Banner Ad,0.09,6.6,60,59,57,Smart TV,No,Low,56.0
ENG002199,CUST2199,Playoffs,228,75,Short Reel,0.31,21.9,96,98,95,Mobile,Yes,High,97.3
ENG002200,CUST2200,League Match,109,25,Banner Ad,0.06,5.0,51,49,48,Laptop,No,Low,47.9
ENG002201,CUST2201,Rivalry Match,201,65,Short Reel,0.32,20.3,94,97,93,Mobile,Yes,High,95.7
ENG002202,CUST2202,League Match,139,42,Video Ad,0.17,9.7,69,68,64,Laptop,No,Medium,66.7
ENG002203,CUST2203,Playoffs,226,76,Influencer Promotion,0.34,23.4,97,97,95,Mobile,Yes,High,98.7
ENG002204,CUST2204,League Match,112,30,Banner Ad,0.07,5.7,56,55,52,Smart TV,No,Low,51.1
ENG002205,CUST2205,Finals,253,80,Short Reel,0.35,26.4,99,99,98,Mobile,Yes,High,100.0
ENG002206,CUST2206,League Match,159,46,Video Ad,0.18,11.3,73,76,73,Laptop,No,Medium,71.3
ENG002207,CUST2207,Rivalry Match,208,68,Short Reel,0.33,22.0,96,99,95,Mobile,Yes,High,97.2
ENG002208,CUST2208,League Match,180,45,Video Ad,0.15,9.5,67,65,66,Smart TV,No,Low,63.3
ENG002209,CUST2209,Playoffs,216,71,Influencer Promotion,0.30,20.3,92,96,92,Mobile,Yes,High,94.3
ENG002210,CUST2210,League Match,103,25,Banner Ad,0.05,4.4,48,51,47,Laptop,No,Low,46.1
ENG002211,CUST2211,Rivalry Match,190,60,Short Reel,0.29,18.2,90,95,89,Mobile,Yes,High,92.2
ENG002212,CUST2212,League Match,147,41,Video Ad,0.13,8.4,65,63,64,Smart TV,No,Medium,61.1
ENG002213,CUST2213,Playoffs,235,78,Influencer Promotion,0.35,24.7,98,98,96,Mobile,Yes,High,99.6
ENG002214,CUST2214,League Match,119,32,Banner Ad,0.08,6.2,59,58,55,Laptop,No,Low,52.8
ENG002215,CUST2215,Finals,246,80,Short Reel,0.35,27.5,99,99,98,Mobile,Yes,High,100.0
ENG002216,CUST2216,Rivalry Match,199,66,Video Ad,0.22,13.1,88,92,89,Laptop,Yes,Medium,88.1
ENG002217,CUST2217,League Match,158,44,Influencer Promotion,0.16,10.4,70,73,69,Mobile,Yes,Medium,69.5
ENG002218,CUST2218,League Match,127,35,Banner Ad,0.09,6.8,60,60,58,Smart TV,No,Low,56.2
ENG002219,CUST2219,Playoffs,229,75,Short Reel,0.31,22.1,96,99,95,Mobile,Yes,High,97.5
ENG002220,CUST2220,League Match,110,26,Banner Ad,0.06,5.1,51,50,49,Laptop,No,Low,48.1
ENG002221,CUST2221,Rivalry Match,192,61,Video Ad,0.23,14.2,89,93,89,Smart TV,Yes,Medium,89.1
ENG002222,CUST2222,League Match,163,49,Influencer Promotion,0.19,11.5,74,77,74,Mobile,Yes,Medium,73.3
ENG002223,CUST2223,Finals,254,80,Short Reel,0.35,27.5,99,99,98,Mobile,Yes,High,100.0
ENG002224,CUST2224,League Match,121,31,Banner Ad,0.08,5.7,57,56,55,Laptop,No,Low,52.1
ENG002225,CUST2225,Playoffs,220,72,Video Ad,0.28,19.3,92,95,92,Smart TV,Yes,High,93.9
ENG002226,CUST2226,Rivalry Match,203,67,Short Reel,0.32,20.7,94,98,94,Mobile,Yes,High,96.1
ENG002227,CUST2227,League Match,152,42,Influencer Promotion,0.15,9.0,66,70,67,Laptop,No,Medium,65.7
ENG002228,CUST2228,League Match,115,30,Banner Ad,0.07,5.4,56,56,53,Smart TV,No,Low,51.3
ENG002229,CUST2229,Finals,242,78,Short Reel,0.34,25.0,98,99,97,Mobile,Yes,High,99.5
ENG002230,CUST2230,Rivalry Match,185,58,Video Ad,0.22,15.0,86,90,87,Laptop,Yes,Medium,86.7
ENG002231,CUST2231,League Match,159,45,Influencer Promotion,0.17,10.7,71,71,70,Mobile,Yes,Medium,70.1
ENG002232,CUST2232,League Match,123,33,Banner Ad,0.09,6.8,59,59,57,Smart TV,No,Low,55.2
ENG002233,CUST2233,Playoffs,230,76,Short Reel,0.32,23.0,97,99,96,Mobile,Yes,High,98.3
ENG002234,CUST2234,League Match,107,25,Banner Ad,0.05,4.7,49,50,48,Laptop,No,Low,46.6
ENG002235,CUST2235,Finals,250,79,Short Reel,0.35,26.8,99,99,98,Mobile,Yes,High,100.0
ENG002236,CUST2236,Rivalry Match,194,63,Video Ad,0.25,17.0,90,93,90,Smart TV,Yes,High,92.0
ENG002237,CUST2237,League Match,150,41,Influencer Promotion,0.14,8.6,65,69,66,Laptop,No,Medium,64.1
ENG002238,CUST2238,League Match,130,36,Banner Ad,0.10,7.1,61,61,59,Smart TV,No,Low,57.5
ENG002239,CUST2239,Playoffs,223,73,Short Reel,0.30,21.3,94,97,95,Mobile,Yes,High,96.3
ENG002240,CUST2240,League Match,113,29,Banner Ad,0.06,5.3,52,52,50,Laptop,No,Low,48.9
ENG002241,CUST2241,Rivalry Match,199,65,Video Ad,0.24,16.2,91,93,90,Smart TV,Yes,Medium,90.3
ENG002242,CUST2242,League Match,155,45,Influencer Promotion,0.16,9.9,68,72,69,Mobile,Yes,Medium,68.8
ENG002243,CUST2243,Finals,247,79,Short Reel,0.35,26.4,99,99,98,Mobile,Yes,High,100.0
ENG002244,CUST2244,League Match,119,32,Banner Ad,0.08,5.9,58,57,55,Laptop,No,Low,53.0
ENG002245,CUST2245,Playoffs,217,70,Video Ad,0.26,18.8,90,94,91,Smart TV,Yes,High,92.9
ENG002246,CUST2246,Rivalry Match,206,68,Short Reel,0.32,21.6,95,98,95,Mobile,Yes,High,96.8
ENG002247,CUST2247,League Match,151,42,Influencer Promotion,0.15,8.8,66,69,67,Laptop,No,Medium,65.2
ENG002248,CUST2248,League Match,125,34,Banner Ad,0.09,6.4,59,59,57,Smart TV,No,Low,55.5
ENG002249,CUST2249,Finals,240,77,Short Reel,0.33,24.7,97,99,97,Mobile,Yes,High,99.0
ENG002250,CUST2250,Rivalry Match,186,59,Video Ad,0.21,14.4,86,89,86,Laptop,Yes,Medium,85.6
ENG002251,CUST2251,League Match,162,47,Influencer Promotion,0.18,11.0,72,75,73,Mobile,Yes,Medium,72.2
ENG002252,CUST2252,League Match,128,36,Banner Ad,0.10,7.0,61,60,59,Smart TV,No,Low,57.7
ENG002253,CUST2253,Playoffs,231,76,Short Reel,0.33,23.2,97,99,96,Mobile,Yes,High,98.6
ENG002254,CUST2254,League Match,111,26,Banner Ad,0.06,5.2,50,50,48,Laptop,No,Low,47.1
ENG002255,CUST2255,Finals,253,80,Short Reel,0.35,27.6,99,99,98,Mobile,Yes,High,100.0
ENG002256,CUST2256,Rivalry Match,195,62,Video Ad,0.23,15.5,88,91,88,Smart TV,Yes,Medium,88.5
ENG002257,CUST2257,League Match,147,39,Influencer Promotion,0.14,8.2,63,67,64,Laptop,No,Medium,62.8
ENG002258,CUST2258,League Match,132,37,Banner Ad,0.11,7.3,62,62,60,Smart TV,No,Low,58.4
ENG002259,CUST2259,Playoffs,226,74,Short Reel,0.30,21.5,94,97,95,Mobile,Yes,High,96.5
ENG002260,CUST2260,League Match,116,29,Banner Ad,0.07,5.5,54,54,52,Laptop,No,Low,50.2
ENG002261,CUST2261,Rivalry Match,201,65,Short Reel,0.32,20.3,94,97,93,Mobile,Yes,High,95.7
ENG002262,CUST2262,League Match,139,42,Video Ad,0.17,9.7,69,68,64,Laptop,No,Medium,66.7
ENG002263,CUST2263,Playoffs,226,76,Influencer Promotion,0.34,23.4,97,97,95,Mobile,Yes,High,98.7
ENG002264,CUST2264,League Match,112,30,Banner Ad,0.07,5.7,56,55,52,Smart TV,No,Low,51.1
ENG002265,CUST2265,Finals,253,80,Short Reel,0.35,26.4,99,99,98,Mobile,Yes,High,100.0
ENG002266,CUST2266,League Match,159,46,Video Ad,0.18,11.3,73,76,73,Laptop,No,Medium,71.3
ENG002267,CUST2267,Rivalry Match,208,68,Short Reel,0.33,22.0,96,99,95,Mobile,Yes,High,97.2
ENG002268,CUST2268,League Match,180,45,Video Ad,0.15,9.5,67,65,66,Smart TV,No,Low,63.3
ENG002269,CUST2269,Playoffs,216,71,Influencer Promotion,0.30,20.3,92,96,92,Mobile,Yes,High,94.3
ENG002270,CUST2270,League Match,103,25,Banner Ad,0.05,4.4,48,51,47,Laptop,No,Low,46.1
ENG002271,CUST2271,Rivalry Match,190,60,Short Reel,0.29,18.2,90,95,89,Mobile,Yes,High,92.2
ENG002272,CUST2272,League Match,147,41,Video Ad,0.13,8.4,65,63,64,Smart TV,No,Medium,61.1
ENG002273,CUST2273,Playoffs,235,78,Influencer Promotion,0.35,24.7,98,98,96,Mobile,Yes,High,99.6
ENG002274,CUST2274,League Match,119,32,Banner Ad,0.08,6.2,59,58,55,Laptop,No,Low,52.8
ENG002275,CUST2275,Finals,246,80,Short Reel,0.35,27.5,99,99,98,Mobile,Yes,High,100.0
ENG002276,CUST2276,Rivalry Match,199,66,Video Ad,0.22,13.1,88,92,89,Laptop,Yes,Medium,88.1
ENG002277,CUST2277,League Match,158,44,Influencer Promotion,0.16,10.4,70,73,69,Mobile,Yes,Medium,69.5
ENG002278,CUST2278,League Match,127,35,Banner Ad,0.09,6.8,60,60,58,Smart TV,No,Low,56.2
ENG002279,CUST2279,Playoffs,229,75,Short Reel,0.31,22.1,96,99,95,Mobile,Yes,High,97.5
ENG002280,CUST2280,League Match,110,26,Banner Ad,0.06,5.1,51,50,49,Laptop,No,Low,48.1
ENG002281,CUST2281,Rivalry Match,192,61,Video Ad,0.23,14.2,89,93,89,Smart TV,Yes,Medium,89.1
ENG002282,CUST2282,League Match,163,49,Influencer Promotion,0.19,11.5,74,77,74,Mobile,Yes,Medium,73.3
ENG002283,CUST2283,Finals,254,80,Short Reel,0.35,27.5,99,99,98,Mobile,Yes,High,100.0
ENG002284,CUST2284,League Match,121,31,Banner Ad,0.08,5.7,57,56,55,Laptop,No,Low,52.1
ENG002285,CUST2285,Playoffs,220,72,Video Ad,0.28,19.3,92,95,92,Smart TV,Yes,High,93.9
ENG002286,CUST2286,Rivalry Match,203,67,Short Reel,0.32,20.7,94,98,94,Mobile,Yes,High,96.1
ENG002287,CUST2287,League Match,152,42,Influencer Promotion,0.15,9.0,66,70,67,Laptop,No,Medium,65.7
ENG002288,CUST2288,League Match,115,30,Banner Ad,0.07,5.4,56,56,53,Smart TV,No,Low,51.3
ENG002289,CUST2289,Finals,242,78,Short Reel,0.34,25.0,98,99,97,Mobile,Yes,High,99.5
ENG002290,CUST2290,Rivalry Match,185,58,Video Ad,0.22,15.0,86,90,87,Laptop,Yes,Medium,86.7
ENG002291,CUST2291,League Match,159,45,Influencer Promotion,0.17,10.7,71,71,70,Mobile,Yes,Medium,70.1
ENG002292,CUST2292,League Match,123,33,Banner Ad,0.09,6.8,59,59,57,Smart TV,No,Low,55.2
ENG002293,CUST2293,Playoffs,230,76,Short Reel,0.32,23.0,97,99,96,Mobile,Yes,High,98.3
ENG002294,CUST2294,League Match,107,25,Banner Ad,0.05,4.7,49,50,48,Laptop,No,Low,46.6
ENG002295,CUST2295,Finals,250,79,Short Reel,0.35,26.8,99,99,98,Mobile,Yes,High,100.0
ENG002296,CUST2296,Rivalry Match,194,63,Video Ad,0.25,17.0,90,93,90,Smart TV,Yes,High,92.0
ENG002297,CUST2297,League Match,150,41,Influencer Promotion,0.14,8.6,65,69,66,Laptop,No,Medium,64.1
ENG002298,CUST2298,League Match,130,36,Banner Ad,0.10,7.1,61,61,59,Smart TV,No,Low,57.5
ENG002299,CUST2299,Playoffs,223,73,Short Reel,0.30,21.3,94,97,95,Mobile,Yes,High,96.3
ENG002300,CUST2300,League Match,113,29,Banner Ad,0.06,5.3,52,52,50,Laptop,No,Low,48.9
ENG002301,CUST2301,Rivalry Match,199,65,Video Ad,0.24,16.2,91,93,90,Smart TV,Yes,Medium,90.3
ENG002302,CUST2302,League Match,155,45,Influencer Promotion,0.16,9.9,68,72,69,Mobile,Yes,Medium,68.8
ENG002303,CUST2303,Finals,247,79,Short Reel,0.35,26.4,99,99,98,Mobile,Yes,High,100.0
ENG002304,CUST2304,League Match,119,32,Banner Ad,0.08,5.9,58,57,55,Laptop,No,Low,53.0
ENG002305,CUST2305,Playoffs,217,70,Video Ad,0.26,18.8,90,94,91,Smart TV,Yes,High,92.9
ENG002306,CUST2306,Rivalry Match,206,68,Short Reel,0.32,21.6,95,98,95,Mobile,Yes,High,96.8
ENG002307,CUST2307,League Match,151,42,Influencer Promotion,0.15,8.8,66,69,67,Laptop,No,Medium,65.2
ENG002308,CUST2308,League Match,125,34,Banner Ad,0.09,6.4,59,59,57,Smart TV,No,Low,55.5
ENG002309,CUST2309,Finals,240,77,Short Reel,0.33,24.7,97,99,97,Mobile,Yes,High,99.0
ENG002310,CUST2310,Rivalry Match,186,59,Video Ad,0.21,14.4,86,89,86,Laptop,Yes,Medium,85.6
ENG002311,CUST2311,League Match,162,47,Influencer Promotion,0.18,11.0,72,75,73,Mobile,Yes,Medium,72.2
ENG002312,CUST2312,League Match,128,36,Banner Ad,0.10,7.0,61,60,59,Smart TV,No,Low,57.7
ENG002313,CUST2313,Playoffs,231,76,Short Reel,0.33,23.2,97,99,96,Mobile,Yes,High,98.6
ENG002314,CUST2314,League Match,111,26,Banner Ad,0.06,5.2,50,50,48,Laptop,No,Low,47.1
ENG002315,CUST2315,Finals,253,80,Short Reel,0.35,27.6,99,99,98,Mobile,Yes,High,100.0
ENG002316,CUST2316,Rivalry Match,195,62,Video Ad,0.23,15.5,88,91,88,Smart TV,Yes,Medium,88.5
ENG002317,CUST2317,League Match,147,39,Influencer Promotion,0.14,8.2,63,67,64,Laptop,No,Medium,62.8
ENG002318,CUST2318,League Match,132,37,Banner Ad,0.11,7.3,62,62,60,Smart TV,No,Low,58.4
ENG002319,CUST2319,Playoffs,226,74,Short Reel,0.30,21.5,94,97,95,Mobile,Yes,High,96.5
ENG002320,CUST2320,League Match,116,29,Banner Ad,0.07,5.5,54,54,52,Laptop,No,Low,50.2
ENG002321,CUST2321,Rivalry Match,201,65,Short Reel,0.32,20.3,94,97,93,Mobile,Yes,High,95.7
ENG002322,CUST2322,League Match,139,42,Video Ad,0.17,9.7,69,68,64,Laptop,No,Medium,66.7
ENG002323,CUST2323,Playoffs,226,76,Influencer Promotion,0.34,23.4,97,97,95,Mobile,Yes,High,98.7
ENG002324,CUST2324,League Match,112,30,Banner Ad,0.07,5.7,56,55,52,Smart TV,No,Low,51.1
ENG002325,CUST2325,Finals,253,80,Short Reel,0.35,26.4,99,99,98,Mobile,Yes,High,100.0
ENG002326,CUST2326,League Match,159,46,Video Ad,0.18,11.3,73,76,73,Laptop,No,Medium,71.3
ENG002327,CUST2327,Rivalry Match,208,68,Short Reel,0.33,22.0,96,99,95,Mobile,Yes,High,97.2
ENG002328,CUST2328,League Match,180,45,Video Ad,0.15,9.5,67,65,66,Smart TV,No,Low,63.3
ENG002329,CUST2329,Playoffs,216,71,Influencer Promotion,0.30,20.3,92,96,92,Mobile,Yes,High,94.3
ENG002330,CUST2330,League Match,103,25,Banner Ad,0.05,4.4,48,51,47,Laptop,No,Low,46.1
ENG002331,CUST2331,Rivalry Match,190,60,Short Reel,0.29,18.2,90,95,89,Mobile,Yes,High,92.2
ENG002332,CUST2332,League Match,147,41,Video Ad,0.13,8.4,65,63,64,Smart TV,No,Medium,61.1
ENG002333,CUST2333,Playoffs,235,78,Influencer Promotion,0.35,24.7,98,98,96,Mobile,Yes,High,99.6
ENG002334,CUST2334,League Match,119,32,Banner Ad,0.08,6.2,59,58,55,Laptop,No,Low,52.8
ENG002335,CUST2335,Finals,246,80,Short Reel,0.35,27.5,99,99,98,Mobile,Yes,High,100.0
ENG002336,CUST2336,Rivalry Match,199,66,Video Ad,0.22,13.1,88,92,89,Laptop,Yes,Medium,88.1
ENG002337,CUST2337,League Match,158,44,Influencer Promotion,0.16,10.4,70,73,69,Mobile,Yes,Medium,69.5
ENG002338,CUST2338,League Match,127,35,Banner Ad,0.09,6.8,60,60,58,Smart TV,No,Low,56.2
ENG002339,CUST2339,Playoffs,229,75,Short Reel,0.31,22.1,96,99,95,Mobile,Yes,High,97.5
ENG002340,CUST2340,League Match,110,26,Banner Ad,0.06,5.1,51,50,49,Laptop,No,Low,48.1
ENG002341,CUST2341,Rivalry Match,192,61,Video Ad,0.23,14.2,89,93,89,Smart TV,Yes,Medium,89.1
ENG002342,CUST2342,League Match,163,49,Influencer Promotion,0.19,11.5,74,77,74,Mobile,Yes,Medium,73.3
ENG002343,CUST2343,Finals,254,80,Short Reel,0.35,27.5,99,99,98,Mobile,Yes,High,100.0
ENG002344,CUST2344,League Match,121,31,Banner Ad,0.08,5.7,57,56,55,Laptop,No,Low,52.1
ENG002345,CUST2345,Playoffs,220,72,Video Ad,0.28,19.3,92,95,92,Smart TV,Yes,High,93.9
ENG002346,CUST2346,Rivalry Match,203,67,Short Reel,0.32,20.7,94,98,94,Mobile,Yes,High,96.1
ENG002347,CUST2347,League Match,152,42,Influencer Promotion,0.15,9.0,66,70,67,Laptop,No,Medium,65.7
ENG002348,CUST2348,League Match,115,30,Banner Ad,0.07,5.4,56,56,53,Smart TV,No,Low,51.3
ENG002349,CUST2349,Finals,242,78,Short Reel,0.34,25.0,98,99,97,Mobile,Yes,High,99.5
ENG002350,CUST2350,Rivalry Match,185,58,Video Ad,0.22,15.0,86,90,87,Laptop,Yes,Medium,86.7
ENG002351,CUST2351,League Match,159,45,Influencer Promotion,0.17,10.7,71,71,70,Mobile,Yes,Medium,70.1
ENG002352,CUST2352,League Match,123,33,Banner Ad,0.09,6.8,59,59,57,Smart TV,No,Low,55.2
ENG002353,CUST2353,Playoffs,230,76,Short Reel,0.32,23.0,97,99,96,Mobile,Yes,High,98.3
ENG002354,CUST2354,League Match,107,25,Banner Ad,0.05,4.7,49,50,48,Laptop,No,Low,46.6
ENG002355,CUST2355,Finals,250,79,Short Reel,0.35,26.8,99,99,98,Mobile,Yes,High,100.0
ENG002356,CUST2356,Rivalry Match,194,63,Video Ad,0.25,17.0,90,93,90,Smart TV,Yes,High,92.0
ENG002357,CUST2357,League Match,150,41,Influencer Promotion,0.14,8.6,65,69,66,Laptop,No,Medium,64.1
ENG002358,CUST2358,League Match,130,36,Banner Ad,0.10,7.1,61,61,59,Smart TV,No,Low,57.5
ENG002359,CUST2359,Playoffs,223,73,Short Reel,0.30,21.3,94,97,95,Mobile,Yes,High,96.3
ENG002360,CUST2360,League Match,113,29,Banner Ad,0.06,5.3,52,52,50,Laptop,No,Low,48.9
ENG002361,CUST2361,Rivalry Match,199,65,Video Ad,0.24,16.2,91,93,90,Smart TV,Yes,Medium,90.3
ENG002362,CUST2362,League Match,155,45,Influencer Promotion,0.16,9.9,68,72,69,Mobile,Yes,Medium,68.8
ENG002363,CUST2363,Finals,247,79,Short Reel,0.35,26.4,99,99,98,Mobile,Yes,High,100.0
ENG002364,CUST2364,League Match,119,32,Banner Ad,0.08,5.9,58,57,55,Laptop,No,Low,53.0
ENG002365,CUST2365,Playoffs,217,70,Video Ad,0.26,18.8,90,94,91,Smart TV,Yes,High,92.9
ENG002366,CUST2366,Rivalry Match,206,68,Short Reel,0.32,21.6,95,98,95,Mobile,Yes,High,96.8
ENG002367,CUST2367,League Match,151,42,Influencer Promotion,0.15,8.8,66,69,67,Laptop,No,Medium,65.2
ENG002368,CUST2368,League Match,125,34,Banner Ad,0.09,6.4,59,59,57,Smart TV,No,Low,55.5
ENG002369,CUST2369,Finals,240,77,Short Reel,0.33,24.7,97,99,97,Mobile,Yes,High,99.0
ENG002370,CUST2370,Rivalry Match,186,59,Video Ad,0.21,14.4,86,89,86,Laptop,Yes,Medium,85.6
ENG002371,CUST2371,League Match,162,47,Influencer Promotion,0.18,11.0,72,75,73,Mobile,Yes,Medium,72.2
ENG002372,CUST2372,League Match,128,36,Banner Ad,0.10,7.0,61,60,59,Smart TV,No,Low,57.7
ENG002373,CUST2373,Playoffs,231,76,Short Reel,0.33,23.2,97,99,96,Mobile,Yes,High,98.6
ENG002374,CUST2374,League Match,111,26,Banner Ad,0.06,5.2,50,50,48,Laptop,No,Low,47.1
ENG002375,CUST2375,Finals,253,80,Short Reel,0.35,27.6,99,99,98,Mobile,Yes,High,100.0
ENG002376,CUST2376,Rivalry Match,195,62,Video Ad,0.23,15.5,88,91,88,Smart TV,Yes,Medium,88.5
ENG002377,CUST2377,League Match,147,39,Influencer Promotion,0.14,8.2,63,67,64,Laptop,No,Medium,62.8
ENG002378,CUST2378,League Match,132,37,Banner Ad,0.11,7.3,62,62,60,Smart TV,No,Low,58.4
ENG002379,CUST2379,Playoffs,226,74,Short Reel,0.30,21.5,94,97,95,Mobile,Yes,High,96.5
ENG002380,CUST2380,League Match,116,29,Banner Ad,0.07,5.5,54,54,52,Laptop,No,Low,50.2
ENG002381,CUST2381,Rivalry Match,201,65,Short Reel,0.32,20.3,94,97,93,Mobile,Yes,High,95.7
ENG002382,CUST2382,League Match,139,42,Video Ad,0.17,9.7,69,68,64,Laptop,No,Medium,66.7
ENG002383,CUST2383,Playoffs,226,76,Influencer Promotion,0.34,23.4,97,97,95,Mobile,Yes,High,98.7
ENG002384,CUST2384,League Match,112,30,Banner Ad,0.07,5.7,56,55,52,Smart TV,No,Low,51.1
ENG002385,CUST2385,Finals,253,80,Short Reel,0.35,26.4,99,99,98,Mobile,Yes,High,100.0
ENG002386,CUST2386,League Match,159,46,Video Ad,0.18,11.3,73,76,73,Laptop,No,Medium,71.3
ENG002387,CUST2387,Rivalry Match,208,68,Short Reel,0.33,22.0,96,99,95,Mobile,Yes,High,97.2
ENG002388,CUST2388,League Match,180,45,Video Ad,0.15,9.5,67,65,66,Smart TV,No,Low,63.3
ENG002389,CUST2389,Playoffs,216,71,Influencer Promotion,0.30,20.3,92,96,92,Mobile,Yes,High,94.3
ENG002390,CUST2390,League Match,103,25,Banner Ad,0.05,4.4,48,51,47,Laptop,No,Low,46.1
ENG002391,CUST2391,Rivalry Match,190,60,Short Reel,0.29,18.2,90,95,89,Mobile,Yes,High,92.2
ENG002392,CUST2392,League Match,147,41,Video Ad,0.13,8.4,65,63,64,Smart TV,No,Medium,61.1
ENG002393,CUST2393,Playoffs,235,78,Influencer Promotion,0.35,24.7,98,98,96,Mobile,Yes,High,99.6
ENG002394,CUST2394,League Match,119,32,Banner Ad,0.08,6.2,59,58,55,Laptop,No,Low,52.8
ENG002395,CUST2395,Finals,246,80,Short Reel,0.35,27.5,99,99,98,Mobile,Yes,High,100.0
ENG002396,CUST2396,Rivalry Match,199,66,Video Ad,0.22,13.1,88,92,89,Laptop,Yes,Medium,88.1
ENG002397,CUST2397,League Match,158,44,Influencer Promotion,0.16,10.4,70,73,69,Mobile,Yes,Medium,69.5
ENG002398,CUST2398,League Match,127,35,Banner Ad,0.09,6.8,60,60,58,Smart TV,No,Low,56.2
ENG002399,CUST2399,Playoffs,229,75,Short Reel,0.31,22.1,96,99,95,Mobile,Yes,High,97.5
ENG002400,CUST2400,League Match,110,26,Banner Ad,0.06,5.1,51,50,49,Laptop,No,Low,48.1
ENG002401,CUST2401,Rivalry Match,202,66,Short Reel,0.32,20.5,95,97,94,Mobile,Yes,High,95.9
ENG002402,CUST2402,League Match,140,43,Video Ad,0.17,9.8,70,68,65,Laptop,No,Medium,66.9
ENG002403,CUST2403,Playoffs,227,77,Influencer Promotion,0.34,23.6,97,98,96,Mobile,Yes,High,98.9
ENG002404,CUST2404,League Match,113,30,Banner Ad,0.07,5.8,57,55,53,Smart TV,No,Low,51.3
ENG002405,CUST2405,Finals,254,80,Short Reel,0.35,26.6,99,99,98,Mobile,Yes,High,100.0
ENG002406,CUST2406,League Match,160,47,Video Ad,0.18,11.5,74,76,74,Laptop,No,Medium,71.5
ENG002407,CUST2407,Rivalry Match,209,69,Short Reel,0.33,22.2,96,99,96,Mobile,Yes,High,97.4
ENG002408,CUST2408,League Match,181,46,Video Ad,0.15,9.7,68,66,67,Smart TV,No,Low,63.5
ENG002409,CUST2409,Playoffs,217,72,Influencer Promotion,0.30,20.5,93,96,93,Mobile,Yes,High,94.5
ENG002410,CUST2410,League Match,104,25,Banner Ad,0.05,4.5,49,51,48,Laptop,No,Low,46.3
ENG002411,CUST2411,Rivalry Match,191,61,Short Reel,0.29,18.4,91,95,90,Mobile,Yes,High,92.4
ENG002412,CUST2412,League Match,148,42,Video Ad,0.13,8.5,66,63,65,Smart TV,No,Medium,61.3
ENG002413,CUST2413,Playoffs,236,79,Influencer Promotion,0.35,24.9,98,98,97,Mobile,Yes,High,99.8
ENG002414,CUST2414,League Match,120,32,Banner Ad,0.08,6.3,60,58,56,Laptop,No,Low,53.0
ENG002415,CUST2415,Finals,247,80,Short Reel,0.35,27.7,99,99,98,Mobile,Yes,High,100.0
ENG002416,CUST2416,Rivalry Match,200,67,Video Ad,0.22,13.3,89,92,90,Laptop,Yes,Medium,88.3
ENG002417,CUST2417,League Match,159,45,Influencer Promotion,0.16,10.6,71,73,70,Mobile,Yes,Medium,69.7
ENG002418,CUST2418,League Match,128,36,Banner Ad,0.09,6.9,61,60,59,Smart TV,No,Low,56.4
ENG002419,CUST2419,Playoffs,230,76,Short Reel,0.31,22.3,96,99,96,Mobile,Yes,High,97.7
ENG002420,CUST2420,League Match,111,26,Banner Ad,0.06,5.2,52,50,50,Laptop,No,Low,48.3
ENG002421,CUST2421,Rivalry Match,193,62,Video Ad,0.23,14.4,90,93,90,Smart TV,Yes,Medium,89.3
ENG002422,CUST2422,League Match,164,50,Influencer Promotion,0.19,11.7,75,77,75,Mobile,Yes,Medium,73.5
ENG002423,CUST2423,Finals,255,80,Short Reel,0.35,27.7,99,99,98,Mobile,Yes,High,100.0
ENG002424,CUST2424,League Match,122,31,Banner Ad,0.08,5.8,58,56,56,Laptop,No,Low,52.3
ENG002425,CUST2425,Playoffs,221,73,Video Ad,0.28,19.5,93,95,93,Smart TV,Yes,High,94.1
ENG002426,CUST2426,Rivalry Match,204,68,Short Reel,0.32,20.9,95,98,95,Mobile,Yes,High,96.3
ENG002427,CUST2427,League Match,153,43,Influencer Promotion,0.15,9.1,67,70,68,Laptop,No,Medium,65.9
ENG002428,CUST2428,League Match,116,30,Banner Ad,0.07,5.5,57,56,54,Smart TV,No,Low,51.5
ENG002429,CUST2429,Finals,243,79,Short Reel,0.34,25.2,98,99,98,Mobile,Yes,High,99.7
ENG002430,CUST2430,Rivalry Match,186,59,Video Ad,0.22,15.2,87,90,88,Laptop,Yes,Medium,86.9
ENG002431,CUST2431,League Match,160,46,Influencer Promotion,0.17,10.9,72,71,71,Mobile,Yes,Medium,70.3
ENG002432,CUST2432,League Match,124,34,Banner Ad,0.09,6.9,60,59,58,Smart TV,No,Low,55.4
ENG002433,CUST2433,Playoffs,231,77,Short Reel,0.32,23.2,97,99,97,Mobile,Yes,High,98.5
ENG002434,CUST2434,League Match,108,26,Banner Ad,0.05,4.8,50,50,49,Laptop,No,Low,46.8
ENG002435,CUST2435,Finals,251,80,Short Reel,0.35,27.0,99,99,98,Mobile,Yes,High,100.0
ENG002436,CUST2436,Rivalry Match,195,64,Video Ad,0.25,17.2,91,93,91,Smart TV,Yes,High,92.2
ENG002437,CUST2437,League Match,151,42,Influencer Promotion,0.14,8.7,66,69,67,Laptop,No,Medium,64.3
ENG002438,CUST2438,League Match,131,37,Banner Ad,0.10,7.2,62,61,60,Smart TV,No,Low,57.7
ENG002439,CUST2439,Playoffs,224,74,Short Reel,0.30,21.5,95,97,96,Mobile,Yes,High,96.5
ENG002440,CUST2440,League Match,114,30,Banner Ad,0.06,5.4,53,52,51,Laptop,No,Low,49.1
ENG002441,CUST2441,Rivalry Match,200,66,Video Ad,0.24,16.4,92,93,91,Smart TV,Yes,Medium,90.5
ENG002442,CUST2442,League Match,156,46,Influencer Promotion,0.16,10.1,69,72,70,Mobile,Yes,Medium,69.0
ENG002443,CUST2443,Finals,248,80,Short Reel,0.35,26.6,99,99,98,Mobile,Yes,High,100.0
ENG002444,CUST2444,League Match,120,33,Banner Ad,0.08,6.0,59,57,56,Laptop,No,Low,53.2
ENG002445,CUST2445,Playoffs,218,71,Video Ad,0.26,19.0,91,94,92,Smart TV,Yes,High,93.1
ENG002446,CUST2446,Rivalry Match,207,69,Short Reel,0.32,21.8,96,98,96,Mobile,Yes,High,97.0
ENG002447,CUST2447,League Match,152,43,Influencer Promotion,0.15,8.9,67,69,68,Laptop,No,Medium,65.4
ENG002448,CUST2448,League Match,126,35,Banner Ad,0.09,6.5,60,59,58,Smart TV,No,Low,55.7
ENG002449,CUST2449,Finals,241,78,Short Reel,0.33,24.9,98,99,98,Mobile,Yes,High,99.2
ENG002450,CUST2450,Rivalry Match,187,60,Video Ad,0.21,14.6,87,89,87,Laptop,Yes,Medium,85.8
ENG002451,CUST2451,League Match,163,48,Influencer Promotion,0.18,11.2,73,75,74,Mobile,Yes,Medium,72.4
ENG002452,CUST2452,League Match,129,37,Banner Ad,0.10,7.1,62,60,60,Smart TV,No,Low,57.9
ENG002453,CUST2453,Playoffs,232,77,Short Reel,0.33,23.4,97,99,97,Mobile,Yes,High,98.8
ENG002454,CUST2454,League Match,112,27,Banner Ad,0.06,5.3,51,50,49,Laptop,No,Low,47.3
ENG002455,CUST2455,Finals,254,80,Short Reel,0.35,27.8,99,99,98,Mobile,Yes,High,100.0
ENG002456,CUST2456,Rivalry Match,196,63,Video Ad,0.23,15.7,89,91,89,Smart TV,Yes,Medium,88.7
ENG002457,CUST2457,League Match,148,40,Influencer Promotion,0.14,8.3,64,67,65,Laptop,No,Medium,63.0
ENG002458,CUST2458,League Match,133,38,Banner Ad,0.11,7.4,63,62,61,Smart TV,No,Low,58.6
ENG002459,CUST2459,Playoffs,227,75,Short Reel,0.30,21.7,95,97,96,Mobile,Yes,High,96.7
ENG002460,CUST2460,League Match,117,30,Banner Ad,0.07,5.6,55,54,53,Laptop,No,Low,50.4
ENG002461,CUST2461,Rivalry Match,202,66,Short Reel,0.32,20.5,95,97,94,Mobile,Yes,High,95.9
ENG002462,CUST2462,League Match,140,43,Video Ad,0.17,9.8,70,68,65,Laptop,No,Medium,66.9
ENG002463,CUST2463,Playoffs,227,77,Influencer Promotion,0.34,23.6,97,98,96,Mobile,Yes,High,98.9
ENG002464,CUST2464,League Match,113,30,Banner Ad,0.07,5.8,57,55,53,Smart TV,No,Low,51.3
ENG002465,CUST2465,Finals,254,80,Short Reel,0.35,26.6,99,99,98,Mobile,Yes,High,100.0
ENG002466,CUST2466,League Match,160,47,Video Ad,0.18,11.5,74,76,74,Laptop,No,Medium,71.5
ENG002467,CUST2467,Rivalry Match,209,69,Short Reel,0.33,22.2,96,99,96,Mobile,Yes,High,97.4
ENG002468,CUST2468,League Match,181,46,Video Ad,0.15,9.7,68,66,67,Smart TV,No,Low,63.5
ENG002469,CUST2469,Playoffs,217,72,Influencer Promotion,0.30,20.5,93,96,93,Mobile,Yes,High,94.5
ENG002470,CUST2470,League Match,104,25,Banner Ad,0.05,4.5,49,51,48,Laptop,No,Low,46.3
ENG002471,CUST2471,Rivalry Match,191,61,Short Reel,0.29,18.4,91,95,90,Mobile,Yes,High,92.4
ENG002472,CUST2472,League Match,148,42,Video Ad,0.13,8.5,66,63,65,Smart TV,No,Medium,61.3
ENG002473,CUST2473,Playoffs,236,79,Influencer Promotion,0.35,24.9,98,98,97,Mobile,Yes,High,99.8
ENG002474,CUST2474,League Match,120,32,Banner Ad,0.08,6.3,60,58,56,Laptop,No,Low,53.0
ENG002475,CUST2475,Finals,247,80,Short Reel,0.35,27.7,99,99,98,Mobile,Yes,High,100.0
ENG002476,CUST2476,Rivalry Match,200,67,Video Ad,0.22,13.3,89,92,90,Laptop,Yes,Medium,88.3
ENG002477,CUST2477,League Match,159,45,Influencer Promotion,0.16,10.6,71,73,70,Mobile,Yes,Medium,69.7
ENG002478,CUST2478,League Match,128,36,Banner Ad,0.09,6.9,61,60,59,Smart TV,No,Low,56.4
ENG002479,CUST2479,Playoffs,230,76,Short Reel,0.31,22.3,96,99,96,Mobile,Yes,High,97.7
ENG002480,CUST2480,League Match,111,26,Banner Ad,0.06,5.2,52,50,50,Laptop,No,Low,48.3
ENG002481,CUST2481,Rivalry Match,193,62,Video Ad,0.23,14.4,90,93,90,Smart TV,Yes,Medium,89.3
ENG002482,CUST2482,League Match,164,50,Influencer Promotion,0.19,11.7,75,77,75,Mobile,Yes,Medium,73.5
ENG002483,CUST2483,Finals,255,80,Short Reel,0.35,27.7,99,99,98,Mobile,Yes,High,100.0
ENG002484,CUST2484,League Match,122,31,Banner Ad,0.08,5.8,58,56,56,Laptop,No,Low,52.3
ENG002485,CUST2485,Playoffs,221,73,Video Ad,0.28,19.5,93,95,93,Smart TV,Yes,High,94.1
ENG002486,CUST2486,Rivalry Match,204,68,Short Reel,0.32,20.9,95,98,95,Mobile,Yes,High,96.3
ENG002487,CUST2487,League Match,153,43,Influencer Promotion,0.15,9.1,67,70,68,Laptop,No,Medium,65.9
ENG002488,CUST2488,League Match,116,30,Banner Ad,0.07,5.5,57,56,54,Smart TV,No,Low,51.5
ENG002489,CUST2489,Finals,243,79,Short Reel,0.34,25.2,98,99,98,Mobile,Yes,High,99.7
ENG002490,CUST2490,Rivalry Match,186,59,Video Ad,0.22,15.2,87,90,88,Laptop,Yes,Medium,86.9
ENG002491,CUST2491,League Match,160,46,Influencer Promotion,0.17,10.9,72,71,71,Mobile,Yes,Medium,70.3
ENG002492,CUST2492,League Match,124,34,Banner Ad,0.09,6.9,60,59,58,Smart TV,No,Low,55.4
ENG002493,CUST2493,Playoffs,231,77,Short Reel,0.32,23.2,97,99,97,Mobile,Yes,High,98.5
ENG002494,CUST2494,League Match,108,26,Banner Ad,0.05,4.8,50,50,49,Laptop,No,Low,46.8
ENG002495,CUST2495,Finals,251,80,Short Reel,0.35,27.0,99,99,98,Mobile,Yes,High,100.0
ENG002496,CUST2496,Rivalry Match,195,64,Video Ad,0.25,17.2,91,93,91,Smart TV,Yes,High,92.2
ENG002497,CUST2497,League Match,151,42,Influencer Promotion,0.14,8.7,66,69,67,Laptop,No,Medium,64.3
ENG002498,CUST2498,League Match,131,37,Banner Ad,0.10,7.2,62,61,60,Smart TV,No,Low,57.7
ENG002499,CUST2499,Playoffs,224,74,Short Reel,0.30,21.5,95,97,96,Mobile,Yes,High,96.5
ENG002500,CUST2500,League Match,114,30,Banner Ad,0.06,5.4,53,52,51,Laptop,No,Low,49.1
ENG002501,CUST2501,Rivalry Match,200,66,Video Ad,0.24,16.4,92,93,91,Smart TV,Yes,Medium,90.5
ENG002502,CUST2502,League Match,156,46,Influencer Promotion,0.16,10.1,69,72,70,Mobile,Yes,Medium,69.0
ENG002503,CUST2503,Finals,248,80,Short Reel,0.35,26.6,99,99,98,Mobile,Yes,High,100.0
ENG002504,CUST2504,League Match,120,33,Banner Ad,0.08,6.0,59,57,56,Laptop,No,Low,53.2
ENG002505,CUST2505,Playoffs,218,71,Video Ad,0.26,19.0,91,94,92,Smart TV,Yes,High,93.1
ENG002506,CUST2506,Rivalry Match,207,69,Short Reel,0.32,21.8,96,98,96,Mobile,Yes,High,97.0
ENG002507,CUST2507,League Match,152,43,Influencer Promotion,0.15,8.9,67,69,68,Laptop,No,Medium,65.4
ENG002508,CUST2508,League Match,126,35,Banner Ad,0.09,6.5,60,59,58,Smart TV,No,Low,55.7
ENG002509,CUST2509,Finals,241,78,Short Reel,0.33,24.9,98,99,98,Mobile,Yes,High,99.2
ENG002510,CUST2510,Rivalry Match,187,60,Video Ad,0.21,14.6,87,89,87,Laptop,Yes,Medium,85.8
ENG002511,CUST2511,League Match,163,48,Influencer Promotion,0.18,11.2,73,75,74,Mobile,Yes,Medium,72.4
ENG002512,CUST2512,League Match,129,37,Banner Ad,0.10,7.1,62,60,60,Smart TV,No,Low,57.9
ENG002513,CUST2513,Playoffs,232,77,Short Reel,0.33,23.4,97,99,97,Mobile,Yes,High,98.8
ENG002514,CUST2514,League Match,112,27,Banner Ad,0.06,5.3,51,50,49,Laptop,No,Low,47.3
ENG002515,CUST2515,Finals,254,80,Short Reel,0.35,27.8,99,99,98,Mobile,Yes,High,100.0
ENG002516,CUST2516,Rivalry Match,196,63,Video Ad,0.23,15.7,89,91,89,Smart TV,Yes,Medium,88.7
ENG002517,CUST2517,League Match,148,40,Influencer Promotion,0.14,8.3,64,67,65,Laptop,No,Medium,63.0
ENG002518,CUST2518,League Match,133,38,Banner Ad,0.11,7.4,63,62,61,Smart TV,No,Low,58.6
ENG002519,CUST2519,Playoffs,227,75,Short Reel,0.30,21.7,95,97,96,Mobile,Yes,High,96.7
ENG002520,CUST2520,League Match,117,30,Banner Ad,0.07,5.6,55,54,53,Laptop,No,Low,50.4
ENG002521,CUST2521,Rivalry Match,202,66,Short Reel,0.32,20.5,95,97,94,Mobile,Yes,High,95.9
ENG002522,CUST2522,League Match,140,43,Video Ad,0.17,9.8,70,68,65,Laptop,No,Medium,66.9
ENG002523,CUST2523,Playoffs,227,77,Influencer Promotion,0.34,23.6,97,98,96,Mobile,Yes,High,98.9
ENG002524,CUST2524,League Match,113,30,Banner Ad,0.07,5.8,57,55,53,Smart TV,No,Low,51.3
ENG002525,CUST2525,Finals,254,80,Short Reel,0.35,26.6,99,99,98,Mobile,Yes,High,100.0
ENG002526,CUST2526,League Match,160,47,Video Ad,0.18,11.5,74,76,74,Laptop,No,Medium,71.5
ENG002527,CUST2527,Rivalry Match,209,69,Short Reel,0.33,22.2,96,99,96,Mobile,Yes,High,97.4
ENG002528,CUST2528,League Match,181,46,Video Ad,0.15,9.7,68,66,67,Smart TV,No,Low,63.5
ENG002529,CUST2529,Playoffs,217,72,Influencer Promotion,0.30,20.5,93,96,93,Mobile,Yes,High,94.5
ENG002530,CUST2530,League Match,104,25,Banner Ad,0.05,4.5,49,51,48,Laptop,No,Low,46.3
ENG002531,CUST2531,Rivalry Match,191,61,Short Reel,0.29,18.4,91,95,90,Mobile,Yes,High,92.4
ENG002532,CUST2532,League Match,148,42,Video Ad,0.13,8.5,66,63,65,Smart TV,No,Medium,61.3
ENG002533,CUST2533,Playoffs,236,79,Influencer Promotion,0.35,24.9,98,98,97,Mobile,Yes,High,99.8
ENG002534,CUST2534,League Match,120,32,Banner Ad,0.08,6.3,60,58,56,Laptop,No,Low,53.0
ENG002535,CUST2535,Finals,247,80,Short Reel,0.35,27.7,99,99,98,Mobile,Yes,High,100.0
ENG002536,CUST2536,Rivalry Match,200,67,Video Ad,0.22,13.3,89,92,90,Laptop,Yes,Medium,88.3
ENG002537,CUST2537,League Match,159,45,Influencer Promotion,0.16,10.6,71,73,70,Mobile,Yes,Medium,69.7
ENG002538,CUST2538,League Match,128,36,Banner Ad,0.09,6.9,61,60,59,Smart TV,No,Low,56.4
ENG002539,CUST2539,Playoffs,230,76,Short Reel,0.31,22.3,96,99,96,Mobile,Yes,High,97.7
ENG002540,CUST2540,League Match,111,26,Banner Ad,0.06,5.2,52,50,50,Laptop,No,Low,48.3
ENG002541,CUST2541,Rivalry Match,193,62,Video Ad,0.23,14.4,90,93,90,Smart TV,Yes,Medium,89.3
ENG002542,CUST2542,League Match,164,50,Influencer Promotion,0.19,11.7,75,77,75,Mobile,Yes,Medium,73.5
ENG002543,CUST2543,Finals,255,80,Short Reel,0.35,27.7,99,99,98,Mobile,Yes,High,100.0
ENG002544,CUST2544,League Match,122,31,Banner Ad,0.08,5.8,58,56,56,Laptop,No,Low,52.3
ENG002545,CUST2545,Playoffs,221,73,Video Ad,0.28,19.5,93,95,93,Smart TV,Yes,High,94.1
ENG002546,CUST2546,Rivalry Match,204,68,Short Reel,0.32,20.9,95,98,95,Mobile,Yes,High,96.3
ENG002547,CUST2547,League Match,153,43,Influencer Promotion,0.15,9.1,67,70,68,Laptop,No,Medium,65.9
ENG002548,CUST2548,League Match,116,30,Banner Ad,0.07,5.5,57,56,54,Smart TV,No,Low,51.5
ENG002549,CUST2549,Finals,243,79,Short Reel,0.34,25.2,98,99,98,Mobile,Yes,High,99.7
ENG002550,CUST2550,Rivalry Match,186,59,Video Ad,0.22,15.2,87,90,88,Laptop,Yes,Medium,86.9
ENG002551,CUST2551,League Match,160,46,Influencer Promotion,0.17,10.9,72,71,71,Mobile,Yes,Medium,70.3
ENG002552,CUST2552,League Match,124,34,Banner Ad,0.09,6.9,60,59,58,Smart TV,No,Low,55.4
ENG002553,CUST2553,Playoffs,231,77,Short Reel,0.32,23.2,97,99,97,Mobile,Yes,High,98.5
ENG002554,CUST2554,League Match,108,26,Banner Ad,0.05,4.8,50,50,49,Laptop,No,Low,46.8
ENG002555,CUST2555,Finals,251,80,Short Reel,0.35,27.0,99,99,98,Mobile,Yes,High,100.0
ENG002556,CUST2556,Rivalry Match,195,64,Video Ad,0.25,17.2,91,93,91,Smart TV,Yes,High,92.2
ENG002557,CUST2557,League Match,151,42,Influencer Promotion,0.14,8.7,66,69,67,Laptop,No,Medium,64.3
ENG002558,CUST2558,League Match,131,37,Banner Ad,0.10,7.2,62,61,60,Smart TV,No,Low,57.7
ENG002559,CUST2559,Playoffs,224,74,Short Reel,0.30,21.5,95,97,96,Mobile,Yes,High,96.5
ENG002560,CUST2560,League Match,114,30,Banner Ad,0.06,5.4,53,52,51,Laptop,No,Low,49.1
ENG002561,CUST2561,Rivalry Match,200,66,Video Ad,0.24,16.4,92,93,91,Smart TV,Yes,Medium,90.5
ENG002562,CUST2562,League Match,156,46,Influencer Promotion,0.16,10.1,69,72,70,Mobile,Yes,Medium,69.0
ENG002563,CUST2563,Finals,248,80,Short Reel,0.35,26.6,99,99,98,Mobile,Yes,High,100.0
ENG002564,CUST2564,League Match,120,33,Banner Ad,0.08,6.0,59,57,56,Laptop,No,Low,53.2
ENG002565,CUST2565,Playoffs,218,71,Video Ad,0.26,19.0,91,94,92,Smart TV,Yes,High,93.1
ENG002566,CUST2566,Rivalry Match,207,69,Short Reel,0.32,21.8,96,98,96,Mobile,Yes,High,97.0
ENG002567,CUST2567,League Match,152,43,Influencer Promotion,0.15,8.9,67,69,68,Laptop,No,Medium,65.4
ENG002568,CUST2568,League Match,126,35,Banner Ad,0.09,6.5,60,59,58,Smart TV,No,Low,55.7
ENG002569,CUST2569,Finals,241,78,Short Reel,0.33,24.9,98,99,98,Mobile,Yes,High,99.2
ENG002570,CUST2570,Rivalry Match,187,60,Video Ad,0.21,14.6,87,89,87,Laptop,Yes,Medium,85.8
ENG002571,CUST2571,League Match,163,48,Influencer Promotion,0.18,11.2,73,75,74,Mobile,Yes,Medium,72.4
ENG002572,CUST2572,League Match,129,37,Banner Ad,0.10,7.1,62,60,60,Smart TV,No,Low,57.9
ENG002573,CUST2573,Playoffs,232,77,Short Reel,0.33,23.4,97,99,97,Mobile,Yes,High,98.8
ENG002574,CUST2574,League Match,112,27,Banner Ad,0.06,5.3,51,50,49,Laptop,No,Low,47.3
ENG002575,CUST2575,Finals,254,80,Short Reel,0.35,27.8,99,99,98,Mobile,Yes,High,100.0
ENG002576,CUST2576,Rivalry Match,196,63,Video Ad,0.23,15.7,89,91,89,Smart TV,Yes,Medium,88.7
ENG002577,CUST2577,League Match,148,40,Influencer Promotion,0.14,8.3,64,67,65,Laptop,No,Medium,63.0
ENG002578,CUST2578,League Match,133,38,Banner Ad,0.11,7.4,63,62,61,Smart TV,No,Low,58.6
ENG002579,CUST2579,Playoffs,227,75,Short Reel,0.30,21.7,95,97,96,Mobile,Yes,High,96.7
ENG002580,CUST2580,League Match,117,30,Banner Ad,0.07,5.6,55,54,53,Laptop,No,Low,50.4
ENG002581,CUST2581,Rivalry Match,202,66,Short Reel,0.32,20.5,95,97,94,Mobile,Yes,High,95.9
ENG002582,CUST2582,League Match,140,43,Video Ad,0.17,9.8,70,68,65,Laptop,No,Medium,66.9
ENG002583,CUST2583,Playoffs,227,77,Influencer Promotion,0.34,23.6,97,98,96,Mobile,Yes,High,98.9
ENG002584,CUST2584,League Match,113,30,Banner Ad,0.07,5.8,57,55,53,Smart TV,No,Low,51.3
ENG002585,CUST2585,Finals,254,80,Short Reel,0.35,26.6,99,99,98,Mobile,Yes,High,100.0
ENG002586,CUST2586,League Match,160,47,Video Ad,0.18,11.5,74,76,74,Laptop,No,Medium,71.5
ENG002587,CUST2587,Rivalry Match,209,69,Short Reel,0.33,22.2,96,99,96,Mobile,Yes,High,97.4
ENG002588,CUST2588,League Match,181,46,Video Ad,0.15,9.7,68,66,67,Smart TV,No,Low,63.5
ENG002589,CUST2589,Playoffs,217,72,Influencer Promotion,0.30,20.5,93,96,93,Mobile,Yes,High,94.5
ENG002590,CUST2590,League Match,104,25,Banner Ad,0.05,4.5,49,51,48,Laptop,No,Low,46.3
ENG002591,CUST2591,Rivalry Match,191,61,Short Reel,0.29,18.4,91,95,90,Mobile,Yes,High,92.4
ENG002592,CUST2592,League Match,148,42,Video Ad,0.13,8.5,66,63,65,Smart TV,No,Medium,61.3
ENG002593,CUST2593,Playoffs,236,79,Influencer Promotion,0.35,24.9,98,98,97,Mobile,Yes,High,99.8
ENG002594,CUST2594,League Match,120,32,Banner Ad,0.08,6.3,60,58,56,Laptop,No,Low,53.0
ENG002595,CUST2595,Finals,247,80,Short Reel,0.35,27.7,99,99,98,Mobile,Yes,High,100.0
ENG002596,CUST2596,Rivalry Match,200,67,Video Ad,0.22,13.3,89,92,90,Laptop,Yes,Medium,88.3
ENG002597,CUST2597,League Match,159,45,Influencer Promotion,0.16,10.6,71,73,70,Mobile,Yes,Medium,69.7
ENG002598,CUST2598,League Match,128,36,Banner Ad,0.09,6.9,61,60,59,Smart TV,No,Low,56.4
ENG002599,CUST2599,Playoffs,230,76,Short Reel,0.31,22.3,96,99,96,Mobile,Yes,High,97.7
ENG002600,CUST2600,League Match,111,26,Banner Ad,0.06,5.2,52,50,50,Laptop,No,Low,48.3
ENG002601,CUST2601,Rivalry Match,203,66,Short Reel,0.32,20.7,95,98,94,Mobile,Yes,High,96.1
ENG002602,CUST2602,League Match,141,43,Video Ad,0.17,10.0,70,69,65,Laptop,No,Medium,67.1
ENG002603,CUST2603,Playoffs,228,77,Influencer Promotion,0.34,23.8,98,98,96,Mobile,Yes,High,99.0
ENG002604,CUST2604,League Match,114,31,Banner Ad,0.07,5.9,57,56,53,Smart TV,No,Low,51.5
ENG002605,CUST2605,Finals,255,80,Short Reel,0.35,26.8,99,99,99,Mobile,Yes,High,100.0
ENG002606,CUST2606,League Match,161,47,Video Ad,0.18,11.7,74,77,74,Laptop,No,Medium,71.7
ENG002607,CUST2607,Rivalry Match,210,69,Short Reel,0.33,22.4,97,99,96,Mobile,Yes,High,97.6
ENG002608,CUST2608,League Match,182,46,Video Ad,0.15,9.9,68,67,67,Smart TV,No,Low,63.7
ENG002609,CUST2609,Playoffs,218,72,Influencer Promotion,0.30,20.7,93,97,93,Mobile,Yes,High,94.7
ENG002610,CUST2610,League Match,105,26,Banner Ad,0.05,4.6,49,52,48,Laptop,No,Low,46.5
ENG002611,CUST2611,Rivalry Match,192,61,Short Reel,0.29,18.6,91,96,90,Mobile,Yes,High,92.6
ENG002612,CUST2612,League Match,149,42,Video Ad,0.13,8.7,66,64,65,Smart TV,No,Medium,61.5
ENG002613,CUST2613,Playoffs,237,79,Influencer Promotion,0.35,25.1,98,99,97,Mobile,Yes,High,99.9
ENG002614,CUST2614,League Match,121,32,Banner Ad,0.08,6.4,60,59,56,Laptop,No,Low,53.2
ENG002615,CUST2615,Finals,248,80,Short Reel,0.35,27.9,99,99,99,Mobile,Yes,High,100.0
ENG002616,CUST2616,Rivalry Match,201,67,Video Ad,0.22,13.5,89,93,90,Laptop,Yes,Medium,88.5
ENG002617,CUST2617,League Match,160,45,Influencer Promotion,0.16,10.8,71,74,70,Mobile,Yes,Medium,69.9
ENG002618,CUST2618,League Match,129,36,Banner Ad,0.09,7.0,61,61,59,Smart TV,No,Low,56.6
ENG002619,CUST2619,Playoffs,231,76,Short Reel,0.31,22.5,97,99,96,Mobile,Yes,High,97.9
ENG002620,CUST2620,League Match,112,27,Banner Ad,0.06,5.3,52,51,50,Laptop,No,Low,48.5
ENG002621,CUST2621,Rivalry Match,194,62,Video Ad,0.23,14.6,90,94,90,Smart TV,Yes,Medium,89.5
ENG002622,CUST2622,League Match,165,50,Influencer Promotion,0.19,11.9,75,78,75,Mobile,Yes,Medium,73.7
ENG002623,CUST2623,Finals,256,80,Short Reel,0.35,27.9,99,99,99,Mobile,Yes,High,100.0
ENG002624,CUST2624,League Match,123,31,Banner Ad,0.08,5.9,58,57,56,Laptop,No,Low,52.5
ENG002625,CUST2625,Playoffs,222,73,Video Ad,0.28,19.7,93,96,93,Smart TV,Yes,High,94.3
ENG002626,CUST2626,Rivalry Match,205,68,Short Reel,0.32,21.1,95,99,95,Mobile,Yes,High,96.5
ENG002627,CUST2627,League Match,154,43,Influencer Promotion,0.15,9.3,67,71,68,Laptop,No,Medium,66.1
ENG002628,CUST2628,League Match,117,31,Banner Ad,0.07,5.6,57,57,54,Smart TV,No,Low,51.7
ENG002629,CUST2629,Finals,244,79,Short Reel,0.34,25.4,98,99,98,Mobile,Yes,High,99.8
ENG002630,CUST2630,Rivalry Match,187,60,Video Ad,0.22,15.4,87,91,88,Laptop,Yes,Medium,87.1
ENG002631,CUST2631,League Match,161,46,Influencer Promotion,0.17,11.1,72,72,71,Mobile,Yes,Medium,70.5
ENG002632,CUST2632,League Match,125,34,Banner Ad,0.09,7.0,60,60,58,Smart TV,No,Low,55.6
ENG002633,CUST2633,Playoffs,232,77,Short Reel,0.32,23.4,97,99,97,Mobile,Yes,High,98.7
ENG002634,CUST2634,League Match,109,27,Banner Ad,0.05,4.9,50,51,49,Laptop,No,Low,47.0
ENG002635,CUST2635,Finals,252,80,Short Reel,0.35,27.2,99,99,99,Mobile,Yes,High,100.0
ENG002636,CUST2636,Rivalry Match,196,64,Video Ad,0.25,17.4,91,94,91,Smart TV,Yes,High,92.4
ENG002637,CUST2637,League Match,152,42,Influencer Promotion,0.14,8.9,66,70,67,Laptop,No,Medium,64.5
ENG002638,CUST2638,League Match,132,37,Banner Ad,0.10,7.3,62,62,60,Smart TV,No,Low,57.9
ENG002639,CUST2639,Playoffs,225,74,Short Reel,0.30,21.7,95,98,96,Mobile,Yes,High,96.7
ENG002640,CUST2640,League Match,115,30,Banner Ad,0.06,5.5,53,53,51,Laptop,No,Low,49.3
ENG002641,CUST2641,Rivalry Match,201,66,Video Ad,0.24,16.6,92,94,91,Smart TV,Yes,Medium,90.7
ENG002642,CUST2642,League Match,157,46,Influencer Promotion,0.16,10.3,69,73,70,Mobile,Yes,Medium,69.2
ENG002643,CUST2643,Finals,249,80,Short Reel,0.35,26.8,99,99,99,Mobile,Yes,High,100.0
ENG002644,CUST2644,League Match,121,33,Banner Ad,0.08,6.1,59,58,56,Laptop,No,Low,53.4
ENG002645,CUST2645,Playoffs,219,71,Video Ad,0.26,19.2,91,95,92,Smart TV,Yes,High,93.3
ENG002646,CUST2646,Rivalry Match,208,69,Short Reel,0.32,22.0,96,99,96,Mobile,Yes,High,97.2
ENG002647,CUST2647,League Match,153,43,Influencer Promotion,0.15,9.1,67,70,68,Laptop,No,Medium,65.6
ENG002648,CUST2648,League Match,127,35,Banner Ad,0.09,6.6,60,60,58,Smart TV,No,Low,55.9
ENG002649,CUST2649,Finals,242,78,Short Reel,0.33,25.1,98,99,98,Mobile,Yes,High,99.4
ENG002650,CUST2650,Rivalry Match,188,60,Video Ad,0.21,14.8,87,90,87,Laptop,Yes,Medium,86.0
ENG002651,CUST2651,League Match,164,48,Influencer Promotion,0.18,11.4,73,76,74,Mobile,Yes,Medium,72.6
ENG002652,CUST2652,League Match,130,37,Banner Ad,0.10,7.2,62,61,60,Smart TV,No,Low,58.1
ENG002653,CUST2653,Playoffs,233,77,Short Reel,0.33,23.6,97,99,97,Mobile,Yes,High,99.0
ENG002654,CUST2654,League Match,113,28,Banner Ad,0.06,5.4,51,51,49,Laptop,No,Low,47.5
ENG002655,CUST2655,Finals,255,80,Short Reel,0.35,28.0,99,99,99,Mobile,Yes,High,100.0
ENG002656,CUST2656,Rivalry Match,197,63,Video Ad,0.23,15.9,89,92,89,Smart TV,Yes,Medium,88.9
ENG002657,CUST2657,League Match,149,40,Influencer Promotion,0.14,8.5,64,68,65,Laptop,No,Medium,63.2
ENG002658,CUST2658,League Match,134,38,Banner Ad,0.11,7.5,63,63,61,Smart TV,No,Low,58.8
ENG002659,CUST2659,Playoffs,228,75,Short Reel,0.30,21.9,95,98,96,Mobile,Yes,High,96.9
ENG002660,CUST2660,League Match,118,31,Banner Ad,0.07,5.7,55,55,53,Laptop,No,Low,50.6
ENG002661,CUST2661,Rivalry Match,203,66,Short Reel,0.32,20.7,95,98,94,Mobile,Yes,High,96.1
ENG002662,CUST2662,League Match,141,43,Video Ad,0.17,10.0,70,69,65,Laptop,No,Medium,67.1
ENG002663,CUST2663,Playoffs,228,77,Influencer Promotion,0.34,23.8,98,98,96,Mobile,Yes,High,99.0
ENG002664,CUST2664,League Match,114,31,Banner Ad,0.07,5.9,57,56,53,Smart TV,No,Low,51.5
ENG002665,CUST2665,Finals,255,80,Short Reel,0.35,26.8,99,99,99,Mobile,Yes,High,100.0
ENG002666,CUST2666,League Match,161,47,Video Ad,0.18,11.7,74,77,74,Laptop,No,Medium,71.7
ENG002667,CUST2667,Rivalry Match,210,69,Short Reel,0.33,22.4,97,99,96,Mobile,Yes,High,97.6
ENG002668,CUST2668,League Match,182,46,Video Ad,0.15,9.9,68,67,67,Smart TV,No,Low,63.7
ENG002669,CUST2669,Playoffs,218,72,Influencer Promotion,0.30,20.7,93,97,93,Mobile,Yes,High,94.7
ENG002670,CUST2670,League Match,105,26,Banner Ad,0.05,4.6,49,52,48,Laptop,No,Low,46.5
ENG002671,CUST2671,Rivalry Match,192,61,Short Reel,0.29,18.6,91,96,90,Mobile,Yes,High,92.6
ENG002672,CUST2672,League Match,149,42,Video Ad,0.13,8.7,66,64,65,Smart TV,No,Medium,61.5
ENG002673,CUST2673,Playoffs,237,79,Influencer Promotion,0.35,25.1,98,99,97,Mobile,Yes,High,99.9
ENG002674,CUST2674,League Match,121,32,Banner Ad,0.08,6.4,60,59,56,Laptop,No,Low,53.2
ENG002675,CUST2675,Finals,248,80,Short Reel,0.35,27.9,99,99,99,Mobile,Yes,High,100.0
ENG002676,CUST2676,Rivalry Match,201,67,Video Ad,0.22,13.5,89,93,90,Laptop,Yes,Medium,88.5
ENG002677,CUST2677,League Match,160,45,Influencer Promotion,0.16,10.8,71,74,70,Mobile,Yes,Medium,69.9
ENG002678,CUST2678,League Match,129,36,Banner Ad,0.09,7.0,61,61,59,Smart TV,No,Low,56.6
ENG002679,CUST2679,Playoffs,231,76,Short Reel,0.31,22.5,97,99,96,Mobile,Yes,High,97.9
ENG002680,CUST2680,League Match,112,27,Banner Ad,0.06,5.3,52,51,50,Laptop,No,Low,48.5
ENG002681,CUST2681,Rivalry Match,194,62,Video Ad,0.23,14.6,90,94,90,Smart TV,Yes,Medium,89.5
ENG002682,CUST2682,League Match,165,50,Influencer Promotion,0.19,11.9,75,78,75,Mobile,Yes,Medium,73.7
ENG002683,CUST2683,Finals,256,80,Short Reel,0.35,27.9,99,99,99,Mobile,Yes,High,100.0
ENG002684,CUST2684,League Match,123,31,Banner Ad,0.08,5.9,58,57,56,Laptop,No,Low,52.5
ENG002685,CUST2685,Playoffs,222,73,Video Ad,0.28,19.7,93,96,93,Smart TV,Yes,High,94.3
ENG002686,CUST2686,Rivalry Match,205,68,Short Reel,0.32,21.1,95,99,95,Mobile,Yes,High,96.5
ENG002687,CUST2687,League Match,154,43,Influencer Promotion,0.15,9.3,67,71,68,Laptop,No,Medium,66.1
ENG002688,CUST2688,League Match,117,31,Banner Ad,0.07,5.6,57,57,54,Smart TV,No,Low,51.7
ENG002689,CUST2689,Finals,244,79,Short Reel,0.34,25.4,98,99,98,Mobile,Yes,High,99.8
ENG002690,CUST2690,Rivalry Match,187,60,Video Ad,0.22,15.4,87,91,88,Laptop,Yes,Medium,87.1
ENG002691,CUST2691,League Match,161,46,Influencer Promotion,0.17,11.1,72,72,71,Mobile,Yes,Medium,70.5
ENG002692,CUST2692,League Match,125,34,Banner Ad,0.09,7.0,60,60,58,Smart TV,No,Low,55.6
ENG002693,CUST2693,Playoffs,232,77,Short Reel,0.32,23.4,97,99,97,Mobile,Yes,High,98.7
ENG002694,CUST2694,League Match,109,27,Banner Ad,0.05,4.9,50,51,49,Laptop,No,Low,47.0
ENG002695,CUST2695,Finals,252,80,Short Reel,0.35,27.2,99,99,99,Mobile,Yes,High,100.0
ENG002696,CUST2696,Rivalry Match,196,64,Video Ad,0.25,17.4,91,94,91,Smart TV,Yes,High,92.4
ENG002697,CUST2697,League Match,152,42,Influencer Promotion,0.14,8.9,66,70,67,Laptop,No,Medium,64.5
ENG002698,CUST2698,League Match,132,37,Banner Ad,0.10,7.3,62,62,60,Smart TV,No,Low,57.9
ENG002699,CUST2699,Playoffs,225,74,Short Reel,0.30,21.7,95,98,96,Mobile,Yes,High,96.7
ENG002700,CUST2700,League Match,115,30,Banner Ad,0.06,5.5,53,53,51,Laptop,No,Low,49.3
ENG002701,CUST2701,Rivalry Match,201,66,Video Ad,0.24,16.6,92,94,91,Smart TV,Yes,Medium,90.7
ENG002702,CUST2702,League Match,157,46,Influencer Promotion,0.16,10.3,69,73,70,Mobile,Yes,Medium,69.2
ENG002703,CUST2703,Finals,249,80,Short Reel,0.35,26.8,99,99,99,Mobile,Yes,High,100.0
ENG002704,CUST2704,League Match,121,33,Banner Ad,0.08,6.1,59,58,56,Laptop,No,Low,53.4
ENG002705,CUST2705,Playoffs,219,71,Video Ad,0.26,19.2,91,95,92,Smart TV,Yes,High,93.3
ENG002706,CUST2706,Rivalry Match,208,69,Short Reel,0.32,22.0,96,99,96,Mobile,Yes,High,97.2
ENG002707,CUST2707,League Match,153,43,Influencer Promotion,0.15,9.1,67,70,68,Laptop,No,Medium,65.6
ENG002708,CUST2708,League Match,127,35,Banner Ad,0.09,6.6,60,60,58,Smart TV,No,Low,55.9
ENG002709,CUST2709,Finals,242,78,Short Reel,0.33,25.1,98,99,98,Mobile,Yes,High,99.4
ENG002710,CUST2710,Rivalry Match,188,60,Video Ad,0.21,14.8,87,90,87,Laptop,Yes,Medium,86.0
ENG002711,CUST2711,League Match,164,48,Influencer Promotion,0.18,11.4,73,76,74,Mobile,Yes,Medium,72.6
ENG002712,CUST2712,League Match,130,37,Banner Ad,0.10,7.2,62,61,60,Smart TV,No,Low,58.1
ENG002713,CUST2713,Playoffs,233,77,Short Reel,0.33,23.6,97,99,97,Mobile,Yes,High,99.0
ENG002714,CUST2714,League Match,113,28,Banner Ad,0.06,5.4,51,51,49,Laptop,No,Low,47.5
ENG002715,CUST2715,Finals,255,80,Short Reel,0.35,28.0,99,99,99,Mobile,Yes,High,100.0
ENG002716,CUST2716,Rivalry Match,197,63,Video Ad,0.23,15.9,89,92,89,Smart TV,Yes,Medium,88.9
ENG002717,CUST2717,League Match,149,40,Influencer Promotion,0.14,8.5,64,68,65,Laptop,No,Medium,63.2
ENG002718,CUST2718,League Match,134,38,Banner Ad,0.11,7.5,63,63,61,Smart TV,No,Low,58.8
ENG002719,CUST2719,Playoffs,228,75,Short Reel,0.30,21.9,95,98,96,Mobile,Yes,High,96.9
ENG002720,CUST2720,League Match,118,31,Banner Ad,0.07,5.7,55,55,53,Laptop,No,Low,50.6
ENG002721,CUST2721,Rivalry Match,203,66,Short Reel,0.32,20.7,95,98,94,Mobile,Yes,High,96.1
ENG002722,CUST2722,League Match,141,43,Video Ad,0.17,10.0,70,69,65,Laptop,No,Medium,67.1
ENG002723,CUST2723,Playoffs,228,77,Influencer Promotion,0.34,23.8,98,98,96,Mobile,Yes,High,99.0
ENG002724,CUST2724,League Match,114,31,Banner Ad,0.07,5.9,57,56,53,Smart TV,No,Low,51.5
ENG002725,CUST2725,Finals,255,80,Short Reel,0.35,26.8,99,99,99,Mobile,Yes,High,100.0
ENG002726,CUST2726,League Match,161,47,Video Ad,0.18,11.7,74,77,74,Laptop,No,Medium,71.7
ENG002727,CUST2727,Rivalry Match,210,69,Short Reel,0.33,22.4,97,99,96,Mobile,Yes,High,97.6
ENG002728,CUST2728,League Match,182,46,Video Ad,0.15,9.9,68,67,67,Smart TV,No,Low,63.7
ENG002729,CUST2729,Playoffs,218,72,Influencer Promotion,0.30,20.7,93,97,93,Mobile,Yes,High,94.7
ENG002730,CUST2730,League Match,105,26,Banner Ad,0.05,4.6,49,52,48,Laptop,No,Low,46.5
ENG002731,CUST2731,Rivalry Match,192,61,Short Reel,0.29,18.6,91,96,90,Mobile,Yes,High,92.6
ENG002732,CUST2732,League Match,149,42,Video Ad,0.13,8.7,66,64,65,Smart TV,No,Medium,61.5
ENG002733,CUST2733,Playoffs,237,79,Influencer Promotion,0.35,25.1,98,99,97,Mobile,Yes,High,99.9
ENG002734,CUST2734,League Match,121,32,Banner Ad,0.08,6.4,60,59,56,Laptop,No,Low,53.2
ENG002735,CUST2735,Finals,248,80,Short Reel,0.35,27.9,99,99,99,Mobile,Yes,High,100.0
ENG002736,CUST2736,Rivalry Match,201,67,Video Ad,0.22,13.5,89,93,90,Laptop,Yes,Medium,88.5
ENG002737,CUST2737,League Match,160,45,Influencer Promotion,0.16,10.8,71,74,70,Mobile,Yes,Medium,69.9
ENG002738,CUST2738,League Match,129,36,Banner Ad,0.09,7.0,61,61,59,Smart TV,No,Low,56.6
ENG002739,CUST2739,Playoffs,231,76,Short Reel,0.31,22.5,97,99,96,Mobile,Yes,High,97.9
ENG002740,CUST2740,League Match,112,27,Banner Ad,0.06,5.3,52,51,50,Laptop,No,Low,48.5
ENG002741,CUST2741,Rivalry Match,194,62,Video Ad,0.23,14.6,90,94,90,Smart TV,Yes,Medium,89.5
ENG002742,CUST2742,League Match,165,50,Influencer Promotion,0.19,11.9,75,78,75,Mobile,Yes,Medium,73.7
ENG002743,CUST2743,Finals,256,80,Short Reel,0.35,27.9,99,99,99,Mobile,Yes,High,100.0
ENG002744,CUST2744,League Match,123,31,Banner Ad,0.08,5.9,58,57,56,Laptop,No,Low,52.5
ENG002745,CUST2745,Playoffs,222,73,Video Ad,0.28,19.7,93,96,93,Smart TV,Yes,High,94.3
ENG002746,CUST2746,Rivalry Match,205,68,Short Reel,0.32,21.1,95,99,95,Mobile,Yes,High,96.5
ENG002747,CUST2747,League Match,154,43,Influencer Promotion,0.15,9.3,67,71,68,Laptop,No,Medium,66.1
ENG002748,CUST2748,League Match,117,31,Banner Ad,0.07,5.6,57,57,54,Smart TV,No,Low,51.7
ENG002749,CUST2749,Finals,244,79,Short Reel,0.34,25.4,98,99,98,Mobile,Yes,High,99.8
ENG002750,CUST2750,Rivalry Match,187,60,Video Ad,0.22,15.4,87,91,88,Laptop,Yes,Medium,87.1
ENG002751,CUST2751,League Match,161,46,Influencer Promotion,0.17,11.1,72,72,71,Mobile,Yes,Medium,70.5
ENG002752,CUST2752,League Match,125,34,Banner Ad,0.09,7.0,60,60,58,Smart TV,No,Low,55.6
ENG002753,CUST2753,Playoffs,232,77,Short Reel,0.32,23.4,97,99,97,Mobile,Yes,High,98.7
ENG002754,CUST2754,League Match,109,27,Banner Ad,0.05,4.9,50,51,49,Laptop,No,Low,47.0
ENG002755,CUST2755,Finals,252,80,Short Reel,0.35,27.2,99,99,99,Mobile,Yes,High,100.0
ENG002756,CUST2756,Rivalry Match,196,64,Video Ad,0.25,17.4,91,94,91,Smart TV,Yes,High,92.4
ENG002757,CUST2757,League Match,152,42,Influencer Promotion,0.14,8.9,66,70,67,Laptop,No,Medium,64.5
ENG002758,CUST2758,League Match,132,37,Banner Ad,0.10,7.3,62,62,60,Smart TV,No,Low,57.9
ENG002759,CUST2759,Playoffs,225,74,Short Reel,0.30,21.7,95,98,96,Mobile,Yes,High,96.7
ENG002760,CUST2760,League Match,115,30,Banner Ad,0.06,5.5,53,53,51,Laptop,No,Low,49.3
ENG002761,CUST2761,Rivalry Match,201,66,Video Ad,0.24,16.6,92,94,91,Smart TV,Yes,Medium,90.7
ENG002762,CUST2762,League Match,157,46,Influencer Promotion,0.16,10.3,69,73,70,Mobile,Yes,Medium,69.2
ENG002763,CUST2763,Finals,249,80,Short Reel,0.35,26.8,99,99,99,Mobile,Yes,High,100.0
ENG002764,CUST2764,League Match,121,33,Banner Ad,0.08,6.1,59,58,56,Laptop,No,Low,53.4
ENG002765,CUST2765,Playoffs,219,71,Video Ad,0.26,19.2,91,95,92,Smart TV,Yes,High,93.3
ENG002766,CUST2766,Rivalry Match,208,69,Short Reel,0.32,22.0,96,99,96,Mobile,Yes,High,97.2
ENG002767,CUST2767,League Match,153,43,Influencer Promotion,0.15,9.1,67,70,68,Laptop,No,Medium,65.6
ENG002768,CUST2768,League Match,127,35,Banner Ad,0.09,6.6,60,60,58,Smart TV,No,Low,55.9
ENG002769,CUST2769,Finals,242,78,Short Reel,0.33,25.1,98,99,98,Mobile,Yes,High,99.4
ENG002770,CUST2770,Rivalry Match,188,60,Video Ad,0.21,14.8,87,90,87,Laptop,Yes,Medium,86.0
ENG002771,CUST2771,League Match,164,48,Influencer Promotion,0.18,11.4,73,76,74,Mobile,Yes,Medium,72.6
ENG002772,CUST2772,League Match,130,37,Banner Ad,0.10,7.2,62,61,60,Smart TV,No,Low,58.1
ENG002773,CUST2773,Playoffs,233,77,Short Reel,0.33,23.6,97,99,97,Mobile,Yes,High,99.0
ENG002774,CUST2774,League Match,113,28,Banner Ad,0.06,5.4,51,51,49,Laptop,No,Low,47.5
ENG002775,CUST2775,Finals,255,80,Short Reel,0.35,28.0,99,99,99,Mobile,Yes,High,100.0
ENG002776,CUST2776,Rivalry Match,197,63,Video Ad,0.23,15.9,89,92,89,Smart TV,Yes,Medium,88.9
ENG002777,CUST2777,League Match,149,40,Influencer Promotion,0.14,8.5,64,68,65,Laptop,No,Medium,63.2
ENG002778,CUST2778,League Match,134,38,Banner Ad,0.11,7.5,63,63,61,Smart TV,No,Low,58.8
ENG002779,CUST2779,Playoffs,228,75,Short Reel,0.30,21.9,95,98,96,Mobile,Yes,High,96.9
ENG002780,CUST2780,League Match,118,31,Banner Ad,0.07,5.7,55,55,53,Laptop,No,Low,50.6
ENG002781,CUST2781,Rivalry Match,203,66,Short Reel,0.32,20.7,95,98,94,Mobile,Yes,High,96.1
ENG002782,CUST2782,League Match,141,43,Video Ad,0.17,10.0,70,69,65,Laptop,No,Medium,67.1
ENG002783,CUST2783,Playoffs,228,77,Influencer Promotion,0.34,23.8,98,98,96,Mobile,Yes,High,99.0
ENG002784,CUST2784,League Match,114,31,Banner Ad,0.07,5.9,57,56,53,Smart TV,No,Low,51.5
ENG002785,CUST2785,Finals,255,80,Short Reel,0.35,26.8,99,99,99,Mobile,Yes,High,100.0
ENG002786,CUST2786,League Match,161,47,Video Ad,0.18,11.7,74,77,74,Laptop,No,Medium,71.7
ENG002787,CUST2787,Rivalry Match,210,69,Short Reel,0.33,22.4,97,99,96,Mobile,Yes,High,97.6
ENG002788,CUST2788,League Match,182,46,Video Ad,0.15,9.9,68,67,67,Smart TV,No,Low,63.7
ENG002789,CUST2789,Playoffs,218,72,Influencer Promotion,0.30,20.7,93,97,93,Mobile,Yes,High,94.7
ENG002790,CUST2790,League Match,105,26,Banner Ad,0.05,4.6,49,52,48,Laptop,No,Low,46.5
ENG002791,CUST2791,Rivalry Match,192,61,Short Reel,0.29,18.6,91,96,90,Mobile,Yes,High,92.6
ENG002792,CUST2792,League Match,149,42,Video Ad,0.13,8.7,66,64,65,Smart TV,No,Medium,61.5
ENG002793,CUST2793,Playoffs,237,79,Influencer Promotion,0.35,25.1,98,99,97,Mobile,Yes,High,99.9
ENG002794,CUST2794,League Match,121,32,Banner Ad,0.08,6.4,60,59,56,Laptop,No,Low,53.2
ENG002795,CUST2795,Finals,248,80,Short Reel,0.35,27.9,99,99,99,Mobile,Yes,High,100.0
ENG002796,CUST2796,Rivalry Match,201,67,Video Ad,0.22,13.5,89,93,90,Laptop,Yes,Medium,88.5
ENG002797,CUST2797,League Match,160,45,Influencer Promotion,0.16,10.8,71,74,70,Mobile,Yes,Medium,69.9
ENG002798,CUST2798,League Match,129,36,Banner Ad,0.09,7.0,61,61,59,Smart TV,No,Low,56.6
ENG002799,CUST2799,Playoffs,231,76,Short Reel,0.31,22.5,97,99,96,Mobile,Yes,High,97.9
ENG002800,CUST2800,League Match,112,27,Banner Ad,0.06,5.3,52,51,50,Laptop,No,Low,48.5
ENG002801,CUST2801,Rivalry Match,204,67,Short Reel,0.33,20.9,96,98,95,Mobile,Yes,High,96.3
ENG002802,CUST2802,League Match,142,44,Video Ad,0.18,10.2,71,69,66,Laptop,No,Medium,67.4
ENG002803,CUST2803,Playoffs,229,78,Influencer Promotion,0.34,24.0,98,99,97,Mobile,Yes,High,99.2
ENG002804,CUST2804,League Match,115,31,Banner Ad,0.07,6.0,58,56,54,Smart TV,No,Low,51.8
ENG002805,CUST2805,Finals,256,80,Short Reel,0.35,27.0,99,99,99,Mobile,Yes,High,100.0
ENG002806,CUST2806,League Match,162,48,Video Ad,0.19,11.9,75,77,75,Laptop,No,Medium,72.0
ENG002807,CUST2807,Rivalry Match,211,70,Short Reel,0.33,22.6,97,99,97,Mobile,Yes,High,97.8
ENG002808,CUST2808,League Match,183,47,Video Ad,0.16,10.1,69,67,68,Smart TV,No,Low,64.0
ENG002809,CUST2809,Playoffs,219,73,Influencer Promotion,0.30,20.9,94,97,94,Mobile,Yes,High,95.0
ENG002810,CUST2810,League Match,106,26,Banner Ad,0.05,4.7,50,52,49,Laptop,No,Low,46.8
ENG002811,CUST2811,Rivalry Match,193,62,Short Reel,0.29,18.8,92,96,91,Mobile,Yes,High,92.9
ENG002812,CUST2812,League Match,150,43,Video Ad,0.13,8.9,67,64,66,Smart TV,No,Medium,61.8
ENG002813,CUST2813,Playoffs,238,79,Influencer Promotion,0.35,25.3,99,99,98,Mobile,Yes,High,100.0
ENG002814,CUST2814,League Match,122,33,Banner Ad,0.08,6.5,61,59,57,Laptop,No,Low,53.5
ENG002815,CUST2815,Finals,249,80,Short Reel,0.35,28.1,99,99,99,Mobile,Yes,High,100.0
ENG002816,CUST2816,Rivalry Match,202,68,Video Ad,0.23,13.7,90,93,91,Laptop,Yes,Medium,88.8
ENG002817,CUST2817,League Match,161,46,Influencer Promotion,0.16,11.0,72,74,71,Mobile,Yes,Medium,70.2
ENG002818,CUST2818,League Match,130,37,Banner Ad,0.09,7.1,62,61,60,Smart TV,No,Low,56.9
ENG002819,CUST2819,Playoffs,232,77,Short Reel,0.31,22.7,97,99,97,Mobile,Yes,High,98.1
ENG002820,CUST2820,League Match,113,28,Banner Ad,0.06,5.4,53,51,51,Laptop,No,Low,48.8
ENG002821,CUST2821,Rivalry Match,195,63,Video Ad,0.23,14.8,91,94,91,Smart TV,Yes,Medium,89.8
ENG002822,CUST2822,League Match,166,51,Influencer Promotion,0.19,12.1,76,78,76,Mobile,Yes,Medium,74.0
ENG002823,CUST2823,Finals,257,80,Short Reel,0.35,28.1,99,99,99,Mobile,Yes,High,100.0
ENG002824,CUST2824,League Match,124,32,Banner Ad,0.08,6.0,59,57,57,Laptop,No,Low,52.8
ENG002825,CUST2825,Playoffs,223,74,Video Ad,0.28,19.9,94,96,94,Smart TV,Yes,High,94.6
ENG002826,CUST2826,Rivalry Match,206,69,Short Reel,0.32,21.3,96,99,96,Mobile,Yes,High,96.8
ENG002827,CUST2827,League Match,155,44,Influencer Promotion,0.15,9.5,68,71,69,Laptop,No,Medium,66.4
ENG002828,CUST2828,League Match,118,32,Banner Ad,0.07,5.7,58,57,55,Smart TV,No,Low,52.0
ENG002829,CUST2829,Finals,245,79,Short Reel,0.34,25.6,98,99,98,Mobile,Yes,High,99.9
ENG002830,CUST2830,Rivalry Match,188,61,Video Ad,0.22,15.6,88,91,89,Laptop,Yes,Medium,87.4
ENG002831,CUST2831,League Match,162,47,Influencer Promotion,0.17,11.3,73,73,72,Mobile,Yes,Medium,70.8
ENG002832,CUST2832,League Match,126,35,Banner Ad,0.09,7.1,61,60,59,Smart TV,No,Low,55.9
ENG002833,CUST2833,Playoffs,233,78,Short Reel,0.32,23.6,98,99,98,Mobile,Yes,High,98.9
ENG002834,CUST2834,League Match,110,28,Banner Ad,0.05,5.0,51,51,50,Laptop,No,Low,47.3
ENG002835,CUST2835,Finals,253,80,Short Reel,0.35,27.4,99,99,99,Mobile,Yes,High,100.0
ENG002836,CUST2836,Rivalry Match,197,65,Video Ad,0.25,17.6,92,94,92,Smart TV,Yes,High,92.7
ENG002837,CUST2837,League Match,153,43,Influencer Promotion,0.14,9.1,67,70,68,Laptop,No,Medium,64.8
ENG002838,CUST2838,League Match,133,38,Banner Ad,0.10,7.5,63,63,61,Smart TV,No,Low,58.2
ENG002839,CUST2839,Playoffs,226,75,Short Reel,0.30,21.9,96,98,97,Mobile,Yes,High,97.0
ENG002840,CUST2840,League Match,116,31,Banner Ad,0.06,5.6,54,54,52,Laptop,No,Low,49.6
ENG002841,CUST2841,Rivalry Match,202,67,Video Ad,0.24,16.8,93,94,92,Smart TV,Yes,Medium,91.0
ENG002842,CUST2842,League Match,158,47,Influencer Promotion,0.16,10.5,70,73,71,Mobile,Yes,Medium,69.5
ENG002843,CUST2843,Finals,250,80,Short Reel,0.35,27.0,99,99,99,Mobile,Yes,High,100.0
ENG002844,CUST2844,League Match,122,34,Banner Ad,0.08,6.2,60,58,57,Laptop,No,Low,53.7
ENG002845,CUST2845,Playoffs,220,72,Video Ad,0.26,19.4,92,95,93,Smart TV,Yes,High,93.6
ENG002846,CUST2846,Rivalry Match,209,70,Short Reel,0.32,22.2,97,99,97,Mobile,Yes,High,97.4
ENG002847,CUST2847,League Match,154,44,Influencer Promotion,0.15,9.3,68,70,69,Laptop,No,Medium,65.9
ENG002848,CUST2848,League Match,128,36,Banner Ad,0.09,6.8,61,61,59,Smart TV,No,Low,56.2
ENG002849,CUST2849,Finals,243,79,Short Reel,0.33,25.3,98,99,98,Mobile,Yes,High,99.6
ENG002850,CUST2850,Rivalry Match,189,61,Video Ad,0.21,15.0,88,90,88,Laptop,Yes,Medium,86.3
ENG002851,CUST2851,League Match,165,49,Influencer Promotion,0.18,11.6,74,76,75,Mobile,Yes,Medium,72.9
ENG002852,CUST2852,League Match,131,38,Banner Ad,0.10,7.4,63,62,61,Smart TV,No,Low,58.4
ENG002853,CUST2853,Playoffs,234,78,Short Reel,0.33,23.8,98,99,98,Mobile,Yes,High,99.2
ENG002854,CUST2854,League Match,114,29,Banner Ad,0.06,5.5,52,52,50,Laptop,No,Low,47.8
ENG002855,CUST2855,Finals,256,80,Short Reel,0.35,28.2,99,99,99,Mobile,Yes,High,100.0
ENG002856,CUST2856,Rivalry Match,198,64,Video Ad,0.23,16.1,90,92,90,Smart TV,Yes,Medium,89.2
ENG002857,CUST2857,League Match,150,41,Influencer Promotion,0.14,8.7,65,68,66,Laptop,No,Medium,63.5
ENG002858,CUST2858,League Match,135,39,Banner Ad,0.11,7.7,64,64,62,Smart TV,No,Low,59.1
ENG002859,CUST2859,Playoffs,229,76,Short Reel,0.30,22.1,96,98,97,Mobile,Yes,High,97.2
ENG002860,CUST2860,League Match,119,32,Banner Ad,0.07,5.8,56,55,54,Laptop,No,Low,50.9
ENG002861,CUST2861,Rivalry Match,204,67,Short Reel,0.33,20.9,96,98,95,Mobile,Yes,High,96.3
ENG002862,CUST2862,League Match,142,44,Video Ad,0.18,10.2,71,69,66,Laptop,No,Medium,67.4
ENG002863,CUST2863,Playoffs,229,78,Influencer Promotion,0.34,24.0,98,99,97,Mobile,Yes,High,99.2
ENG002864,CUST2864,League Match,115,31,Banner Ad,0.07,6.0,58,56,54,Smart TV,No,Low,51.8
ENG002865,CUST2865,Finals,256,80,Short Reel,0.35,27.0,99,99,99,Mobile,Yes,High,100.0
ENG002866,CUST2866,League Match,162,48,Video Ad,0.19,11.9,75,77,75,Laptop,No,Medium,72.0
ENG002867,CUST2867,Rivalry Match,211,70,Short Reel,0.33,22.6,97,99,97,Mobile,Yes,High,97.8
ENG002868,CUST2868,League Match,183,47,Video Ad,0.16,10.1,69,67,68,Smart TV,No,Low,64.0
ENG002869,CUST2869,Playoffs,219,73,Influencer Promotion,0.30,20.9,94,97,94,Mobile,Yes,High,95.0
ENG002870,CUST2870,League Match,106,26,Banner Ad,0.05,4.7,50,52,49,Laptop,No,Low,46.8
ENG002871,CUST2871,Rivalry Match,193,62,Short Reel,0.29,18.8,92,96,91,Mobile,Yes,High,92.9
ENG002872,CUST2872,League Match,150,43,Video Ad,0.13,8.9,67,64,66,Smart TV,No,Medium,61.8
ENG002873,CUST2873,Playoffs,238,79,Influencer Promotion,0.35,25.3,99,99,98,Mobile,Yes,High,100.0
ENG002874,CUST2874,League Match,122,33,Banner Ad,0.08,6.5,61,59,57,Laptop,No,Low,53.5
ENG002875,CUST2875,Finals,249,80,Short Reel,0.35,28.1,99,99,99,Mobile,Yes,High,100.0
ENG002876,CUST2876,Rivalry Match,202,68,Video Ad,0.23,13.7,90,93,91,Laptop,Yes,Medium,88.8
ENG002877,CUST2877,League Match,161,46,Influencer Promotion,0.16,11.0,72,74,71,Mobile,Yes,Medium,70.2
ENG002878,CUST2878,League Match,130,37,Banner Ad,0.09,7.1,62,61,60,Smart TV,No,Low,56.9
ENG002879,CUST2879,Playoffs,232,77,Short Reel,0.31,22.7,97,99,97,Mobile,Yes,High,98.1
ENG002880,CUST2880,League Match,113,28,Banner Ad,0.06,5.4,53,51,51,Laptop,No,Low,48.8
ENG002881,CUST2881,Rivalry Match,195,63,Video Ad,0.23,14.8,91,94,91,Smart TV,Yes,Medium,89.8
ENG002882,CUST2882,League Match,166,51,Influencer Promotion,0.19,12.1,76,78,76,Mobile,Yes,Medium,74.0
ENG002883,CUST2883,Finals,257,80,Short Reel,0.35,28.1,99,99,99,Mobile,Yes,High,100.0
ENG002884,CUST2884,League Match,124,32,Banner Ad,0.08,6.0,59,57,57,Laptop,No,Low,52.8
ENG002885,CUST2885,Playoffs,223,74,Video Ad,0.28,19.9,94,96,94,Smart TV,Yes,High,94.6
ENG002886,CUST2886,Rivalry Match,206,69,Short Reel,0.32,21.3,96,99,96,Mobile,Yes,High,96.8
ENG002887,CUST2887,League Match,155,44,Influencer Promotion,0.15,9.5,68,71,69,Laptop,No,Medium,66.4
ENG002888,CUST2888,League Match,118,32,Banner Ad,0.07,5.7,58,57,55,Smart TV,No,Low,52.0
ENG002889,CUST2889,Finals,245,79,Short Reel,0.34,25.6,98,99,98,Mobile,Yes,High,99.9
ENG002890,CUST2890,Rivalry Match,188,61,Video Ad,0.22,15.6,88,91,89,Laptop,Yes,Medium,87.4
ENG002891,CUST2891,League Match,162,47,Influencer Promotion,0.17,11.3,73,73,72,Mobile,Yes,Medium,70.8
ENG002892,CUST2892,League Match,126,35,Banner Ad,0.09,7.1,61,60,59,Smart TV,No,Low,55.9
ENG002893,CUST2893,Playoffs,233,78,Short Reel,0.32,23.6,98,99,98,Mobile,Yes,High,98.9
ENG002894,CUST2894,League Match,110,28,Banner Ad,0.05,5.0,51,51,50,Laptop,No,Low,47.3
ENG002895,CUST2895,Finals,253,80,Short Reel,0.35,27.4,99,99,99,Mobile,Yes,High,100.0
ENG002896,CUST2896,Rivalry Match,197,65,Video Ad,0.25,17.6,92,94,92,Smart TV,Yes,High,92.7
ENG002897,CUST2897,League Match,153,43,Influencer Promotion,0.14,9.1,67,70,68,Laptop,No,Medium,64.8
ENG002898,CUST2898,League Match,133,38,Banner Ad,0.10,7.5,63,63,61,Smart TV,No,Low,58.2
ENG002899,CUST2899,Playoffs,226,75,Short Reel,0.30,21.9,96,98,97,Mobile,Yes,High,97.0
ENG002900,CUST2900,League Match,116,31,Banner Ad,0.06,5.6,54,54,52,Laptop,No,Low,49.6
ENG002901,CUST2901,Rivalry Match,202,67,Video Ad,0.24,16.8,93,94,92,Smart TV,Yes,Medium,91.0
ENG002902,CUST2902,League Match,158,47,Influencer Promotion,0.16,10.5,70,73,71,Mobile,Yes,Medium,69.5
ENG002903,CUST2903,Finals,250,80,Short Reel,0.35,27.0,99,99,99,Mobile,Yes,High,100.0
ENG002904,CUST2904,League Match,122,34,Banner Ad,0.08,6.2,60,58,57,Laptop,No,Low,53.7
ENG002905,CUST2905,Playoffs,220,72,Video Ad,0.26,19.4,92,95,93,Smart TV,Yes,High,93.6
ENG002906,CUST2906,Rivalry Match,209,70,Short Reel,0.32,22.2,97,99,97,Mobile,Yes,High,97.4
ENG002907,CUST2907,League Match,154,44,Influencer Promotion,0.15,9.3,68,70,69,Laptop,No,Medium,65.9
ENG002908,CUST2908,League Match,128,36,Banner Ad,0.09,6.8,61,61,59,Smart TV,No,Low,56.2
ENG002909,CUST2909,Finals,243,79,Short Reel,0.33,25.3,98,99,98,Mobile,Yes,High,99.6
ENG002910,CUST2910,Rivalry Match,189,61,Video Ad,0.21,15.0,88,90,88,Laptop,Yes,Medium,86.3
ENG002911,CUST2911,League Match,165,49,Influencer Promotion,0.18,11.6,74,76,75,Mobile,Yes,Medium,72.9
ENG002912,CUST2912,League Match,131,38,Banner Ad,0.10,7.4,63,62,61,Smart TV,No,Low,58.4
ENG002913,CUST2913,Playoffs,234,78,Short Reel,0.33,23.8,98,99,98,Mobile,Yes,High,99.2
ENG002914,CUST2914,League Match,114,29,Banner Ad,0.06,5.5,52,52,50,Laptop,No,Low,47.8
ENG002915,CUST2915,Finals,256,80,Short Reel,0.35,28.2,99,99,99,Mobile,Yes,High,100.0
ENG002916,CUST2916,Rivalry Match,198,64,Video Ad,0.23,16.1,90,92,90,Smart TV,Yes,Medium,89.2
ENG002917,CUST2917,League Match,150,41,Influencer Promotion,0.14,8.7,65,68,66,Laptop,No,Medium,63.5
ENG002918,CUST2918,League Match,135,39,Banner Ad,0.11,7.7,64,64,62,Smart TV,No,Low,59.1
ENG002919,CUST2919,Playoffs,229,76,Short Reel,0.30,22.1,96,98,97,Mobile,Yes,High,97.2
ENG002920,CUST2920,League Match,119,32,Banner Ad,0.07,5.8,56,55,54,Laptop,No,Low,50.9
ENG002921,CUST2921,Rivalry Match,204,67,Short Reel,0.33,20.9,96,98,95,Mobile,Yes,High,96.3
ENG002922,CUST2922,League Match,142,44,Video Ad,0.18,10.2,71,69,66,Laptop,No,Medium,67.4
ENG002923,CUST2923,Playoffs,229,78,Influencer Promotion,0.34,24.0,98,99,97,Mobile,Yes,High,99.2
ENG002924,CUST2924,League Match,115,31,Banner Ad,0.07,6.0,58,56,54,Smart TV,No,Low,51.8
ENG002925,CUST2925,Finals,256,80,Short Reel,0.35,27.0,99,99,99,Mobile,Yes,High,100.0
ENG002926,CUST2926,League Match,162,48,Video Ad,0.19,11.9,75,77,75,Laptop,No,Medium,72.0
ENG002927,CUST2927,Rivalry Match,211,70,Short Reel,0.33,22.6,97,99,97,Mobile,Yes,High,97.8
ENG002928,CUST2928,League Match,183,47,Video Ad,0.16,10.1,69,67,68,Smart TV,No,Low,64.0
ENG002929,CUST2929,Playoffs,219,73,Influencer Promotion,0.30,20.9,94,97,94,Mobile,Yes,High,95.0
ENG002930,CUST2930,League Match,106,26,Banner Ad,0.05,4.7,50,52,49,Laptop,No,Low,46.8
ENG002931,CUST2931,Rivalry Match,193,62,Short Reel,0.29,18.8,92,96,91,Mobile,Yes,High,92.9
ENG002932,CUST2932,League Match,150,43,Video Ad,0.13,8.9,67,64,66,Smart TV,No,Medium,61.8
ENG002933,CUST2933,Playoffs,238,79,Influencer Promotion,0.35,25.3,99,99,98,Mobile,Yes,High,100.0
ENG002934,CUST2934,League Match,122,33,Banner Ad,0.08,6.5,61,59,57,Laptop,No,Low,53.5
ENG002935,CUST2935,Finals,249,80,Short Reel,0.35,28.1,99,99,99,Mobile,Yes,High,100.0
ENG002936,CUST2936,Rivalry Match,202,68,Video Ad,0.23,13.7,90,93,91,Laptop,Yes,Medium,88.8
ENG002937,CUST2937,League Match,161,46,Influencer Promotion,0.16,11.0,72,74,71,Mobile,Yes,Medium,70.2
ENG002938,CUST2938,League Match,130,37,Banner Ad,0.09,7.1,62,61,60,Smart TV,No,Low,56.9
ENG002939,CUST2939,Playoffs,232,77,Short Reel,0.31,22.7,97,99,97,Mobile,Yes,High,98.1
ENG002940,CUST2940,League Match,113,28,Banner Ad,0.06,5.4,53,51,51,Laptop,No,Low,48.8
ENG002941,CUST2941,Rivalry Match,195,63,Video Ad,0.23,14.8,91,94,91,Smart TV,Yes,Medium,89.8
ENG002942,CUST2942,League Match,166,51,Influencer Promotion,0.19,12.1,76,78,76,Mobile,Yes,Medium,74.0
ENG002943,CUST2943,Finals,257,80,Short Reel,0.35,28.1,99,99,99,Mobile,Yes,High,100.0
ENG002944,CUST2944,League Match,124,32,Banner Ad,0.08,6.0,59,57,57,Laptop,No,Low,52.8
ENG002945,CUST2945,Playoffs,223,74,Video Ad,0.28,19.9,94,96,94,Smart TV,Yes,High,94.6
ENG002946,CUST2946,Rivalry Match,206,69,Short Reel,0.32,21.3,96,99,96,Mobile,Yes,High,96.8
ENG002947,CUST2947,League Match,155,44,Influencer Promotion,0.15,9.5,68,71,69,Laptop,No,Medium,66.4
ENG002948,CUST2948,League Match,118,32,Banner Ad,0.07,5.7,58,57,55,Smart TV,No,Low,52.0
ENG002949,CUST2949,Finals,245,79,Short Reel,0.34,25.6,98,99,98,Mobile,Yes,High,99.9
ENG002950,CUST2950,Rivalry Match,188,61,Video Ad,0.22,15.6,88,91,89,Laptop,Yes,Medium,87.4
ENG002951,CUST2951,League Match,162,47,Influencer Promotion,0.17,11.3,73,73,72,Mobile,Yes,Medium,70.8
ENG002952,CUST2952,League Match,126,35,Banner Ad,0.09,7.1,61,60,59,Smart TV,No,Low,55.9
ENG002953,CUST2953,Playoffs,233,78,Short Reel,0.32,23.6,98,99,98,Mobile,Yes,High,98.9
ENG002954,CUST2954,League Match,110,28,Banner Ad,0.05,5.0,51,51,50,Laptop,No,Low,47.3
ENG002955,CUST2955,Finals,253,80,Short Reel,0.35,27.4,99,99,99,Mobile,Yes,High,100.0
ENG002956,CUST2956,Rivalry Match,197,65,Video Ad,0.25,17.6,92,94,92,Smart TV,Yes,High,92.7
ENG002957,CUST2957,League Match,153,43,Influencer Promotion,0.14,9.1,67,70,68,Laptop,No,Medium,64.8
ENG002958,CUST2958,League Match,133,38,Banner Ad,0.10,7.5,63,63,61,Smart TV,No,Low,58.2
ENG002959,CUST2959,Playoffs,226,75,Short Reel,0.30,21.9,96,98,97,Mobile,Yes,High,97.0
ENG002960,CUST2960,League Match,116,31,Banner Ad,0.06,5.6,54,54,52,Laptop,No,Low,49.6
ENG002961,CUST2961,Rivalry Match,202,67,Video Ad,0.24,16.8,93,94,92,Smart TV,Yes,Medium,91.0
ENG002962,CUST2962,League Match,158,47,Influencer Promotion,0.16,10.5,70,73,71,Mobile,Yes,Medium,69.5
ENG002963,CUST2963,Finals,250,80,Short Reel,0.35,27.0,99,99,99,Mobile,Yes,High,100.0
ENG002964,CUST2964,League Match,122,34,Banner Ad,0.08,6.2,60,58,57,Laptop,No,Low,53.7
ENG002965,CUST2965,Playoffs,220,72,Video Ad,0.26,19.4,92,95,93,Smart TV,Yes,High,93.6
ENG002966,CUST2966,Rivalry Match,209,70,Short Reel,0.32,22.2,97,99,97,Mobile,Yes,High,97.4
ENG002967,CUST2967,League Match,154,44,Influencer Promotion,0.15,9.3,68,70,69,Laptop,No,Medium,65.9
ENG002968,CUST2968,League Match,128,36,Banner Ad,0.09,6.8,61,61,59,Smart TV,No,Low,56.2
ENG002969,CUST2969,Finals,243,79,Short Reel,0.33,25.3,98,99,98,Mobile,Yes,High,99.6
ENG002970,CUST2970,Rivalry Match,189,61,Video Ad,0.21,15.0,88,90,88,Laptop,Yes,Medium,86.3
ENG002971,CUST2971,League Match,165,49,Influencer Promotion,0.18,11.6,74,76,75,Mobile,Yes,Medium,72.9
ENG002972,CUST2972,League Match,131,38,Banner Ad,0.10,7.4,63,62,61,Smart TV,No,Low,58.4
ENG002973,CUST2973,Playoffs,234,78,Short Reel,0.33,23.8,98,99,98,Mobile,Yes,High,99.2
ENG002974,CUST2974,League Match,114,29,Banner Ad,0.06,5.5,52,52,50,Laptop,No,Low,47.8
ENG002975,CUST2975,Finals,256,80,Short Reel,0.35,28.2,99,99,99,Mobile,Yes,High,100.0
ENG002976,CUST2976,Rivalry Match,198,64,Video Ad,0.23,16.1,90,92,90,Smart TV,Yes,Medium,89.2
ENG002977,CUST2977,League Match,150,41,Influencer Promotion,0.14,8.7,65,68,66,Laptop,No,Medium,63.5
ENG002978,CUST2978,League Match,135,39,Banner Ad,0.11,7.7,64,64,62,Smart TV,No,Low,59.1
ENG002979,CUST2979,Playoffs,229,76,Short Reel,0.30,22.1,96,98,97,Mobile,Yes,High,97.2
ENG002980,CUST2980,League Match,119,32,Banner Ad,0.07,5.8,56,55,54,Laptop,No,Low,50.9
ENG002981,CUST2981,Rivalry Match,204,67,Short Reel,0.33,20.9,96,98,95,Mobile,Yes,High,96.3
ENG002982,CUST2982,League Match,142,44,Video Ad,0.18,10.2,71,69,66,Laptop,No,Medium,67.4
ENG002983,CUST2983,Playoffs,229,78,Influencer Promotion,0.34,24.0,98,99,97,Mobile,Yes,High,99.2
ENG002984,CUST2984,League Match,115,31,Banner Ad,0.07,6.0,58,56,54,Smart TV,No,Low,51.8
ENG002985,CUST2985,Finals,256,80,Short Reel,0.35,27.0,99,99,99,Mobile,Yes,High,100.0
ENG002986,CUST2986,League Match,162,48,Video Ad,0.19,11.9,75,77,75,Laptop,No,Medium,72.0
ENG002987,CUST2987,Rivalry Match,211,70,Short Reel,0.33,22.6,97,99,97,Mobile,Yes,High,97.8
ENG002988,CUST2988,League Match,183,47,Video Ad,0.16,10.1,69,67,68,Smart TV,No,Low,64.0
ENG002989,CUST2989,Playoffs,219,73,Influencer Promotion,0.30,20.9,94,97,94,Mobile,Yes,High,95.0
ENG002990,CUST2990,League Match,106,26,Banner Ad,0.05,4.7,50,52,49,Laptop,No,Low,46.8
ENG002991,CUST2991,Rivalry Match,193,62,Short Reel,0.29,18.8,92,96,91,Mobile,Yes,High,92.9
ENG002992,CUST2992,League Match,150,43,Video Ad,0.13,8.9,67,64,66,Smart TV,No,Medium,61.8
ENG002993,CUST2993,Playoffs,238,79,Influencer Promotion,0.35,25.3,99,99,98,Mobile,Yes,High,100.0
ENG002994,CUST2994,League Match,122,33,Banner Ad,0.08,6.5,61,59,57,Laptop,No,Low,53.5
ENG002995,CUST2995,Finals,249,80,Short Reel,0.35,28.1,99,99,99,Mobile,Yes,High,100.0
ENG002996,CUST2996,Rivalry Match,202,68,Video Ad,0.23,13.7,90,93,91,Laptop,Yes,Medium,88.8
ENG002997,CUST2997,League Match,161,46,Influencer Promotion,0.16,11.0,72,74,71,Mobile,Yes,Medium,70.2
ENG002998,CUST2998,League Match,130,37,Banner Ad,0.09,7.1,62,61,60,Smart TV,No,Low,56.9
ENG002999,CUST2999,Playoffs,232,77,Short Reel,0.31,22.7,97,99,97,Mobile,Yes,High,98.1
ENG003000,CUST3000,League Match,113,28,Banner Ad,0.06,5.4,53,51,51,Laptop,No,Low,48.8
ENG003001,CUST3001,Rivalry Match,205,68,Short Reel,0.33,21.1,96,98,95,Mobile,Yes,High,96.5
ENG003002,CUST3002,League Match,143,44,Video Ad,0.18,10.4,71,70,66,Laptop,No,Medium,67.6
ENG003003,CUST3003,Playoffs,230,78,Influencer Promotion,0.34,24.2,98,99,97,Mobile,Yes,High,99.4
ENG003004,CUST3004,League Match,116,32,Banner Ad,0.07,6.1,58,57,54,Smart TV,No,Low,52.0
ENG003005,CUST3005,Finals,257,80,Short Reel,0.35,27.2,99,99,99,Mobile,Yes,High,100.0
ENG003006,CUST3006,League Match,163,48,Video Ad,0.19,12.1,75,78,75,Laptop,No,Medium,72.2
ENG003007,CUST3007,Rivalry Match,212,70,Short Reel,0.33,22.8,97,99,97,Mobile,Yes,High,98.0
ENG003008,CUST3008,League Match,184,48,Video Ad,0.16,10.3,69,68,68,Smart TV,No,Low,64.2
ENG003009,CUST3009,Playoffs,220,73,Influencer Promotion,0.30,21.1,94,97,94,Mobile,Yes,High,95.2
ENG003010,CUST3010,League Match,107,27,Banner Ad,0.05,4.8,50,53,49,Laptop,No,Low,47.0
ENG003011,CUST3011,Rivalry Match,194,63,Short Reel,0.29,19.0,92,96,91,Mobile,Yes,High,93.1
ENG003012,CUST3012,League Match,151,43,Video Ad,0.13,9.1,67,65,66,Smart TV,No,Medium,62.0
ENG003013,CUST3013,Playoffs,239,79,Influencer Promotion,0.35,25.5,99,99,98,Mobile,Yes,High,100.0
ENG003014,CUST3014,League Match,123,34,Banner Ad,0.08,6.6,61,60,57,Laptop,No,Low,53.7
ENG003015,CUST3015,Finals,250,80,Short Reel,0.35,28.3,99,99,99,Mobile,Yes,High,100.0
ENG003016,CUST3016,Rivalry Match,203,68,Video Ad,0.23,13.9,90,93,91,Laptop,Yes,Medium,89.0
ENG003017,CUST3017,League Match,162,47,Influencer Promotion,0.16,11.2,72,74,71,Mobile,Yes,Medium,70.4
ENG003018,CUST3018,League Match,131,38,Banner Ad,0.09,7.2,62,62,60,Smart TV,No,Low,57.1
ENG003019,CUST3019,Playoffs,233,77,Short Reel,0.31,22.9,97,99,97,Mobile,Yes,High,98.3
ENG003020,CUST3020,League Match,114,28,Banner Ad,0.06,5.5,53,52,51,Laptop,No,Low,49.0
ENG003021,CUST3021,Rivalry Match,196,64,Video Ad,0.23,15.0,91,94,91,Smart TV,Yes,Medium,90.0
ENG003022,CUST3022,League Match,167,51,Influencer Promotion,0.19,12.3,76,78,76,Mobile,Yes,Medium,74.2
ENG003023,CUST3023,Finals,258,80,Short Reel,0.35,28.3,99,99,99,Mobile,Yes,High,100.0
ENG003024,CUST3024,League Match,125,33,Banner Ad,0.08,6.1,59,58,57,Laptop,No,Low,53.0
ENG003025,CUST3025,Playoffs,224,74,Video Ad,0.28,20.1,94,96,94,Smart TV,Yes,High,94.8
ENG003026,CUST3026,Rivalry Match,207,69,Short Reel,0.32,21.5,96,99,96,Mobile,Yes,High,97.0
ENG003027,CUST3027,League Match,156,45,Influencer Promotion,0.15,9.7,68,71,69,Laptop,No,Medium,66.6
ENG003028,CUST3028,League Match,119,33,Banner Ad,0.07,5.8,58,58,55,Smart TV,No,Low,52.2
ENG003029,CUST3029,Finals,246,79,Short Reel,0.34,25.8,98,99,98,Mobile,Yes,High,100.0
ENG003030,CUST3030,Rivalry Match,189,62,Video Ad,0.22,15.8,88,91,89,Laptop,Yes,Medium,87.6
ENG003031,CUST3031,League Match,163,48,Influencer Promotion,0.17,11.5,73,73,72,Mobile,Yes,Medium,71.0
ENG003032,CUST3032,League Match,127,36,Banner Ad,0.09,7.2,61,61,59,Smart TV,No,Low,56.1
ENG003033,CUST3033,Playoffs,234,78,Short Reel,0.32,23.8,98,99,98,Mobile,Yes,High,99.1
ENG003034,CUST3034,League Match,111,29,Banner Ad,0.05,5.1,51,52,50,Laptop,No,Low,47.5
ENG003035,CUST3035,Finals,254,80,Short Reel,0.35,27.6,99,99,99,Mobile,Yes,High,100.0
ENG003036,CUST3036,Rivalry Match,198,65,Video Ad,0.25,17.8,92,94,92,Smart TV,Yes,High,92.9
ENG003037,CUST3037,League Match,154,44,Influencer Promotion,0.14,9.3,67,70,68,Laptop,No,Medium,65.0
ENG003038,CUST3038,League Match,134,39,Banner Ad,0.10,7.7,63,64,61,Smart TV,No,Low,58.4
ENG003039,CUST3039,Playoffs,227,76,Short Reel,0.30,22.1,96,98,97,Mobile,Yes,High,97.2
ENG003040,CUST3040,League Match,117,32,Banner Ad,0.06,5.7,54,55,52,Laptop,No,Low,49.8
ENG003041,CUST3041,Rivalry Match,203,68,Video Ad,0.24,17.0,93,94,92,Smart TV,Yes,Medium,91.2
ENG003042,CUST3042,League Match,159,48,Influencer Promotion,0.16,10.7,70,73,71,Mobile,Yes,Medium,69.7
ENG003043,CUST3043,Finals,251,80,Short Reel,0.35,27.2,99,99,99,Mobile,Yes,High,100.0
ENG003044,CUST3044,League Match,123,35,Banner Ad,0.08,6.3,60,59,57,Laptop,No,Low,53.9
ENG003045,CUST3045,Playoffs,221,72,Video Ad,0.26,19.6,92,95,93,Smart TV,Yes,High,93.8
ENG003046,CUST3046,Rivalry Match,210,70,Short Reel,0.32,22.4,97,99,97,Mobile,Yes,High,97.6
ENG003047,CUST3047,League Match,155,45,Influencer Promotion,0.15,9.5,68,71,69,Laptop,No,Medium,66.1
ENG003048,CUST3048,League Match,129,37,Banner Ad,0.09,6.9,61,62,59,Smart TV,No,Low,56.4
ENG003049,CUST3049,Finals,244,79,Short Reel,0.33,25.5,98,99,98,Mobile,Yes,High,99.8
ENG003050,CUST3050,Rivalry Match,190,62,Video Ad,0.21,15.2,88,90,88,Laptop,Yes,Medium,86.5
ENG003051,CUST3051,League Match,166,49,Influencer Promotion,0.18,11.8,74,76,75,Mobile,Yes,Medium,73.1
ENG003052,CUST3052,League Match,132,39,Banner Ad,0.10,7.6,63,63,61,Smart TV,No,Low,58.6
ENG003053,CUST3053,Playoffs,235,78,Short Reel,0.33,24.0,98,99,98,Mobile,Yes,High,99.4
ENG003054,CUST3054,League Match,115,30,Banner Ad,0.06,5.6,52,53,50,Laptop,No,Low,48.0
ENG003055,CUST3055,Finals,257,80,Short Reel,0.35,28.4,99,99,99,Mobile,Yes,High,100.0
ENG003056,CUST3056,Rivalry Match,199,65,Video Ad,0.23,16.3,90,92,90,Smart TV,Yes,Medium,89.4
ENG003057,CUST3057,League Match,151,42,Influencer Promotion,0.14,8.9,65,68,66,Laptop,No,Medium,63.7
ENG003058,CUST3058,League Match,136,40,Banner Ad,0.11,7.9,64,65,62,Smart TV,No,Low,59.3
ENG003059,CUST3059,Playoffs,230,76,Short Reel,0.30,22.3,96,98,97,Mobile,Yes,High,97.4
ENG003060,CUST3060,League Match,120,33,Banner Ad,0.07,5.9,56,56,54,Laptop,No,Low,51.1
ENG003061,CUST3061,Rivalry Match,205,68,Short Reel,0.33,21.1,96,98,95,Mobile,Yes,High,96.5
ENG003062,CUST3062,League Match,143,44,Video Ad,0.18,10.4,71,70,66,Laptop,No,Medium,67.6
ENG003063,CUST3063,Playoffs,230,78,Influencer Promotion,0.34,24.2,98,99,97,Mobile,Yes,High,99.4
ENG003064,CUST3064,League Match,116,32,Banner Ad,0.07,6.1,58,57,54,Smart TV,No,Low,52.0
ENG003065,CUST3065,Finals,257,80,Short Reel,0.35,27.2,99,99,99,Mobile,Yes,High,100.0
ENG003066,CUST3066,League Match,163,48,Video Ad,0.19,12.1,75,78,75,Laptop,No,Medium,72.2
ENG003067,CUST3067,Rivalry Match,212,70,Short Reel,0.33,22.8,97,99,97,Mobile,Yes,High,98.0
ENG003068,CUST3068,League Match,184,48,Video Ad,0.16,10.3,69,68,68,Smart TV,No,Low,64.2
ENG003069,CUST3069,Playoffs,220,73,Influencer Promotion,0.30,21.1,94,97,94,Mobile,Yes,High,95.2
ENG003070,CUST3070,League Match,107,27,Banner Ad,0.05,4.8,50,53,49,Laptop,No,Low,47.0
ENG003071,CUST3071,Rivalry Match,194,63,Short Reel,0.29,19.0,92,96,91,Mobile,Yes,High,93.1
ENG003072,CUST3072,League Match,151,43,Video Ad,0.13,9.1,67,65,66,Smart TV,No,Medium,62.0
ENG003073,CUST3073,Playoffs,239,79,Influencer Promotion,0.35,25.5,99,99,98,Mobile,Yes,High,100.0
ENG003074,CUST3074,League Match,123,34,Banner Ad,0.08,6.6,61,60,57,Laptop,No,Low,53.7
ENG003075,CUST3075,Finals,250,80,Short Reel,0.35,28.3,99,99,99,Mobile,Yes,High,100.0
ENG003076,CUST3076,Rivalry Match,203,68,Video Ad,0.23,13.9,90,93,91,Laptop,Yes,Medium,89.0
ENG003077,CUST3077,League Match,162,47,Influencer Promotion,0.16,11.2,72,74,71,Mobile,Yes,Medium,70.4
ENG003078,CUST3078,League Match,131,38,Banner Ad,0.09,7.2,62,62,60,Smart TV,No,Low,57.1
ENG003079,CUST3079,Playoffs,233,77,Short Reel,0.31,22.9,97,99,97,Mobile,Yes,High,98.3
ENG003080,CUST3080,League Match,114,28,Banner Ad,0.06,5.5,53,52,51,Laptop,No,Low,49.0
ENG003081,CUST3081,Rivalry Match,196,64,Video Ad,0.23,15.0,91,94,91,Smart TV,Yes,Medium,90.0
ENG003082,CUST3082,League Match,167,51,Influencer Promotion,0.19,12.3,76,78,76,Mobile,Yes,Medium,74.2
ENG003083,CUST3083,Finals,258,80,Short Reel,0.35,28.3,99,99,99,Mobile,Yes,High,100.0
ENG003084,CUST3084,League Match,125,33,Banner Ad,0.08,6.1,59,58,57,Laptop,No,Low,53.0
ENG003085,CUST3085,Playoffs,224,74,Video Ad,0.28,20.1,94,96,94,Smart TV,Yes,High,94.8
ENG003086,CUST3086,Rivalry Match,207,69,Short Reel,0.32,21.5,96,99,96,Mobile,Yes,High,97.0
ENG003087,CUST3087,League Match,156,45,Influencer Promotion,0.15,9.7,68,71,69,Laptop,No,Medium,66.6
ENG003088,CUST3088,League Match,119,33,Banner Ad,0.07,5.8,58,58,55,Smart TV,No,Low,52.2
ENG003089,CUST3089,Finals,246,79,Short Reel,0.34,25.8,98,99,98,Mobile,Yes,High,100.0
ENG003090,CUST3090,Rivalry Match,189,62,Video Ad,0.22,15.8,88,91,89,Laptop,Yes,Medium,87.6
ENG003091,CUST3091,League Match,163,48,Influencer Promotion,0.17,11.5,73,73,72,Mobile,Yes,Medium,71.0
ENG003092,CUST3092,League Match,127,36,Banner Ad,0.09,7.2,61,61,59,Smart TV,No,Low,56.1
ENG003093,CUST3093,Playoffs,234,78,Short Reel,0.32,23.8,98,99,98,Mobile,Yes,High,99.1
ENG003094,CUST3094,League Match,111,29,Banner Ad,0.05,5.1,51,52,50,Laptop,No,Low,47.5
ENG003095,CUST3095,Finals,254,80,Short Reel,0.35,27.6,99,99,99,Mobile,Yes,High,100.0
ENG003096,CUST3096,Rivalry Match,198,65,Video Ad,0.25,17.8,92,94,92,Smart TV,Yes,High,92.9
ENG003097,CUST3097,League Match,154,44,Influencer Promotion,0.14,9.3,67,70,68,Laptop,No,Medium,65.0
ENG003098,CUST3098,League Match,134,39,Banner Ad,0.10,7.7,63,64,61,Smart TV,No,Low,58.4
ENG003099,CUST3099,Playoffs,227,76,Short Reel,0.30,22.1,96,98,97,Mobile,Yes,High,97.2
ENG003100,CUST3100,League Match,117,32,Banner Ad,0.06,5.7,54,55,52,Laptop,No,Low,49.8
ENG003101,CUST3101,Rivalry Match,203,68,Video Ad,0.24,17.0,93,94,92,Smart TV,Yes,Medium,91.2
ENG003102,CUST3102,League Match,159,48,Influencer Promotion,0.16,10.7,70,73,71,Mobile,Yes,Medium,69.7
ENG003103,CUST3103,Finals,251,80,Short Reel,0.35,27.2,99,99,99,Mobile,Yes,High,100.0
ENG003104,CUST3104,League Match,123,35,Banner Ad,0.08,6.3,60,59,57,Laptop,No,Low,53.9
ENG003105,CUST3105,Playoffs,221,72,Video Ad,0.26,19.6,92,95,93,Smart TV,Yes,High,93.8
ENG003106,CUST3106,Rivalry Match,210,70,Short Reel,0.32,22.4,97,99,97,Mobile,Yes,High,97.6
ENG003107,CUST3107,League Match,155,45,Influencer Promotion,0.15,9.5,68,71,69,Laptop,No,Medium,66.1
ENG003108,CUST3108,League Match,129,37,Banner Ad,0.09,6.9,61,62,59,Smart TV,No,Low,56.4
ENG003109,CUST3109,Finals,244,79,Short Reel,0.33,25.5,98,99,98,Mobile,Yes,High,99.8
ENG003110,CUST3110,Rivalry Match,190,62,Video Ad,0.21,15.2,88,90,88,Laptop,Yes,Medium,86.5
ENG003111,CUST3111,League Match,166,49,Influencer Promotion,0.18,11.8,74,76,75,Mobile,Yes,Medium,73.1
ENG003112,CUST3112,League Match,132,39,Banner Ad,0.10,7.6,63,63,61,Smart TV,No,Low,58.6
ENG003113,CUST3113,Playoffs,235,78,Short Reel,0.33,24.0,98,99,98,Mobile,Yes,High,99.4
ENG003114,CUST3114,League Match,115,30,Banner Ad,0.06,5.6,52,53,50,Laptop,No,Low,48.0
ENG003115,CUST3115,Finals,257,80,Short Reel,0.35,28.4,99,99,99,Mobile,Yes,High,100.0
ENG003116,CUST3116,Rivalry Match,199,65,Video Ad,0.23,16.3,90,92,90,Smart TV,Yes,Medium,89.4
ENG003117,CUST3117,League Match,151,42,Influencer Promotion,0.14,8.9,65,68,66,Laptop,No,Medium,63.7
ENG003118,CUST3118,League Match,136,40,Banner Ad,0.11,7.9,64,65,62,Smart TV,No,Low,59.3
ENG003119,CUST3119,Playoffs,230,76,Short Reel,0.30,22.3,96,98,97,Mobile,Yes,High,97.4
ENG003120,CUST3120,League Match,120,33,Banner Ad,0.07,5.9,56,56,54,Laptop,No,Low,51.1
ENG003121,CUST3121,Rivalry Match,205,68,Short Reel,0.33,21.1,96,98,95,Mobile,Yes,High,96.5
ENG003122,CUST3122,League Match,143,44,Video Ad,0.18,10.4,71,70,66,Laptop,No,Medium,67.6
ENG003123,CUST3123,Playoffs,230,78,Influencer Promotion,0.34,24.2,98,99,97,Mobile,Yes,High,99.4
ENG003124,CUST3124,League Match,116,32,Banner Ad,0.07,6.1,58,57,54,Smart TV,No,Low,52.0
ENG003125,CUST3125,Finals,257,80,Short Reel,0.35,27.2,99,99,99,Mobile,Yes,High,100.0
ENG003126,CUST3126,League Match,163,48,Video Ad,0.19,12.1,75,78,75,Laptop,No,Medium,72.2
ENG003127,CUST3127,Rivalry Match,212,70,Short Reel,0.33,22.8,97,99,97,Mobile,Yes,High,98.0
ENG003128,CUST3128,League Match,184,48,Video Ad,0.16,10.3,69,68,68,Smart TV,No,Low,64.2
ENG003129,CUST3129,Playoffs,220,73,Influencer Promotion,0.30,21.1,94,97,94,Mobile,Yes,High,95.2
ENG003130,CUST3130,League Match,107,27,Banner Ad,0.05,4.8,50,53,49,Laptop,No,Low,47.0
ENG003131,CUST3131,Rivalry Match,194,63,Short Reel,0.29,19.0,92,96,91,Mobile,Yes,High,93.1
ENG003132,CUST3132,League Match,151,43,Video Ad,0.13,9.1,67,65,66,Smart TV,No,Medium,62.0
ENG003133,CUST3133,Playoffs,239,79,Influencer Promotion,0.35,25.5,99,99,98,Mobile,Yes,High,100.0
ENG003134,CUST3134,League Match,123,34,Banner Ad,0.08,6.6,61,60,57,Laptop,No,Low,53.7
ENG003135,CUST3135,Finals,250,80,Short Reel,0.35,28.3,99,99,99,Mobile,Yes,High,100.0
ENG003136,CUST3136,Rivalry Match,203,68,Video Ad,0.23,13.9,90,93,91,Laptop,Yes,Medium,89.0
ENG003137,CUST3137,League Match,162,47,Influencer Promotion,0.16,11.2,72,74,71,Mobile,Yes,Medium,70.4
ENG003138,CUST3138,League Match,131,38,Banner Ad,0.09,7.2,62,62,60,Smart TV,No,Low,57.1
ENG003139,CUST3139,Playoffs,233,77,Short Reel,0.31,22.9,97,99,97,Mobile,Yes,High,98.3
ENG003140,CUST3140,League Match,114,28,Banner Ad,0.06,5.5,53,52,51,Laptop,No,Low,49.0
ENG003141,CUST3141,Rivalry Match,196,64,Video Ad,0.23,15.0,91,94,91,Smart TV,Yes,Medium,90.0
ENG003142,CUST3142,League Match,167,51,Influencer Promotion,0.19,12.3,76,78,76,Mobile,Yes,Medium,74.2
ENG003143,CUST3143,Finals,258,80,Short Reel,0.35,28.3,99,99,99,Mobile,Yes,High,100.0
ENG003144,CUST3144,League Match,125,33,Banner Ad,0.08,6.1,59,58,57,Laptop,No,Low,53.0
ENG003145,CUST3145,Playoffs,224,74,Video Ad,0.28,20.1,94,96,94,Smart TV,Yes,High,94.8
ENG003146,CUST3146,Rivalry Match,207,69,Short Reel,0.32,21.5,96,99,96,Mobile,Yes,High,97.0
ENG003147,CUST3147,League Match,156,45,Influencer Promotion,0.15,9.7,68,71,69,Laptop,No,Medium,66.6
ENG003148,CUST3148,League Match,119,33,Banner Ad,0.07,5.8,58,58,55,Smart TV,No,Low,52.2
ENG003149,CUST3149,Finals,246,79,Short Reel,0.34,25.8,98,99,98,Mobile,Yes,High,100.0
ENG003150,CUST3150,Rivalry Match,189,62,Video Ad,0.22,15.8,88,91,89,Laptop,Yes,Medium,87.6
ENG003151,CUST3151,League Match,163,48,Influencer Promotion,0.17,11.5,73,73,72,Mobile,Yes,Medium,71.0
ENG003152,CUST3152,League Match,127,36,Banner Ad,0.09,7.2,61,61,59,Smart TV,No,Low,56.1
ENG003153,CUST3153,Playoffs,234,78,Short Reel,0.32,23.8,98,99,98,Mobile,Yes,High,99.1
ENG003154,CUST3154,League Match,111,29,Banner Ad,0.05,5.1,51,52,50,Laptop,No,Low,47.5
ENG003155,CUST3155,Finals,254,80,Short Reel,0.35,27.6,99,99,99,Mobile,Yes,High,100.0
ENG003156,CUST3156,Rivalry Match,198,65,Video Ad,0.25,17.8,92,94,92,Smart TV,Yes,High,92.9
ENG003157,CUST3157,League Match,154,44,Influencer Promotion,0.14,9.3,67,70,68,Laptop,No,Medium,65.0
ENG003158,CUST3158,League Match,134,39,Banner Ad,0.10,7.7,63,64,61,Smart TV,No,Low,58.4
ENG003159,CUST3159,Playoffs,227,76,Short Reel,0.30,22.1,96,98,97,Mobile,Yes,High,97.2
ENG003160,CUST3160,League Match,117,32,Banner Ad,0.06,5.7,54,55,52,Laptop,No,Low,49.8
ENG003161,CUST3161,Rivalry Match,203,68,Video Ad,0.24,17.0,93,94,92,Smart TV,Yes,Medium,91.2
ENG003162,CUST3162,League Match,159,48,Influencer Promotion,0.16,10.7,70,73,71,Mobile,Yes,Medium,69.7
ENG003163,CUST3163,Finals,251,80,Short Reel,0.35,27.2,99,99,99,Mobile,Yes,High,100.0
ENG003164,CUST3164,League Match,123,35,Banner Ad,0.08,6.3,60,59,57,Laptop,No,Low,53.9
ENG003165,CUST3165,Playoffs,221,72,Video Ad,0.26,19.6,92,95,93,Smart TV,Yes,High,93.8
ENG003166,CUST3166,Rivalry Match,210,70,Short Reel,0.32,22.4,97,99,97,Mobile,Yes,High,97.6
ENG003167,CUST3167,League Match,155,45,Influencer Promotion,0.15,9.5,68,71,69,Laptop,No,Medium,66.1
ENG003168,CUST3168,League Match,129,37,Banner Ad,0.09,6.9,61,62,59,Smart TV,No,Low,56.4
ENG003169,CUST3169,Finals,244,79,Short Reel,0.33,25.5,98,99,98,Mobile,Yes,High,99.8
ENG003170,CUST3170,Rivalry Match,190,62,Video Ad,0.21,15.2,88,90,88,Laptop,Yes,Medium,86.5
ENG003171,CUST3171,League Match,166,49,Influencer Promotion,0.18,11.8,74,76,75,Mobile,Yes,Medium,73.1
ENG003172,CUST3172,League Match,132,39,Banner Ad,0.10,7.6,63,63,61,Smart TV,No,Low,58.6
ENG003173,CUST3173,Playoffs,235,78,Short Reel,0.33,24.0,98,99,98,Mobile,Yes,High,99.4
ENG003174,CUST3174,League Match,115,30,Banner Ad,0.06,5.6,52,53,50,Laptop,No,Low,48.0
ENG003175,CUST3175,Finals,257,80,Short Reel,0.35,28.4,99,99,99,Mobile,Yes,High,100.0
ENG003176,CUST3176,Rivalry Match,199,65,Video Ad,0.23,16.3,90,92,90,Smart TV,Yes,Medium,89.4
ENG003177,CUST3177,League Match,151,42,Influencer Promotion,0.14,8.9,65,68,66,Laptop,No,Medium,63.7
ENG003178,CUST3178,League Match,136,40,Banner Ad,0.11,7.9,64,65,62,Smart TV,No,Low,59.3
ENG003179,CUST3179,Playoffs,230,76,Short Reel,0.30,22.3,96,98,97,Mobile,Yes,High,97.4
ENG003180,CUST3180,League Match,120,33,Banner Ad,0.07,5.9,56,56,54,Laptop,No,Low,51.1
ENG003181,CUST3181,Rivalry Match,205,68,Short Reel,0.33,21.1,96,98,95,Mobile,Yes,High,96.5
ENG003182,CUST3182,League Match,143,44,Video Ad,0.18,10.4,71,70,66,Laptop,No,Medium,67.6
ENG003183,CUST3183,Playoffs,230,78,Influencer Promotion,0.34,24.2,98,99,97,Mobile,Yes,High,99.4
ENG003184,CUST3184,League Match,116,32,Banner Ad,0.07,6.1,58,57,54,Smart TV,No,Low,52.0
ENG003185,CUST3185,Finals,257,80,Short Reel,0.35,27.2,99,99,99,Mobile,Yes,High,100.0
ENG003186,CUST3186,League Match,163,48,Video Ad,0.19,12.1,75,78,75,Laptop,No,Medium,72.2
ENG003187,CUST3187,Rivalry Match,212,70,Short Reel,0.33,22.8,97,99,97,Mobile,Yes,High,98.0
ENG003188,CUST3188,League Match,184,48,Video Ad,0.16,10.3,69,68,68,Smart TV,No,Low,64.2
ENG003189,CUST3189,Playoffs,220,73,Influencer Promotion,0.30,21.1,94,97,94,Mobile,Yes,High,95.2
ENG003190,CUST3190,League Match,107,27,Banner Ad,0.05,4.8,50,53,49,Laptop,No,Low,47.0
ENG003191,CUST3191,Rivalry Match,194,63,Short Reel,0.29,19.0,92,96,91,Mobile,Yes,High,93.1
ENG003192,CUST3192,League Match,151,43,Video Ad,0.13,9.1,67,65,66,Smart TV,No,Medium,62.0
ENG003193,CUST3193,Playoffs,239,79,Influencer Promotion,0.35,25.5,99,99,98,Mobile,Yes,High,100.0
ENG003194,CUST3194,League Match,123,34,Banner Ad,0.08,6.6,61,60,57,Laptop,No,Low,53.7
ENG003195,CUST3195,Finals,250,80,Short Reel,0.35,28.3,99,99,99,Mobile,Yes,High,100.0
ENG003196,CUST3196,Rivalry Match,203,68,Video Ad,0.23,13.9,90,93,91,Laptop,Yes,Medium,89.0
ENG003197,CUST3197,League Match,162,47,Influencer Promotion,0.16,11.2,72,74,71,Mobile,Yes,Medium,70.4
ENG003198,CUST3198,League Match,131,38,Banner Ad,0.09,7.2,62,62,60,Smart TV,No,Low,57.1
ENG003199,CUST3199,Playoffs,233,77,Short Reel,0.31,22.9,97,99,97,Mobile,Yes,High,98.3
ENG003200,CUST3200,League Match,114,28,Banner Ad,0.06,5.5,53,52,51,Laptop,No,Low,49.0
ENG003201,CUST3201,Rivalry Match,206,69,Short Reel,0.34,21.4,97,98,96,Mobile,Yes,High,96.8
ENG003202,CUST3202,League Match,144,45,Video Ad,0.18,10.6,72,70,67,Laptop,No,Medium,67.9
ENG003203,CUST3203,Playoffs,231,79,Influencer Promotion,0.34,24.5,98,99,98,Mobile,Yes,High,99.6
ENG003204,CUST3204,League Match,117,32,Banner Ad,0.07,6.2,58,57,55,Smart TV,No,Low,52.2
ENG003205,CUST3205,Finals,258,80,Short Reel,0.35,27.5,99,99,99,Mobile,Yes,High,100.0
ENG003206,CUST3206,League Match,164,49,Video Ad,0.20,12.3,76,78,76,Laptop,No,Medium,72.5
ENG003207,CUST3207,Rivalry Match,213,71,Short Reel,0.34,23.0,97,99,98,Mobile,Yes,High,98.2
ENG003208,CUST3208,League Match,185,49,Video Ad,0.17,10.5,70,68,69,Smart TV,No,Low,64.5
ENG003209,CUST3209,Playoffs,221,74,Influencer Promotion,0.31,21.4,95,97,95,Mobile,Yes,High,95.5
ENG003210,CUST3210,League Match,108,27,Banner Ad,0.05,4.9,51,53,50,Laptop,No,Low,47.2
ENG003211,CUST3211,Rivalry Match,195,63,Short Reel,0.30,19.3,92,96,92,Mobile,Yes,High,93.4
ENG003212,CUST3212,League Match,152,44,Video Ad,0.14,9.3,68,65,67,Smart TV,No,Medium,62.3
ENG003213,CUST3213,Playoffs,240,79,Influencer Promotion,0.35,25.7,99,99,98,Mobile,Yes,High,100.0
ENG003214,CUST3214,League Match,124,34,Banner Ad,0.08,6.7,62,60,58,Laptop,No,Low,54.0
ENG003215,CUST3215,Finals,251,80,Short Reel,0.35,28.5,99,99,99,Mobile,Yes,High,100.0
ENG003216,CUST3216,Rivalry Match,204,69,Video Ad,0.24,14.2,91,93,92,Laptop,Yes,Medium,89.3
ENG003217,CUST3217,League Match,163,48,Influencer Promotion,0.17,11.4,73,74,72,Mobile,Yes,Medium,70.7
ENG003218,CUST3218,League Match,132,38,Banner Ad,0.09,7.3,63,62,61,Smart TV,No,Low,57.4
ENG003219,CUST3219,Playoffs,234,78,Short Reel,0.32,23.1,97,99,98,Mobile,Yes,High,98.5
ENG003220,CUST3220,League Match,115,29,Banner Ad,0.06,5.6,54,52,52,Laptop,No,Low,49.3
ENG003221,CUST3221,Rivalry Match,197,65,Video Ad,0.24,15.3,91,95,92,Smart TV,Yes,Medium,90.3
ENG003222,CUST3222,League Match,168,52,Influencer Promotion,0.20,12.5,77,79,77,Mobile,Yes,Medium,74.5
ENG003223,CUST3223,Finals,259,80,Short Reel,0.35,28.6,99,99,99,Mobile,Yes,High,100.0
ENG003224,CUST3224,League Match,126,34,Banner Ad,0.08,6.3,60,58,58,Laptop,No,Low,53.3
ENG003225,CUST3225,Playoffs,225,75,Video Ad,0.29,20.4,95,97,95,Smart TV,Yes,High,95.1
ENG003226,CUST3226,Rivalry Match,208,70,Short Reel,0.33,21.8,97,99,97,Mobile,Yes,High,97.3
ENG003227,CUST3227,League Match,157,45,Influencer Promotion,0.16,9.9,69,72,70,Laptop,No,Medium,66.9
ENG003228,CUST3228,League Match,120,34,Banner Ad,0.07,5.9,59,58,56,Smart TV,No,Low,52.5
ENG003229,CUST3229,Finals,247,79,Short Reel,0.34,26.0,98,99,98,Mobile,Yes,High,100.0
ENG003230,CUST3230,Rivalry Match,190,62,Video Ad,0.22,16.0,89,91,90,Laptop,Yes,Medium,87.9
ENG003231,CUST3231,League Match,164,49,Influencer Promotion,0.18,11.7,74,74,73,Mobile,Yes,Medium,71.3
ENG003232,CUST3232,League Match,128,37,Banner Ad,0.10,7.3,62,62,60,Smart TV,No,Low,56.4
ENG003233,CUST3233,Playoffs,235,79,Short Reel,0.33,24.0,98,99,98,Mobile,Yes,High,99.3
ENG003234,CUST3234,League Match,112,29,Banner Ad,0.05,5.2,52,52,51,Laptop,No,Low,47.8
ENG003235,CUST3235,Finals,255,80,Short Reel,0.35,27.8,99,99,99,Mobile,Yes,High,100.0
ENG003236,CUST3236,Rivalry Match,199,66,Video Ad,0.26,18.0,93,94,93,Smart TV,Yes,High,93.2
ENG003237,CUST3237,League Match,155,44,Influencer Promotion,0.15,9.5,68,71,69,Laptop,No,Medium,65.3
ENG003238,CUST3238,League Match,135,40,Banner Ad,0.10,7.9,64,65,62,Smart TV,No,Low,58.7
ENG003239,CUST3239,Playoffs,228,77,Short Reel,0.31,22.4,96,98,97,Mobile,Yes,High,97.5
ENG003240,CUST3240,League Match,118,33,Banner Ad,0.06,5.8,55,55,53,Laptop,No,Low,50.1
ENG003241,CUST3241,Rivalry Match,204,69,Video Ad,0.25,17.3,93,95,93,Smart TV,Yes,Medium,91.5
ENG003242,CUST3242,League Match,160,49,Influencer Promotion,0.17,10.9,71,74,72,Mobile,Yes,Medium,70.0
ENG003243,CUST3243,Finals,252,80,Short Reel,0.35,27.5,99,99,99,Mobile,Yes,High,100.0
ENG003244,CUST3244,League Match,124,35,Banner Ad,0.08,6.4,61,59,58,Laptop,No,Low,54.1
ENG003245,CUST3245,Playoffs,222,73,Video Ad,0.27,19.8,93,95,94,Smart TV,Yes,High,94.1
ENG003246,CUST3246,Rivalry Match,211,71,Short Reel,0.33,22.7,97,99,98,Mobile,Yes,High,97.8
ENG003247,CUST3247,League Match,156,45,Influencer Promotion,0.16,9.8,69,71,70,Laptop,No,Medium,66.4
ENG003248,CUST3248,League Match,130,38,Banner Ad,0.09,7.0,62,63,60,Smart TV,No,Low,56.7
ENG003249,CUST3249,Finals,245,79,Short Reel,0.34,25.8,98,99,98,Mobile,Yes,High,99.9
ENG003250,CUST3250,Rivalry Match,191,63,Video Ad,0.22,15.5,89,91,89,Laptop,Yes,Medium,86.8
ENG003251,CUST3251,League Match,167,50,Influencer Promotion,0.19,12.0,75,77,76,Mobile,Yes,Medium,73.4
ENG003252,CUST3252,League Match,133,39,Banner Ad,0.10,7.7,64,64,62,Smart TV,No,Low,58.9
ENG003253,CUST3253,Playoffs,236,79,Short Reel,0.34,24.3,98,99,98,Mobile,Yes,High,99.6
ENG003254,CUST3254,League Match,116,30,Banner Ad,0.06,5.7,53,53,51,Laptop,No,Low,48.3
ENG003255,CUST3255,Finals,258,80,Short Reel,0.35,28.7,99,99,99,Mobile,Yes,High,100.0
ENG003256,CUST3256,Rivalry Match,200,66,Video Ad,0.24,16.6,91,93,91,Smart TV,Yes,Medium,89.7
ENG003257,CUST3257,League Match,152,43,Influencer Promotion,0.15,9.1,66,69,67,Laptop,No,Medium,64.0
ENG003258,CUST3258,League Match,137,41,Banner Ad,0.11,8.1,65,65,63,Smart TV,No,Low,59.6
ENG003259,CUST3259,Playoffs,231,77,Short Reel,0.31,22.6,96,98,97,Mobile,Yes,High,97.7
ENG003260,CUST3260,League Match,121,34,Banner Ad,0.07,6.0,57,56,55,Laptop,No,Low,51.4
ENG003261,CUST3261,Rivalry Match,206,69,Short Reel,0.34,21.4,97,98,96,Mobile,Yes,High,96.8
ENG003262,CUST3262,League Match,144,45,Video Ad,0.18,10.6,72,70,67,Laptop,No,Medium,67.9
ENG003263,CUST3263,Playoffs,231,79,Influencer Promotion,0.34,24.5,98,99,98,Mobile,Yes,High,99.6
ENG003264,CUST3264,League Match,117,32,Banner Ad,0.07,6.2,58,57,55,Smart TV,No,Low,52.2
ENG003265,CUST3265,Finals,258,80,Short Reel,0.35,27.5,99,99,99,Mobile,Yes,High,100.0
ENG003266,CUST3266,League Match,164,49,Video Ad,0.20,12.3,76,78,76,Laptop,No,Medium,72.5
ENG003267,CUST3267,Rivalry Match,213,71,Short Reel,0.34,23.0,97,99,98,Mobile,Yes,High,98.2
ENG003268,CUST3268,League Match,185,49,Video Ad,0.17,10.5,70,68,69,Smart TV,No,Low,64.5
ENG003269,CUST3269,Playoffs,221,74,Influencer Promotion,0.31,21.4,95,97,95,Mobile,Yes,High,95.5
ENG003270,CUST3270,League Match,108,27,Banner Ad,0.05,4.9,51,53,50,Laptop,No,Low,47.2
ENG003271,CUST3271,Rivalry Match,195,63,Short Reel,0.30,19.3,92,96,92,Mobile,Yes,High,93.4
ENG003272,CUST3272,League Match,152,44,Video Ad,0.14,9.3,68,65,67,Smart TV,No,Medium,62.3
ENG003273,CUST3273,Playoffs,240,79,Influencer Promotion,0.35,25.7,99,99,98,Mobile,Yes,High,100.0
ENG003274,CUST3274,League Match,124,34,Banner Ad,0.08,6.7,62,60,58,Laptop,No,Low,54.0
ENG003275,CUST3275,Finals,251,80,Short Reel,0.35,28.5,99,99,99,Mobile,Yes,High,100.0
ENG003276,CUST3276,Rivalry Match,204,69,Video Ad,0.24,14.2,91,93,92,Laptop,Yes,Medium,89.3
ENG003277,CUST3277,League Match,163,48,Influencer Promotion,0.17,11.4,73,74,72,Mobile,Yes,Medium,70.7
ENG003278,CUST3278,League Match,132,38,Banner Ad,0.09,7.3,63,62,61,Smart TV,No,Low,57.4
ENG003279,CUST3279,Playoffs,234,78,Short Reel,0.32,23.1,97,99,98,Mobile,Yes,High,98.5
ENG003280,CUST3280,League Match,115,29,Banner Ad,0.06,5.6,54,52,52,Laptop,No,Low,49.3
ENG003281,CUST3281,Rivalry Match,197,65,Video Ad,0.24,15.3,91,95,92,Smart TV,Yes,Medium,90.3
ENG003282,CUST3282,League Match,168,52,Influencer Promotion,0.20,12.5,77,79,77,Mobile,Yes,Medium,74.5
ENG003283,CUST3283,Finals,259,80,Short Reel,0.35,28.6,99,99,99,Mobile,Yes,High,100.0
ENG003284,CUST3284,League Match,126,34,Banner Ad,0.08,6.3,60,58,58,Laptop,No,Low,53.3
ENG003285,CUST3285,Playoffs,225,75,Video Ad,0.29,20.4,95,97,95,Smart TV,Yes,High,95.1
ENG003286,CUST3286,Rivalry Match,208,70,Short Reel,0.33,21.8,97,99,97,Mobile,Yes,High,97.3
ENG003287,CUST3287,League Match,157,45,Influencer Promotion,0.16,9.9,69,72,70,Laptop,No,Medium,66.9
ENG003288,CUST3288,League Match,120,34,Banner Ad,0.07,5.9,59,58,56,Smart TV,No,Low,52.5
ENG003289,CUST3289,Finals,247,79,Short Reel,0.34,26.0,98,99,98,Mobile,Yes,High,100.0
ENG003290,CUST3290,Rivalry Match,190,62,Video Ad,0.22,16.0,89,91,90,Laptop,Yes,Medium,87.9
ENG003291,CUST3291,League Match,164,49,Influencer Promotion,0.18,11.7,74,74,73,Mobile,Yes,Medium,71.3
ENG003292,CUST3292,League Match,128,37,Banner Ad,0.10,7.3,62,62,60,Smart TV,No,Low,56.4
ENG003293,CUST3293,Playoffs,235,79,Short Reel,0.33,24.0,98,99,98,Mobile,Yes,High,99.3
ENG003294,CUST3294,League Match,112,29,Banner Ad,0.05,5.2,52,52,51,Laptop,No,Low,47.8
ENG003295,CUST3295,Finals,255,80,Short Reel,0.35,27.8,99,99,99,Mobile,Yes,High,100.0
ENG003296,CUST3296,Rivalry Match,199,66,Video Ad,0.26,18.0,93,94,93,Smart TV,Yes,High,93.2
ENG003297,CUST3297,League Match,155,44,Influencer Promotion,0.15,9.5,68,71,69,Laptop,No,Medium,65.3
ENG003298,CUST3298,League Match,135,40,Banner Ad,0.10,7.9,64,65,62,Smart TV,No,Low,58.7
ENG003299,CUST3299,Playoffs,228,77,Short Reel,0.31,22.4,96,98,97,Mobile,Yes,High,97.5
ENG003300,CUST3300,League Match,118,33,Banner Ad,0.06,5.8,55,55,53,Laptop,No,Low,50.1
ENG003301,CUST3301,Rivalry Match,204,69,Video Ad,0.25,17.3,93,95,93,Smart TV,Yes,Medium,91.5
ENG003302,CUST3302,League Match,160,49,Influencer Promotion,0.17,10.9,71,74,72,Mobile,Yes,Medium,70.0
ENG003303,CUST3303,Finals,252,80,Short Reel,0.35,27.5,99,99,99,Mobile,Yes,High,100.0
ENG003304,CUST3304,League Match,124,35,Banner Ad,0.08,6.4,61,59,58,Laptop,No,Low,54.1
ENG003305,CUST3305,Playoffs,222,73,Video Ad,0.27,19.8,93,95,94,Smart TV,Yes,High,94.1
ENG003306,CUST3306,Rivalry Match,211,71,Short Reel,0.33,22.7,97,99,98,Mobile,Yes,High,97.8
ENG003307,CUST3307,League Match,156,45,Influencer Promotion,0.16,9.8,69,71,70,Laptop,No,Medium,66.4
ENG003308,CUST3308,League Match,130,38,Banner Ad,0.09,7.0,62,63,60,Smart TV,No,Low,56.7
ENG003309,CUST3309,Finals,245,79,Short Reel,0.34,25.8,98,99,98,Mobile,Yes,High,99.9
ENG003310,CUST3310,Rivalry Match,191,63,Video Ad,0.22,15.5,89,91,89,Laptop,Yes,Medium,86.8
ENG003311,CUST3311,League Match,167,50,Influencer Promotion,0.19,12.0,75,77,76,Mobile,Yes,Medium,73.4
ENG003312,CUST3312,League Match,133,39,Banner Ad,0.10,7.7,64,64,62,Smart TV,No,Low,58.9
ENG003313,CUST3313,Playoffs,236,79,Short Reel,0.34,24.3,98,99,98,Mobile,Yes,High,99.6
ENG003314,CUST3314,League Match,116,30,Banner Ad,0.06,5.7,53,53,51,Laptop,No,Low,48.3
ENG003315,CUST3315,Finals,258,80,Short Reel,0.35,28.7,99,99,99,Mobile,Yes,High,100.0
ENG003316,CUST3316,Rivalry Match,200,66,Video Ad,0.24,16.6,91,93,91,Smart TV,Yes,Medium,89.7
ENG003317,CUST3317,League Match,152,43,Influencer Promotion,0.15,9.1,66,69,67,Laptop,No,Medium,64.0
ENG003318,CUST3318,League Match,137,41,Banner Ad,0.11,8.1,65,65,63,Smart TV,No,Low,59.6
ENG003319,CUST3319,Playoffs,231,77,Short Reel,0.31,22.6,96,98,97,Mobile,Yes,High,97.7
ENG003320,CUST3320,League Match,121,34,Banner Ad,0.07,6.0,57,56,55,Laptop,No,Low,51.4
ENG003321,CUST3321,Rivalry Match,206,69,Short Reel,0.34,21.4,97,98,96,Mobile,Yes,High,96.8
ENG003322,CUST3322,League Match,144,45,Video Ad,0.18,10.6,72,70,67,Laptop,No,Medium,67.9
ENG003323,CUST3323,Playoffs,231,79,Influencer Promotion,0.34,24.5,98,99,98,Mobile,Yes,High,99.6
ENG003324,CUST3324,League Match,117,32,Banner Ad,0.07,6.2,58,57,55,Smart TV,No,Low,52.2
ENG003325,CUST3325,Finals,258,80,Short Reel,0.35,27.5,99,99,99,Mobile,Yes,High,100.0
ENG003326,CUST3326,League Match,164,49,Video Ad,0.20,12.3,76,78,76,Laptop,No,Medium,72.5
ENG003327,CUST3327,Rivalry Match,213,71,Short Reel,0.34,23.0,97,99,98,Mobile,Yes,High,98.2
ENG003328,CUST3328,League Match,185,49,Video Ad,0.17,10.5,70,68,69,Smart TV,No,Low,64.5
ENG003329,CUST3329,Playoffs,221,74,Influencer Promotion,0.31,21.4,95,97,95,Mobile,Yes,High,95.5
ENG003330,CUST3330,League Match,108,27,Banner Ad,0.05,4.9,51,53,50,Laptop,No,Low,47.2
ENG003331,CUST3331,Rivalry Match,195,63,Short Reel,0.30,19.3,92,96,92,Mobile,Yes,High,93.4
ENG003332,CUST3332,League Match,152,44,Video Ad,0.14,9.3,68,65,67,Smart TV,No,Medium,62.3
ENG003333,CUST3333,Playoffs,240,79,Influencer Promotion,0.35,25.7,99,99,98,Mobile,Yes,High,100.0
ENG003334,CUST3334,League Match,124,34,Banner Ad,0.08,6.7,62,60,58,Laptop,No,Low,54.0
ENG003335,CUST3335,Finals,251,80,Short Reel,0.35,28.5,99,99,99,Mobile,Yes,High,100.0
ENG003336,CUST3336,Rivalry Match,204,69,Video Ad,0.24,14.2,91,93,92,Laptop,Yes,Medium,89.3
ENG003337,CUST3337,League Match,163,48,Influencer Promotion,0.17,11.4,73,74,72,Mobile,Yes,Medium,70.7
ENG003338,CUST3338,League Match,132,38,Banner Ad,0.09,7.3,63,62,61,Smart TV,No,Low,57.4
ENG003339,CUST3339,Playoffs,234,78,Short Reel,0.32,23.1,97,99,98,Mobile,Yes,High,98.5
ENG003340,CUST3340,League Match,115,29,Banner Ad,0.06,5.6,54,52,52,Laptop,No,Low,49.3
ENG003341,CUST3341,Rivalry Match,197,65,Video Ad,0.24,15.3,91,95,92,Smart TV,Yes,Medium,90.3
ENG003342,CUST3342,League Match,168,52,Influencer Promotion,0.20,12.5,77,79,77,Mobile,Yes,Medium,74.5
ENG003343,CUST3343,Finals,259,80,Short Reel,0.35,28.6,99,99,99,Mobile,Yes,High,100.0
ENG003344,CUST3344,League Match,126,34,Banner Ad,0.08,6.3,60,58,58,Laptop,No,Low,53.3
ENG003345,CUST3345,Playoffs,225,75,Video Ad,0.29,20.4,95,97,95,Smart TV,Yes,High,95.1
ENG003346,CUST3346,Rivalry Match,208,70,Short Reel,0.33,21.8,97,99,97,Mobile,Yes,High,97.3
ENG003347,CUST3347,League Match,157,45,Influencer Promotion,0.16,9.9,69,72,70,Laptop,No,Medium,66.9
ENG003348,CUST3348,League Match,120,34,Banner Ad,0.07,5.9,59,58,56,Smart TV,No,Low,52.5
ENG003349,CUST3349,Finals,247,79,Short Reel,0.34,26.0,98,99,98,Mobile,Yes,High,100.0
ENG003350,CUST3350,Rivalry Match,190,62,Video Ad,0.22,16.0,89,91,90,Laptop,Yes,Medium,87.9
ENG003351,CUST3351,League Match,164,49,Influencer Promotion,0.18,11.7,74,74,73,Mobile,Yes,Medium,71.3
ENG003352,CUST3352,League Match,128,37,Banner Ad,0.10,7.3,62,62,60,Smart TV,No,Low,56.4
ENG003353,CUST3353,Playoffs,235,79,Short Reel,0.33,24.0,98,99,98,Mobile,Yes,High,99.3
ENG003354,CUST3354,League Match,112,29,Banner Ad,0.05,5.2,52,52,51,Laptop,No,Low,47.8
ENG003355,CUST3355,Finals,255,80,Short Reel,0.35,27.8,99,99,99,Mobile,Yes,High,100.0
ENG003356,CUST3356,Rivalry Match,199,66,Video Ad,0.26,18.0,93,94,93,Smart TV,Yes,High,93.2
ENG003357,CUST3357,League Match,155,44,Influencer Promotion,0.15,9.5,68,71,69,Laptop,No,Medium,65.3
ENG003358,CUST3358,League Match,135,40,Banner Ad,0.10,7.9,64,65,62,Smart TV,No,Low,58.7
ENG003359,CUST3359,Playoffs,228,77,Short Reel,0.31,22.4,96,98,97,Mobile,Yes,High,97.5
ENG003360,CUST3360,League Match,118,33,Banner Ad,0.06,5.8,55,55,53,Laptop,No,Low,50.1
ENG003361,CUST3361,Rivalry Match,204,69,Video Ad,0.25,17.3,93,95,93,Smart TV,Yes,Medium,91.5
ENG003362,CUST3362,League Match,160,49,Influencer Promotion,0.17,10.9,71,74,72,Mobile,Yes,Medium,70.0
ENG003363,CUST3363,Finals,252,80,Short Reel,0.35,27.5,99,99,99,Mobile,Yes,High,100.0
ENG003364,CUST3364,League Match,124,35,Banner Ad,0.08,6.4,61,59,58,Laptop,No,Low,54.1
ENG003365,CUST3365,Playoffs,222,73,Video Ad,0.27,19.8,93,95,94,Smart TV,Yes,High,94.1
ENG003366,CUST3366,Rivalry Match,211,71,Short Reel,0.33,22.7,97,99,98,Mobile,Yes,High,97.8
ENG003367,CUST3367,League Match,156,45,Influencer Promotion,0.16,9.8,69,71,70,Laptop,No,Medium,66.4
ENG003368,CUST3368,League Match,130,38,Banner Ad,0.09,7.0,62,63,60,Smart TV,No,Low,56.7
ENG003369,CUST3369,Finals,245,79,Short Reel,0.34,25.8,98,99,98,Mobile,Yes,High,99.9
ENG003370,CUST3370,Rivalry Match,191,63,Video Ad,0.22,15.5,89,91,89,Laptop,Yes,Medium,86.8
ENG003371,CUST3371,League Match,167,50,Influencer Promotion,0.19,12.0,75,77,76,Mobile,Yes,Medium,73.4
ENG003372,CUST3372,League Match,133,39,Banner Ad,0.10,7.7,64,64,62,Smart TV,No,Low,58.9
ENG003373,CUST3373,Playoffs,236,79,Short Reel,0.34,24.3,98,99,98,Mobile,Yes,High,99.6
ENG003374,CUST3374,League Match,116,30,Banner Ad,0.06,5.7,53,53,51,Laptop,No,Low,48.3
ENG003375,CUST3375,Finals,258,80,Short Reel,0.35,28.7,99,99,99,Mobile,Yes,High,100.0
ENG003376,CUST3376,Rivalry Match,200,66,Video Ad,0.24,16.6,91,93,91,Smart TV,Yes,Medium,89.7
ENG003377,CUST3377,League Match,152,43,Influencer Promotion,0.15,9.1,66,69,67,Laptop,No,Medium,64.0
ENG003378,CUST3378,League Match,137,41,Banner Ad,0.11,8.1,65,65,63,Smart TV,No,Low,59.6
ENG003379,CUST3379,Playoffs,231,77,Short Reel,0.31,22.6,96,98,97,Mobile,Yes,High,97.7
ENG003380,CUST3380,League Match,121,34,Banner Ad,0.07,6.0,57,56,55,Laptop,No,Low,51.4
ENG003381,CUST3381,Rivalry Match,206,69,Short Reel,0.34,21.4,97,98,96,Mobile,Yes,High,96.8
ENG003382,CUST3382,League Match,144,45,Video Ad,0.18,10.6,72,70,67,Laptop,No,Medium,67.9
ENG003383,CUST3383,Playoffs,231,79,Influencer Promotion,0.34,24.5,98,99,98,Mobile,Yes,High,99.6
ENG003384,CUST3384,League Match,117,32,Banner Ad,0.07,6.2,58,57,55,Smart TV,No,Low,52.2
ENG003385,CUST3385,Finals,258,80,Short Reel,0.35,27.5,99,99,99,Mobile,Yes,High,100.0
ENG003386,CUST3386,League Match,164,49,Video Ad,0.20,12.3,76,78,76,Laptop,No,Medium,72.5
ENG003387,CUST3387,Rivalry Match,213,71,Short Reel,0.34,23.0,97,99,98,Mobile,Yes,High,98.2
ENG003388,CUST3388,League Match,185,49,Video Ad,0.17,10.5,70,68,69,Smart TV,No,Low,64.5
ENG003389,CUST3389,Playoffs,221,74,Influencer Promotion,0.31,21.4,95,97,95,Mobile,Yes,High,95.5
ENG003390,CUST3390,League Match,108,27,Banner Ad,0.05,4.9,51,53,50,Laptop,No,Low,47.2
ENG003391,CUST3391,Rivalry Match,195,63,Short Reel,0.30,19.3,92,96,92,Mobile,Yes,High,93.4
ENG003392,CUST3392,League Match,152,44,Video Ad,0.14,9.3,68,65,67,Smart TV,No,Medium,62.3
ENG003393,CUST3393,Playoffs,240,79,Influencer Promotion,0.35,25.7,99,99,98,Mobile,Yes,High,100.0
ENG003394,CUST3394,League Match,124,34,Banner Ad,0.08,6.7,62,60,58,Laptop,No,Low,54.0
ENG003395,CUST3395,Finals,251,80,Short Reel,0.35,28.5,99,99,99,Mobile,Yes,High,100.0
ENG003396,CUST3396,Rivalry Match,204,69,Video Ad,0.24,14.2,91,93,92,Laptop,Yes,Medium,89.3
ENG003397,CUST3397,League Match,163,48,Influencer Promotion,0.17,11.4,73,74,72,Mobile,Yes,Medium,70.7
ENG003398,CUST3398,League Match,132,38,Banner Ad,0.09,7.3,63,62,61,Smart TV,No,Low,57.4
ENG003399,CUST3399,Playoffs,234,78,Short Reel,0.32,23.1,97,99,98,Mobile,Yes,High,98.5
ENG003400,CUST3400,League Match,115,29,Banner Ad,0.06,5.6,54,52,52,Laptop,No,Low,49.3
ENG003401,CUST3401,Rivalry Match,197,65,Video Ad,0.24,15.3,91,95,92,Smart TV,Yes,Medium,90.3
ENG003402,CUST3402,League Match,168,52,Influencer Promotion,0.20,12.5,77,79,77,Mobile,Yes,Medium,74.5
ENG003403,CUST3403,Finals,259,80,Short Reel,0.35,28.6,99,99,99,Mobile,Yes,High,100.0
ENG003404,CUST3404,League Match,126,34,Banner Ad,0.08,6.3,60,58,58,Laptop,No,Low,53.3
ENG003405,CUST3405,Playoffs,225,75,Video Ad,0.29,20.4,95,97,95,Smart TV,Yes,High,95.1
ENG003406,CUST3406,Rivalry Match,208,70,Short Reel,0.33,21.8,97,99,97,Mobile,Yes,High,97.3
ENG003407,CUST3407,League Match,157,45,Influencer Promotion,0.16,9.9,69,72,70,Laptop,No,Medium,66.9
ENG003408,CUST3408,League Match,120,34,Banner Ad,0.07,5.9,59,58,56,Smart TV,No,Low,52.5
ENG003409,CUST3409,Finals,247,79,Short Reel,0.34,26.0,98,99,98,Mobile,Yes,High,100.0
ENG003410,CUST3410,Rivalry Match,190,62,Video Ad,0.22,16.0,89,91,90,Laptop,Yes,Medium,87.9
ENG003411,CUST3411,League Match,164,49,Influencer Promotion,0.18,11.7,74,74,73,Mobile,Yes,Medium,71.3
ENG003412,CUST3412,League Match,128,37,Banner Ad,0.10,7.3,62,62,60,Smart TV,No,Low,56.4
ENG003413,CUST3413,Playoffs,235,79,Short Reel,0.33,24.0,98,99,98,Mobile,Yes,High,99.3
ENG003414,CUST3414,League Match,112,29,Banner Ad,0.05,5.2,52,52,51,Laptop,No,Low,47.8
ENG003415,CUST3415,Finals,255,80,Short Reel,0.35,27.8,99,99,99,Mobile,Yes,High,100.0
ENG003416,CUST3416,Rivalry Match,199,66,Video Ad,0.26,18.0,93,94,93,Smart TV,Yes,High,93.2
ENG003417,CUST3417,League Match,155,44,Influencer Promotion,0.15,9.5,68,71,69,Laptop,No,Medium,65.3
ENG003418,CUST3418,League Match,135,40,Banner Ad,0.10,7.9,64,65,62,Smart TV,No,Low,58.7
ENG003419,CUST3419,Playoffs,228,77,Short Reel,0.31,22.4,96,98,97,Mobile,Yes,High,97.5
ENG003420,CUST3420,League Match,118,33,Banner Ad,0.06,5.8,55,55,53,Laptop,No,Low,50.1
ENG003421,CUST3421,Rivalry Match,204,69,Video Ad,0.25,17.3,93,95,93,Smart TV,Yes,Medium,91.5
ENG003422,CUST3422,League Match,160,49,Influencer Promotion,0.17,10.9,71,74,72,Mobile,Yes,Medium,70.0
ENG003423,CUST3423,Finals,252,80,Short Reel,0.35,27.5,99,99,99,Mobile,Yes,High,100.0
ENG003424,CUST3424,League Match,124,35,Banner Ad,0.08,6.4,61,59,58,Laptop,No,Low,54.1
ENG003425,CUST3425,Playoffs,222,73,Video Ad,0.27,19.8,93,95,94,Smart TV,Yes,High,94.1
ENG003426,CUST3426,Rivalry Match,211,71,Short Reel,0.33,22.7,97,99,98,Mobile,Yes,High,97.8
ENG003427,CUST3427,League Match,156,45,Influencer Promotion,0.16,9.8,69,71,70,Laptop,No,Medium,66.4
ENG003428,CUST3428,League Match,130,38,Banner Ad,0.09,7.0,62,63,60,Smart TV,No,Low,56.7
ENG003429,CUST3429,Finals,245,79,Short Reel,0.34,25.8,98,99,98,Mobile,Yes,High,99.9
ENG003430,CUST3430,Rivalry Match,191,63,Video Ad,0.22,15.5,89,91,89,Laptop,Yes,Medium,86.8
ENG003431,CUST3431,League Match,167,50,Influencer Promotion,0.19,12.0,75,77,76,Mobile,Yes,Medium,73.4
ENG003432,CUST3432,League Match,133,39,Banner Ad,0.10,7.7,64,64,62,Smart TV,No,Low,58.9
ENG003433,CUST3433,Playoffs,236,79,Short Reel,0.34,24.3,98,99,98,Mobile,Yes,High,99.6
ENG003434,CUST3434,League Match,116,30,Banner Ad,0.06,5.7,53,53,51,Laptop,No,Low,48.3
ENG003435,CUST3435,Finals,258,80,Short Reel,0.35,28.7,99,99,99,Mobile,Yes,High,100.0
ENG003436,CUST3436,Rivalry Match,200,66,Video Ad,0.24,16.6,91,93,91,Smart TV,Yes,Medium,89.7
ENG003437,CUST3437,League Match,152,43,Influencer Promotion,0.15,9.1,66,69,67,Laptop,No,Medium,64.0
ENG003438,CUST3438,League Match,137,41,Banner Ad,0.11,8.1,65,65,63,Smart TV,No,Low,59.6
ENG003439,CUST3439,Playoffs,231,77,Short Reel,0.31,22.6,96,98,97,Mobile,Yes,High,97.7
ENG003440,CUST3440,League Match,121,34,Banner Ad,0.07,6.0,57,56,55,Laptop,No,Low,51.4
ENG003441,CUST3441,Rivalry Match,206,69,Short Reel,0.34,21.4,97,98,96,Mobile,Yes,High,96.8
ENG003442,CUST3442,League Match,144,45,Video Ad,0.18,10.6,72,70,67,Laptop,No,Medium,67.9
ENG003443,CUST3443,Playoffs,231,79,Influencer Promotion,0.34,24.5,98,99,98,Mobile,Yes,High,99.6
ENG003444,CUST3444,League Match,117,32,Banner Ad,0.07,6.2,58,57,55,Smart TV,No,Low,52.2
ENG003445,CUST3445,Finals,258,80,Short Reel,0.35,27.5,99,99,99,Mobile,Yes,High,100.0
ENG003446,CUST3446,League Match,164,49,Video Ad,0.20,12.3,76,78,76,Laptop,No,Medium,72.5
ENG003447,CUST3447,Rivalry Match,213,71,Short Reel,0.34,23.0,97,99,98,Mobile,Yes,High,98.2
ENG003448,CUST3448,League Match,185,49,Video Ad,0.17,10.5,70,68,69,Smart TV,No,Low,64.5
ENG003449,CUST3449,Playoffs,221,74,Influencer Promotion,0.31,21.4,95,97,95,Mobile,Yes,High,95.5
ENG003450,CUST3450,League Match,108,27,Banner Ad,0.05,4.9,51,53,50,Laptop,No,Low,47.2
ENG003451,CUST3451,Rivalry Match,195,63,Short Reel,0.30,19.3,92,96,92,Mobile,Yes,High,93.4
ENG003452,CUST3452,League Match,152,44,Video Ad,0.14,9.3,68,65,67,Smart TV,No,Medium,62.3
ENG003453,CUST3453,Playoffs,240,79,Influencer Promotion,0.35,25.7,99,99,98,Mobile,Yes,High,100.0
ENG003454,CUST3454,League Match,124,34,Banner Ad,0.08,6.7,62,60,58,Laptop,No,Low,54.0
ENG003455,CUST3455,Finals,251,80,Short Reel,0.35,28.5,99,99,99,Mobile,Yes,High,100.0
ENG003456,CUST3456,Rivalry Match,204,69,Video Ad,0.24,14.2,91,93,92,Laptop,Yes,Medium,89.3
ENG003457,CUST3457,League Match,163,48,Influencer Promotion,0.17,11.4,73,74,72,Mobile,Yes,Medium,70.7
ENG003458,CUST3458,League Match,132,38,Banner Ad,0.09,7.3,63,62,61,Smart TV,No,Low,57.4
ENG003459,CUST3459,Playoffs,234,78,Short Reel,0.32,23.1,97,99,98,Mobile,Yes,High,98.5
ENG003460,CUST3460,League Match,115,29,Banner Ad,0.06,5.6,54,52,52,Laptop,No,Low,49.3
ENG003461,CUST3461,Rivalry Match,197,65,Video Ad,0.24,15.3,91,95,92,Smart TV,Yes,Medium,90.3
ENG003462,CUST3462,League Match,168,52,Influencer Promotion,0.20,12.5,77,79,77,Mobile,Yes,Medium,74.5
ENG003463,CUST3463,Finals,259,80,Short Reel,0.35,28.6,99,99,99,Mobile,Yes,High,100.0
ENG003464,CUST3464,League Match,126,34,Banner Ad,0.08,6.3,60,58,58,Laptop,No,Low,53.3
ENG003465,CUST3465,Playoffs,225,75,Video Ad,0.29,20.4,95,97,95,Smart TV,Yes,High,95.1
ENG003466,CUST3466,Rivalry Match,208,70,Short Reel,0.33,21.8,97,99,97,Mobile,Yes,High,97.3
ENG003467,CUST3467,League Match,157,45,Influencer Promotion,0.16,9.9,69,72,70,Laptop,No,Medium,66.9
ENG003468,CUST3468,League Match,120,34,Banner Ad,0.07,5.9,59,58,56,Smart TV,No,Low,52.5
ENG003469,CUST3469,Finals,247,79,Short Reel,0.34,26.0,98,99,98,Mobile,Yes,High,100.0
ENG003470,CUST3470,Rivalry Match,190,62,Video Ad,0.22,16.0,89,91,90,Laptop,Yes,Medium,87.9
ENG003471,CUST3471,League Match,164,49,Influencer Promotion,0.18,11.7,74,74,73,Mobile,Yes,Medium,71.3
ENG003472,CUST3472,League Match,128,37,Banner Ad,0.10,7.3,62,62,60,Smart TV,No,Low,56.4
ENG003473,CUST3473,Playoffs,235,79,Short Reel,0.33,24.0,98,99,98,Mobile,Yes,High,99.3
ENG003474,CUST3474,League Match,112,29,Banner Ad,0.05,5.2,52,52,51,Laptop,No,Low,47.8
ENG003475,CUST3475,Finals,255,80,Short Reel,0.35,27.8,99,99,99,Mobile,Yes,High,100.0
ENG003476,CUST3476,Rivalry Match,199,66,Video Ad,0.26,18.0,93,94,93,Smart TV,Yes,High,93.2
ENG003477,CUST3477,League Match,155,44,Influencer Promotion,0.15,9.5,68,71,69,Laptop,No,Medium,65.3
ENG003478,CUST3478,League Match,135,40,Banner Ad,0.10,7.9,64,65,62,Smart TV,No,Low,58.7
ENG003479,CUST3479,Playoffs,228,77,Short Reel,0.31,22.4,96,98,97,Mobile,Yes,High,97.5
ENG003480,CUST3480,League Match,118,33,Banner Ad,0.06,5.8,55,55,53,Laptop,No,Low,50.1
ENG003481,CUST3481,Rivalry Match,204,69,Video Ad,0.25,17.3,93,95,93,Smart TV,Yes,Medium,91.5
ENG003482,CUST3482,League Match,160,49,Influencer Promotion,0.17,10.9,71,74,72,Mobile,Yes,Medium,70.0
ENG003483,CUST3483,Finals,252,80,Short Reel,0.35,27.5,99,99,99,Mobile,Yes,High,100.0
ENG003484,CUST3484,League Match,124,35,Banner Ad,0.08,6.4,61,59,58,Laptop,No,Low,54.1
ENG003485,CUST3485,Playoffs,222,73,Video Ad,0.27,19.8,93,95,94,Smart TV,Yes,High,94.1
ENG003486,CUST3486,Rivalry Match,211,71,Short Reel,0.33,22.7,97,99,98,Mobile,Yes,High,97.8
ENG003487,CUST3487,League Match,156,45,Influencer Promotion,0.16,9.8,69,71,70,Laptop,No,Medium,66.4
ENG003488,CUST3488,League Match,130,38,Banner Ad,0.09,7.0,62,63,60,Smart TV,No,Low,56.7
ENG003489,CUST3489,Finals,245,79,Short Reel,0.34,25.8,98,99,98,Mobile,Yes,High,99.9
ENG003490,CUST3490,Rivalry Match,191,63,Video Ad,0.22,15.5,89,91,89,Laptop,Yes,Medium,86.8
ENG003491,CUST3491,League Match,167,50,Influencer Promotion,0.19,12.0,75,77,76,Mobile,Yes,Medium,73.4
ENG003492,CUST3492,League Match,133,39,Banner Ad,0.10,7.7,64,64,62,Smart TV,No,Low,58.9
ENG003493,CUST3493,Playoffs,236,79,Short Reel,0.34,24.3,98,99,98,Mobile,Yes,High,99.6
ENG003494,CUST3494,League Match,116,30,Banner Ad,0.06,5.7,53,53,51,Laptop,No,Low,48.3
ENG003495,CUST3495,Finals,258,80,Short Reel,0.35,28.7,99,99,99,Mobile,Yes,High,100.0
ENG003496,CUST3496,Rivalry Match,200,66,Video Ad,0.24,16.6,91,93,91,Smart TV,Yes,Medium,89.7
ENG003497,CUST3497,League Match,152,43,Influencer Promotion,0.15,9.1,66,69,67,Laptop,No,Medium,64.0
ENG003498,CUST3498,League Match,137,41,Banner Ad,0.11,8.1,65,65,63,Smart TV,No,Low,59.6
ENG003499,CUST3499,Playoffs,231,77,Short Reel,0.31,22.6,96,98,97,Mobile,Yes,High,97.7
ENG003500,CUST3500,League Match,121,34,Banner Ad,0.07,6.0,57,56,55,Laptop,No,Low,51.4