purchase_id,customer_id,preferred_shopping_platform,sports_equipment_spending_per_month,previous_cricket_gear_purchases,average_order_value,preferred_product_category,purchase_frequency_per_year,discount_sensitivity,cart_abandonment_rate,payment_method_preference,brand_loyalty_level,likely_to_buy_cricket_kit
PUR000001,CUST0001,Amazon,3200,5,4100,Bats,4,Medium,0.24,UPI,Medium,Yes
PUR000002,CUST0002,Flipkart,1800,2,2200,Jerseys,2,High,0.48,Debit Card,Low,No
PUR000003,CUST0003,Brand Website,5400,8,7200,Full Kits,6,Low,0.12,Credit Card,High,Yes
PUR000004,CUST0004,Local Store,900,1,1100,Accessories,1,Medium,0.29,Cash on Delivery,Low,No
PUR000005,CUST0005,Amazon,4100,6,5300,Shoes,5,Medium,0.21,UPI,Medium,Yes
PUR000006,CUST0006,Brand Website,6200,9,8100,Full Kits,7,Low,0.10,Credit Card,High,Yes
PUR000007,CUST0007,Flipkart,2400,3,3100,Gloves,3,High,0.43,Debit Card,Medium,No
PUR000008,CUST0008,Amazon,3500,5,4700,Bats,4,Medium,0.27,UPI,Medium,Yes
PUR000009,CUST0009,Local Store,1200,1,1500,Accessories,1,High,0.52,Cash on Delivery,Low,No
PUR000010,CUST0010,Brand Website,5800,8,7600,Full Kits,6,Low,0.09,Credit Card,High,Yes
PUR000011,CUST0011,Amazon,2900,4,3900,Shoes,4,Medium,0.25,UPI,Medium,Yes
PUR000012,CUST0012,Flipkart,1600,2,2100,Jerseys,2,High,0.46,Debit Card,Low,No
PUR000013,CUST0013,Brand Website,7100,10,9200,Full Kits,8,Low,0.08,Credit Card,High,Yes
PUR000014,CUST0014,Local Store,1000,1,1300,Accessories,1,Medium,0.31,Cash on Delivery,Low,No
PUR000015,CUST0015,Amazon,4300,6,5600,Bats,5,Medium,0.22,UPI,Medium,Yes
PUR000016,CUST0016,Brand Website,6400,9,8300,Full Kits,7,Low,0.11,Credit Card,High,Yes
PUR000017,CUST0017,Flipkart,2100,3,2800,Gloves,3,High,0.41,Debit Card,Medium,No
PUR000018,CUST0018,Amazon,3700,5,4900,Shoes,4,Medium,0.24,UPI,Medium,Yes
PUR000019,CUST0019,Local Store,1300,1,1600,Accessories,1,High,0.55,Cash on Delivery,Low,No
PUR000020,CUST0020,Brand Website,5600,8,7400,Full Kits,6,Low,0.10,Credit Card,High,Yes
PUR000021,CUST0021,Amazon,3100,4,4200,Bats,4,Medium,0.26,UPI,Medium,Yes
PUR000022,CUST0022,Flipkart,1700,2,2300,Jerseys,2,High,0.47,Debit Card,Low,No
PUR000023,CUST0023,Brand Website,6900,10,9100,Full Kits,8,Low,0.07,Credit Card,High,Yes
PUR000024,CUST0024,Local Store,950,1,1200,Accessories,1,Medium,0.30,Cash on Delivery,Low,No
PUR000025,CUST0025,Amazon,4200,6,5500,Shoes,5,Medium,0.20,UPI,Medium,Yes
PUR000026,CUST0026,Brand Website,6100,9,8000,Full Kits,7,Low,0.09,Credit Card,High,Yes
PUR000027,CUST0027,Flipkart,2300,3,3000,Gloves,3,High,0.44,Debit Card,Medium,No
PUR000028,CUST0028,Amazon,3400,5,4600,Bats,4,Medium,0.23,UPI,Medium,Yes
PUR000029,CUST0029,Local Store,1100,1,1400,Accessories,1,High,0.53,Cash on Delivery,Low,No
PUR000030,CUST0030,Brand Website,5700,8,7500,Full Kits,6,Low,0.08,Credit Card,High,Yes
PUR000031,CUST0031,Amazon,3000,4,4000,Shoes,4,Medium,0.27,UPI,Medium,Yes
PUR000032,CUST0032,Flipkart,1800,2,2200,Jerseys,2,High,0.45,Debit Card,Low,No
PUR000033,CUST0033,Brand Website,7200,10,9400,Full Kits,8,Low,0.06,Credit Card,High,Yes
PUR000034,CUST0034,Local Store,1050,1,1350,Accessories,1,Medium,0.32,Cash on Delivery,Low,No
PUR000035,CUST0035,Amazon,4400,6,5700,Bats,5,Medium,0.21,UPI,Medium,Yes
PUR000036,CUST0036,Brand Website,6500,9,8400,Full Kits,7,Low,0.10,Credit Card,High,Yes
PUR000037,CUST0037,Flipkart,2200,3,2900,Gloves,3,High,0.42,Debit Card,Medium,No
PUR000038,CUST0038,Amazon,3600,5,4800,Shoes,4,Medium,0.24,UPI,Medium,Yes
PUR000039,CUST0039,Local Store,1250,1,1550,Accessories,1,High,0.54,Cash on Delivery,Low,No
PUR000040,CUST0040,Brand Website,5500,8,7300,Full Kits,6,Low,0.09,Credit Card,High,Yes
PUR000041,CUST0041,Amazon,3300,5,4400,Bats,4,Medium,0.25,UPI,Medium,Yes
PUR000042,CUST0042,Flipkart,1900,2,2400,Jerseys,2,High,0.49,Debit Card,Low,No
PUR000043,CUST0043,Brand Website,6800,10,9000,Full Kits,8,Low,0.07,Credit Card,High,Yes
PUR000044,CUST0044,Local Store,980,1,1250,Accessories,1,Medium,0.29,Cash on Delivery,Low,No
PUR000045,CUST0045,Amazon,4100,6,5400,Shoes,5,Medium,0.22,UPI,Medium,Yes
PUR000046,CUST0046,Brand Website,6000,9,7900,Full Kits,7,Low,0.11,Credit Card,High,Yes
PUR000047,CUST0047,Flipkart,2400,3,3200,Gloves,3,High,0.43,Debit Card,Medium,No
PUR000048,CUST0048,Amazon,3500,5,4700,Bats,4,Medium,0.23,UPI,Medium,Yes
PUR000049,CUST0049,Local Store,1150,1,1450,Accessories,1,High,0.51,Cash on Delivery,Low,No
PUR000050,CUST0050,Brand Website,5800,8,7600,Full Kits,6,Low,0.08,Credit Card,High,Yes
PUR000051,CUST0051,Amazon,3200,5,4300,Shoes,4,Medium,0.26,UPI,Medium,Yes
PUR000052,CUST0052,Flipkart,1750,2,2250,Jerseys,2,High,0.47,Debit Card,Low,No
PUR000053,CUST0053,Brand Website,7300,10,9500,Full Kits,8,Low,0.06,Credit Card,High,Yes
PUR000054,CUST0054,Local Store,1020,1,1320,Accessories,1,Medium,0.33,Cash on Delivery,Low,No
PUR000055,CUST0055,Amazon,4500,6,5800,Bats,5,Medium,0.20,UPI,Medium,Yes
PUR000056,CUST0056,Brand Website,6600,9,8500,Full Kits,7,Low,0.09,Credit Card,High,Yes
PUR000057,CUST0057,Flipkart,2150,3,2850,Gloves,3,High,0.41,Debit Card,Medium,No
PUR000058,CUST0058,Amazon,3700,5,5000,Shoes,4,Medium,0.24,UPI,Medium,Yes
PUR000059,CUST0059,Local Store,1280,1,1580,Accessories,1,High,0.56,Cash on Delivery,Low,No
PUR000060,CUST0060,Brand Website,5400,8,7200,Full Kits,6,Low,0.10,Credit Card,High,Yes
PUR000061,CUST0061,Amazon,3400,5,4500,Bats,4,Medium,0.25,UPI,Medium,Yes
PUR000062,CUST0062,Flipkart,1850,2,2350,Jerseys,2,High,0.48,Debit Card,Low,No
PUR000063,CUST0063,Brand Website,7000,10,9200,Full Kits,8,Low,0.07,Credit Card,High,Yes
PUR000064,CUST0064,Local Store,970,1,1220,Accessories,1,Medium,0.28,Cash on Delivery,Low,No
PUR000065,CUST0065,Amazon,4200,6,5500,Shoes,5,Medium,0.21,UPI,Medium,Yes
PUR000066,CUST0066,Brand Website,6200,9,8100,Full Kits,7,Low,0.10,Credit Card,High,Yes
PUR000067,CUST0067,Flipkart,2250,3,2950,Gloves,3,High,0.44,Debit Card,Medium,No
PUR000068,CUST0068,Amazon,3600,5,4800,Bats,4,Medium,0.22,UPI,Medium,Yes
PUR000069,CUST0069,Local Store,1180,1,1480,Accessories,1,High,0.52,Cash on Delivery,Low,No
PUR000070,CUST0070,Brand Website,5700,8,7500,Full Kits,6,Low,0.08,Credit Card,High,Yes
PUR000071,CUST0071,Amazon,3100,4,4200,Shoes,4,Medium,0.27,UPI,Medium,Yes
PUR000072,CUST0072,Flipkart,1700,2,2200,Jerseys,2,High,0.46,Debit Card,Low,No
PUR000073,CUST0073,Brand Website,7100,10,9300,Full Kits,8,Low,0.06,Credit Card,High,Yes
PUR000074,CUST0074,Local Store,1030,1,1330,Accessories,1,Medium,0.31,Cash on Delivery,Low,No
PUR000075,CUST0075,Amazon,4300,6,5600,Bats,5,Medium,0.20,UPI,Medium,Yes
PUR000076,CUST0076,Brand Website,6400,9,8300,Full Kits,7,Low,0.09,Credit Card,High,Yes
PUR000077,CUST0077,Flipkart,2100,3,2800,Gloves,3,High,0.42,Debit Card,Medium,No
PUR000078,CUST0078,Amazon,3800,5,5000,Shoes,4,Medium,0.23,UPI,Medium,Yes
PUR000079,CUST0079,Local Store,1260,1,1560,Accessories,1,High,0.55,Cash on Delivery,Low,No
PUR000080,CUST0080,Brand Website,5600,8,7400,Full Kits,6,Low,0.10,Credit Card,High,Yes
PUR000081,CUST0081,Amazon,3300,5,4400,Bats,4,Medium,0.24,UPI,Medium,Yes
PUR000082,CUST0082,Flipkart,1800,2,2300,Jerseys,2,High,0.47,Debit Card,Low,No
PUR000083,CUST0083,Brand Website,6900,10,9100,Full Kits,8,Low,0.07,Credit Card,High,Yes
PUR000084,CUST0084,Local Store,990,1,1240,Accessories,1,Medium,0.30,Cash on Delivery,Low,No
PUR000085,CUST0085,Amazon,4100,6,5400,Shoes,5,Medium,0.21,UPI,Medium,Yes
PUR000086,CUST0086,Brand Website,6100,9,8000,Full Kits,7,Low,0.10,Credit Card,High,Yes
PUR000087,CUST0087,Flipkart,2350,3,3050,Gloves,3,High,0.43,Debit Card,Medium,No
PUR000088,CUST0088,Amazon,3500,5,4700,Bats,4,Medium,0.22,UPI,Medium,Yes
PUR000089,CUST0089,Local Store,1120,1,1420,Accessories,1,High,0.53,Cash on Delivery,Low,No
PUR000090,CUST0090,Brand Website,5800,8,7600,Full Kits,6,Low,0.08,Credit Card,High,Yes
PUR000091,CUST0091,Amazon,3200,5,4300,Shoes,4,Medium,0.26,UPI,Medium,Yes
PUR000092,CUST0092,Flipkart,1750,2,2250,Jerseys,2,High,0.48,Debit Card,Low,No
PUR000093,CUST0093,Brand Website,7200,10,9400,Full Kits,8,Low,0.06,Credit Card,High,Yes
PUR000094,CUST0094,Local Store,1040,1,1340,Accessories,1,Medium,0.32,Cash on Delivery,Low,No
PUR000095,CUST0095,Amazon,4400,6,5700,Bats,5,Medium,0.20,UPI,Medium,Yes
PUR000096,CUST0096,Brand Website,6500,9,8400,Full Kits,7,Low,0.09,Credit Card,High,Yes
PUR000097,CUST0097,Flipkart,2200,3,2900,Gloves,3,High,0.41,Debit Card,Medium,No
PUR000098,CUST0098,Amazon,3700,5,4900,Shoes,4,Medium,0.24,UPI,Medium,Yes
PUR000099,CUST0099,Local Store,1270,1,1570,Accessories,1,High,0.54,Cash on Delivery,Low,No
PUR000100,CUST0100,Brand Website,5500,8,7300,Full Kits,6,Low,0.10,Credit Card,High,Yes
PUR000101,CUST0101,Amazon,3400,5,4500,Bats,4,Medium,0.25,UPI,Medium,Yes
PUR000102,CUST0102,Flipkart,1850,2,2350,Jerseys,2,High,0.49,Debit Card,Low,No
PUR000103,CUST0103,Brand Website,6800,10,9000,Full Kits,8,Low,0.07,Credit Card,High,Yes
PUR000104,CUST0104,Local Store,960,1,1210,Accessories,1,Medium,0.29,Cash on Delivery,Low,No
PUR000105,CUST0105,Amazon,4200,6,5500,Shoes,5,Medium,0.21,UPI,Medium,Yes
PUR000106,CUST0106,Brand Website,6200,9,8100,Full Kits,7,Low,0.10,Credit Card,High,Yes
PUR000107,CUST0107,Flipkart,2300,3,3000,Gloves,3,High,0.44,Debit Card,Medium,No
PUR000108,CUST0108,Amazon,3600,5,4800,Bats,4,Medium,0.22,UPI,Medium,Yes
PUR000109,CUST0109,Local Store,1190,1,1490,Accessories,1,High,0.52,Cash on Delivery,Low,No
PUR000110,CUST0110,Brand Website,5700,8,7500,Full Kits,6,Low,0.08,Credit Card,High,Yes
PUR000111,CUST0111,Amazon,3100,4,4200,Shoes,4,Medium,0.27,UPI,Medium,Yes
PUR000112,CUST0112,Flipkart,1700,2,2200,Jerseys,2,High,0.46,Debit Card,Low,No
PUR000113,CUST0113,Brand Website,7100,10,9300,Full Kits,8,Low,0.06,Credit Card,High,Yes
PUR000114,CUST0114,Local Store,1010,1,1310,Accessories,1,Medium,0.31,Cash on Delivery,Low,No
PUR000115,CUST0115,Amazon,4300,6,5600,Bats,5,Medium,0.20,UPI,Medium,Yes
PUR000116,CUST0116,Brand Website,6400,9,8300,Full Kits,7,Low,0.09,Credit Card,High,Yes
PUR000117,CUST0117,Flipkart,2100,3,2800,Gloves,3,High,0.42,Debit Card,Medium,No
PUR000118,CUST0118,Amazon,3800,5,5000,Shoes,4,Medium,0.23,UPI,Medium,Yes
PUR000119,CUST0119,Local Store,1260,1,1560,Accessories,1,High,0.55,Cash on Delivery,Low,No
PUR000120,CUST0120,Brand Website,5600,8,7400,Full Kits,6,Low,0.10,Credit Card,High,Yes
PUR000121,CUST0121,Amazon,3300,5,4400,Bats,4,Medium,0.24,UPI,Medium,Yes
PUR000122,CUST0122,Flipkart,1800,2,2300,Jerseys,2,High,0.47,Debit Card,Low,No
PUR000123,CUST0123,Brand Website,6900,10,9100,Full Kits,8,Low,0.07,Credit Card,High,Yes
PUR000124,CUST0124,Local Store,980,1,1230,Accessories,1,Medium,0.30,Cash on Delivery,Low,No
PUR000125,CUST0125,Amazon,4100,6,5400,Shoes,5,Medium,0.21,UPI,Medium,Yes
PUR000126,CUST0126,Brand Website,6100,9,8000,Full Kits,7,Low,0.10,Credit Card,High,Yes
PUR000127,CUST0127,Flipkart,2400,3,3100,Gloves,3,High,0.43,Debit Card,Medium,No
PUR000128,CUST0128,Amazon,3500,5,4700,Bats,4,Medium,0.22,UPI,Medium,Yes
PUR000129,CUST0129,Local Store,1130,1,1430,Accessories,1,High,0.53,Cash on Delivery,Low,No
PUR000130,CUST0130,Brand Website,5800,8,7600,Full Kits,6,Low,0.08,Credit Card,High,Yes
PUR000131,CUST0131,Amazon,3200,5,4300,Shoes,4,Medium,0.26,UPI,Medium,Yes
PUR000132,CUST0132,Flipkart,1750,2,2250,Jerseys,2,High,0.48,Debit Card,Low,No
PUR000133,CUST0133,Brand Website,7200,10,9400,Full Kits,8,Low,0.06,Credit Card,High,Yes
PUR000134,CUST0134,Local Store,1040,1,1340,Accessories,1,Medium,0.32,Cash on Delivery,Low,No
PUR000135,CUST0135,Amazon,4400,6,5700,Bats,5,Medium,0.20,UPI,Medium,Yes
PUR000136,CUST0136,Brand Website,6500,9,8400,Full Kits,7,Low,0.09,Credit Card,High,Yes
PUR000137,CUST0137,Flipkart,2200,3,2900,Gloves,3,High,0.41,Debit Card,Medium,No
PUR000138,CUST0138,Amazon,3700,5,4900,Shoes,4,Medium,0.24,UPI,Medium,Yes
PUR000139,CUST0139,Local Store,1270,1,1570,Accessories,1,High,0.54,Cash on Delivery,Low,No
PUR000140,CUST0140,Brand Website,5500,8,7300,Full Kits,6,Low,0.10,Credit Card,High,Yes
PUR000141,CUST0141,Amazon,3400,5,4500,Bats,4,Medium,0.25,UPI,Medium,Yes
PUR000142,CUST0142,Flipkart,1850,2,2350,Jerseys,2,High,0.49,Debit Card,Low,No
PUR000143,CUST0143,Brand Website,6800,10,9000,Full Kits,8,Low,0.07,Credit Card,High,Yes
PUR000144,CUST0144,Local Store,960,1,1210,Accessories,1,Medium,0.29,Cash on Delivery,Low,No
PUR000145,CUST0145,Amazon,4200,6,5500,Shoes,5,Medium,0.21,UPI,Medium,Yes
PUR000146,CUST0146,Brand Website,6200,9,8100,Full Kits,7,Low,0.10,Credit Card,High,Yes
PUR000147,CUST0147,Flipkart,2300,3,3000,Gloves,3,High,0.44,Debit Card,Medium,No
PUR000148,CUST0148,Amazon,3600,5,4800,Bats,4,Medium,0.22,UPI,Medium,Yes
PUR000149,CUST0149,Local Store,1190,1,1490,Accessories,1,High,0.52,Cash on Delivery,Low,No
PUR000150,CUST0150,Brand Website,5700,8,7500,Full Kits,6,Low,0.08,Credit Card,High,Yes
PUR000151,CUST0151,Amazon,3100,4,4200,Shoes,4,Medium,0.27,UPI,Medium,Yes
PUR000152,CUST0152,Flipkart,1700,2,2200,Jerseys,2,High,0.46,Debit Card,Low,No
PUR000153,CUST0153,Brand Website,7100,10,9300,Full Kits,8,Low,0.06,Credit Card,High,Yes
PUR000154,CUST0154,Local Store,1010,1,1310,Accessories,1,Medium,0.31,Cash on Delivery,Low,No
PUR000155,CUST0155,Amazon,4300,6,5600,Bats,5,Medium,0.20,UPI,Medium,Yes
PUR000156,CUST0156,Brand Website,6400,9,8300,Full Kits,7,Low,0.09,Credit Card,High,Yes
PUR000157,CUST0157,Flipkart,2100,3,2800,Gloves,3,High,0.42,Debit Card,Medium,No
PUR000158,CUST0158,Amazon,3800,5,5000,Shoes,4,Medium,0.23,UPI,Medium,Yes
PUR000159,CUST0159,Local Store,1260,1,1560,Accessories,1,High,0.55,Cash on Delivery,Low,No
PUR000160,CUST0160,Brand Website,5600,8,7400,Full Kits,6,Low,0.10,Credit Card,High,Yes
PUR000161,CUST0161,Amazon,3300,5,4400,Bats,4,Medium,0.24,UPI,Medium,Yes
PUR000162,CUST0162,Flipkart,1800,2,2300,Jerseys,2,High,0.47,Debit Card,Low,No
PUR000163,CUST0163,Brand Website,6900,10,9100,Full Kits,8,Low,0.07,Credit Card,High,Yes
PUR000164,CUST0164,Local Store,980,1,1230,Accessories,1,Medium,0.30,Cash on Delivery,Low,No
PUR000165,CUST0165,Amazon,4100,6,5400,Shoes,5,Medium,0.21,UPI,Medium,Yes
PUR000166,CUST0166,Brand Website,6100,9,8000,Full Kits,7,Low,0.10,Credit Card,High,Yes
PUR000167,CUST0167,Flipkart,2400,3,3100,Gloves,3,High,0.43,Debit Card,Medium,No
PUR000168,CUST0168,Amazon,3500,5,4700,Bats,4,Medium,0.22,UPI,Medium,Yes
PUR000169,CUST0169,Local Store,1130,1,1430,Accessories,1,High,0.53,Cash on Delivery,Low,No
PUR000170,CUST0170,Brand Website,5800,8,7600,Full Kits,6,Low,0.08,Credit Card,High,Yes
PUR000171,CUST0171,Amazon,3200,5,4300,Shoes,4,Medium,0.26,UPI,Medium,Yes
PUR000172,CUST0172,Flipkart,1750,2,2250,Jerseys,2,High,0.48,Debit Card,Low,No
PUR000173,CUST0173,Brand Website,7200,10,9400,Full Kits,8,Low,0.06,Credit Card,High,Yes
PUR000174,CUST0174,Local Store,1040,1,1340,Accessories,1,Medium,0.32,Cash on Delivery,Low,No
PUR000175,CUST0175,Amazon,4400,6,5700,Bats,5,Medium,0.20,UPI,Medium,Yes
PUR000176,CUST0176,Brand Website,6500,9,8400,Full Kits,7,Low,0.09,Credit Card,High,Yes
PUR000177,CUST0177,Flipkart,2200,3,2900,Gloves,3,High,0.41,Debit Card,Medium,No
PUR000178,CUST0178,Amazon,3700,5,4900,Shoes,4,Medium,0.24,UPI,Medium,Yes
PUR000179,CUST0179,Local Store,1270,1,1570,Accessories,1,High,0.54,Cash on Delivery,Low,No
PUR000180,CUST0180,Brand Website,5500,8,7300,Full Kits,6,Low,0.10,Credit Card,High,Yes
PUR000181,CUST0181,Amazon,3400,5,4500,Bats,4,Medium,0.25,UPI,Medium,Yes
PUR000182,CUST0182,Flipkart,1850,2,2350,Jerseys,2,High,0.49,Debit Card,Low,No
PUR000183,CUST0183,Brand Website,6800,10,9000,Full Kits,8,Low,0.07,Credit Card,High,Yes
PUR000184,CUST0184,Local Store,960,1,1210,Accessories,1,Medium,0.29,Cash on Delivery,Low,No
PUR000185,CUST0185,Amazon,4200,6,5500,Shoes,5,Medium,0.21,UPI,Medium,Yes
PUR000186,CUST0186,Brand Website,6200,9,8100,Full Kits,7,Low,0.10,Credit Card,High,Yes
PUR000187,CUST0187,Flipkart,2300,3,3000,Gloves,3,High,0.44,Debit Card,Medium,No
PUR000188,CUST0188,Amazon,3600,5,4800,Bats,4,Medium,0.22,UPI,Medium,Yes
PUR000189,CUST0189,Local Store,1190,1,1490,Accessories,1,High,0.52,Cash on Delivery,Low,No
PUR000190,CUST0190,Brand Website,5700,8,7500,Full Kits,6,Low,0.08,Credit Card,High,Yes
PUR000191,CUST0191,Amazon,3100,4,4200,Shoes,4,Medium,0.27,UPI,Medium,Yes
PUR000192,CUST0192,Flipkart,1700,2,2200,Jerseys,2,High,0.46,Debit Card,Low,No
PUR000193,CUST0193,Brand Website,7100,10,9300,Full Kits,8,Low,0.06,Credit Card,High,Yes
PUR000194,CUST0194,Local Store,1010,1,1310,Accessories,1,Medium,0.31,Cash on Delivery,Low,No
PUR000195,CUST0195,Amazon,4300,6,5600,Bats,5,Medium,0.20,UPI,Medium,Yes
PUR000196,CUST0196,Brand Website,6400,9,8300,Full Kits,7,Low,0.09,Credit Card,High,Yes
PUR000197,CUST0197,Flipkart,2100,3,2800,Gloves,3,High,0.42,Debit Card,Medium,No
PUR000198,CUST0198,Amazon,3800,5,5000,Shoes,4,Medium,0.23,UPI,Medium,Yes
PUR000199,CUST0199,Local Store,1260,1,1560,Accessories,1,High,0.55,Cash on Delivery,Low,No
PUR000200,CUST0200,Brand Website,5600,8,7400,Full Kits,6,Low,0.10,Credit Card,High,Yes
PUR000201,CUST0201,Amazon,3450,5,4550,Bats,4,Medium,0.24,UPI,Medium,Yes
PUR000202,CUST0202,Flipkart,1820,2,2320,Jerseys,2,High,0.48,Debit Card,Low,No
PUR000203,CUST0203,Brand Website,6950,10,9150,Full Kits,8,Low,0.07,Credit Card,High,Yes
PUR000204,CUST0204,Local Store,980,1,1240,Accessories,1,Medium,0.31,Cash on Delivery,Low,No
PUR000205,CUST0205,Amazon,4250,6,5550,Shoes,5,Medium,0.22,UPI,Medium,Yes
PUR000206,CUST0206,Brand Website,6250,9,8150,Full Kits,7,Low,0.09,Credit Card,High,Yes
PUR000207,CUST0207,Flipkart,2280,3,2980,Gloves,3,High,0.43,Debit Card,Medium,No
PUR000208,CUST0208,Amazon,3580,5,4780,Bats,4,Medium,0.23,UPI,Medium,Yes
PUR000209,CUST0209,Local Store,1170,1,1470,Accessories,1,High,0.54,Cash on Delivery,Low,No
PUR000210,CUST0210,Brand Website,5720,8,7520,Full Kits,6,Low,0.08,Credit Card,High,Yes
PUR000211,CUST0211,Amazon,3150,4,4250,Shoes,4,Medium,0.26,UPI,Medium,Yes
PUR000212,CUST0212,Flipkart,1720,2,2220,Jerseys,2,High,0.47,Debit Card,Low,No
PUR000213,CUST0213,Brand Website,7150,10,9350,Full Kits,8,Low,0.06,Credit Card,High,Yes
PUR000214,CUST0214,Local Store,1030,1,1330,Accessories,1,Medium,0.30,Cash on Delivery,Low,No
PUR000215,CUST0215,Amazon,4380,6,5680,Bats,5,Medium,0.21,UPI,Medium,Yes
PUR000216,CUST0216,Brand Website,6450,9,8350,Full Kits,7,Low,0.10,Credit Card,High,Yes
PUR000217,CUST0217,Flipkart,2140,3,2840,Gloves,3,High,0.42,Debit Card,Medium,No
PUR000218,CUST0218,Amazon,3740,5,4940,Shoes,4,Medium,0.24,UPI,Medium,Yes
PUR000219,CUST0219,Local Store,1280,1,1580,Accessories,1,High,0.55,Cash on Delivery,Low,No
PUR000220,CUST0220,Brand Website,5580,8,7380,Full Kits,6,Low,0.09,Credit Card,High,Yes
PUR000221,CUST0221,Amazon,3320,5,4420,Bats,4,Medium,0.25,UPI,Medium,Yes
PUR000222,CUST0222,Flipkart,1880,2,2380,Jerseys,2,High,0.49,Debit Card,Low,No
PUR000223,CUST0223,Brand Website,6820,10,9020,Full Kits,8,Low,0.07,Credit Card,High,Yes
PUR000224,CUST0224,Local Store,960,1,1210,Accessories,1,Medium,0.29,Cash on Delivery,Low,No
PUR000225,CUST0225,Amazon,4180,6,5480,Shoes,5,Medium,0.20,UPI,Medium,Yes
PUR000226,CUST0226,Brand Website,6180,9,8080,Full Kits,7,Low,0.10,Credit Card,High,Yes
PUR000227,CUST0227,Flipkart,2360,3,3060,Gloves,3,High,0.44,Debit Card,Medium,No
PUR000228,CUST0228,Amazon,3520,5,4720,Bats,4,Medium,0.22,UPI,Medium,Yes
PUR000229,CUST0229,Local Store,1140,1,1440,Accessories,1,High,0.53,Cash on Delivery,Low,No
PUR000230,CUST0230,Brand Website,5840,8,7640,Full Kits,6,Low,0.08,Credit Card,High,Yes
PUR000231,CUST0231,Amazon,3240,5,4340,Shoes,4,Medium,0.26,UPI,Medium,Yes
PUR000232,CUST0232,Flipkart,1760,2,2260,Jerseys,2,High,0.47,Debit Card,Low,No
PUR000233,CUST0233,Brand Website,7260,10,9460,Full Kits,8,Low,0.06,Credit Card,High,Yes
PUR000234,CUST0234,Local Store,1020,1,1320,Accessories,1,Medium,0.32,Cash on Delivery,Low,No
PUR000235,CUST0235,Amazon,4460,6,5760,Bats,5,Medium,0.20,UPI,Medium,Yes
PUR000236,CUST0236,Brand Website,6520,9,8420,Full Kits,7,Low,0.09,Credit Card,High,Yes
PUR000237,CUST0237,Flipkart,2210,3,2910,Gloves,3,High,0.41,Debit Card,Medium,No
PUR000238,CUST0238,Amazon,3810,5,5010,Shoes,4,Medium,0.23,UPI,Medium,Yes
PUR000239,CUST0239,Local Store,1260,1,1560,Accessories,1,High,0.54,Cash on Delivery,Low,No
PUR000240,CUST0240,Brand Website,5660,8,7460,Full Kits,6,Low,0.10,Credit Card,High,Yes
PUR000241,CUST0241,Amazon,3380,5,4480,Bats,4,Medium,0.24,UPI,Medium,Yes
PUR000242,CUST0242,Flipkart,1830,2,2330,Jerseys,2,High,0.48,Debit Card,Low,No
PUR000243,CUST0243,Brand Website,6880,10,9080,Full Kits,8,Low,0.07,Credit Card,High,Yes
PUR000244,CUST0244,Local Store,970,1,1220,Accessories,1,Medium,0.29,Cash on Delivery,Low,No
PUR000245,CUST0245,Amazon,4230,6,5530,Shoes,5,Medium,0.21,UPI,Medium,Yes
PUR000246,CUST0246,Brand Website,6230,9,8130,Full Kits,7,Low,0.10,Credit Card,High,Yes
PUR000247,CUST0247,Flipkart,2320,3,3020,Gloves,3,High,0.43,Debit Card,Medium,No
PUR000248,CUST0248,Amazon,3570,5,4770,Bats,4,Medium,0.22,UPI,Medium,Yes
PUR000249,CUST0249,Local Store,1180,1,1480,Accessories,1,High,0.52,Cash on Delivery,Low,No
PUR000250,CUST0250,Brand Website,5780,8,7580,Full Kits,6,Low,0.08,Credit Card,High,Yes
PUR000251,CUST0251,Amazon,3190,4,4290,Shoes,4,Medium,0.25,UPI,Medium,Yes
PUR000252,CUST0252,Flipkart,1740,2,2240,Jerseys,2,High,0.46,Debit Card,Low,No
PUR000253,CUST0253,Brand Website,7190,10,9390,Full Kits,8,Low,0.06,Credit Card,High,Yes
PUR000254,CUST0254,Local Store,1010,1,1310,Accessories,1,Medium,0.31,Cash on Delivery,Low,No
PUR000255,CUST0255,Amazon,4410,6,5710,Bats,5,Medium,0.20,UPI,Medium,Yes
PUR000256,CUST0256,Brand Website,6470,9,8370,Full Kits,7,Low,0.09,Credit Card,High,Yes
PUR000257,CUST0257,Flipkart,2170,3,2870,Gloves,3,High,0.42,Debit Card,Medium,No
PUR000258,CUST0258,Amazon,3770,5,4970,Shoes,4,Medium,0.24,UPI,Medium,Yes
PUR000259,CUST0259,Local Store,1270,1,1570,Accessories,1,High,0.55,Cash on Delivery,Low,No
PUR000260,CUST0260,Brand Website,5620,8,7420,Full Kits,6,Low,0.09,Credit Card,High,Yes
PUR000261,CUST0261,Amazon,3350,5,4450,Bats,4,Medium,0.24,UPI,Medium,Yes
PUR000262,CUST0262,Flipkart,1810,2,2310,Jerseys,2,High,0.48,Debit Card,Low,No
PUR000263,CUST0263,Brand Website,6850,10,9050,Full Kits,8,Low,0.07,Credit Card,High,Yes
PUR000264,CUST0264,Local Store,950,1,1200,Accessories,1,Medium,0.28,Cash on Delivery,Low,No
PUR000265,CUST0265,Amazon,4200,6,5500,Shoes,5,Medium,0.21,UPI,Medium,Yes
PUR000266,CUST0266,Brand Website,6200,9,8100,Full Kits,7,Low,0.10,Credit Card,High,Yes
PUR000267,CUST0267,Flipkart,2300,3,3000,Gloves,3,High,0.44,Debit Card,Medium,No
PUR000268,CUST0268,Amazon,3550,5,4750,Bats,4,Medium,0.22,UPI,Medium,Yes
PUR000269,CUST0269,Local Store,1160,1,1460,Accessories,1,High,0.53,Cash on Delivery,Low,No
PUR000270,CUST0270,Brand Website,5750,8,7550,Full Kits,6,Low,0.08,Credit Card,High,Yes
PUR000271,CUST0271,Amazon,3170,4,4270,Shoes,4,Medium,0.26,UPI,Medium,Yes
PUR000272,CUST0272,Flipkart,1730,2,2230,Jerseys,2,High,0.47,Debit Card,Low,No
PUR000273,CUST0273,Brand Website,7170,10,9370,Full Kits,8,Low,0.06,Credit Card,High,Yes
PUR000274,CUST0274,Local Store,1000,1,1300,Accessories,1,Medium,0.31,Cash on Delivery,Low,No
PUR000275,CUST0275,Amazon,4390,6,5690,Bats,5,Medium,0.20,UPI,Medium,Yes
PUR000276,CUST0276,Brand Website,6450,9,8350,Full Kits,7,Low,0.09,Credit Card,High,Yes
PUR000277,CUST0277,Flipkart,2160,3,2860,Gloves,3,High,0.42,Debit Card,Medium,No
PUR000278,CUST0278,Amazon,3750,5,4950,Shoes,4,Medium,0.24,UPI,Medium,Yes
PUR000279,CUST0279,Local Store,1260,1,1560,Accessories,1,High,0.55,Cash on Delivery,Low,No
PUR000280,CUST0280,Brand Website,5600,8,7400,Full Kits,6,Low,0.10,Credit Card,High,Yes
PUR000281,CUST0281,Amazon,3330,5,4430,Bats,4,Medium,0.24,UPI,Medium,Yes
PUR000282,CUST0282,Flipkart,1800,2,2300,Jerseys,2,High,0.48,Debit Card,Low,No
PUR000283,CUST0283,Brand Website,6830,10,9030,Full Kits,8,Low,0.07,Credit Card,High,Yes
PUR000284,CUST0284,Local Store,960,1,1210,Accessories,1,Medium,0.29,Cash on Delivery,Low,No
PUR000285,CUST0285,Amazon,4210,6,5510,Shoes,5,Medium,0.21,UPI,Medium,Yes
PUR000286,CUST0286,Brand Website,6210,9,8110,Full Kits,7,Low,0.10,Credit Card,High,Yes
PUR000287,CUST0287,Flipkart,2310,3,3010,Gloves,3,High,0.43,Debit Card,Medium,No
PUR000288,CUST0288,Amazon,3560,5,4760,Bats,4,Medium,0.22,UPI,Medium,Yes
PUR000289,CUST0289,Local Store,1170,1,1470,Accessories,1,High,0.52,Cash on Delivery,Low,No
PUR000290,CUST0290,Brand Website,5770,8,7570,Full Kits,6,Low,0.08,Credit Card,High,Yes
PUR000291,CUST0291,Amazon,3180,4,4280,Shoes,4,Medium,0.25,UPI,Medium,Yes
PUR000292,CUST0292,Flipkart,1740,2,2240,Jerseys,2,High,0.46,Debit Card,Low,No
PUR000293,CUST0293,Brand Website,7180,10,9380,Full Kits,8,Low,0.06,Credit Card,High,Yes
PUR000294,CUST0294,Local Store,1010,1,1310,Accessories,1,Medium,0.31,Cash on Delivery,Low,No
PUR000295,CUST0295,Amazon,4400,6,5700,Bats,5,Medium,0.20,UPI,Medium,Yes
PUR000296,CUST0296,Brand Website,6460,9,8360,Full Kits,7,Low,0.09,Credit Card,High,Yes
PUR000297,CUST0297,Flipkart,2170,3,2870,Gloves,3,High,0.42,Debit Card,Medium,No
PUR000298,CUST0298,Amazon,3760,5,4960,Shoes,4,Medium,0.24,UPI,Medium,Yes
PUR000299,CUST0299,Local Store,1270,1,1570,Accessories,1,High,0.55,Cash on Delivery,Low,No
PUR000300,CUST0300,Brand Website,5610,8,7410,Full Kits,6,Low,0.10,Credit Card,High,Yes
PUR000301,CUST0301,Amazon,3340,5,4440,Bats,4,Medium,0.24,UPI,Medium,Yes
PUR000302,CUST0302,Flipkart,1810,2,2310,Jerseys,2,High,0.48,Debit Card,Low,No
PUR000303,CUST0303,Brand Website,6840,10,9040,Full Kits,8,Low,0.07,Credit Card,High,Yes
PUR000304,CUST0304,Local Store,970,1,1220,Accessories,1,Medium,0.29,Cash on Delivery,Low,No
PUR000305,CUST0305,Amazon,4220,6,5520,Shoes,5,Medium,0.21,UPI,Medium,Yes
PUR000306,CUST0306,Brand Website,6220,9,8120,Full Kits,7,Low,0.10,Credit Card,High,Yes
PUR000307,CUST0307,Flipkart,2320,3,3020,Gloves,3,High,0.43,Debit Card,Medium,No
PUR000308,CUST0308,Amazon,3570,5,4770,Bats,4,Medium,0.22,UPI,Medium,Yes
PUR000309,CUST0309,Local Store,1180,1,1480,Accessories,1,High,0.52,Cash on Delivery,Low,No
PUR000310,CUST0310,Brand Website,5780,8,7580,Full Kits,6,Low,0.08,Credit Card,High,Yes
PUR000311,CUST0311,Amazon,3190,4,4290,Shoes,4,Medium,0.25,UPI,Medium,Yes
PUR000312,CUST0312,Flipkart,1750,2,2250,Jerseys,2,High,0.46,Debit Card,Low,No
PUR000313,CUST0313,Brand Website,7190,10,9390,Full Kits,8,Low,0.06,Credit Card,High,Yes
PUR000314,CUST0314,Local Store,1020,1,1320,Accessories,1,Medium,0.31,Cash on Delivery,Low,No
PUR000315,CUST0315,Amazon,4410,6,5710,Bats,5,Medium,0.20,UPI,Medium,Yes
PUR000316,CUST0316,Brand Website,6470,9,8370,Full Kits,7,Low,0.09,Credit Card,High,Yes
PUR000317,CUST0317,Flipkart,2180,3,2880,Gloves,3,High,0.42,Debit Card,Medium,No
PUR000318,CUST0318,Amazon,3770,5,4970,Shoes,4,Medium,0.24,UPI,Medium,Yes
PUR000319,CUST0319,Local Store,1280,1,1580,Accessories,1,High,0.55,Cash on Delivery,Low,No
PUR000320,CUST0320,Brand Website,5620,8,7420,Full Kits,6,Low,0.10,Credit Card,High,Yes
PUR000321,CUST0321,Amazon,3350,5,4450,Bats,4,Medium,0.24,UPI,Medium,Yes
PUR000322,CUST0322,Flipkart,1820,2,2320,Jerseys,2,High,0.48,Debit Card,Low,No
PUR000323,CUST0323,Brand Website,6850,10,9050,Full Kits,8,Low,0.07,Credit Card,High,Yes
PUR000324,CUST0324,Local Store,980,1,1230,Accessories,1,Medium,0.29,Cash on Delivery,Low,No
PUR000325,CUST0325,Amazon,4230,6,5530,Shoes,5,Medium,0.21,UPI,Medium,Yes
PUR000326,CUST0326,Brand Website,6230,9,8130,Full Kits,7,Low,0.10,Credit Card,High,Yes
PUR000327,CUST0327,Flipkart,2330,3,3030,Gloves,3,High,0.43,Debit Card,Medium,No
PUR000328,CUST0328,Amazon,3580,5,4780,Bats,4,Medium,0.22,UPI,Medium,Yes
PUR000329,CUST0329,Local Store,1190,1,1490,Accessories,1,High,0.52,Cash on Delivery,Low,No
PUR000330,CUST0330,Brand Website,5790,8,7590,Full Kits,6,Low,0.08,Credit Card,High,Yes
PUR000331,CUST0331,Amazon,3200,4,4300,Shoes,4,Medium,0.25,UPI,Medium,Yes
PUR000332,CUST0332,Flipkart,1760,2,2260,Jerseys,2,High,0.46,Debit Card,Low,No
PUR000333,CUST0333,Brand Website,7200,10,9400,Full Kits,8,Low,0.06,Credit Card,High,Yes
PUR000334,CUST0334,Local Store,1030,1,1330,Accessories,1,Medium,0.31,Cash on Delivery,Low,No
PUR000335,CUST0335,Amazon,4420,6,5720,Bats,5,Medium,0.20,UPI,Medium,Yes
PUR000336,CUST0336,Brand Website,6480,9,8380,Full Kits,7,Low,0.09,Credit Card,High,Yes
PUR000337,CUST0337,Flipkart,2190,3,2890,Gloves,3,High,0.42,Debit Card,Medium,No
PUR000338,CUST0338,Amazon,3780,5,4980,Shoes,4,Medium,0.24,UPI,Medium,Yes
PUR000339,CUST0339,Local Store,1290,1,1590,Accessories,1,High,0.55,Cash on Delivery,Low,No
PUR000340,CUST0340,Brand Website,5630,8,7430,Full Kits,6,Low,0.10,Credit Card,High,Yes
PUR000341,CUST0341,Amazon,3360,5,4460,Bats,4,Medium,0.24,UPI,Medium,Yes
PUR000342,CUST0342,Flipkart,1830,2,2330,Jerseys,2,High,0.48,Debit Card,Low,No
PUR000343,CUST0343,Brand Website,6860,10,9060,Full Kits,8,Low,0.07,Credit Card,High,Yes
PUR000344,CUST0344,Local Store,990,1,1240,Accessories,1,Medium,0.29,Cash on Delivery,Low,No
PUR000345,CUST0345,Amazon,4240,6,5540,Shoes,5,Medium,0.21,UPI,Medium,Yes
PUR000346,CUST0346,Brand Website,6240,9,8140,Full Kits,7,Low,0.10,Credit Card,High,Yes
PUR000347,CUST0347,Flipkart,2340,3,3040,Gloves,3,High,0.43,Debit Card,Medium,No
PUR000348,CUST0348,Amazon,3590,5,4790,Bats,4,Medium,0.22,UPI,Medium,Yes
PUR000349,CUST0349,Local Store,1200,1,1500,Accessories,1,High,0.52,Cash on Delivery,Low,No
PUR000350,CUST0350,Brand Website,5800,8,7600,Full Kits,6,Low,0.08,Credit Card,High,Yes
PUR000351,CUST0351,Amazon,3210,4,4310,Shoes,4,Medium,0.25,UPI,Medium,Yes
PUR000352,CUST0352,Flipkart,1770,2,2270,Jerseys,2,High,0.46,Debit Card,Low,No
PUR000353,CUST0353,Brand Website,7210,10,9410,Full Kits,8,Low,0.06,Credit Card,High,Yes
PUR000354,CUST0354,Local Store,1040,1,1340,Accessories,1,Medium,0.31,Cash on Delivery,Low,No
PUR000355,CUST0355,Amazon,4430,6,5730,Bats,5,Medium,0.20,UPI,Medium,Yes
PUR000356,CUST0356,Brand Website,6490,9,8390,Full Kits,7,Low,0.09,Credit Card,High,Yes
PUR000357,CUST0357,Flipkart,2200,3,2900,Gloves,3,High,0.42,Debit Card,Medium,No
PUR000358,CUST0358,Amazon,3790,5,4990,Shoes,4,Medium,0.24,UPI,Medium,Yes
PUR000359,CUST0359,Local Store,1300,1,1600,Accessories,1,High,0.55,Cash on Delivery,Low,No
PUR000360,CUST0360,Brand Website,5640,8,7440,Full Kits,6,Low,0.10,Credit Card,High,Yes
PUR000361,CUST0361,Amazon,3370,5,4470,Bats,4,Medium,0.24,UPI,Medium,Yes
PUR000362,CUST0362,Flipkart,1840,2,2340,Jerseys,2,High,0.48,Debit Card,Low,No
PUR000363,CUST0363,Brand Website,6870,10,9070,Full Kits,8,Low,0.07,Credit Card,High,Yes
PUR000364,CUST0364,Local Store,1000,1,1250,Accessories,1,Medium,0.29,Cash on Delivery,Low,No
PUR000365,CUST0365,Amazon,4250,6,5550,Shoes,5,Medium,0.21,UPI,Medium,Yes
PUR000366,CUST0366,Brand Website,6250,9,8150,Full Kits,7,Low,0.10,Credit Card,High,Yes
PUR000367,CUST0367,Flipkart,2350,3,3050,Gloves,3,High,0.43,Debit Card,Medium,No
PUR000368,CUST0368,Amazon,3600,5,4800,Bats,4,Medium,0.22,UPI,Medium,Yes
PUR000369,CUST0369,Local Store,1210,1,1510,Accessories,1,High,0.52,Cash on Delivery,Low,No
PUR000370,CUST0370,Brand Website,5810,8,7610,Full Kits,6,Low,0.08,Credit Card,High,Yes
PUR000371,CUST0371,Amazon,3220,4,4320,Shoes,4,Medium,0.25,UPI,Medium,Yes
PUR000372,CUST0372,Flipkart,1780,2,2280,Jerseys,2,High,0.46,Debit Card,Low,No
PUR000373,CUST0373,Brand Website,7220,10,9420,Full Kits,8,Low,0.06,Credit Card,High,Yes
PUR000374,CUST0374,Local Store,1050,1,1350,Accessories,1,Medium,0.31,Cash on Delivery,Low,No
PUR000375,CUST0375,Amazon,4440,6,5740,Bats,5,Medium,0.20,UPI,Medium,Yes
PUR000376,CUST0376,Brand Website,6500,9,8400,Full Kits,7,Low,0.09,Credit Card,High,Yes
PUR000377,CUST0377,Flipkart,2210,3,2910,Gloves,3,High,0.42,Debit Card,Medium,No
PUR000378,CUST0378,Amazon,3800,5,5000,Shoes,4,Medium,0.24,UPI,Medium,Yes
PUR000379,CUST0379,Local Store,1310,1,1610,Accessories,1,High,0.55,Cash on Delivery,Low,No
PUR000380,CUST0380,Brand Website,5650,8,7450,Full Kits,6,Low,0.10,Credit Card,High,Yes
PUR000381,CUST0381,Amazon,3380,5,4480,Bats,4,Medium,0.24,UPI,Medium,Yes
PUR000382,CUST0382,Flipkart,1850,2,2350,Jerseys,2,High,0.48,Debit Card,Low,No
PUR000383,CUST0383,Brand Website,6880,10,9080,Full Kits,8,Low,0.07,Credit Card,High,Yes
PUR000384,CUST0384,Local Store,1010,1,1260,Accessories,1,Medium,0.29,Cash on Delivery,Low,No
PUR000385,CUST0385,Amazon,4260,6,5560,Shoes,5,Medium,0.21,UPI,Medium,Yes
PUR000386,CUST0386,Brand Website,6260,9,8160,Full Kits,7,Low,0.10,Credit Card,High,Yes
PUR000387,CUST0387,Flipkart,2360,3,3060,Gloves,3,High,0.43,Debit Card,Medium,No
PUR000388,CUST0388,Amazon,3610,5,4810,Bats,4,Medium,0.22,UPI,Medium,Yes
PUR000389,CUST0389,Local Store,1220,1,1520,Accessories,1,High,0.52,Cash on Delivery,Low,No
PUR000390,CUST0390,Brand Website,5820,8,7620,Full Kits,6,Low,0.08,Credit Card,High,Yes
PUR000391,CUST0391,Amazon,3230,4,4330,Shoes,4,Medium,0.25,UPI,Medium,Yes
PUR000392,CUST0392,Flipkart,1790,2,2290,Jerseys,2,High,0.46,Debit Card,Low,No
PUR000393,CUST0393,Brand Website,7230,10,9430,Full Kits,8,Low,0.06,Credit Card,High,Yes
PUR000394,CUST0394,Local Store,1060,1,1360,Accessories,1,Medium,0.31,Cash on Delivery,Low,No
PUR000395,CUST0395,Amazon,4450,6,5750,Bats,5,Medium,0.20,UPI,Medium,Yes
PUR000396,CUST0396,Brand Website,6510,9,8410,Full Kits,7,Low,0.09,Credit Card,High,Yes
PUR000397,CUST0397,Flipkart,2220,3,2920,Gloves,3,High,0.42,Debit Card,Medium,No
PUR000398,CUST0398,Amazon,3810,5,5010,Shoes,4,Medium,0.24,UPI,Medium,Yes
PUR000399,CUST0399,Local Store,1320,1,1620,Accessories,1,High,0.55,Cash on Delivery,Low,No
PUR000400,CUST0400,Brand Website,5660,8,7460,Full Kits,6,Low,0.10,Credit Card,High,Yes
PUR000401,CUST0401,Amazon,3390,5,4490,Bats,4,Medium,0.24,UPI,Medium,Yes
PUR000402,CUST0402,Flipkart,1860,2,2360,Jerseys,2,High,0.48,Debit Card,Low,No
PUR000403,CUST0403,Brand Website,6890,10,9090,Full Kits,8,Low,0.07,Credit Card,High,Yes
PUR000404,CUST0404,Local Store,1020,1,1270,Accessories,1,Medium,0.29,Cash on Delivery,Low,No
PUR000405,CUST0405,Amazon,4270,6,5570,Shoes,5,Medium,0.21,UPI,Medium,Yes
PUR000406,CUST0406,Brand Website,6270,9,8170,Full Kits,7,Low,0.10,Credit Card,High,Yes
PUR000407,CUST0407,Flipkart,2370,3,3070,Gloves,3,High,0.43,Debit Card,Medium,No
PUR000408,CUST0408,Amazon,3620,5,4820,Bats,4,Medium,0.22,UPI,Medium,Yes
PUR000409,CUST0409,Local Store,1230,1,1530,Accessories,1,High,0.52,Cash on Delivery,Low,No
PUR000410,CUST0410,Brand Website,5830,8,7630,Full Kits,6,Low,0.08,Credit Card,High,Yes
PUR000411,CUST0411,Amazon,3240,4,4340,Shoes,4,Medium,0.25,UPI,Medium,Yes
PUR000412,CUST0412,Flipkart,1800,2,2300,Jerseys,2,High,0.46,Debit Card,Low,No
PUR000413,CUST0413,Brand Website,7240,10,9440,Full Kits,8,Low,0.06,Credit Card,High,Yes
PUR000414,CUST0414,Local Store,1070,1,1370,Accessories,1,Medium,0.31,Cash on Delivery,Low,No
PUR000415,CUST0415,Amazon,4460,6,5760,Bats,5,Medium,0.20,UPI,Medium,Yes
PUR000416,CUST0416,Brand Website,6520,9,8420,Full Kits,7,Low,0.09,Credit Card,High,Yes
PUR000417,CUST0417,Flipkart,2230,3,2930,Gloves,3,High,0.42,Debit Card,Medium,No
PUR000418,CUST0418,Amazon,3820,5,5020,Shoes,4,Medium,0.24,UPI,Medium,Yes
PUR000419,CUST0419,Local Store,1330,1,1630,Accessories,1,High,0.55,Cash on Delivery,Low,No
PUR000420,CUST0420,Brand Website,5670,8,7470,Full Kits,6,Low,0.10,Credit Card,High,Yes
PUR000421,CUST0421,Amazon,3400,5,4500,Bats,4,Medium,0.24,UPI,Medium,Yes
PUR000422,CUST0422,Flipkart,1870,2,2370,Jerseys,2,High,0.48,Debit Card,Low,No
PUR000423,CUST0423,Brand Website,6900,10,9100,Full Kits,8,Low,0.07,Credit Card,High,Yes
PUR000424,CUST0424,Local Store,1030,1,1280,Accessories,1,Medium,0.29,Cash on Delivery,Low,No
PUR000425,CUST0425,Amazon,4280,6,5580,Shoes,5,Medium,0.21,UPI,Medium,Yes
PUR000426,CUST0426,Brand Website,6280,9,8180,Full Kits,7,Low,0.10,Credit Card,High,Yes
PUR000427,CUST0427,Flipkart,2380,3,3080,Gloves,3,High,0.43,Debit Card,Medium,No
PUR000428,CUST0428,Amazon,3630,5,4830,Bats,4,Medium,0.22,UPI,Medium,Yes
PUR000429,CUST0429,Local Store,1240,1,1540,Accessories,1,High,0.52,Cash on Delivery,Low,No
PUR000430,CUST0430,Brand Website,5840,8,7640,Full Kits,6,Low,0.08,Credit Card,High,Yes
PUR000431,CUST0431,Amazon,3250,4,4350,Shoes,4,Medium,0.25,UPI,Medium,Yes
PUR000432,CUST0432,Flipkart,1810,2,2310,Jerseys,2,High,0.46,Debit Card,Low,No
PUR000433,CUST0433,Brand Website,7250,10,9450,Full Kits,8,Low,0.06,Credit Card,High,Yes
PUR000434,CUST0434,Local Store,1080,1,1380,Accessories,1,Medium,0.31,Cash on Delivery,Low,No
PUR000435,CUST0435,Amazon,4470,6,5770,Bats,5,Medium,0.20,UPI,Medium,Yes
PUR000436,CUST0436,Brand Website,6530,9,8430,Full Kits,7,Low,0.09,Credit Card,High,Yes
PUR000437,CUST0437,Flipkart,2240,3,2940,Gloves,3,High,0.42,Debit Card,Medium,No
PUR000438,CUST0438,Amazon,3830,5,5030,Shoes,4,Medium,0.24,UPI,Medium,Yes
PUR000439,CUST0439,Local Store,1340,1,1640,Accessories,1,High,0.55,Cash on Delivery,Low,No
PUR000440,CUST0440,Brand Website,5680,8,7480,Full Kits,6,Low,0.10,Credit Card,High,Yes
PUR000441,CUST0441,Amazon,3410,5,4510,Bats,4,Medium,0.24,UPI,Medium,Yes
PUR000442,CUST0442,Flipkart,1880,2,2380,Jerseys,2,High,0.48,Debit Card,Low,No
PUR000443,CUST0443,Brand Website,6910,10,9110,Full Kits,8,Low,0.07,Credit Card,High,Yes
PUR000444,CUST0444,Local Store,1040,1,1290,Accessories,1,Medium,0.29,Cash on Delivery,Low,No
PUR000445,CUST0445,Amazon,4290,6,5590,Shoes,5,Medium,0.21,UPI,Medium,Yes
PUR000446,CUST0446,Brand Website,6290,9,8190,Full Kits,7,Low,0.10,Credit Card,High,Yes
PUR000447,CUST0447,Flipkart,2390,3,3090,Gloves,3,High,0.43,Debit Card,Medium,No
PUR000448,CUST0448,Amazon,3640,5,4840,Bats,4,Medium,0.22,UPI,Medium,Yes
PUR000449,CUST0449,Local Store,1250,1,1550,Accessories,1,High,0.52,Cash on Delivery,Low,No
PUR000450,CUST0450,Brand Website,5850,8,7650,Full Kits,6,Low,0.08,Credit Card,High,Yes
PUR000451,CUST0451,Amazon,3260,4,4360,Shoes,4,Medium,0.25,UPI,Medium,Yes
PUR000452,CUST0452,Flipkart,1820,2,2320,Jerseys,2,High,0.46,Debit Card,Low,No
PUR000453,CUST0453,Brand Website,7260,10,9460,Full Kits,8,Low,0.06,Credit Card,High,Yes
PUR000454,CUST0454,Local Store,1090,1,1390,Accessories,1,Medium,0.31,Cash on Delivery,Low,No
PUR000455,CUST0455,Amazon,4480,6,5780,Bats,5,Medium,0.20,UPI,Medium,Yes
PUR000456,CUST0456,Brand Website,6540,9,8440,Full Kits,7,Low,0.09,Credit Card,High,Yes
PUR000457,CUST0457,Flipkart,2250,3,2950,Gloves,3,High,0.42,Debit Card,Medium,No
PUR000458,CUST0458,Amazon,3840,5,5040,Shoes,4,Medium,0.24,UPI,Medium,Yes
PUR000459,CUST0459,Local Store,1350,1,1650,Accessories,1,High,0.55,Cash on Delivery,Low,No
PUR000460,CUST0460,Brand Website,5690,8,7490,Full Kits,6,Low,0.10,Credit Card,High,Yes
PUR000461,CUST0461,Amazon,3420,5,4520,Bats,4,Medium,0.24,UPI,Medium,Yes
PUR000462,CUST0462,Flipkart,1890,2,2390,Jerseys,2,High,0.48,Debit Card,Low,No
PUR000463,CUST0463,Brand Website,6920,10,9120,Full Kits,8,Low,0.07,Credit Card,High,Yes
PUR000464,CUST0464,Local Store,1050,1,1300,Accessories,1,Medium,0.29,Cash on Delivery,Low,No
PUR000465,CUST0465,Amazon,4300,6,5600,Shoes,5,Medium,0.21,UPI,Medium,Yes
PUR000466,CUST0466,Brand Website,6300,9,8200,Full Kits,7,Low,0.10,Credit Card,High,Yes
PUR000467,CUST0467,Flipkart,2400,3,3100,Gloves,3,High,0.43,Debit Card,Medium,No
PUR000468,CUST0468,Amazon,3650,5,4850,Bats,4,Medium,0.22,UPI,Medium,Yes
PUR000469,CUST0469,Local Store,1260,1,1560,Accessories,1,High,0.52,Cash on Delivery,Low,No
PUR000470,CUST0470,Brand Website,5860,8,7660,Full Kits,6,Low,0.08,Credit Card,High,Yes
PUR000471,CUST0471,Amazon,3270,4,4370,Shoes,4,Medium,0.25,UPI,Medium,Yes
PUR000472,CUST0472,Flipkart,1830,2,2330,Jerseys,2,High,0.46,Debit Card,Low,No
PUR000473,CUST0473,Brand Website,7270,10,9470,Full Kits,8,Low,0.06,Credit Card,High,Yes
PUR000474,CUST0474,Local Store,1100,1,1400,Accessories,1,Medium,0.31,Cash on Delivery,Low,No
PUR000475,CUST0475,Amazon,4490,6,5790,Bats,5,Medium,0.20,UPI,Medium,Yes
PUR000476,CUST0476,Brand Website,6550,9,8450,Full Kits,7,Low,0.09,Credit Card,High,Yes
PUR000477,CUST0477,Flipkart,2260,3,2960,Gloves,3,High,0.42,Debit Card,Medium,No
PUR000478,CUST0478,Amazon,3850,5,5050,Shoes,4,Medium,0.24,UPI,Medium,Yes
PUR000479,CUST0479,Local Store,1360,1,1660,Accessories,1,High,0.55,Cash on Delivery,Low,No
PUR000480,CUST0480,Brand Website,5700,8,7500,Full Kits,6,Low,0.10,Credit Card,High,Yes
PUR000481,CUST0481,Amazon,3430,5,4530,Bats,4,Medium,0.24,UPI,Medium,Yes
PUR000482,CUST0482,Flipkart,1900,2,2400,Jerseys,2,High,0.48,Debit Card,Low,No
PUR000483,CUST0483,Brand Website,6930,10,9130,Full Kits,8,Low,0.07,Credit Card,High,Yes
PUR000484,CUST0484,Local Store,1060,1,1310,Accessories,1,Medium,0.29,Cash on Delivery,Low,No
PUR000485,CUST0485,Amazon,4310,6,5610,Shoes,5,Medium,0.21,UPI,Medium,Yes
PUR000486,CUST0486,Brand Website,6310,9,8210,Full Kits,7,Low,0.10,Credit Card,High,Yes
PUR000487,CUST0487,Flipkart,2410,3,3110,Gloves,3,High,0.43,Debit Card,Medium,No
PUR000488,CUST0488,Amazon,3660,5,4860,Bats,4,Medium,0.22,UPI,Medium,Yes
PUR000489,CUST0489,Local Store,1270,1,1570,Accessories,1,High,0.52,Cash on Delivery,Low,No
PUR000490,CUST0490,Brand Website,5870,8,7670,Full Kits,6,Low,0.08,Credit Card,High,Yes
PUR000491,CUST0491,Amazon,3280,4,4380,Shoes,4,Medium,0.25,UPI,Medium,Yes
PUR000492,CUST0492,Flipkart,1840,2,2340,Jerseys,2,High,0.46,Debit Card,Low,No
PUR000493,CUST0493,Brand Website,7280,10,9480,Full Kits,8,Low,0.06,Credit Card,High,Yes
PUR000494,CUST0494,Local Store,1110,1,1410,Accessories,1,Medium,0.31,Cash on Delivery,Low,No
PUR000495,CUST0495,Amazon,4500,6,5800,Bats,5,Medium,0.20,UPI,Medium,Yes
PUR000496,CUST0496,Brand Website,6560,9,8460,Full Kits,7,Low,0.09,Credit Card,High,Yes
PUR000497,CUST0497,Flipkart,2270,3,2970,Gloves,3,High,0.42,Debit Card,Medium,No
PUR000498,CUST0498,Amazon,3860,5,5060,Shoes,4,Medium,0.24,UPI,Medium,Yes
PUR000499,CUST0499,Local Store,1370,1,1670,Accessories,1,High,0.55,Cash on Delivery,Low,No
PUR000500,CUST0500,Brand Website,5710,8,7510,Full Kits,6,Low,0.10,Credit Card,High,Yes
PUR000501,CUST0501,Amazon,3440,5,4540,Bats,4,Medium,0.24,UPI,Medium,Yes
PUR000502,CUST0502,Flipkart,1810,2,2310,Jerseys,2,High,0.48,Debit Card,Low,No
PUR000503,CUST0503,Brand Website,6940,10,9140,Full Kits,8,Low,0.07,Credit Card,High,Yes
PUR000504,CUST0504,Local Store,970,1,1220,Accessories,1,Medium,0.30,Cash on Delivery,Low,No
PUR000505,CUST0505,Amazon,4240,6,5540,Shoes,5,Medium,0.21,UPI,Medium,Yes
PUR000506,CUST0506,Brand Website,6240,9,8140,Full Kits,7,Low,0.09,Credit Card,High,Yes
PUR000507,CUST0507,Flipkart,2270,3,2970,Gloves,3,High,0.43,Debit Card,Medium,No
PUR000508,CUST0508,Amazon,3570,5,4770,Bats,4,Medium,0.22,UPI,Medium,Yes
PUR000509,CUST0509,Local Store,1160,1,1460,Accessories,1,High,0.53,Cash on Delivery,Low,No
PUR000510,CUST0510,Brand Website,5710,8,7510,Full Kits,6,Low,0.08,Credit Card,High,Yes
PUR000511,CUST0511,Amazon,3140,4,4240,Shoes,4,Medium,0.25,UPI,Medium,Yes
PUR000512,CUST0512,Flipkart,1710,2,2210,Jerseys,2,High,0.47,Debit Card,Low,No
PUR000513,CUST0513,Brand Website,7140,10,9340,Full Kits,8,Low,0.06,Credit Card,High,Yes
PUR000514,CUST0514,Local Store,1020,1,1320,Accessories,1,Medium,0.31,Cash on Delivery,Low,No
PUR000515,CUST0515,Amazon,4370,6,5670,Bats,5,Medium,0.20,UPI,Medium,Yes
PUR000516,CUST0516,Brand Website,6440,9,8340,Full Kits,7,Low,0.10,Credit Card,High,Yes
PUR000517,CUST0517,Flipkart,2130,3,2830,Gloves,3,High,0.42,Debit Card,Medium,No
PUR000518,CUST0518,Amazon,3730,5,4930,Shoes,4,Medium,0.23,UPI,Medium,Yes
PUR000519,CUST0519,Local Store,1270,1,1570,Accessories,1,High,0.54,Cash on Delivery,Low,No
PUR000520,CUST0520,Brand Website,5570,8,7370,Full Kits,6,Low,0.09,Credit Card,High,Yes
PUR000521,CUST0521,Amazon,3310,5,4410,Bats,4,Medium,0.24,UPI,Medium,Yes
PUR000522,CUST0522,Flipkart,1870,2,2370,Jerseys,2,High,0.49,Debit Card,Low,No
PUR000523,CUST0523,Brand Website,6810,10,9010,Full Kits,8,Low,0.07,Credit Card,High,Yes
PUR000524,CUST0524,Local Store,950,1,1200,Accessories,1,Medium,0.29,Cash on Delivery,Low,No
PUR000525,CUST0525,Amazon,4170,6,5470,Shoes,5,Medium,0.21,UPI,Medium,Yes
PUR000526,CUST0526,Brand Website,6170,9,8070,Full Kits,7,Low,0.10,Credit Card,High,Yes
PUR000527,CUST0527,Flipkart,2350,3,3050,Gloves,3,High,0.44,Debit Card,Medium,No
PUR000528,CUST0528,Amazon,3510,5,4710,Bats,4,Medium,0.22,UPI,Medium,Yes
PUR000529,CUST0529,Local Store,1130,1,1430,Accessories,1,High,0.52,Cash on Delivery,Low,No
PUR000530,CUST0530,Brand Website,5830,8,7630,Full Kits,6,Low,0.08,Credit Card,High,Yes
PUR000531,CUST0531,Amazon,3230,5,4330,Shoes,4,Medium,0.25,UPI,Medium,Yes
PUR000532,CUST0532,Flipkart,1750,2,2250,Jerseys,2,High,0.46,Debit Card,Low,No
PUR000533,CUST0533,Brand Website,7250,10,9450,Full Kits,8,Low,0.06,Credit Card,High,Yes
PUR000534,CUST0534,Local Store,1010,1,1310,Accessories,1,Medium,0.32,Cash on Delivery,Low,No
PUR000535,CUST0535,Amazon,4450,6,5750,Bats,5,Medium,0.20,UPI,Medium,Yes
PUR000536,CUST0536,Brand Website,6510,9,8410,Full Kits,7,Low,0.09,Credit Card,High,Yes
PUR000537,CUST0537,Flipkart,2200,3,2900,Gloves,3,High,0.41,Debit Card,Medium,No
PUR000538,CUST0538,Amazon,3800,5,5000,Shoes,4,Medium,0.24,UPI,Medium,Yes
PUR000539,CUST0539,Local Store,1260,1,1560,Accessories,1,High,0.55,Cash on Delivery,Low,No
PUR000540,CUST0540,Brand Website,5650,8,7450,Full Kits,6,Low,0.10,Credit Card,High,Yes
PUR000541,CUST0541,Amazon,3370,5,4470,Bats,4,Medium,0.24,UPI,Medium,Yes
PUR000542,CUST0542,Flipkart,1820,2,2320,Jerseys,2,High,0.48,Debit Card,Low,No
PUR000543,CUST0543,Brand Website,6870,10,9070,Full Kits,8,Low,0.07,Credit Card,High,Yes
PUR000544,CUST0544,Local Store,960,1,1210,Accessories,1,Medium,0.29,Cash on Delivery,Low,No
PUR000545,CUST0545,Amazon,4220,6,5520,Shoes,5,Medium,0.21,UPI,Medium,Yes
PUR000546,CUST0546,Brand Website,6220,9,8120,Full Kits,7,Low,0.10,Credit Card,High,Yes
PUR000547,CUST0547,Flipkart,2310,3,3010,Gloves,3,High,0.43,Debit Card,Medium,No
PUR000548,CUST0548,Amazon,3560,5,4760,Bats,4,Medium,0.22,UPI,Medium,Yes
PUR000549,CUST0549,Local Store,1170,1,1470,Accessories,1,High,0.53,Cash on Delivery,Low,No
PUR000550,CUST0550,Brand Website,5770,8,7570,Full Kits,6,Low,0.08,Credit Card,High,Yes
PUR000551,CUST0551,Amazon,3180,4,4280,Shoes,4,Medium,0.26,UPI,Medium,Yes
PUR000552,CUST0552,Flipkart,1730,2,2230,Jerseys,2,High,0.47,Debit Card,Low,No
PUR000553,CUST0553,Brand Website,7180,10,9380,Full Kits,8,Low,0.06,Credit Card,High,Yes
PUR000554,CUST0554,Local Store,1000,1,1300,Accessories,1,Medium,0.31,Cash on Delivery,Low,No
PUR000555,CUST0555,Amazon,4400,6,5700,Bats,5,Medium,0.20,UPI,Medium,Yes
PUR000556,CUST0556,Brand Website,6460,9,8360,Full Kits,7,Low,0.09,Credit Card,High,Yes
PUR000557,CUST0557,Flipkart,2160,3,2860,Gloves,3,High,0.42,Debit Card,Medium,No
PUR000558,CUST0558,Amazon,3760,5,4960,Shoes,4,Medium,0.24,UPI,Medium,Yes
PUR000559,CUST0559,Local Store,1280,1,1580,Accessories,1,High,0.55,Cash on Delivery,Low,No
PUR000560,CUST0560,Brand Website,5610,8,7410,Full Kits,6,Low,0.10,Credit Card,High,Yes
PUR000561,CUST0561,Amazon,3340,5,4440,Bats,4,Medium,0.24,UPI,Medium,Yes
PUR000562,CUST0562,Flipkart,1800,2,2300,Jerseys,2,High,0.48,Debit Card,Low,No
PUR000563,CUST0563,Brand Website,6840,10,9040,Full Kits,8,Low,0.07,Credit Card,High,Yes
PUR000564,CUST0564,Local Store,970,1,1220,Accessories,1,Medium,0.29,Cash on Delivery,Low,No
PUR000565,CUST0565,Amazon,4210,6,5510,Shoes,5,Medium,0.21,UPI,Medium,Yes
PUR000566,CUST0566,Brand Website,6210,9,8110,Full Kits,7,Low,0.10,Credit Card,High,Yes
PUR000567,CUST0567,Flipkart,2300,3,3000,Gloves,3,High,0.43,Debit Card,Medium,No
PUR000568,CUST0568,Amazon,3550,5,4750,Bats,4,Medium,0.22,UPI,Medium,Yes
PUR000569,CUST0569,Local Store,1180,1,1480,Accessories,1,High,0.52,Cash on Delivery,Low,No
PUR000570,CUST0570,Brand Website,5780,8,7580,Full Kits,6,Low,0.08,Credit Card,High,Yes
PUR000571,CUST0571,Amazon,3190,4,4290,Shoes,4,Medium,0.25,UPI,Medium,Yes
PUR000572,CUST0572,Flipkart,1740,2,2240,Jerseys,2,High,0.46,Debit Card,Low,No
PUR000573,CUST0573,Brand Website,7190,10,9390,Full Kits,8,Low,0.06,Credit Card,High,Yes
PUR000574,CUST0574,Local Store,1010,1,1310,Accessories,1,Medium,0.31,Cash on Delivery,Low,No
PUR000575,CUST0575,Amazon,4410,6,5710,Bats,5,Medium,0.20,UPI,Medium,Yes
PUR000576,CUST0576,Brand Website,6470,9,8370,Full Kits,7,Low,0.09,Credit Card,High,Yes
PUR000577,CUST0577,Flipkart,2170,3,2870,Gloves,3,High,0.42,Debit Card,Medium,No
PUR000578,CUST0578,Amazon,3770,5,4970,Shoes,4,Medium,0.24,UPI,Medium,Yes
PUR000579,CUST0579,Local Store,1290,1,1590,Accessories,1,High,0.55,Cash on Delivery,Low,No
PUR000580,CUST0580,Brand Website,5620,8,7420,Full Kits,6,Low,0.10,Credit Card,High,Yes
PUR000581,CUST0581,Amazon,3350,5,4450,Bats,4,Medium,0.24,UPI,Medium,Yes
PUR000582,CUST0582,Flipkart,1810,2,2310,Jerseys,2,High,0.48,Debit Card,Low,No
PUR000583,CUST0583,Brand Website,6850,10,9050,Full Kits,8,Low,0.07,Credit Card,High,Yes
PUR000584,CUST0584,Local Store,980,1,1230,Accessories,1,Medium,0.29,Cash on Delivery,Low,No
PUR000585,CUST0585,Amazon,4230,6,5530,Shoes,5,Medium,0.21,UPI,Medium,Yes
PUR000586,CUST0586,Brand Website,6230,9,8130,Full Kits,7,Low,0.10,Credit Card,High,Yes
PUR000587,CUST0587,Flipkart,2320,3,3020,Gloves,3,High,0.43,Debit Card,Medium,No
PUR000588,CUST0588,Amazon,3570,5,4770,Bats,4,Medium,0.22,UPI,Medium,Yes
PUR000589,CUST0589,Local Store,1190,1,1490,Accessories,1,High,0.52,Cash on Delivery,Low,No
PUR000590,CUST0590,Brand Website,5790,8,7590,Full Kits,6,Low,0.08,Credit Card,High,Yes
PUR000591,CUST0591,Amazon,3200,4,4300,Shoes,4,Medium,0.25,UPI,Medium,Yes
PUR000592,CUST0592,Flipkart,1750,2,2250,Jerseys,2,High,0.46,Debit Card,Low,No
PUR000593,CUST0593,Brand Website,7200,10,9400,Full Kits,8,Low,0.06,Credit Card,High,Yes
PUR000594,CUST0594,Local Store,1020,1,1320,Accessories,1,Medium,0.31,Cash on Delivery,Low,No
PUR000595,CUST0595,Amazon,4420,6,5720,Bats,5,Medium,0.20,UPI,Medium,Yes
PUR000596,CUST0596,Brand Website,6480,9,8380,Full Kits,7,Low,0.09,Credit Card,High,Yes
PUR000597,CUST0597,Flipkart,2180,3,2880,Gloves,3,High,0.42,Debit Card,Medium,No
PUR000598,CUST0598,Amazon,3780,5,4980,Shoes,4,Medium,0.24,UPI,Medium,Yes
PUR000599,CUST0599,Local Store,1300,1,1600,Accessories,1,High,0.55,Cash on Delivery,Low,No
PUR000600,CUST0600,Brand Website,5630,8,7430,Full Kits,6,Low,0.10,Credit Card,High,Yes
PUR000601,CUST0601,Amazon,3360,5,4460,Bats,4,Medium,0.24,UPI,Medium,Yes
PUR000602,CUST0602,Flipkart,1820,2,2320,Jerseys,2,High,0.48,Debit Card,Low,No
PUR000603,CUST0603,Brand Website,6860,10,9060,Full Kits,8,Low,0.07,Credit Card,High,Yes
PUR000604,CUST0604,Local Store,990,1,1240,Accessories,1,Medium,0.29,Cash on Delivery,Low,No
PUR000605,CUST0605,Amazon,4240,6,5540,Shoes,5,Medium,0.21,UPI,Medium,Yes
PUR000606,CUST0606,Brand Website,6240,9,8140,Full Kits,7,Low,0.10,Credit Card,High,Yes
PUR000607,CUST0607,Flipkart,2330,3,3030,Gloves,3,High,0.43,Debit Card,Medium,No
PUR000608,CUST0608,Amazon,3580,5,4780,Bats,4,Medium,0.22,UPI,Medium,Yes
PUR000609,CUST0609,Local Store,1200,1,1500,Accessories,1,High,0.52,Cash on Delivery,Low,No
PUR000610,CUST0610,Brand Website,5800,8,7600,Full Kits,6,Low,0.08,Credit Card,High,Yes
PUR000611,CUST0611,Amazon,3210,4,4310,Shoes,4,Medium,0.25,UPI,Medium,Yes
PUR000612,CUST0612,Flipkart,1760,2,2260,Jerseys,2,High,0.46,Debit Card,Low,No
PUR000613,CUST0613,Brand Website,7210,10,9410,Full Kits,8,Low,0.06,Credit Card,High,Yes
PUR000614,CUST0614,Local Store,1030,1,1330,Accessories,1,Medium,0.31,Cash on Delivery,Low,No
PUR000615,CUST0615,Amazon,4430,6,5730,Bats,5,Medium,0.20,UPI,Medium,Yes
PUR000616,CUST0616,Brand Website,6490,9,8390,Full Kits,7,Low,0.09,Credit Card,High,Yes
PUR000617,CUST0617,Flipkart,2190,3,2890,Gloves,3,High,0.42,Debit Card,Medium,No
PUR000618,CUST0618,Amazon,3790,5,4990,Shoes,4,Medium,0.24,UPI,Medium,Yes
PUR000619,CUST0619,Local Store,1310,1,1610,Accessories,1,High,0.55,Cash on Delivery,Low,No
PUR000620,CUST0620,Brand Website,5640,8,7440,Full Kits,6,Low,0.10,Credit Card,High,Yes
PUR000621,CUST0621,Amazon,3370,5,4470,Bats,4,Medium,0.24,UPI,Medium,Yes
PUR000622,CUST0622,Flipkart,1830,2,2330,Jerseys,2,High,0.48,Debit Card,Low,No
PUR000623,CUST0623,Brand Website,6870,10,9070,Full Kits,8,Low,0.07,Credit Card,High,Yes
PUR000624,CUST0624,Local Store,1000,1,1250,Accessories,1,Medium,0.29,Cash on Delivery,Low,No
PUR000625,CUST0625,Amazon,4250,6,5550,Shoes,5,Medium,0.21,UPI,Medium,Yes
PUR000626,CUST0626,Brand Website,6250,9,8150,Full Kits,7,Low,0.10,Credit Card,High,Yes
PUR000627,CUST0627,Flipkart,2340,3,3040,Gloves,3,High,0.43,Debit Card,Medium,No
PUR000628,CUST0628,Amazon,3590,5,4790,Bats,4,Medium,0.22,UPI,Medium,Yes
PUR000629,CUST0629,Local Store,1210,1,1510,Accessories,1,High,0.52,Cash on Delivery,Low,No
PUR000630,CUST0630,Brand Website,5810,8,7610,Full Kits,6,Low,0.08,Credit Card,High,Yes
PUR000631,CUST0631,Amazon,3220,4,4320,Shoes,4,Medium,0.25,UPI,Medium,Yes
PUR000632,CUST0632,Flipkart,1770,2,2270,Jerseys,2,High,0.46,Debit Card,Low,No
PUR000633,CUST0633,Brand Website,7220,10,9420,Full Kits,8,Low,0.06,Credit Card,High,Yes
PUR000634,CUST0634,Local Store,1040,1,1340,Accessories,1,Medium,0.31,Cash on Delivery,Low,No
PUR000635,CUST0635,Amazon,4440,6,5740,Bats,5,Medium,0.20,UPI,Medium,Yes
PUR000636,CUST0636,Brand Website,6500,9,8400,Full Kits,7,Low,0.09,Credit Card,High,Yes
PUR000637,CUST0637,Flipkart,2200,3,2900,Gloves,3,High,0.42,Debit Card,Medium,No
PUR000638,CUST0638,Amazon,3800,5,5000,Shoes,4,Medium,0.24,UPI,Medium,Yes
PUR000639,CUST0639,Local Store,1320,1,1620,Accessories,1,High,0.55,Cash on Delivery,Low,No
PUR000640,CUST0640,Brand Website,5650,8,7450,Full Kits,6,Low,0.10,Credit Card,High,Yes
PUR000641,CUST0641,Amazon,3380,5,4480,Bats,4,Medium,0.24,UPI,Medium,Yes
PUR000642,CUST0642,Flipkart,1840,2,2340,Jerseys,2,High,0.48,Debit Card,Low,No
PUR000643,CUST0643,Brand Website,6880,10,9080,Full Kits,8,Low,0.07,Credit Card,High,Yes
PUR000644,CUST0644,Local Store,1010,1,1260,Accessories,1,Medium,0.29,Cash on Delivery,Low,No
PUR000645,CUST0645,Amazon,4260,6,5560,Shoes,5,Medium,0.21,UPI,Medium,Yes
PUR000646,CUST0646,Brand Website,6260,9,8160,Full Kits,7,Low,0.10,Credit Card,High,Yes
PUR000647,CUST0647,Flipkart,2350,3,3050,Gloves,3,High,0.43,Debit Card,Medium,No
PUR000648,CUST0648,Amazon,3600,5,4800,Bats,4,Medium,0.22,UPI,Medium,Yes
PUR000649,CUST0649,Local Store,1220,1,1520,Accessories,1,High,0.52,Cash on Delivery,Low,No
PUR000650,CUST0650,Brand Website,5820,8,7620,Full Kits,6,Low,0.08,Credit Card,High,Yes
PUR000651,CUST0651,Amazon,3230,4,4330,Shoes,4,Medium,0.25,UPI,Medium,Yes
PUR000652,CUST0652,Flipkart,1780,2,2280,Jerseys,2,High,0.46,Debit Card,Low,No
PUR000653,CUST0653,Brand Website,7230,10,9430,Full Kits,8,Low,0.06,Credit Card,High,Yes
PUR000654,CUST0654,Local Store,1050,1,1350,Accessories,1,Medium,0.31,Cash on Delivery,Low,No
PUR000655,CUST0655,Amazon,4450,6,5750,Bats,5,Medium,0.20,UPI,Medium,Yes
PUR000656,CUST0656,Brand Website,6510,9,8410,Full Kits,7,Low,0.09,Credit Card,High,Yes
PUR000657,CUST0657,Flipkart,2210,3,2910,Gloves,3,High,0.42,Debit Card,Medium,No
PUR000658,CUST0658,Amazon,3810,5,5010,Shoes,4,Medium,0.24,UPI,Medium,Yes
PUR000659,CUST0659,Local Store,1330,1,1630,Accessories,1,High,0.55,Cash on Delivery,Low,No
PUR000660,CUST0660,Brand Website,5660,8,7460,Full Kits,6,Low,0.10,Credit Card,High,Yes
PUR000661,CUST0661,Amazon,3390,5,4490,Bats,4,Medium,0.24,UPI,Medium,Yes
PUR000662,CUST0662,Flipkart,1850,2,2350,Jerseys,2,High,0.48,Debit Card,Low,No
PUR000663,CUST0663,Brand Website,6890,10,9090,Full Kits,8,Low,0.07,Credit Card,High,Yes
PUR000664,CUST0664,Local Store,1020,1,1270,Accessories,1,Medium,0.29,Cash on Delivery,Low,No
PUR000665,CUST0665,Amazon,4270,6,5570,Shoes,5,Medium,0.21,UPI,Medium,Yes
PUR000666,CUST0666,Brand Website,6270,9,8170,Full Kits,7,Low,0.10,Credit Card,High,Yes
PUR000667,CUST0667,Flipkart,2360,3,3060,Gloves,3,High,0.43,Debit Card,Medium,No
PUR000668,CUST0668,Amazon,3610,5,4810,Bats,4,Medium,0.22,UPI,Medium,Yes
PUR000669,CUST0669,Local Store,1230,1,1530,Accessories,1,High,0.52,Cash on Delivery,Low,No
PUR000670,CUST0670,Brand Website,5830,8,7630,Full Kits,6,Low,0.08,Credit Card,High,Yes
PUR000671,CUST0671,Amazon,3240,4,4340,Shoes,4,Medium,0.25,UPI,Medium,Yes
PUR000672,CUST0672,Flipkart,1790,2,2290,Jerseys,2,High,0.46,Debit Card,Low,No
PUR000673,CUST0673,Brand Website,7240,10,9440,Full Kits,8,Low,0.06,Credit Card,High,Yes
PUR000674,CUST0674,Local Store,1060,1,1360,Accessories,1,Medium,0.31,Cash on Delivery,Low,No
PUR000675,CUST0675,Amazon,4460,6,5760,Bats,5,Medium,0.20,UPI,Medium,Yes
PUR000676,CUST0676,Brand Website,6520,9,8420,Full Kits,7,Low,0.09,Credit Card,High,Yes
PUR000677,CUST0677,Flipkart,2220,3,2920,Gloves,3,High,0.42,Debit Card,Medium,No
PUR000678,CUST0678,Amazon,3820,5,5020,Shoes,4,Medium,0.24,UPI,Medium,Yes
PUR000679,CUST0679,Local Store,1340,1,1640,Accessories,1,High,0.55,Cash on Delivery,Low,No
PUR000680,CUST0680,Brand Website,5670,8,7470,Full Kits,6,Low,0.10,Credit Card,High,Yes
PUR000681,CUST0681,Amazon,3400,5,4500,Bats,4,Medium,0.24,UPI,Medium,Yes
PUR000682,CUST0682,Flipkart,1860,2,2360,Jerseys,2,High,0.48,Debit Card,Low,No
PUR000683,CUST0683,Brand Website,6900,10,9100,Full Kits,8,Low,0.07,Credit Card,High,Yes
PUR000684,CUST0684,Local Store,1030,1,1280,Accessories,1,Medium,0.29,Cash on Delivery,Low,No
PUR000685,CUST0685,Amazon,4280,6,5580,Shoes,5,Medium,0.21,UPI,Medium,Yes
PUR000686,CUST0686,Brand Website,6280,9,8180,Full Kits,7,Low,0.10,Credit Card,High,Yes
PUR000687,CUST0687,Flipkart,2370,3,3070,Gloves,3,High,0.43,Debit Card,Medium,No
PUR000688,CUST0688,Amazon,3620,5,4820,Bats,4,Medium,0.22,UPI,Medium,Yes
PUR000689,CUST0689,Local Store,1240,1,1540,Accessories,1,High,0.52,Cash on Delivery,Low,No
PUR000690,CUST0690,Brand Website,5840,8,7640,Full Kits,6,Low,0.08,Credit Card,High,Yes
PUR000691,CUST0691,Amazon,3250,4,4350,Shoes,4,Medium,0.25,UPI,Medium,Yes
PUR000692,CUST0692,Flipkart,1800,2,2300,Jerseys,2,High,0.46,Debit Card,Low,No
PUR000693,CUST0693,Brand Website,7250,10,9450,Full Kits,8,Low,0.06,Credit Card,High,Yes
PUR000694,CUST0694,Local Store,1070,1,1370,Accessories,1,Medium,0.31,Cash on Delivery,Low,No
PUR000695,CUST0695,Amazon,4470,6,5770,Bats,5,Medium,0.20,UPI,Medium,Yes
PUR000696,CUST0696,Brand Website,6530,9,8430,Full Kits,7,Low,0.09,Credit Card,High,Yes
PUR000697,CUST0697,Flipkart,2230,3,2930,Gloves,3,High,0.42,Debit Card,Medium,No
PUR000698,CUST0698,Amazon,3830,5,5030,Shoes,4,Medium,0.24,UPI,Medium,Yes
PUR000699,CUST0699,Local Store,1350,1,1650,Accessories,1,High,0.55,Cash on Delivery,Low,No
PUR000700,CUST0700,Brand Website,5680,8,7480,Full Kits,6,Low,0.10,Credit Card,High,Yes
PUR000701,CUST0701,Amazon,3410,5,4510,Bats,4,Medium,0.24,UPI,Medium,Yes
PUR000702,CUST0702,Flipkart,1870,2,2370,Jerseys,2,High,0.48,Debit Card,Low,No
PUR000703,CUST0703,Brand Website,6910,10,9110,Full Kits,8,Low,0.07,Credit Card,High,Yes
PUR000704,CUST0704,Local Store,1040,1,1290,Accessories,1,Medium,0.29,Cash on Delivery,Low,No
PUR000705,CUST0705,Amazon,4290,6,5590,Shoes,5,Medium,0.21,UPI,Medium,Yes
PUR000706,CUST0706,Brand Website,6290,9,8190,Full Kits,7,Low,0.10,Credit Card,High,Yes
PUR000707,CUST0707,Flipkart,2380,3,3080,Gloves,3,High,0.43,Debit Card,Medium,No
PUR000708,CUST0708,Amazon,3630,5,4830,Bats,4,Medium,0.22,UPI,Medium,Yes
PUR000709,CUST0709,Local Store,1250,1,1550,Accessories,1,High,0.52,Cash on Delivery,Low,No
PUR000710,CUST0710,Brand Website,5850,8,7650,Full Kits,6,Low,0.08,Credit Card,High,Yes
PUR000711,CUST0711,Amazon,3260,4,4360,Shoes,4,Medium,0.25,UPI,Medium,Yes
PUR000712,CUST0712,Flipkart,1810,2,2310,Jerseys,2,High,0.46,Debit Card,Low,No
PUR000713,CUST0713,Brand Website,7260,10,9460,Full Kits,8,Low,0.06,Credit Card,High,Yes
PUR000714,CUST0714,Local Store,1080,1,1380,Accessories,1,Medium,0.31,Cash on Delivery,Low,No
PUR000715,CUST0715,Amazon,4480,6,5780,Bats,5,Medium,0.20,UPI,Medium,Yes
PUR000716,CUST0716,Brand Website,6540,9,8440,Full Kits,7,Low,0.09,Credit Card,High,Yes
PUR000717,CUST0717,Flipkart,2240,3,2940,Gloves,3,High,0.42,Debit Card,Medium,No
PUR000718,CUST0718,Amazon,3840,5,5040,Shoes,4,Medium,0.24,UPI,Medium,Yes
PUR000719,CUST0719,Local Store,1360,1,1660,Accessories,1,High,0.55,Cash on Delivery,Low,No
PUR000720,CUST0720,Brand Website,5690,8,7490,Full Kits,6,Low,0.10,Credit Card,High,Yes
PUR000721,CUST0721,Amazon,3420,5,4520,Bats,4,Medium,0.24,UPI,Medium,Yes
PUR000722,CUST0722,Flipkart,1880,2,2380,Jerseys,2,High,0.48,Debit Card,Low,No
PUR000723,CUST0723,Brand Website,6920,10,9120,Full Kits,8,Low,0.07,Credit Card,High,Yes
PUR000724,CUST0724,Local Store,1050,1,1300,Accessories,1,Medium,0.29,Cash on Delivery,Low,No
PUR000725,CUST0725,Amazon,4300,6,5600,Shoes,5,Medium,0.21,UPI,Medium,Yes
PUR000726,CUST0726,Brand Website,6300,9,8200,Full Kits,7,Low,0.10,Credit Card,High,Yes
PUR000727,CUST0727,Flipkart,2390,3,3090,Gloves,3,High,0.43,Debit Card,Medium,No
PUR000728,CUST0728,Amazon,3640,5,4840,Bats,4,Medium,0.22,UPI,Medium,Yes
PUR000729,CUST0729,Local Store,1260,1,1560,Accessories,1,High,0.52,Cash on Delivery,Low,No
PUR000730,CUST0730,Brand Website,5860,8,7660,Full Kits,6,Low,0.08,Credit Card,High,Yes
PUR000731,CUST0731,Amazon,3270,4,4370,Shoes,4,Medium,0.25,UPI,Medium,Yes
PUR000732,CUST0732,Flipkart,1820,2,2320,Jerseys,2,High,0.46,Debit Card,Low,No
PUR000733,CUST0733,Brand Website,7270,10,9470,Full Kits,8,Low,0.06,Credit Card,High,Yes
PUR000734,CUST0734,Local Store,1090,1,1390,Accessories,1,Medium,0.31,Cash on Delivery,Low,No
PUR000735,CUST0735,Amazon,4490,6,5790,Bats,5,Medium,0.20,UPI,Medium,Yes
PUR000736,CUST0736,Brand Website,6550,9,8450,Full Kits,7,Low,0.09,Credit Card,High,Yes
PUR000737,CUST0737,Flipkart,2250,3,2950,Gloves,3,High,0.42,Debit Card,Medium,No
PUR000738,CUST0738,Amazon,3850,5,5050,Shoes,4,Medium,0.24,UPI,Medium,Yes
PUR000739,CUST0739,Local Store,1370,1,1670,Accessories,1,High,0.55,Cash on Delivery,Low,No
PUR000740,CUST0740,Brand Website,5700,8,7500,Full Kits,6,Low,0.10,Credit Card,High,Yes
PUR000741,CUST0741,Amazon,3430,5,4530,Bats,4,Medium,0.24,UPI,Medium,Yes
PUR000742,CUST0742,Flipkart,1890,2,2390,Jerseys,2,High,0.48,Debit Card,Low,No
PUR000743,CUST0743,Brand Website,6930,10,9130,Full Kits,8,Low,0.07,Credit Card,High,Yes
PUR000744,CUST0744,Local Store,1060,1,1310,Accessories,1,Medium,0.29,Cash on Delivery,Low,No
PUR000745,CUST0745,Amazon,4310,6,5610,Shoes,5,Medium,0.21,UPI,Medium,Yes
PUR000746,CUST0746,Brand Website,6310,9,8210,Full Kits,7,Low,0.10,Credit Card,High,Yes
PUR000747,CUST0747,Flipkart,2400,3,3100,Gloves,3,High,0.43,Debit Card,Medium,No
PUR000748,CUST0748,Amazon,3650,5,4850,Bats,4,Medium,0.22,UPI,Medium,Yes
PUR000749,CUST0749,Local Store,1270,1,1570,Accessories,1,High,0.52,Cash on Delivery,Low,No
PUR000750,CUST0750,Brand Website,5870,8,7670,Full Kits,6,Low,0.08,Credit Card,High,Yes
PUR000751,CUST0751,Amazon,3280,4,4380,Shoes,4,Medium,0.25,UPI,Medium,Yes
PUR000752,CUST0752,Flipkart,1830,2,2330,Jerseys,2,High,0.46,Debit Card,Low,No
PUR000753,CUST0753,Brand Website,7280,10,9480,Full Kits,8,Low,0.06,Credit Card,High,Yes
PUR000754,CUST0754,Local Store,1100,1,1400,Accessories,1,Medium,0.31,Cash on Delivery,Low,No
PUR000755,CUST0755,Amazon,4500,6,5800,Bats,5,Medium,0.20,UPI,Medium,Yes
PUR000756,CUST0756,Brand Website,6560,9,8460,Full Kits,7,Low,0.09,Credit Card,High,Yes
PUR000757,CUST0757,Flipkart,2260,3,2960,Gloves,3,High,0.42,Debit Card,Medium,No
PUR000758,CUST0758,Amazon,3860,5,5060,Shoes,4,Medium,0.24,UPI,Medium,Yes
PUR000759,CUST0759,Local Store,1380,1,1680,Accessories,1,High,0.55,Cash on Delivery,Low,No
PUR000760,CUST0760,Brand Website,5710,8,7510,Full Kits,6,Low,0.10,Credit Card,High,Yes
PUR000761,CUST0761,Amazon,3440,5,4540,Bats,4,Medium,0.24,UPI,Medium,Yes
PUR000762,CUST0762,Flipkart,1900,2,2400,Jerseys,2,High,0.48,Debit Card,Low,No
PUR000763,CUST0763,Brand Website,6940,10,9140,Full Kits,8,Low,0.07,Credit Card,High,Yes
PUR000764,CUST0764,Local Store,1070,1,1320,Accessories,1,Medium,0.29,Cash on Delivery,Low,No
PUR000765,CUST0765,Amazon,4320,6,5620,Shoes,5,Medium,0.21,UPI,Medium,Yes
PUR000766,CUST0766,Brand Website,6320,9,8220,Full Kits,7,Low,0.10,Credit Card,High,Yes
PUR000767,CUST0767,Flipkart,2410,3,3110,Gloves,3,High,0.43,Debit Card,Medium,No
PUR000768,CUST0768,Amazon,3660,5,4860,Bats,4,Medium,0.22,UPI,Medium,Yes
PUR000769,CUST0769,Local Store,1280,1,1580,Accessories,1,High,0.52,Cash on Delivery,Low,No
PUR000770,CUST0770,Brand Website,5880,8,7680,Full Kits,6,Low,0.08,Credit Card,High,Yes
PUR000771,CUST0771,Amazon,3290,4,4390,Shoes,4,Medium,0.25,UPI,Medium,Yes
PUR000772,CUST0772,Flipkart,1840,2,2340,Jerseys,2,High,0.46,Debit Card,Low,No
PUR000773,CUST0773,Brand Website,7290,10,9490,Full Kits,8,Low,0.06,Credit Card,High,Yes
PUR000774,CUST0774,Local Store,1110,1,1410,Accessories,1,Medium,0.31,Cash on Delivery,Low,No
PUR000775,CUST0775,Amazon,4510,6,5810,Bats,5,Medium,0.20,UPI,Medium,Yes
PUR000776,CUST0776,Brand Website,6570,9,8470,Full Kits,7,Low,0.09,Credit Card,High,Yes
PUR000777,CUST0777,Flipkart,2270,3,2970,Gloves,3,High,0.42,Debit Card,Medium,No
PUR000778,CUST0778,Amazon,3870,5,5070,Shoes,4,Medium,0.24,UPI,Medium,Yes
PUR000779,CUST0779,Local Store,1390,1,1690,Accessories,1,High,0.55,Cash on Delivery,Low,No
PUR000780,CUST0780,Brand Website,5720,8,7520,Full Kits,6,Low,0.10,Credit Card,High,Yes
PUR000781,CUST0781,Amazon,3450,5,4550,Bats,4,Medium,0.24,UPI,Medium,Yes
PUR000782,CUST0782,Flipkart,1910,2,2410,Jerseys,2,High,0.48,Debit Card,Low,No
PUR000783,CUST0783,Brand Website,6950,10,9150,Full Kits,8,Low,0.07,Credit Card,High,Yes
PUR000784,CUST0784,Local Store,1080,1,1330,Accessories,1,Medium,0.29,Cash on Delivery,Low,No
PUR000785,CUST0785,Amazon,4330,6,5630,Shoes,5,Medium,0.21,UPI,Medium,Yes
PUR000786,CUST0786,Brand Website,6330,9,8230,Full Kits,7,Low,0.10,Credit Card,High,Yes
PUR000787,CUST0787,Flipkart,2420,3,3120,Gloves,3,High,0.43,Debit Card,Medium,No
PUR000788,CUST0788,Amazon,3670,5,4870,Bats,4,Medium,0.22,UPI,Medium,Yes
PUR000789,CUST0789,Local Store,1290,1,1590,Accessories,1,High,0.52,Cash on Delivery,Low,No
PUR000790,CUST0790,Brand Website,5890,8,7690,Full Kits,6,Low,0.08,Credit Card,High,Yes
PUR000791,CUST0791,Amazon,3300,4,4400,Shoes,4,Medium,0.25,UPI,Medium,Yes
PUR000792,CUST0792,Flipkart,1850,2,2350,Jerseys,2,High,0.46,Debit Card,Low,No
PUR000793,CUST0793,Brand Website,7300,10,9500,Full Kits,8,Low,0.06,Credit Card,High,Yes
PUR000794,CUST0794,Local Store,1120,1,1420,Accessories,1,Medium,0.31,Cash on Delivery,Low,No
PUR000795,CUST0795,Amazon,4520,6,5820,Bats,5,Medium,0.20,UPI,Medium,Yes
PUR000796,CUST0796,Brand Website,6580,9,8480,Full Kits,7,Low,0.09,Credit Card,High,Yes
PUR000797,CUST0797,Flipkart,2280,3,2980,Gloves,3,High,0.42,Debit Card,Medium,No
PUR000798,CUST0798,Amazon,3880,5,5080,Shoes,4,Medium,0.24,UPI,Medium,Yes
PUR000799,CUST0799,Local Store,1400,1,1700,Accessories,1,High,0.55,Cash on Delivery,Low,No
PUR000800,CUST0800,Brand Website,5730,8,7530,Full Kits,6,Low,0.10,Credit Card,High,Yes
PUR000801,CUST0801,Amazon,3460,5,4560,Bats,4,Medium,0.24,UPI,Medium,Yes
PUR000802,CUST0802,Flipkart,1920,2,2420,Jerseys,2,High,0.48,Debit Card,Low,No
PUR000803,CUST0803,Brand Website,6960,10,9160,Full Kits,8,Low,0.07,Credit Card,High,Yes
PUR000804,CUST0804,Local Store,1090,1,1340,Accessories,1,Medium,0.29,Cash on Delivery,Low,No
PUR000805,CUST0805,Amazon,4340,6,5640,Shoes,5,Medium,0.21,UPI,Medium,Yes
PUR000806,CUST0806,Brand Website,6340,9,8240,Full Kits,7,Low,0.10,Credit Card,High,Yes
PUR000807,CUST0807,Flipkart,2430,3,3130,Gloves,3,High,0.43,Debit Card,Medium,No
PUR000808,CUST0808,Amazon,3680,5,4880,Bats,4,Medium,0.22,UPI,Medium,Yes
PUR000809,CUST0809,Local Store,1300,1,1600,Accessories,1,High,0.52,Cash on Delivery,Low,No
PUR000810,CUST0810,Brand Website,5900,8,7700,Full Kits,6,Low,0.08,Credit Card,High,Yes
PUR000811,CUST0811,Amazon,3310,4,4410,Shoes,4,Medium,0.25,UPI,Medium,Yes
PUR000812,CUST0812,Flipkart,1860,2,2360,Jerseys,2,High,0.46,Debit Card,Low,No
PUR000813,CUST0813,Brand Website,7310,10,9510,Full Kits,8,Low,0.06,Credit Card,High,Yes
PUR000814,CUST0814,Local Store,1130,1,1430,Accessories,1,Medium,0.31,Cash on Delivery,Low,No
PUR000815,CUST0815,Amazon,4530,6,5830,Bats,5,Medium,0.20,UPI,Medium,Yes
PUR000816,CUST0816,Brand Website,6590,9,8490,Full Kits,7,Low,0.09,Credit Card,High,Yes
PUR000817,CUST0817,Flipkart,2290,3,2990,Gloves,3,High,0.42,Debit Card,Medium,No
PUR000818,CUST0818,Amazon,3890,5,5090,Shoes,4,Medium,0.24,UPI,Medium,Yes
PUR000819,CUST0819,Local Store,1410,1,1710,Accessories,1,High,0.55,Cash on Delivery,Low,No
PUR000820,CUST0820,Brand Website,5740,8,7540,Full Kits,6,Low,0.10,Credit Card,High,Yes
PUR000821,CUST0821,Amazon,3470,5,4570,Bats,4,Medium,0.24,UPI,Medium,Yes
PUR000822,CUST0822,Flipkart,1930,2,2430,Jerseys,2,High,0.48,Debit Card,Low,No
PUR000823,CUST0823,Brand Website,6970,10,9170,Full Kits,8,Low,0.07,Credit Card,High,Yes
PUR000824,CUST0824,Local Store,1100,1,1350,Accessories,1,Medium,0.29,Cash on Delivery,Low,No
PUR000825,CUST0825,Amazon,4350,6,5650,Shoes,5,Medium,0.21,UPI,Medium,Yes
PUR000826,CUST0826,Brand Website,6350,9,8250,Full Kits,7,Low,0.10,Credit Card,High,Yes
PUR000827,CUST0827,Flipkart,2440,3,3140,Gloves,3,High,0.43,Debit Card,Medium,No
PUR000828,CUST0828,Amazon,3690,5,4890,Bats,4,Medium,0.22,UPI,Medium,Yes
PUR000829,CUST0829,Local Store,1310,1,1610,Accessories,1,High,0.52,Cash on Delivery,Low,No
PUR000830,CUST0830,Brand Website,5910,8,7710,Full Kits,6,Low,0.08,Credit Card,High,Yes
PUR000831,CUST0831,Amazon,3320,4,4420,Shoes,4,Medium,0.25,UPI,Medium,Yes
PUR000832,CUST0832,Flipkart,1870,2,2370,Jerseys,2,High,0.46,Debit Card,Low,No
PUR000833,CUST0833,Brand Website,7320,10,9520,Full Kits,8,Low,0.06,Credit Card,High,Yes
PUR000834,CUST0834,Local Store,1140,1,1440,Accessories,1,Medium,0.31,Cash on Delivery,Low,No
PUR000835,CUST0835,Amazon,4540,6,5840,Bats,5,Medium,0.20,UPI,Medium,Yes
PUR000836,CUST0836,Brand Website,6600,9,8500,Full Kits,7,Low,0.09,Credit Card,High,Yes
PUR000837,CUST0837,Flipkart,2300,3,3000,Gloves,3,High,0.42,Debit Card,Medium,No
PUR000838,CUST0838,Amazon,3900,5,5100,Shoes,4,Medium,0.24,UPI,Medium,Yes
PUR000839,CUST0839,Local Store,1420,1,1720,Accessories,1,High,0.55,Cash on Delivery,Low,No
PUR000840,CUST0840,Brand Website,5750,8,7550,Full Kits,6,Low,0.10,Credit Card,High,Yes
PUR000841,CUST0841,Amazon,3480,5,4580,Bats,4,Medium,0.24,UPI,Medium,Yes
PUR000842,CUST0842,Flipkart,1940,2,2440,Jerseys,2,High,0.48,Debit Card,Low,No
PUR000843,CUST0843,Brand Website,6980,10,9180,Full Kits,8,Low,0.07,Credit Card,High,Yes
PUR000844,CUST0844,Local Store,1110,1,1360,Accessories,1,Medium,0.29,Cash on Delivery,Low,No
PUR000845,CUST0845,Amazon,4360,6,5660,Shoes,5,Medium,0.21,UPI,Medium,Yes
PUR000846,CUST0846,Brand Website,6360,9,8260,Full Kits,7,Low,0.10,Credit Card,High,Yes
PUR000847,CUST0847,Flipkart,2450,3,3150,Gloves,3,High,0.43,Debit Card,Medium,No
PUR000848,CUST0848,Amazon,3700,5,4900,Bats,4,Medium,0.22,UPI,Medium,Yes
PUR000849,CUST0849,Local Store,1320,1,1620,Accessories,1,High,0.52,Cash on Delivery,Low,No
PUR000850,CUST0850,Brand Website,5920,8,7720,Full Kits,6,Low,0.08,Credit Card,High,Yes
PUR000851,CUST0851,Amazon,3330,4,4430,Shoes,4,Medium,0.25,UPI,Medium,Yes
PUR000852,CUST0852,Flipkart,1880,2,2380,Jerseys,2,High,0.46,Debit Card,Low,No
PUR000853,CUST0853,Brand Website,7330,10,9530,Full Kits,8,Low,0.06,Credit Card,High,Yes
PUR000854,CUST0854,Local Store,1150,1,1450,Accessories,1,Medium,0.31,Cash on Delivery,Low,No
PUR000855,CUST0855,Amazon,4550,6,5850,Bats,5,Medium,0.20,UPI,Medium,Yes
PUR000856,CUST0856,Brand Website,6610,9,8510,Full Kits,7,Low,0.09,Credit Card,High,Yes
PUR000857,CUST0857,Flipkart,2310,3,3010,Gloves,3,High,0.42,Debit Card,Medium,No
PUR000858,CUST0858,Amazon,3910,5,5110,Shoes,4,Medium,0.24,UPI,Medium,Yes
PUR000859,CUST0859,Local Store,1430,1,1730,Accessories,1,High,0.55,Cash on Delivery,Low,No
PUR000860,CUST0860,Brand Website,5760,8,7560,Full Kits,6,Low,0.10,Credit Card,High,Yes
PUR000861,CUST0861,Amazon,3490,5,4590,Bats,4,Medium,0.24,UPI,Medium,Yes
PUR000862,CUST0862,Flipkart,1950,2,2450,Jerseys,2,High,0.48,Debit Card,Low,No
PUR000863,CUST0863,Brand Website,6990,10,9190,Full Kits,8,Low,0.07,Credit Card,High,Yes
PUR000864,CUST0864,Local Store,1120,1,1370,Accessories,1,Medium,0.29,Cash on Delivery,Low,No
PUR000865,CUST0865,Amazon,4370,6,5670,Shoes,5,Medium,0.21,UPI,Medium,Yes
PUR000866,CUST0866,Brand Website,6370,9,8270,Full Kits,7,Low,0.10,Credit Card,High,Yes
PUR000867,CUST0867,Flipkart,2460,3,3160,Gloves,3,High,0.43,Debit Card,Medium,No
PUR000868,CUST0868,Amazon,3710,5,4910,Bats,4,Medium,0.22,UPI,Medium,Yes
PUR000869,CUST0869,Local Store,1330,1,1630,Accessories,1,High,0.52,Cash on Delivery,Low,No
PUR000870,CUST0870,Brand Website,5930,8,7730,Full Kits,6,Low,0.08,Credit Card,High,Yes
PUR000871,CUST0871,Amazon,3340,4,4440,Shoes,4,Medium,0.25,UPI,Medium,Yes
PUR000872,CUST0872,Flipkart,1890,2,2390,Jerseys,2,High,0.46,Debit Card,Low,No
PUR000873,CUST0873,Brand Website,7340,10,9540,Full Kits,8,Low,0.06,Credit Card,High,Yes
PUR000874,CUST0874,Local Store,1160,1,1460,Accessories,1,Medium,0.31,Cash on Delivery,Low,No
PUR000875,CUST0875,Amazon,4560,6,5860,Bats,5,Medium,0.20,UPI,Medium,Yes
PUR000876,CUST0876,Brand Website,6620,9,8520,Full Kits,7,Low,0.09,Credit Card,High,Yes
PUR000877,CUST0877,Flipkart,2320,3,3020,Gloves,3,High,0.42,Debit Card,Medium,No
PUR000878,CUST0878,Amazon,3920,5,5120,Shoes,4,Medium,0.24,UPI,Medium,Yes
PUR000879,CUST0879,Local Store,1440,1,1740,Accessories,1,High,0.55,Cash on Delivery,Low,No
PUR000880,CUST0880,Brand Website,5770,8,7570,Full Kits,6,Low,0.10,Credit Card,High,Yes
PUR000881,CUST0881,Amazon,3500,5,4600,Bats,4,Medium,0.24,UPI,Medium,Yes
PUR000882,CUST0882,Flipkart,1960,2,2460,Jerseys,2,High,0.48,Debit Card,Low,No
PUR000883,CUST0883,Brand Website,7000,10,9200,Full Kits,8,Low,0.07,Credit Card,High,Yes
PUR000884,CUST0884,Local Store,1130,1,1380,Accessories,1,Medium,0.29,Cash on Delivery,Low,No
PUR000885,CUST0885,Amazon,4380,6,5680,Shoes,5,Medium,0.21,UPI,Medium,Yes
PUR000886,CUST0886,Brand Website,6380,9,8280,Full Kits,7,Low,0.10,Credit Card,High,Yes
PUR000887,CUST0887,Flipkart,2470,3,3170,Gloves,3,High,0.43,Debit Card,Medium,No
PUR000888,CUST0888,Amazon,3720,5,4920,Bats,4,Medium,0.22,UPI,Medium,Yes
PUR000889,CUST0889,Local Store,1340,1,1640,Accessories,1,High,0.52,Cash on Delivery,Low,No
PUR000890,CUST0890,Brand Website,5940,8,7740,Full Kits,6,Low,0.08,Credit Card,High,Yes
PUR000891,CUST0891,Amazon,3350,4,4450,Shoes,4,Medium,0.25,UPI,Medium,Yes
PUR000892,CUST0892,Flipkart,1900,2,2400,Jerseys,2,High,0.46,Debit Card,Low,No
PUR000893,CUST0893,Brand Website,7350,10,9550,Full Kits,8,Low,0.06,Credit Card,High,Yes
PUR000894,CUST0894,Local Store,1170,1,1470,Accessories,1,Medium,0.31,Cash on Delivery,Low,No
PUR000895,CUST0895,Amazon,4570,6,5870,Bats,5,Medium,0.20,UPI,Medium,Yes
PUR000896,CUST0896,Brand Website,6630,9,8530,Full Kits,7,Low,0.09,Credit Card,High,Yes
PUR000897,CUST0897,Flipkart,2330,3,3030,Gloves,3,High,0.42,Debit Card,Medium,No
PUR000898,CUST0898,Amazon,3930,5,5130,Shoes,4,Medium,0.24,UPI,Medium,Yes
PUR000899,CUST0899,Local Store,1450,1,1750,Accessories,1,High,0.55,Cash on Delivery,Low,No
PUR000900,CUST0900,Brand Website,5780,8,7580,Full Kits,6,Low,0.10,Credit Card,High,Yes
PUR000901,CUST0901,Amazon,3510,5,4610,Bats,4,Medium,0.24,UPI,Medium,Yes
PUR000902,CUST0902,Flipkart,1970,2,2470,Jerseys,2,High,0.48,Debit Card,Low,No
PUR000903,CUST0903,Brand Website,7010,10,9210,Full Kits,8,Low,0.07,Credit Card,High,Yes
PUR000904,CUST0904,Local Store,1140,1,1390,Accessories,1,Medium,0.29,Cash on Delivery,Low,No
PUR000905,CUST0905,Amazon,4390,6,5690,Shoes,5,Medium,0.21,UPI,Medium,Yes
PUR000906,CUST0906,Brand Website,6390,9,8290,Full Kits,7,Low,0.10,Credit Card,High,Yes
PUR000907,CUST0907,Flipkart,2480,3,3180,Gloves,3,High,0.43,Debit Card,Medium,No
PUR000908,CUST0908,Amazon,3730,5,4930,Bats,4,Medium,0.22,UPI,Medium,Yes
PUR000909,CUST0909,Local Store,1350,1,1650,Accessories,1,High,0.52,Cash on Delivery,Low,No
PUR000910,CUST0910,Brand Website,5950,8,7750,Full Kits,6,Low,0.08,Credit Card,High,Yes
PUR000911,CUST0911,Amazon,3360,4,4460,Shoes,4,Medium,0.25,UPI,Medium,Yes
PUR000912,CUST0912,Flipkart,1910,2,2410,Jerseys,2,High,0.46,Debit Card,Low,No
PUR000913,CUST0913,Brand Website,7360,10,9560,Full Kits,8,Low,0.06,Credit Card,High,Yes
PUR000914,CUST0914,Local Store,1180,1,1480,Accessories,1,Medium,0.31,Cash on Delivery,Low,No
PUR000915,CUST0915,Amazon,4580,6,5880,Bats,5,Medium,0.20,UPI,Medium,Yes
PUR000916,CUST0916,Brand Website,6640,9,8540,Full Kits,7,Low,0.09,Credit Card,High,Yes
PUR000917,CUST0917,Flipkart,2340,3,3040,Gloves,3,High,0.42,Debit Card,Medium,No
PUR000918,CUST0918,Amazon,3940,5,5140,Shoes,4,Medium,0.24,UPI,Medium,Yes
PUR000919,CUST0919,Local Store,1460,1,1760,Accessories,1,High,0.55,Cash on Delivery,Low,No
PUR000920,CUST0920,Brand Website,5790,8,7590,Full Kits,6,Low,0.10,Credit Card,High,Yes
PUR000921,CUST0921,Amazon,3520,5,4620,Bats,4,Medium,0.24,UPI,Medium,Yes
PUR000922,CUST0922,Flipkart,1980,2,2480,Jerseys,2,High,0.48,Debit Card,Low,No
PUR000923,CUST0923,Brand Website,7020,10,9220,Full Kits,8,Low,0.07,Credit Card,High,Yes
PUR000924,CUST0924,Local Store,1150,1,1400,Accessories,1,Medium,0.29,Cash on Delivery,Low,No
PUR000925,CUST0925,Amazon,4400,6,5700,Shoes,5,Medium,0.21,UPI,Medium,Yes
PUR000926,CUST0926,Brand Website,6400,9,8300,Full Kits,7,Low,0.10,Credit Card,High,Yes
PUR000927,CUST0927,Flipkart,2490,3,3190,Gloves,3,High,0.43,Debit Card,Medium,No
PUR000928,CUST0928,Amazon,3740,5,4940,Bats,4,Medium,0.22,UPI,Medium,Yes
PUR000929,CUST0929,Local Store,1360,1,1660,Accessories,1,High,0.52,Cash on Delivery,Low,No
PUR000930,CUST0930,Brand Website,5960,8,7760,Full Kits,6,Low,0.08,Credit Card,High,Yes
PUR000931,CUST0931,Amazon,3370,4,4470,Shoes,4,Medium,0.25,UPI,Medium,Yes
PUR000932,CUST0932,Flipkart,1920,2,2420,Jerseys,2,High,0.46,Debit Card,Low,No
PUR000933,CUST0933,Brand Website,7370,10,9570,Full Kits,8,Low,0.06,Credit Card,High,Yes
PUR000934,CUST0934,Local Store,1190,1,1490,Accessories,1,Medium,0.31,Cash on Delivery,Low,No
PUR000935,CUST0935,Amazon,4590,6,5890,Bats,5,Medium,0.20,UPI,Medium,Yes
PUR000936,CUST0936,Brand Website,6650,9,8550,Full Kits,7,Low,0.09,Credit Card,High,Yes
PUR000937,CUST0937,Flipkart,2350,3,3050,Gloves,3,High,0.42,Debit Card,Medium,No
PUR000938,CUST0938,Amazon,3950,5,5150,Shoes,4,Medium,0.24,UPI,Medium,Yes
PUR000939,CUST0939,Local Store,1470,1,1770,Accessories,1,High,0.55,Cash on Delivery,Low,No
PUR000940,CUST0940,Brand Website,5800,8,7600,Full Kits,6,Low,0.10,Credit Card,High,Yes
PUR000941,CUST0941,Amazon,3530,5,4630,Bats,4,Medium,0.24,UPI,Medium,Yes
PUR000942,CUST0942,Flipkart,1990,2,2490,Jerseys,2,High,0.48,Debit Card,Low,No
PUR000943,CUST0943,Brand Website,7030,10,9230,Full Kits,8,Low,0.07,Credit Card,High,Yes
PUR000944,CUST0944,Local Store,1160,1,1410,Accessories,1,Medium,0.29,Cash on Delivery,Low,No
PUR000945,CUST0945,Amazon,4410,6,5710,Shoes,5,Medium,0.21,UPI,Medium,Yes
PUR000946,CUST0946,Brand Website,6410,9,8310,Full Kits,7,Low,0.10,Credit Card,High,Yes
PUR000947,CUST0947,Flipkart,2500,3,3200,Gloves,3,High,0.43,Debit Card,Medium,No
PUR000948,CUST0948,Amazon,3750,5,4950,Bats,4,Medium,0.22,UPI,Medium,Yes
PUR000949,CUST0949,Local Store,1370,1,1670,Accessories,1,High,0.52,Cash on Delivery,Low,No
PUR000950,CUST0950,Brand Website,5970,8,7770,Full Kits,6,Low,0.08,Credit Card,High,Yes
PUR000951,CUST0951,Amazon,3380,4,4480,Shoes,4,Medium,0.25,UPI,Medium,Yes
PUR000952,CUST0952,Flipkart,1930,2,2430,Jerseys,2,High,0.46,Debit Card,Low,No
PUR000953,CUST0953,Brand Website,7380,10,9580,Full Kits,8,Low,0.06,Credit Card,High,Yes
PUR000954,CUST0954,Local Store,1200,1,1500,Accessories,1,Medium,0.31,Cash on Delivery,Low,No
PUR000955,CUST0955,Amazon,4600,6,5900,Bats,5,Medium,0.20,UPI,Medium,Yes
PUR000956,CUST0956,Brand Website,6660,9,8560,Full Kits,7,Low,0.09,Credit Card,High,Yes
PUR000957,CUST0957,Flipkart,2360,3,3060,Gloves,3,High,0.42,Debit Card,Medium,No
PUR000958,CUST0958,Amazon,3960,5,5160,Shoes,4,Medium,0.24,UPI,Medium,Yes
PUR000959,CUST0959,Local Store,1480,1,1780,Accessories,1,High,0.55,Cash on Delivery,Low,No
PUR000960,CUST0960,Brand Website,5810,8,7610,Full Kits,6,Low,0.10,Credit Card,High,Yes
PUR000961,CUST0961,Amazon,3540,5,4640,Bats,4,Medium,0.24,UPI,Medium,Yes
PUR000962,CUST0962,Flipkart,2000,2,2500,Jerseys,2,High,0.48,Debit Card,Low,No
PUR000963,CUST0963,Brand Website,7040,10,9240,Full Kits,8,Low,0.07,Credit Card,High,Yes
PUR000964,CUST0964,Local Store,1170,1,1420,Accessories,1,Medium,0.29,Cash on Delivery,Low,No
PUR000965,CUST0965,Amazon,4420,6,5720,Shoes,5,Medium,0.21,UPI,Medium,Yes
PUR000966,CUST0966,Brand Website,6420,9,8320,Full Kits,7,Low,0.10,Credit Card,High,Yes
PUR000967,CUST0967,Flipkart,2510,3,3210,Gloves,3,High,0.43,Debit Card,Medium,No
PUR000968,CUST0968,Amazon,3760,5,4960,Bats,4,Medium,0.22,UPI,Medium,Yes
PUR000969,CUST0969,Local Store,1380,1,1680,Accessories,1,High,0.52,Cash on Delivery,Low,No
PUR000970,CUST0970,Brand Website,5980,8,7780,Full Kits,6,Low,0.08,Credit Card,High,Yes
PUR000971,CUST0971,Amazon,3390,4,4490,Shoes,4,Medium,0.25,UPI,Medium,Yes
PUR000972,CUST0972,Flipkart,1940,2,2440,Jerseys,2,High,0.46,Debit Card,Low,No
PUR000973,CUST0973,Brand Website,7390,10,9590,Full Kits,8,Low,0.06,Credit Card,High,Yes
PUR000974,CUST0974,Local Store,1210,1,1510,Accessories,1,Medium,0.31,Cash on Delivery,Low,No
PUR000975,CUST0975,Amazon,4610,6,5910,Bats,5,Medium,0.20,UPI,Medium,Yes
PUR000976,CUST0976,Brand Website,6670,9,8570,Full Kits,7,Low,0.09,Credit Card,High,Yes
PUR000977,CUST0977,Flipkart,2370,3,3070,Gloves,3,High,0.42,Debit Card,Medium,No
PUR000978,CUST0978,Amazon,3970,5,5170,Shoes,4,Medium,0.24,UPI,Medium,Yes
PUR000979,CUST0979,Local Store,1490,1,1790,Accessories,1,High,0.55,Cash on Delivery,Low,No
PUR000980,CUST0980,Brand Website,5820,8,7620,Full Kits,6,Low,0.10,Credit Card,High,Yes
PUR000981,CUST0981,Amazon,3550,5,4650,Bats,4,Medium,0.24,UPI,Medium,Yes
PUR000982,CUST0982,Flipkart,2010,2,2510,Jerseys,2,High,0.48,Debit Card,Low,No
PUR000983,CUST0983,Brand Website,7050,10,9250,Full Kits,8,Low,0.07,Credit Card,High,Yes
PUR000984,CUST0984,Local Store,1180,1,1430,Accessories,1,Medium,0.29,Cash on Delivery,Low,No
PUR000985,CUST0985,Amazon,4430,6,5730,Shoes,5,Medium,0.21,UPI,Medium,Yes
PUR000986,CUST0986,Brand Website,6430,9,8330,Full Kits,7,Low,0.10,Credit Card,High,Yes
PUR000987,CUST0987,Flipkart,2520,3,3220,Gloves,3,High,0.43,Debit Card,Medium,No
PUR000988,CUST0988,Amazon,3770,5,4970,Bats,4,Medium,0.22,UPI,Medium,Yes
PUR000989,CUST0989,Local Store,1390,1,1690,Accessories,1,High,0.52,Cash on Delivery,Low,No
PUR000990,CUST0990,Brand Website,5990,8,7790,Full Kits,6,Low,0.08,Credit Card,High,Yes
PUR000991,CUST0991,Amazon,3400,4,4500,Shoes,4,Medium,0.25,UPI,Medium,Yes
PUR000992,CUST0992,Flipkart,1950,2,2450,Jerseys,2,High,0.46,Debit Card,Low,No
PUR000993,CUST0993,Brand Website,7400,10,9600,Full Kits,8,Low,0.06,Credit Card,High,Yes
PUR000994,CUST0994,Local Store,1220,1,1520,Accessories,1,Medium,0.31,Cash on Delivery,Low,No
PUR000995,CUST0995,Amazon,4620,6,5920,Bats,5,Medium,0.20,UPI,Medium,Yes
PUR000996,CUST0996,Brand Website,6680,9,8580,Full Kits,7,Low,0.09,Credit Card,High,Yes
PUR000997,CUST0997,Flipkart,2380,3,3080,Gloves,3,High,0.42,Debit Card,Medium,No
PUR000998,CUST0998,Amazon,3980,5,5180,Shoes,4,Medium,0.24,UPI,Medium,Yes
PUR000999,CUST0999,Local Store,1500,1,1800,Accessories,1,High,0.55,Cash on Delivery,Low,No
PUR001000,CUST1000,Brand Website,5830,8,7630,Full Kits,6,Low,0.10,Credit Card,High,Yes
PUR001001,CUST1001,Amazon,3560,5,4660,Bats,4,Medium,0.24,UPI,Medium,Yes
PUR001002,CUST1002,Flipkart,2020,2,2520,Jerseys,2,High,0.48,Debit Card,Low,No
PUR001003,CUST1003,Brand Website,7060,10,9260,Full Kits,8,Low,0.07,Credit Card,High,Yes
PUR001004,CUST1004,Local Store,1190,1,1440,Accessories,1,Medium,0.29,Cash on Delivery,Low,No
PUR001005,CUST1005,Amazon,4440,6,5740,Shoes,5,Medium,0.21,UPI,Medium,Yes
PUR001006,CUST1006,Brand Website,6440,9,8340,Full Kits,7,Low,0.10,Credit Card,High,Yes
PUR001007,CUST1007,Flipkart,2530,3,3230,Gloves,3,High,0.43,Debit Card,Medium,No
PUR001008,CUST1008,Amazon,3780,5,4980,Bats,4,Medium,0.22,UPI,Medium,Yes
PUR001009,CUST1009,Local Store,1400,1,1700,Accessories,1,High,0.52,Cash on Delivery,Low,No
PUR001010,CUST1010,Brand Website,6000,8,7800,Full Kits,6,Low,0.08,Credit Card,High,Yes
PUR001011,CUST1011,Amazon,3410,4,4510,Shoes,4,Medium,0.25,UPI,Medium,Yes
PUR001012,CUST1012,Flipkart,1960,2,2460,Jerseys,2,High,0.46,Debit Card,Low,No
PUR001013,CUST1013,Brand Website,7410,10,9610,Full Kits,8,Low,0.06,Credit Card,High,Yes
PUR001014,CUST1014,Local Store,1230,1,1530,Accessories,1,Medium,0.31,Cash on Delivery,Low,No
PUR001015,CUST1015,Amazon,4630,6,5930,Bats,5,Medium,0.20,UPI,Medium,Yes
PUR001016,CUST1016,Brand Website,6690,9,8590,Full Kits,7,Low,0.09,Credit Card,High,Yes
PUR001017,CUST1017,Flipkart,2390,3,3090,Gloves,3,High,0.42,Debit Card,Medium,No
PUR001018,CUST1018,Amazon,3990,5,5190,Shoes,4,Medium,0.24,UPI,Medium,Yes
PUR001019,CUST1019,Local Store,1510,1,1810,Accessories,1,High,0.55,Cash on Delivery,Low,No
PUR001020,CUST1020,Brand Website,5840,8,7640,Full Kits,6,Low,0.10,Credit Card,High,Yes
PUR001021,CUST1021,Amazon,3570,5,4670,Bats,4,Medium,0.24,UPI,Medium,Yes
PUR001022,CUST1022,Flipkart,2030,2,2530,Jerseys,2,High,0.48,Debit Card,Low,No
PUR001023,CUST1023,Brand Website,7070,10,9270,Full Kits,8,Low,0.07,Credit Card,High,Yes
PUR001024,CUST1024,Local Store,1200,1,1450,Accessories,1,Medium,0.29,Cash on Delivery,Low,No
PUR001025,CUST1025,Amazon,4450,6,5750,Shoes,5,Medium,0.21,UPI,Medium,Yes
PUR001026,CUST1026,Brand Website,6450,9,8350,Full Kits,7,Low,0.10,Credit Card,High,Yes
PUR001027,CUST1027,Flipkart,2540,3,3240,Gloves,3,High,0.43,Debit Card,Medium,No
PUR001028,CUST1028,Amazon,3790,5,4990,Bats,4,Medium,0.22,UPI,Medium,Yes
PUR001029,CUST1029,Local Store,1410,1,1710,Accessories,1,High,0.52,Cash on Delivery,Low,No
PUR001030,CUST1030,Brand Website,6010,8,7810,Full Kits,6,Low,0.08,Credit Card,High,Yes
PUR001031,CUST1031,Amazon,3420,4,4520,Shoes,4,Medium,0.25,UPI,Medium,Yes
PUR001032,CUST1032,Flipkart,1970,2,2470,Jerseys,2,High,0.46,Debit Card,Low,No
PUR001033,CUST1033,Brand Website,7420,10,9620,Full Kits,8,Low,0.06,Credit Card,High,Yes
PUR001034,CUST1034,Local Store,1240,1,1540,Accessories,1,Medium,0.31,Cash on Delivery,Low,No
PUR001035,CUST1035,Amazon,4640,6,5940,Bats,5,Medium,0.20,UPI,Medium,Yes
PUR001036,CUST1036,Brand Website,6700,9,8600,Full Kits,7,Low,0.09,Credit Card,High,Yes
PUR001037,CUST1037,Flipkart,2400,3,3100,Gloves,3,High,0.42,Debit Card,Medium,No
PUR001038,CUST1038,Amazon,4000,5,5200,Shoes,4,Medium,0.24,UPI,Medium,Yes
PUR001039,CUST1039,Local Store,1520,1,1820,Accessories,1,High,0.55,Cash on Delivery,Low,No
PUR001040,CUST1040,Brand Website,5850,8,7650,Full Kits,6,Low,0.10,Credit Card,High,Yes
PUR001041,CUST1041,Amazon,3580,5,4680,Bats,4,Medium,0.24,UPI,Medium,Yes
PUR001042,CUST1042,Flipkart,2040,2,2540,Jerseys,2,High,0.48,Debit Card,Low,No
PUR001043,CUST1043,Brand Website,7080,10,9280,Full Kits,8,Low,0.07,Credit Card,High,Yes
PUR001044,CUST1044,Local Store,1210,1,1460,Accessories,1,Medium,0.29,Cash on Delivery,Low,No
PUR001045,CUST1045,Amazon,4460,6,5760,Shoes,5,Medium,0.21,UPI,Medium,Yes
PUR001046,CUST1046,Brand Website,6460,9,8360,Full Kits,7,Low,0.10,Credit Card,High,Yes
PUR001047,CUST1047,Flipkart,2550,3,3250,Gloves,3,High,0.43,Debit Card,Medium,No
PUR001048,CUST1048,Amazon,3800,5,5000,Bats,4,Medium,0.22,UPI,Medium,Yes
PUR001049,CUST1049,Local Store,1420,1,1720,Accessories,1,High,0.52,Cash on Delivery,Low,No
PUR001050,CUST1050,Brand Website,6020,8,7820,Full Kits,6,Low,0.08,Credit Card,High,Yes
PUR001051,CUST1051,Amazon,3430,4,4530,Shoes,4,Medium,0.25,UPI,Medium,Yes
PUR001052,CUST1052,Flipkart,1980,2,2480,Jerseys,2,High,0.46,Debit Card,Low,No
PUR001053,CUST1053,Brand Website,7430,10,9630,Full Kits,8,Low,0.06,Credit Card,High,Yes
PUR001054,CUST1054,Local Store,1250,1,1550,Accessories,1,Medium,0.31,Cash on Delivery,Low,No
PUR001055,CUST1055,Amazon,4650,6,5950,Bats,5,Medium,0.20,UPI,Medium,Yes
PUR001056,CUST1056,Brand Website,6710,9,8610,Full Kits,7,Low,0.09,Credit Card,High,Yes
PUR001057,CUST1057,Flipkart,2410,3,3110,Gloves,3,High,0.42,Debit Card,Medium,No
PUR001058,CUST1058,Amazon,4010,5,5210,Shoes,4,Medium,0.24,UPI,Medium,Yes
PUR001059,CUST1059,Local Store,1530,1,1830,Accessories,1,High,0.55,Cash on Delivery,Low,No
PUR001060,CUST1060,Brand Website,5860,8,7660,Full Kits,6,Low,0.10,Credit Card,High,Yes
PUR001061,CUST1061,Amazon,3590,5,4690,Bats,4,Medium,0.24,UPI,Medium,Yes
PUR001062,CUST1062,Flipkart,2050,2,2550,Jerseys,2,High,0.48,Debit Card,Low,No
PUR001063,CUST1063,Brand Website,7090,10,9290,Full Kits,8,Low,0.07,Credit Card,High,Yes
PUR001064,CUST1064,Local Store,1220,1,1470,Accessories,1,Medium,0.29,Cash on Delivery,Low,No
PUR001065,CUST1065,Amazon,4470,6,5770,Shoes,5,Medium,0.21,UPI,Medium,Yes
PUR001066,CUST1066,Brand Website,6470,9,8370,Full Kits,7,Low,0.10,Credit Card,High,Yes
PUR001067,CUST1067,Flipkart,2560,3,3260,Gloves,3,High,0.43,Debit Card,Medium,No
PUR001068,CUST1068,Amazon,3810,5,5010,Bats,4,Medium,0.22,UPI,Medium,Yes
PUR001069,CUST1069,Local Store,1430,1,1730,Accessories,1,High,0.52,Cash on Delivery,Low,No
PUR001070,CUST1070,Brand Website,6030,8,7830,Full Kits,6,Low,0.08,Credit Card,High,Yes
PUR001071,CUST1071,Amazon,3440,4,4540,Shoes,4,Medium,0.25,UPI,Medium,Yes
PUR001072,CUST1072,Flipkart,1990,2,2490,Jerseys,2,High,0.46,Debit Card,Low,No
PUR001073,CUST1073,Brand Website,7440,10,9640,Full Kits,8,Low,0.06,Credit Card,High,Yes
PUR001074,CUST1074,Local Store,1260,1,1560,Accessories,1,Medium,0.31,Cash on Delivery,Low,No
PUR001075,CUST1075,Amazon,4660,6,5960,Bats,5,Medium,0.20,UPI,Medium,Yes
PUR001076,CUST1076,Brand Website,6720,9,8620,Full Kits,7,Low,0.09,Credit Card,High,Yes
PUR001077,CUST1077,Flipkart,2420,3,3120,Gloves,3,High,0.42,Debit Card,Medium,No
PUR001078,CUST1078,Amazon,4020,5,5220,Shoes,4,Medium,0.24,UPI,Medium,Yes
PUR001079,CUST1079,Local Store,1540,1,1840,Accessories,1,High,0.55,Cash on Delivery,Low,No
PUR001080,CUST1080,Brand Website,5870,8,7670,Full Kits,6,Low,0.10,Credit Card,High,Yes
PUR001081,CUST1081,Amazon,3600,5,4700,Bats,4,Medium,0.24,UPI,Medium,Yes
PUR001082,CUST1082,Flipkart,2060,2,2560,Jerseys,2,High,0.48,Debit Card,Low,No
PUR001083,CUST1083,Brand Website,7100,10,9300,Full Kits,8,Low,0.07,Credit Card,High,Yes
PUR001084,CUST1084,Local Store,1230,1,1480,Accessories,1,Medium,0.29,Cash on Delivery,Low,No
PUR001085,CUST1085,Amazon,4480,6,5780,Shoes,5,Medium,0.21,UPI,Medium,Yes
PUR001086,CUST1086,Brand Website,6480,9,8380,Full Kits,7,Low,0.10,Credit Card,High,Yes
PUR001087,CUST1087,Flipkart,2570,3,3270,Gloves,3,High,0.43,Debit Card,Medium,No
PUR001088,CUST1088,Amazon,3820,5,5020,Bats,4,Medium,0.22,UPI,Medium,Yes
PUR001089,CUST1089,Local Store,1440,1,1740,Accessories,1,High,0.52,Cash on Delivery,Low,No
PUR001090,CUST1090,Brand Website,6040,8,7840,Full Kits,6,Low,0.08,Credit Card,High,Yes
PUR001091,CUST1091,Amazon,3450,4,4550,Shoes,4,Medium,0.25,UPI,Medium,Yes
PUR001092,CUST1092,Flipkart,2000,2,2500,Jerseys,2,High,0.46,Debit Card,Low,No
PUR001093,CUST1093,Brand Website,7450,10,9650,Full Kits,8,Low,0.06,Credit Card,High,Yes
PUR001094,CUST1094,Local Store,1270,1,1570,Accessories,1,Medium,0.31,Cash on Delivery,Low,No
PUR001095,CUST1095,Amazon,4670,6,5970,Bats,5,Medium,0.20,UPI,Medium,Yes
PUR001096,CUST1096,Brand Website,6730,9,8630,Full Kits,7,Low,0.09,Credit Card,High,Yes
PUR001097,CUST1097,Flipkart,2430,3,3130,Gloves,3,High,0.42,Debit Card,Medium,No
PUR001098,CUST1098,Amazon,4030,5,5230,Shoes,4,Medium,0.24,UPI,Medium,Yes
PUR001099,CUST1099,Local Store,1550,1,1850,Accessories,1,High,0.55,Cash on Delivery,Low,No
PUR001100,CUST1100,Brand Website,5880,8,7680,Full Kits,6,Low,0.10,Credit Card,High,Yes
PUR001101,CUST1101,Amazon,3610,5,4710,Bats,4,Medium,0.23,UPI,Medium,Yes
PUR001102,CUST1102,Flipkart,2070,2,2570,Jerseys,2,High,0.49,Debit Card,Low,No
PUR001103,CUST1103,Brand Website,7110,10,9310,Full Kits,8,Low,0.06,Credit Card,High,Yes
PUR001104,CUST1104,Local Store,1240,1,1490,Accessories,1,Medium,0.30,Cash on Delivery,Low,No
PUR001105,CUST1105,Amazon,4490,6,5790,Shoes,5,Medium,0.20,UPI,Medium,Yes
PUR001106,CUST1106,Brand Website,6490,9,8390,Full Kits,7,Low,0.09,Credit Card,High,Yes
PUR001107,CUST1107,Flipkart,2580,3,3280,Gloves,3,High,0.44,Debit Card,Medium,No
PUR001108,CUST1108,Amazon,3830,5,5030,Bats,4,Medium,0.21,UPI,Medium,Yes
PUR001109,CUST1109,Local Store,1450,1,1750,Accessories,1,High,0.53,Cash on Delivery,Low,No
PUR001110,CUST1110,Brand Website,6050,8,7850,Full Kits,6,Low,0.07,Credit Card,High,Yes
PUR001111,CUST1111,Amazon,3460,4,4560,Shoes,4,Medium,0.24,UPI,Medium,Yes
PUR001112,CUST1112,Flipkart,2010,2,2510,Jerseys,2,High,0.47,Debit Card,Low,No
PUR001113,CUST1113,Brand Website,7460,10,9660,Full Kits,8,Low,0.05,Credit Card,High,Yes
PUR001114,CUST1114,Local Store,1280,1,1580,Accessories,1,Medium,0.32,Cash on Delivery,Low,No
PUR001115,CUST1115,Amazon,4680,6,5980,Bats,5,Medium,0.19,UPI,Medium,Yes
PUR001116,CUST1116,Brand Website,6740,9,8640,Full Kits,7,Low,0.08,Credit Card,High,Yes
PUR001117,CUST1117,Flipkart,2440,3,3140,Gloves,3,High,0.43,Debit Card,Medium,No
PUR001118,CUST1118,Amazon,4040,5,5240,Shoes,4,Medium,0.23,UPI,Medium,Yes
PUR001119,CUST1119,Local Store,1560,1,1860,Accessories,1,High,0.56,Cash on Delivery,Low,No
PUR001120,CUST1120,Brand Website,5890,8,7690,Full Kits,6,Low,0.09,Credit Card,High,Yes
PUR001121,CUST1121,Amazon,3620,5,4720,Bats,4,Medium,0.23,UPI,Medium,Yes
PUR001122,CUST1122,Flipkart,2080,2,2580,Jerseys,2,High,0.49,Debit Card,Low,No
PUR001123,CUST1123,Brand Website,7120,10,9320,Full Kits,8,Low,0.06,Credit Card,High,Yes
PUR001124,CUST1124,Local Store,1250,1,1500,Accessories,1,Medium,0.30,Cash on Delivery,Low,No
PUR001125,CUST1125,Amazon,4500,6,5800,Shoes,5,Medium,0.20,UPI,Medium,Yes
PUR001126,CUST1126,Brand Website,6500,9,8400,Full Kits,7,Low,0.09,Credit Card,High,Yes
PUR001127,CUST1127,Flipkart,2590,3,3290,Gloves,3,High,0.44,Debit Card,Medium,No
PUR001128,CUST1128,Amazon,3840,5,5040,Bats,4,Medium,0.21,UPI,Medium,Yes
PUR001129,CUST1129,Local Store,1460,1,1760,Accessories,1,High,0.53,Cash on Delivery,Low,No
PUR001130,CUST1130,Brand Website,6060,8,7860,Full Kits,6,Low,0.07,Credit Card,High,Yes
PUR001131,CUST1131,Amazon,3470,4,4570,Shoes,4,Medium,0.24,UPI,Medium,Yes
PUR001132,CUST1132,Flipkart,2020,2,2520,Jerseys,2,High,0.47,Debit Card,Low,No
PUR001133,CUST1133,Brand Website,7470,10,9670,Full Kits,8,Low,0.05,Credit Card,High,Yes
PUR001134,CUST1134,Local Store,1290,1,1590,Accessories,1,Medium,0.32,Cash on Delivery,Low,No
PUR001135,CUST1135,Amazon,4690,6,5990,Bats,5,Medium,0.19,UPI,Medium,Yes
PUR001136,CUST1136,Brand Website,6750,9,8650,Full Kits,7,Low,0.08,Credit Card,High,Yes
PUR001137,CUST1137,Flipkart,2450,3,3150,Gloves,3,High,0.43,Debit Card,Medium,No
PUR001138,CUST1138,Amazon,4050,5,5250,Shoes,4,Medium,0.23,UPI,Medium,Yes
PUR001139,CUST1139,Local Store,1570,1,1870,Accessories,1,High,0.56,Cash on Delivery,Low,No
PUR001140,CUST1140,Brand Website,5900,8,7700,Full Kits,6,Low,0.09,Credit Card,High,Yes
PUR001141,CUST1141,Amazon,3630,5,4730,Bats,4,Medium,0.23,UPI,Medium,Yes
PUR001142,CUST1142,Flipkart,2090,2,2590,Jerseys,2,High,0.49,Debit Card,Low,No
PUR001143,CUST1143,Brand Website,7130,10,9330,Full Kits,8,Low,0.06,Credit Card,High,Yes
PUR001144,CUST1144,Local Store,1260,1,1510,Accessories,1,Medium,0.30,Cash on Delivery,Low,No
PUR001145,CUST1145,Amazon,4510,6,5810,Shoes,5,Medium,0.20,UPI,Medium,Yes
PUR001146,CUST1146,Brand Website,6510,9,8410,Full Kits,7,Low,0.09,Credit Card,High,Yes
PUR001147,CUST1147,Flipkart,2600,3,3300,Gloves,3,High,0.44,Debit Card,Medium,No
PUR001148,CUST1148,Amazon,3850,5,5050,Bats,4,Medium,0.21,UPI,Medium,Yes
PUR001149,CUST1149,Local Store,1470,1,1770,Accessories,1,High,0.53,Cash on Delivery,Low,No
PUR001150,CUST1150,Brand Website,6070,8,7870,Full Kits,6,Low,0.07,Credit Card,High,Yes
PUR001151,CUST1151,Amazon,3480,4,4580,Shoes,4,Medium,0.24,UPI,Medium,Yes
PUR001152,CUST1152,Flipkart,2030,2,2530,Jerseys,2,High,0.47,Debit Card,Low,No
PUR001153,CUST1153,Brand Website,7480,10,9680,Full Kits,8,Low,0.05,Credit Card,High,Yes
PUR001154,CUST1154,Local Store,1300,1,1600,Accessories,1,Medium,0.32,Cash on Delivery,Low,No
PUR001155,CUST1155,Amazon,4700,6,6000,Bats,5,Medium,0.19,UPI,Medium,Yes
PUR001156,CUST1156,Brand Website,6760,9,8660,Full Kits,7,Low,0.08,Credit Card,High,Yes
PUR001157,CUST1157,Flipkart,2460,3,3160,Gloves,3,High,0.43,Debit Card,Medium,No
PUR001158,CUST1158,Amazon,4060,5,5260,Shoes,4,Medium,0.23,UPI,Medium,Yes
PUR001159,CUST1159,Local Store,1580,1,1880,Accessories,1,High,0.56,Cash on Delivery,Low,No
PUR001160,CUST1160,Brand Website,5910,8,7710,Full Kits,6,Low,0.09,Credit Card,High,Yes
PUR001161,CUST1161,Amazon,3640,5,4740,Bats,4,Medium,0.23,UPI,Medium,Yes
PUR001162,CUST1162,Flipkart,2100,2,2600,Jerseys,2,High,0.49,Debit Card,Low,No
PUR001163,CUST1163,Brand Website,7140,10,9340,Full Kits,8,Low,0.06,Credit Card,High,Yes
PUR001164,CUST1164,Local Store,1270,1,1520,Accessories,1,Medium,0.30,Cash on Delivery,Low,No
PUR001165,CUST1165,Amazon,4520,6,5820,Shoes,5,Medium,0.20,UPI,Medium,Yes
PUR001166,CUST1166,Brand Website,6520,9,8420,Full Kits,7,Low,0.09,Credit Card,High,Yes
PUR001167,CUST1167,Flipkart,2610,3,3310,Gloves,3,High,0.44,Debit Card,Medium,No
PUR001168,CUST1168,Amazon,3860,5,5060,Bats,4,Medium,0.21,UPI,Medium,Yes
PUR001169,CUST1169,Local Store,1480,1,1780,Accessories,1,High,0.53,Cash on Delivery,Low,No
PUR001170,CUST1170,Brand Website,6080,8,7880,Full Kits,6,Low,0.07,Credit Card,High,Yes
PUR001171,CUST1171,Amazon,3490,4,4590,Shoes,4,Medium,0.24,UPI,Medium,Yes
PUR001172,CUST1172,Flipkart,2040,2,2540,Jerseys,2,High,0.47,Debit Card,Low,No
PUR001173,CUST1173,Brand Website,7490,10,9690,Full Kits,8,Low,0.05,Credit Card,High,Yes
PUR001174,CUST1174,Local Store,1310,1,1610,Accessories,1,Medium,0.32,Cash on Delivery,Low,No
PUR001175,CUST1175,Amazon,4710,6,6010,Bats,5,Medium,0.19,UPI,Medium,Yes
PUR001176,CUST1176,Brand Website,6770,9,8670,Full Kits,7,Low,0.08,Credit Card,High,Yes
PUR001177,CUST1177,Flipkart,2470,3,3170,Gloves,3,High,0.43,Debit Card,Medium,No
PUR001178,CUST1178,Amazon,4070,5,5270,Shoes,4,Medium,0.23,UPI,Medium,Yes
PUR001179,CUST1179,Local Store,1590,1,1890,Accessories,1,High,0.56,Cash on Delivery,Low,No
PUR001180,CUST1180,Brand Website,5920,8,7720,Full Kits,6,Low,0.09,Credit Card,High,Yes
PUR001181,CUST1181,Amazon,3650,5,4750,Bats,4,Medium,0.23,UPI,Medium,Yes
PUR001182,CUST1182,Flipkart,2110,2,2610,Jerseys,2,High,0.49,Debit Card,Low,No
PUR001183,CUST1183,Brand Website,7150,10,9350,Full Kits,8,Low,0.06,Credit Card,High,Yes
PUR001184,CUST1184,Local Store,1280,1,1530,Accessories,1,Medium,0.30,Cash on Delivery,Low,No
PUR001185,CUST1185,Amazon,4530,6,5830,Shoes,5,Medium,0.20,UPI,Medium,Yes
PUR001186,CUST1186,Brand Website,6530,9,8430,Full Kits,7,Low,0.09,Credit Card,High,Yes
PUR001187,CUST1187,Flipkart,2620,3,3320,Gloves,3,High,0.44,Debit Card,Medium,No
PUR001188,CUST1188,Amazon,3870,5,5070,Bats,4,Medium,0.21,UPI,Medium,Yes
PUR001189,CUST1189,Local Store,1490,1,1790,Accessories,1,High,0.53,Cash on Delivery,Low,No
PUR001190,CUST1190,Brand Website,6090,8,7890,Full Kits,6,Low,0.07,Credit Card,High,Yes
PUR001191,CUST1191,Amazon,3500,4,4600,Shoes,4,Medium,0.24,UPI,Medium,Yes
PUR001192,CUST1192,Flipkart,2050,2,2550,Jerseys,2,High,0.47,Debit Card,Low,No
PUR001193,CUST1193,Brand Website,7500,10,9700,Full Kits,8,Low,0.05,Credit Card,High,Yes
PUR001194,CUST1194,Local Store,1320,1,1620,Accessories,1,Medium,0.32,Cash on Delivery,Low,No
PUR001195,CUST1195,Amazon,4720,6,6020,Bats,5,Medium,0.19,UPI,Medium,Yes
PUR001196,CUST1196,Brand Website,6780,9,8680,Full Kits,7,Low,0.08,Credit Card,High,Yes
PUR001197,CUST1197,Flipkart,2480,3,3180,Gloves,3,High,0.43,Debit Card,Medium,No
PUR001198,CUST1198,Amazon,4080,5,5280,Shoes,4,Medium,0.23,UPI,Medium,Yes
PUR001199,CUST1199,Local Store,1600,1,1900,Accessories,1,High,0.56,Cash on Delivery,Low,No
PUR001200,CUST1200,Brand Website,5930,8,7730,Full Kits,6,Low,0.09,Credit Card,High,Yes
PUR001201,CUST1201,Amazon,3660,5,4760,Bats,4,Medium,0.23,UPI,Medium,Yes
PUR001202,CUST1202,Flipkart,2120,2,2620,Jerseys,2,High,0.49,Debit Card,Low,No
PUR001203,CUST1203,Brand Website,7160,10,9360,Full Kits,8,Low,0.06,Credit Card,High,Yes
PUR001204,CUST1204,Local Store,1290,1,1540,Accessories,1,Medium,0.30,Cash on Delivery,Low,No
PUR001205,CUST1205,Amazon,4540,6,5840,Shoes,5,Medium,0.20,UPI,Medium,Yes
PUR001206,CUST1206,Brand Website,6540,9,8440,Full Kits,7,Low,0.09,Credit Card,High,Yes
PUR001207,CUST1207,Flipkart,2630,3,3330,Gloves,3,High,0.44,Debit Card,Medium,No
PUR001208,CUST1208,Amazon,3880,5,5080,Bats,4,Medium,0.21,UPI,Medium,Yes
PUR001209,CUST1209,Local Store,1500,1,1800,Accessories,1,High,0.53,Cash on Delivery,Low,No
PUR001210,CUST1210,Brand Website,6100,8,7900,Full Kits,6,Low,0.07,Credit Card,High,Yes
PUR001211,CUST1211,Amazon,3510,4,4610,Shoes,4,Medium,0.24,UPI,Medium,Yes
PUR001212,CUST1212,Flipkart,2060,2,2560,Jerseys,2,High,0.47,Debit Card,Low,No
PUR001213,CUST1213,Brand Website,7510,10,9710,Full Kits,8,Low,0.05,Credit Card,High,Yes
PUR001214,CUST1214,Local Store,1330,1,1630,Accessories,1,Medium,0.32,Cash on Delivery,Low,No
PUR001215,CUST1215,Amazon,4730,6,6030,Bats,5,Medium,0.19,UPI,Medium,Yes
PUR001216,CUST1216,Brand Website,6790,9,8690,Full Kits,7,Low,0.08,Credit Card,High,Yes
PUR001217,CUST1217,Flipkart,2490,3,3190,Gloves,3,High,0.43,Debit Card,Medium,No
PUR001218,CUST1218,Amazon,4090,5,5290,Shoes,4,Medium,0.23,UPI,Medium,Yes
PUR001219,CUST1219,Local Store,1610,1,1910,Accessories,1,High,0.56,Cash on Delivery,Low,No
PUR001220,CUST1220,Brand Website,5940,8,7740,Full Kits,6,Low,0.09,Credit Card,High,Yes
PUR001221,CUST1221,Amazon,3670,5,4770,Bats,4,Medium,0.23,UPI,Medium,Yes
PUR001222,CUST1222,Flipkart,2130,2,2630,Jerseys,2,High,0.49,Debit Card,Low,No
PUR001223,CUST1223,Brand Website,7170,10,9370,Full Kits,8,Low,0.06,Credit Card,High,Yes
PUR001224,CUST1224,Local Store,1300,1,1550,Accessories,1,Medium,0.30,Cash on Delivery,Low,No
PUR001225,CUST1225,Amazon,4550,6,5850,Shoes,5,Medium,0.20,UPI,Medium,Yes
PUR001226,CUST1226,Brand Website,6550,9,8450,Full Kits,7,Low,0.09,Credit Card,High,Yes
PUR001227,CUST1227,Flipkart,2640,3,3340,Gloves,3,High,0.44,Debit Card,Medium,No
PUR001228,CUST1228,Amazon,3890,5,5090,Bats,4,Medium,0.21,UPI,Medium,Yes
PUR001229,CUST1229,Local Store,1510,1,1810,Accessories,1,High,0.53,Cash on Delivery,Low,No
PUR001230,CUST1230,Brand Website,6110,8,7910,Full Kits,6,Low,0.07,Credit Card,High,Yes
PUR001231,CUST1231,Amazon,3520,4,4620,Shoes,4,Medium,0.24,UPI,Medium,Yes
PUR001232,CUST1232,Flipkart,2070,2,2570,Jerseys,2,High,0.47,Debit Card,Low,No
PUR001233,CUST1233,Brand Website,7520,10,9720,Full Kits,8,Low,0.05,Credit Card,High,Yes
PUR001234,CUST1234,Local Store,1340,1,1640,Accessories,1,Medium,0.32,Cash on Delivery,Low,No
PUR001235,CUST1235,Amazon,4740,6,6040,Bats,5,Medium,0.19,UPI,Medium,Yes
PUR001236,CUST1236,Brand Website,6800,9,8700,Full Kits,7,Low,0.08,Credit Card,High,Yes
PUR001237,CUST1237,Flipkart,2500,3,3200,Gloves,3,High,0.43,Debit Card,Medium,No
PUR001238,CUST1238,Amazon,4100,5,5300,Shoes,4,Medium,0.23,UPI,Medium,Yes
PUR001239,CUST1239,Local Store,1620,1,1920,Accessories,1,High,0.56,Cash on Delivery,Low,No
PUR001240,CUST1240,Brand Website,5950,8,7750,Full Kits,6,Low,0.09,Credit Card,High,Yes
PUR001241,CUST1241,Amazon,3680,5,4780,Bats,4,Medium,0.23,UPI,Medium,Yes
PUR001242,CUST1242,Flipkart,2140,2,2640,Jerseys,2,High,0.49,Debit Card,Low,No
PUR001243,CUST1243,Brand Website,7180,10,9380,Full Kits,8,Low,0.06,Credit Card,High,Yes
PUR001244,CUST1244,Local Store,1310,1,1560,Accessories,1,Medium,0.30,Cash on Delivery,Low,No
PUR001245,CUST1245,Amazon,4560,6,5860,Shoes,5,Medium,0.20,UPI,Medium,Yes
PUR001246,CUST1246,Brand Website,6560,9,8460,Full Kits,7,Low,0.09,Credit Card,High,Yes
PUR001247,CUST1247,Flipkart,2650,3,3350,Gloves,3,High,0.44,Debit Card,Medium,No
PUR001248,CUST1248,Amazon,3900,5,5100,Bats,4,Medium,0.21,UPI,Medium,Yes
PUR001249,CUST1249,Local Store,1520,1,1820,Accessories,1,High,0.53,Cash on Delivery,Low,No
PUR001250,CUST1250,Brand Website,6120,8,7920,Full Kits,6,Low,0.07,Credit Card,High,Yes
PUR001251,CUST1251,Amazon,3530,4,4630,Shoes,4,Medium,0.24,UPI,Medium,Yes
PUR001252,CUST1252,Flipkart,2080,2,2580,Jerseys,2,High,0.47,Debit Card,Low,No
PUR001253,CUST1253,Brand Website,7530,10,9730,Full Kits,8,Low,0.05,Credit Card,High,Yes
PUR001254,CUST1254,Local Store,1350,1,1650,Accessories,1,Medium,0.32,Cash on Delivery,Low,No
PUR001255,CUST1255,Amazon,4750,6,6050,Bats,5,Medium,0.19,UPI,Medium,Yes
PUR001256,CUST1256,Brand Website,6810,9,8710,Full Kits,7,Low,0.08,Credit Card,High,Yes
PUR001257,CUST1257,Flipkart,2510,3,3210,Gloves,3,High,0.43,Debit Card,Medium,No
PUR001258,CUST1258,Amazon,4110,5,5310,Shoes,4,Medium,0.23,UPI,Medium,Yes
PUR001259,CUST1259,Local Store,1630,1,1930,Accessories,1,High,0.56,Cash on Delivery,Low,No
PUR001260,CUST1260,Brand Website,5960,8,7760,Full Kits,6,Low,0.09,Credit Card,High,Yes
PUR001261,CUST1261,Amazon,3690,5,4790,Bats,4,Medium,0.23,UPI,Medium,Yes
PUR001262,CUST1262,Flipkart,2150,2,2650,Jerseys,2,High,0.49,Debit Card,Low,No
PUR001263,CUST1263,Brand Website,7190,10,9390,Full Kits,8,Low,0.06,Credit Card,High,Yes
PUR001264,CUST1264,Local Store,1320,1,1570,Accessories,1,Medium,0.30,Cash on Delivery,Low,No
PUR001265,CUST1265,Amazon,4570,6,5870,Shoes,5,Medium,0.20,UPI,Medium,Yes
PUR001266,CUST1266,Brand Website,6570,9,8470,Full Kits,7,Low,0.09,Credit Card,High,Yes
PUR001267,CUST1267,Flipkart,2660,3,3360,Gloves,3,High,0.44,Debit Card,Medium,No
PUR001268,CUST1268,Amazon,3910,5,5110,Bats,4,Medium,0.21,UPI,Medium,Yes
PUR001269,CUST1269,Local Store,1530,1,1830,Accessories,1,High,0.53,Cash on Delivery,Low,No
PUR001270,CUST1270,Brand Website,6130,8,7930,Full Kits,6,Low,0.07,Credit Card,High,Yes
PUR001271,CUST1271,Amazon,3540,4,4640,Shoes,4,Medium,0.24,UPI,Medium,Yes
PUR001272,CUST1272,Flipkart,2090,2,2590,Jerseys,2,High,0.47,Debit Card,Low,No
PUR001273,CUST1273,Brand Website,7540,10,9740,Full Kits,8,Low,0.05,Credit Card,High,Yes
PUR001274,CUST1274,Local Store,1360,1,1660,Accessories,1,Medium,0.32,Cash on Delivery,Low,No
PUR001275,CUST1275,Amazon,4760,6,6060,Bats,5,Medium,0.19,UPI,Medium,Yes
PUR001276,CUST1276,Brand Website,6820,9,8720,Full Kits,7,Low,0.08,Credit Card,High,Yes
PUR001277,CUST1277,Flipkart,2520,3,3220,Gloves,3,High,0.43,Debit Card,Medium,No
PUR001278,CUST1278,Amazon,4120,5,5320,Shoes,4,Medium,0.23,UPI,Medium,Yes
PUR001279,CUST1279,Local Store,1640,1,1940,Accessories,1,High,0.56,Cash on Delivery,Low,No
PUR001280,CUST1280,Brand Website,5970,8,7770,Full Kits,6,Low,0.09,Credit Card,High,Yes
PUR001281,CUST1281,Amazon,3700,5,4800,Bats,4,Medium,0.23,UPI,Medium,Yes
PUR001282,CUST1282,Flipkart,2160,2,2660,Jerseys,2,High,0.49,Debit Card,Low,No
PUR001283,CUST1283,Brand Website,7200,10,9400,Full Kits,8,Low,0.06,Credit Card,High,Yes
PUR001284,CUST1284,Local Store,1330,1,1580,Accessories,1,Medium,0.30,Cash on Delivery,Low,No
PUR001285,CUST1285,Amazon,4580,6,5880,Shoes,5,Medium,0.20,UPI,Medium,Yes
PUR001286,CUST1286,Brand Website,6580,9,8480,Full Kits,7,Low,0.09,Credit Card,High,Yes
PUR001287,CUST1287,Flipkart,2670,3,3370,Gloves,3,High,0.44,Debit Card,Medium,No
PUR001288,CUST1288,Amazon,3920,5,5120,Bats,4,Medium,0.21,UPI,Medium,Yes
PUR001289,CUST1289,Local Store,1540,1,1840,Accessories,1,High,0.53,Cash on Delivery,Low,No
PUR001290,CUST1290,Brand Website,6140,8,7940,Full Kits,6,Low,0.07,Credit Card,High,Yes
PUR001291,CUST1291,Amazon,3550,4,4650,Shoes,4,Medium,0.24,UPI,Medium,Yes
PUR001292,CUST1292,Flipkart,2100,2,2600,Jerseys,2,High,0.47,Debit Card,Low,No
PUR001293,CUST1293,Brand Website,7550,10,9750,Full Kits,8,Low,0.05,Credit Card,High,Yes
PUR001294,CUST1294,Local Store,1370,1,1670,Accessories,1,Medium,0.32,Cash on Delivery,Low,No
PUR001295,CUST1295,Amazon,4770,6,6070,Bats,5,Medium,0.19,UPI,Medium,Yes
PUR001296,CUST1296,Brand Website,6830,9,8730,Full Kits,7,Low,0.08,Credit Card,High,Yes
PUR001297,CUST1297,Flipkart,2530,3,3230,Gloves,3,High,0.43,Debit Card,Medium,No
PUR001298,CUST1298,Amazon,4130,5,5330,Shoes,4,Medium,0.23,UPI,Medium,Yes
PUR001299,CUST1299,Local Store,1650,1,1950,Accessories,1,High,0.56,Cash on Delivery,Low,No
PUR001300,CUST1300,Brand Website,5980,8,7780,Full Kits,6,Low,0.09,Credit Card,High,Yes
PUR001301,CUST1301,Amazon,3710,5,4810,Bats,4,Medium,0.22,UPI,Medium,Yes
PUR001302,CUST1302,Flipkart,2170,2,2670,Jerseys,2,High,0.50,Debit Card,Low,No
PUR001303,CUST1303,Brand Website,7210,10,9410,Full Kits,8,Low,0.06,Credit Card,High,Yes
PUR001304,CUST1304,Local Store,1340,1,1590,Accessories,1,Medium,0.31,Cash on Delivery,Low,No
PUR001305,CUST1305,Amazon,4590,6,5890,Shoes,5,Medium,0.19,UPI,Medium,Yes
PUR001306,CUST1306,Brand Website,6590,9,8490,Full Kits,7,Low,0.08,Credit Card,High,Yes
PUR001307,CUST1307,Flipkart,2680,3,3380,Gloves,3,High,0.45,Debit Card,Medium,No
PUR001308,CUST1308,Amazon,3930,5,5130,Bats,4,Medium,0.20,UPI,Medium,Yes
PUR001309,CUST1309,Local Store,1550,1,1850,Accessories,1,High,0.54,Cash on Delivery,Low,No
PUR001310,CUST1310,Brand Website,6150,8,7950,Full Kits,6,Low,0.07,Credit Card,High,Yes
PUR001311,CUST1311,Amazon,3560,4,4660,Shoes,4,Medium,0.23,UPI,Medium,Yes
PUR001312,CUST1312,Flipkart,2110,2,2610,Jerseys,2,High,0.46,Debit Card,Low,No
PUR001313,CUST1313,Brand Website,7560,10,9760,Full Kits,8,Low,0.05,Credit Card,High,Yes
PUR001314,CUST1314,Local Store,1380,1,1680,Accessories,1,Medium,0.33,Cash on Delivery,Low,No
PUR001315,CUST1315,Amazon,4780,6,6080,Bats,5,Medium,0.18,UPI,Medium,Yes
PUR001316,CUST1316,Brand Website,6840,9,8740,Full Kits,7,Low,0.08,Credit Card,High,Yes
PUR001317,CUST1317,Flipkart,2540,3,3240,Gloves,3,High,0.42,Debit Card,Medium,No
PUR001318,CUST1318,Amazon,4140,5,5340,Shoes,4,Medium,0.22,UPI,Medium,Yes
PUR001319,CUST1319,Local Store,1660,1,1960,Accessories,1,High,0.57,Cash on Delivery,Low,No
PUR001320,CUST1320,Brand Website,5990,8,7790,Full Kits,6,Low,0.09,Credit Card,High,Yes
PUR001321,CUST1321,Amazon,3720,5,4820,Bats,4,Medium,0.22,UPI,Medium,Yes
PUR001322,CUST1322,Flipkart,2180,2,2680,Jerseys,2,High,0.50,Debit Card,Low,No
PUR001323,CUST1323,Brand Website,7220,10,9420,Full Kits,8,Low,0.06,Credit Card,High,Yes
PUR001324,CUST1324,Local Store,1350,1,1600,Accessories,1,Medium,0.31,Cash on Delivery,Low,No
PUR001325,CUST1325,Amazon,4600,6,5900,Shoes,5,Medium,0.19,UPI,Medium,Yes
PUR001326,CUST1326,Brand Website,6600,9,8500,Full Kits,7,Low,0.08,Credit Card,High,Yes
PUR001327,CUST1327,Flipkart,2690,3,3390,Gloves,3,High,0.45,Debit Card,Medium,No
PUR001328,CUST1328,Amazon,3940,5,5140,Bats,4,Medium,0.20,UPI,Medium,Yes
PUR001329,CUST1329,Local Store,1560,1,1860,Accessories,1,High,0.54,Cash on Delivery,Low,No
PUR001330,CUST1330,Brand Website,6160,8,7960,Full Kits,6,Low,0.07,Credit Card,High,Yes
PUR001331,CUST1331,Amazon,3570,4,4670,Shoes,4,Medium,0.23,UPI,Medium,Yes
PUR001332,CUST1332,Flipkart,2120,2,2620,Jerseys,2,High,0.46,Debit Card,Low,No
PUR001333,CUST1333,Brand Website,7570,10,9770,Full Kits,8,Low,0.05,Credit Card,High,Yes
PUR001334,CUST1334,Local Store,1390,1,1690,Accessories,1,Medium,0.33,Cash on Delivery,Low,No
PUR001335,CUST1335,Amazon,4790,6,6090,Bats,5,Medium,0.18,UPI,Medium,Yes
PUR001336,CUST1336,Brand Website,6850,9,8750,Full Kits,7,Low,0.08,Credit Card,High,Yes
PUR001337,CUST1337,Flipkart,2550,3,3250,Gloves,3,High,0.42,Debit Card,Medium,No
PUR001338,CUST1338,Amazon,4150,5,5350,Shoes,4,Medium,0.22,UPI,Medium,Yes
PUR001339,CUST1339,Local Store,1670,1,1970,Accessories,1,High,0.57,Cash on Delivery,Low,No
PUR001340,CUST1340,Brand Website,6000,8,7800,Full Kits,6,Low,0.09,Credit Card,High,Yes
PUR001341,CUST1341,Amazon,3730,5,4830,Bats,4,Medium,0.22,UPI,Medium,Yes
PUR001342,CUST1342,Flipkart,2190,2,2690,Jerseys,2,High,0.50,Debit Card,Low,No
PUR001343,CUST1343,Brand Website,7230,10,9430,Full Kits,8,Low,0.06,Credit Card,High,Yes
PUR001344,CUST1344,Local Store,1360,1,1610,Accessories,1,Medium,0.31,Cash on Delivery,Low,No
PUR001345,CUST1345,Amazon,4610,6,5910,Shoes,5,Medium,0.19,UPI,Medium,Yes
PUR001346,CUST1346,Brand Website,6610,9,8510,Full Kits,7,Low,0.08,Credit Card,High,Yes
PUR001347,CUST1347,Flipkart,2700,3,3400,Gloves,3,High,0.45,Debit Card,Medium,No
PUR001348,CUST1348,Amazon,3950,5,5150,Bats,4,Medium,0.20,UPI,Medium,Yes
PUR001349,CUST1349,Local Store,1570,1,1870,Accessories,1,High,0.54,Cash on Delivery,Low,No
PUR001350,CUST1350,Brand Website,6170,8,7970,Full Kits,6,Low,0.07,Credit Card,High,Yes
PUR001351,CUST1351,Amazon,3580,4,4680,Shoes,4,Medium,0.23,UPI,Medium,Yes
PUR001352,CUST1352,Flipkart,2130,2,2630,Jerseys,2,High,0.46,Debit Card,Low,No
PUR001353,CUST1353,Brand Website,7580,10,9780,Full Kits,8,Low,0.05,Credit Card,High,Yes
PUR001354,CUST1354,Local Store,1400,1,1700,Accessories,1,Medium,0.33,Cash on Delivery,Low,No
PUR001355,CUST1355,Amazon,4800,6,6100,Bats,5,Medium,0.18,UPI,Medium,Yes
PUR001356,CUST1356,Brand Website,6860,9,8760,Full Kits,7,Low,0.08,Credit Card,High,Yes
PUR001357,CUST1357,Flipkart,2560,3,3260,Gloves,3,High,0.42,Debit Card,Medium,No
PUR001358,CUST1358,Amazon,4160,5,5360,Shoes,4,Medium,0.22,UPI,Medium,Yes
PUR001359,CUST1359,Local Store,1680,1,1980,Accessories,1,High,0.57,Cash on Delivery,Low,No
PUR001360,CUST1360,Brand Website,6010,8,7810,Full Kits,6,Low,0.09,Credit Card,High,Yes
PUR001361,CUST1361,Amazon,3740,5,4840,Bats,4,Medium,0.22,UPI,Medium,Yes
PUR001362,CUST1362,Flipkart,2200,2,2700,Jerseys,2,High,0.50,Debit Card,Low,No
PUR001363,CUST1363,Brand Website,7240,10,9440,Full Kits,8,Low,0.06,Credit Card,High,Yes
PUR001364,CUST1364,Local Store,1370,1,1620,Accessories,1,Medium,0.31,Cash on Delivery,Low,No
PUR001365,CUST1365,Amazon,4620,6,5920,Shoes,5,Medium,0.19,UPI,Medium,Yes
PUR001366,CUST1366,Brand Website,6620,9,8520,Full Kits,7,Low,0.08,Credit Card,High,Yes
PUR001367,CUST1367,Flipkart,2710,3,3410,Gloves,3,High,0.45,Debit Card,Medium,No
PUR001368,CUST1368,Amazon,3960,5,5160,Bats,4,Medium,0.20,UPI,Medium,Yes
PUR001369,CUST1369,Local Store,1580,1,1880,Accessories,1,High,0.54,Cash on Delivery,Low,No
PUR001370,CUST1370,Brand Website,6180,8,7980,Full Kits,6,Low,0.07,Credit Card,High,Yes
PUR001371,CUST1371,Amazon,3590,4,4690,Shoes,4,Medium,0.23,UPI,Medium,Yes
PUR001372,CUST1372,Flipkart,2140,2,2640,Jerseys,2,High,0.46,Debit Card,Low,No
PUR001373,CUST1373,Brand Website,7590,10,9790,Full Kits,8,Low,0.05,Credit Card,High,Yes
PUR001374,CUST1374,Local Store,1410,1,1710,Accessories,1,Medium,0.33,Cash on Delivery,Low,No
PUR001375,CUST1375,Amazon,4810,6,6110,Bats,5,Medium,0.18,UPI,Medium,Yes
PUR001376,CUST1376,Brand Website,6870,9,8770,Full Kits,7,Low,0.08,Credit Card,High,Yes
PUR001377,CUST1377,Flipkart,2570,3,3270,Gloves,3,High,0.42,Debit Card,Medium,No
PUR001378,CUST1378,Amazon,4170,5,5370,Shoes,4,Medium,0.22,UPI,Medium,Yes
PUR001379,CUST1379,Local Store,1690,1,1990,Accessories,1,High,0.57,Cash on Delivery,Low,No
PUR001380,CUST1380,Brand Website,6020,8,7820,Full Kits,6,Low,0.09,Credit Card,High,Yes
PUR001381,CUST1381,Amazon,3750,5,4850,Bats,4,Medium,0.22,UPI,Medium,Yes
PUR001382,CUST1382,Flipkart,2210,2,2710,Jerseys,2,High,0.50,Debit Card,Low,No
PUR001383,CUST1383,Brand Website,7250,10,9450,Full Kits,8,Low,0.06,Credit Card,High,Yes
PUR001384,CUST1384,Local Store,1380,1,1630,Accessories,1,Medium,0.31,Cash on Delivery,Low,No
PUR001385,CUST1385,Amazon,4630,6,5930,Shoes,5,Medium,0.19,UPI,Medium,Yes
PUR001386,CUST1386,Brand Website,6630,9,8530,Full Kits,7,Low,0.08,Credit Card,High,Yes
PUR001387,CUST1387,Flipkart,2720,3,3420,Gloves,3,High,0.45,Debit Card,Medium,No
PUR001388,CUST1388,Amazon,3970,5,5170,Bats,4,Medium,0.20,UPI,Medium,Yes
PUR001389,CUST1389,Local Store,1590,1,1890,Accessories,1,High,0.54,Cash on Delivery,Low,No
PUR001390,CUST1390,Brand Website,6190,8,7990,Full Kits,6,Low,0.07,Credit Card,High,Yes
PUR001391,CUST1391,Amazon,3600,4,4700,Shoes,4,Medium,0.23,UPI,Medium,Yes
PUR001392,CUST1392,Flipkart,2150,2,2650,Jerseys,2,High,0.46,Debit Card,Low,No
PUR001393,CUST1393,Brand Website,7600,10,9800,Full Kits,8,Low,0.05,Credit Card,High,Yes
PUR001394,CUST1394,Local Store,1420,1,1720,Accessories,1,Medium,0.33,Cash on Delivery,Low,No
PUR001395,CUST1395,Amazon,4820,6,6120,Bats,5,Medium,0.18,UPI,Medium,Yes
PUR001396,CUST1396,Brand Website,6880,9,8780,Full Kits,7,Low,0.08,Credit Card,High,Yes
PUR001397,CUST1397,Flipkart,2580,3,3280,Gloves,3,High,0.42,Debit Card,Medium,No
PUR001398,CUST1398,Amazon,4180,5,5380,Shoes,4,Medium,0.22,UPI,Medium,Yes
PUR001399,CUST1399,Local Store,1700,1,2000,Accessories,1,High,0.57,Cash on Delivery,Low,No
PUR001400,CUST1400,Brand Website,6030,8,7830,Full Kits,6,Low,0.09,Credit Card,High,Yes
PUR001401,CUST1401,Amazon,3760,5,4860,Bats,4,Medium,0.22,UPI,Medium,Yes
PUR001402,CUST1402,Flipkart,2220,2,2720,Jerseys,2,High,0.50,Debit Card,Low,No
PUR001403,CUST1403,Brand Website,7260,10,9460,Full Kits,8,Low,0.06,Credit Card,High,Yes
PUR001404,CUST1404,Local Store,1390,1,1640,Accessories,1,Medium,0.31,Cash on Delivery,Low,No
PUR001405,CUST1405,Amazon,4640,6,5940,Shoes,5,Medium,0.19,UPI,Medium,Yes
PUR001406,CUST1406,Brand Website,6640,9,8540,Full Kits,7,Low,0.08,Credit Card,High,Yes
PUR001407,CUST1407,Flipkart,2730,3,3430,Gloves,3,High,0.45,Debit Card,Medium,No
PUR001408,CUST1408,Amazon,3980,5,5180,Bats,4,Medium,0.20,UPI,Medium,Yes
PUR001409,CUST1409,Local Store,1600,1,1900,Accessories,1,High,0.54,Cash on Delivery,Low,No
PUR001410,CUST1410,Brand Website,6200,8,8000,Full Kits,6,Low,0.07,Credit Card,High,Yes
PUR001411,CUST1411,Amazon,3610,4,4710,Shoes,4,Medium,0.23,UPI,Medium,Yes
PUR001412,CUST1412,Flipkart,2160,2,2660,Jerseys,2,High,0.46,Debit Card,Low,No
PUR001413,CUST1413,Brand Website,7610,10,9810,Full Kits,8,Low,0.05,Credit Card,High,Yes
PUR001414,CUST1414,Local Store,1430,1,1730,Accessories,1,Medium,0.33,Cash on Delivery,Low,No
PUR001415,CUST1415,Amazon,4830,6,6130,Bats,5,Medium,0.18,UPI,Medium,Yes
PUR001416,CUST1416,Brand Website,6890,9,8790,Full Kits,7,Low,0.08,Credit Card,High,Yes
PUR001417,CUST1417,Flipkart,2590,3,3290,Gloves,3,High,0.42,Debit Card,Medium,No
PUR001418,CUST1418,Amazon,4190,5,5390,Shoes,4,Medium,0.22,UPI,Medium,Yes
PUR001419,CUST1419,Local Store,1710,1,2010,Accessories,1,High,0.57,Cash on Delivery,Low,No
PUR001420,CUST1420,Brand Website,6040,8,7840,Full Kits,6,Low,0.09,Credit Card,High,Yes
PUR001421,CUST1421,Amazon,3770,5,4870,Bats,4,Medium,0.22,UPI,Medium,Yes
PUR001422,CUST1422,Flipkart,2230,2,2730,Jerseys,2,High,0.50,Debit Card,Low,No
PUR001423,CUST1423,Brand Website,7270,10,9470,Full Kits,8,Low,0.06,Credit Card,High,Yes
PUR001424,CUST1424,Local Store,1400,1,1650,Accessories,1,Medium,0.31,Cash on Delivery,Low,No
PUR001425,CUST1425,Amazon,4650,6,5950,Shoes,5,Medium,0.19,UPI,Medium,Yes
PUR001426,CUST1426,Brand Website,6650,9,8550,Full Kits,7,Low,0.08,Credit Card,High,Yes
PUR001427,CUST1427,Flipkart,2740,3,3440,Gloves,3,High,0.45,Debit Card,Medium,No
PUR001428,CUST1428,Amazon,3990,5,5190,Bats,4,Medium,0.20,UPI,Medium,Yes
PUR001429,CUST1429,Local Store,1610,1,1910,Accessories,1,High,0.54,Cash on Delivery,Low,No
PUR001430,CUST1430,Brand Website,6210,8,8010,Full Kits,6,Low,0.07,Credit Card,High,Yes
PUR001431,CUST1431,Amazon,3620,4,4720,Shoes,4,Medium,0.23,UPI,Medium,Yes
PUR001432,CUST1432,Flipkart,2170,2,2670,Jerseys,2,High,0.46,Debit Card,Low,No
PUR001433,CUST1433,Brand Website,7620,10,9820,Full Kits,8,Low,0.05,Credit Card,High,Yes
PUR001434,CUST1434,Local Store,1440,1,1740,Accessories,1,Medium,0.33,Cash on Delivery,Low,No
PUR001435,CUST1435,Amazon,4840,6,6140,Bats,5,Medium,0.18,UPI,Medium,Yes
PUR001436,CUST1436,Brand Website,6900,9,8800,Full Kits,7,Low,0.08,Credit Card,High,Yes
PUR001437,CUST1437,Flipkart,2600,3,3300,Gloves,3,High,0.42,Debit Card,Medium,No
PUR001438,CUST1438,Amazon,4200,5,5400,Shoes,4,Medium,0.22,UPI,Medium,Yes
PUR001439,CUST1439,Local Store,1720,1,2020,Accessories,1,High,0.57,Cash on Delivery,Low,No
PUR001440,CUST1440,Brand Website,6050,8,7850,Full Kits,6,Low,0.09,Credit Card,High,Yes
PUR001441,CUST1441,Amazon,3780,5,4880,Bats,4,Medium,0.22,UPI,Medium,Yes
PUR001442,CUST1442,Flipkart,2240,2,2740,Jerseys,2,High,0.50,Debit Card,Low,No
PUR001443,CUST1443,Brand Website,7280,10,9480,Full Kits,8,Low,0.06,Credit Card,High,Yes
PUR001444,CUST1444,Local Store,1410,1,1660,Accessories,1,Medium,0.31,Cash on Delivery,Low,No
PUR001445,CUST1445,Amazon,4660,6,5960,Shoes,5,Medium,0.19,UPI,Medium,Yes
PUR001446,CUST1446,Brand Website,6660,9,8560,Full Kits,7,Low,0.08,Credit Card,High,Yes
PUR001447,CUST1447,Flipkart,2750,3,3450,Gloves,3,High,0.45,Debit Card,Medium,No
PUR001448,CUST1448,Amazon,4000,5,5200,Bats,4,Medium,0.20,UPI,Medium,Yes
PUR001449,CUST1449,Local Store,1620,1,1920,Accessories,1,High,0.54,Cash on Delivery,Low,No
PUR001450,CUST1450,Brand Website,6220,8,8020,Full Kits,6,Low,0.07,Credit Card,High,Yes
PUR001451,CUST1451,Amazon,3630,4,4730,Shoes,4,Medium,0.23,UPI,Medium,Yes
PUR001452,CUST1452,Flipkart,2180,2,2680,Jerseys,2,High,0.46,Debit Card,Low,No
PUR001453,CUST1453,Brand Website,7630,10,9830,Full Kits,8,Low,0.05,Credit Card,High,Yes
PUR001454,CUST1454,Local Store,1450,1,1750,Accessories,1,Medium,0.33,Cash on Delivery,Low,No
PUR001455,CUST1455,Amazon,4850,6,6150,Bats,5,Medium,0.18,UPI,Medium,Yes
PUR001456,CUST1456,Brand Website,6910,9,8810,Full Kits,7,Low,0.08,Credit Card,High,Yes
PUR001457,CUST1457,Flipkart,2610,3,3310,Gloves,3,High,0.42,Debit Card,Medium,No
PUR001458,CUST1458,Amazon,4210,5,5410,Shoes,4,Medium,0.22,UPI,Medium,Yes
PUR001459,CUST1459,Local Store,1730,1,2030,Accessories,1,High,0.57,Cash on Delivery,Low,No
PUR001460,CUST1460,Brand Website,6060,8,7860,Full Kits,6,Low,0.09,Credit Card,High,Yes
PUR001461,CUST1461,Amazon,3790,5,4890,Bats,4,Medium,0.22,UPI,Medium,Yes
PUR001462,CUST1462,Flipkart,2250,2,2750,Jerseys,2,High,0.50,Debit Card,Low,No
PUR001463,CUST1463,Brand Website,7290,10,9490,Full Kits,8,Low,0.06,Credit Card,High,Yes
PUR001464,CUST1464,Local Store,1420,1,1670,Accessories,1,Medium,0.31,Cash on Delivery,Low,No
PUR001465,CUST1465,Amazon,4670,6,5970,Shoes,5,Medium,0.19,UPI,Medium,Yes
PUR001466,CUST1466,Brand Website,6670,9,8570,Full Kits,7,Low,0.08,Credit Card,High,Yes
PUR001467,CUST1467,Flipkart,2760,3,3460,Gloves,3,High,0.45,Debit Card,Medium,No
PUR001468,CUST1468,Amazon,4010,5,5210,Bats,4,Medium,0.20,UPI,Medium,Yes
PUR001469,CUST1469,Local Store,1630,1,1930,Accessories,1,High,0.54,Cash on Delivery,Low,No
PUR001470,CUST1470,Brand Website,6230,8,8030,Full Kits,6,Low,0.07,Credit Card,High,Yes
PUR001471,CUST1471,Amazon,3640,4,4740,Shoes,4,Medium,0.23,UPI,Medium,Yes
PUR001472,CUST1472,Flipkart,2190,2,2690,Jerseys,2,High,0.46,Debit Card,Low,No
PUR001473,CUST1473,Brand Website,7640,10,9840,Full Kits,8,Low,0.05,Credit Card,High,Yes
PUR001474,CUST1474,Local Store,1460,1,1760,Accessories,1,Medium,0.33,Cash on Delivery,Low,No
PUR001475,CUST1475,Amazon,4860,6,6160,Bats,5,Medium,0.18,UPI,Medium,Yes
PUR001476,CUST1476,Brand Website,6920,9,8820,Full Kits,7,Low,0.08,Credit Card,High,Yes
PUR001477,CUST1477,Flipkart,2620,3,3320,Gloves,3,High,0.42,Debit Card,Medium,No
PUR001478,CUST1478,Amazon,4220,5,5420,Shoes,4,Medium,0.22,UPI,Medium,Yes
PUR001479,CUST1479,Local Store,1740,1,2040,Accessories,1,High,0.57,Cash on Delivery,Low,No
PUR001480,CUST1480,Brand Website,6070,8,7870,Full Kits,6,Low,0.09,Credit Card,High,Yes
PUR001481,CUST1481,Amazon,3800,5,4900,Bats,4,Medium,0.22,UPI,Medium,Yes
PUR001482,CUST1482,Flipkart,2260,2,2760,Jerseys,2,High,0.50,Debit Card,Low,No
PUR001483,CUST1483,Brand Website,7300,10,9500,Full Kits,8,Low,0.06,Credit Card,High,Yes
PUR001484,CUST1484,Local Store,1430,1,1680,Accessories,1,Medium,0.31,Cash on Delivery,Low,No
PUR001485,CUST1485,Amazon,4680,6,5980,Shoes,5,Medium,0.19,UPI,Medium,Yes
PUR001486,CUST1486,Brand Website,6680,9,8580,Full Kits,7,Low,0.08,Credit Card,High,Yes
PUR001487,CUST1487,Flipkart,2770,3,3470,Gloves,3,High,0.45,Debit Card,Medium,No
PUR001488,CUST1488,Amazon,4020,5,5220,Bats,4,Medium,0.20,UPI,Medium,Yes
PUR001489,CUST1489,Local Store,1640,1,1940,Accessories,1,High,0.54,Cash on Delivery,Low,No
PUR001490,CUST1490,Brand Website,6240,8,8040,Full Kits,6,Low,0.07,Credit Card,High,Yes
PUR001491,CUST1491,Amazon,3650,4,4750,Shoes,4,Medium,0.23,UPI,Medium,Yes
PUR001492,CUST1492,Flipkart,2200,2,2700,Jerseys,2,High,0.46,Debit Card,Low,No
PUR001493,CUST1493,Brand Website,7650,10,9850,Full Kits,8,Low,0.05,Credit Card,High,Yes
PUR001494,CUST1494,Local Store,1470,1,1770,Accessories,1,Medium,0.33,Cash on Delivery,Low,No
PUR001495,CUST1495,Amazon,4870,6,6170,Bats,5,Medium,0.18,UPI,Medium,Yes
PUR001496,CUST1496,Brand Website,6930,9,8830,Full Kits,7,Low,0.08,Credit Card,High,Yes
PUR001497,CUST1497,Flipkart,2630,3,3330,Gloves,3,High,0.42,Debit Card,Medium,No
PUR001498,CUST1498,Amazon,4230,5,5430,Shoes,4,Medium,0.22,UPI,Medium,Yes
PUR001499,CUST1499,Local Store,1750,1,2050,Accessories,1,High,0.57,Cash on Delivery,Low,No
PUR001500,CUST1500,Brand Website,6080,8,7880,Full Kits,6,Low,0.09,Credit Card,High,Yes
PUR001501,CUST1501,Amazon,3810,5,4910,Bats,4,Medium,0.22,UPI,Medium,Yes
PUR001502,CUST1502,Flipkart,2270,2,2770,Jerseys,2,High,0.50,Debit Card,Low,No
PUR001503,CUST1503,Brand Website,7310,10,9510,Full Kits,8,Low,0.06,Credit Card,High,Yes
PUR001504,CUST1504,Local Store,1440,1,1690,Accessories,1,Medium,0.31,Cash on Delivery,Low,No
PUR001505,CUST1505,Amazon,4690,6,5990,Shoes,5,Medium,0.19,UPI,Medium,Yes
PUR001506,CUST1506,Brand Website,6690,9,8590,Full Kits,7,Low,0.08,Credit Card,High,Yes
PUR001507,CUST1507,Flipkart,2780,3,3480,Gloves,3,High,0.45,Debit Card,Medium,No
PUR001508,CUST1508,Amazon,4030,5,5230,Bats,4,Medium,0.20,UPI,Medium,Yes
PUR001509,CUST1509,Local Store,1650,1,1950,Accessories,1,High,0.54,Cash on Delivery,Low,No
PUR001510,CUST1510,Brand Website,6250,8,8050,Full Kits,6,Low,0.07,Credit Card,High,Yes
PUR001511,CUST1511,Amazon,3660,4,4760,Shoes,4,Medium,0.23,UPI,Medium,Yes
PUR001512,CUST1512,Flipkart,2210,2,2710,Jerseys,2,High,0.46,Debit Card,Low,No
PUR001513,CUST1513,Brand Website,7660,10,9860,Full Kits,8,Low,0.05,Credit Card,High,Yes
PUR001514,CUST1514,Local Store,1480,1,1780,Accessories,1,Medium,0.33,Cash on Delivery,Low,No
PUR001515,CUST1515,Amazon,4880,6,6180,Bats,5,Medium,0.18,UPI,Medium,Yes
PUR001516,CUST1516,Brand Website,6940,9,8840,Full Kits,7,Low,0.08,Credit Card,High,Yes
PUR001517,CUST1517,Flipkart,2640,3,3340,Gloves,3,High,0.42,Debit Card,Medium,No
PUR001518,CUST1518,Amazon,4240,5,5440,Shoes,4,Medium,0.22,UPI,Medium,Yes
PUR001519,CUST1519,Local Store,1760,1,2060,Accessories,1,High,0.57,Cash on Delivery,Low,No
PUR001520,CUST1520,Brand Website,6090,8,7890,Full Kits,6,Low,0.09,Credit Card,High,Yes
PUR001521,CUST1521,Amazon,3820,5,4920,Bats,4,Medium,0.22,UPI,Medium,Yes
PUR001522,CUST1522,Flipkart,2280,2,2780,Jerseys,2,High,0.50,Debit Card,Low,No
PUR001523,CUST1523,Brand Website,7320,10,9520,Full Kits,8,Low,0.06,Credit Card,High,Yes
PUR001524,CUST1524,Local Store,1450,1,1700,Accessories,1,Medium,0.31,Cash on Delivery,Low,No
PUR001525,CUST1525,Amazon,4700,6,6000,Shoes,5,Medium,0.19,UPI,Medium,Yes
PUR001526,CUST1526,Brand Website,6700,9,8600,Full Kits,7,Low,0.08,Credit Card,High,Yes
PUR001527,CUST1527,Flipkart,2790,3,3490,Gloves,3,High,0.45,Debit Card,Medium,No
PUR001528,CUST1528,Amazon,4040,5,5240,Bats,4,Medium,0.20,UPI,Medium,Yes
PUR001529,CUST1529,Local Store,1660,1,1960,Accessories,1,High,0.54,Cash on Delivery,Low,No
PUR001530,CUST1530,Brand Website,6260,8,8060,Full Kits,6,Low,0.07,Credit Card,High,Yes
PUR001531,CUST1531,Amazon,3670,4,4770,Shoes,4,Medium,0.23,UPI,Medium,Yes
PUR001532,CUST1532,Flipkart,2220,2,2720,Jerseys,2,High,0.46,Debit Card,Low,No
PUR001533,CUST1533,Brand Website,7670,10,9870,Full Kits,8,Low,0.05,Credit Card,High,Yes
PUR001534,CUST1534,Local Store,1490,1,1790,Accessories,1,Medium,0.33,Cash on Delivery,Low,No
PUR001535,CUST1535,Amazon,4890,6,6190,Bats,5,Medium,0.18,UPI,Medium,Yes
PUR001536,CUST1536,Brand Website,6950,9,8850,Full Kits,7,Low,0.08,Credit Card,High,Yes
PUR001537,CUST1537,Flipkart,2650,3,3350,Gloves,3,High,0.42,Debit Card,Medium,No
PUR001538,CUST1538,Amazon,4250,5,5450,Shoes,4,Medium,0.22,UPI,Medium,Yes
PUR001539,CUST1539,Local Store,1770,1,2070,Accessories,1,High,0.57,Cash on Delivery,Low,No
PUR001540,CUST1540,Brand Website,6100,8,7900,Full Kits,6,Low,0.09,Credit Card,High,Yes
PUR001541,CUST1541,Amazon,3830,5,4930,Bats,4,Medium,0.22,UPI,Medium,Yes
PUR001542,CUST1542,Flipkart,2290,2,2790,Jerseys,2,High,0.50,Debit Card,Low,No
PUR001543,CUST1543,Brand Website,7330,10,9530,Full Kits,8,Low,0.06,Credit Card,High,Yes
PUR001544,CUST1544,Local Store,1460,1,1710,Accessories,1,Medium,0.31,Cash on Delivery,Low,No
PUR001545,CUST1545,Amazon,4710,6,6010,Shoes,5,Medium,0.19,UPI,Medium,Yes
PUR001546,CUST1546,Brand Website,6710,9,8610,Full Kits,7,Low,0.08,Credit Card,High,Yes
PUR001547,CUST1547,Flipkart,2800,3,3500,Gloves,3,High,0.45,Debit Card,Medium,No
PUR001548,CUST1548,Amazon,4050,5,5250,Bats,4,Medium,0.20,UPI,Medium,Yes
PUR001549,CUST1549,Local Store,1670,1,1970,Accessories,1,High,0.54,Cash on Delivery,Low,No
PUR001550,CUST1550,Brand Website,6270,8,8070,Full Kits,6,Low,0.07,Credit Card,High,Yes
PUR001551,CUST1551,Amazon,3680,4,4780,Shoes,4,Medium,0.23,UPI,Medium,Yes
PUR001552,CUST1552,Flipkart,2230,2,2730,Jerseys,2,High,0.46,Debit Card,Low,No
PUR001553,CUST1553,Brand Website,7680,10,9880,Full Kits,8,Low,0.05,Credit Card,High,Yes
PUR001554,CUST1554,Local Store,1500,1,1800,Accessories,1,Medium,0.33,Cash on Delivery,Low,No
PUR001555,CUST1555,Amazon,4900,6,6200,Bats,5,Medium,0.18,UPI,Medium,Yes
PUR001556,CUST1556,Brand Website,6960,9,8860,Full Kits,7,Low,0.08,Credit Card,High,Yes
PUR001557,CUST1557,Flipkart,2660,3,3360,Gloves,3,High,0.42,Debit Card,Medium,No
PUR001558,CUST1558,Amazon,4260,5,5460,Shoes,4,Medium,0.22,UPI,Medium,Yes
PUR001559,CUST1559,Local Store,1780,1,2080,Accessories,1,High,0.57,Cash on Delivery,Low,No
PUR001560,CUST1560,Brand Website,6110,8,7910,Full Kits,6,Low,0.09,Credit Card,High,Yes
PUR001561,CUST1561,Amazon,3840,5,4940,Bats,4,Medium,0.22,UPI,Medium,Yes
PUR001562,CUST1562,Flipkart,2300,2,2800,Jerseys,2,High,0.50,Debit Card,Low,No
PUR001563,CUST1563,Brand Website,7340,10,9540,Full Kits,8,Low,0.06,Credit Card,High,Yes
PUR001564,CUST1564,Local Store,1470,1,1720,Accessories,1,Medium,0.31,Cash on Delivery,Low,No
PUR001565,CUST1565,Amazon,4720,6,6020,Shoes,5,Medium,0.19,UPI,Medium,Yes
PUR001566,CUST1566,Brand Website,6720,9,8620,Full Kits,7,Low,0.08,Credit Card,High,Yes
PUR001567,CUST1567,Flipkart,2810,3,3510,Gloves,3,High,0.45,Debit Card,Medium,No
PUR001568,CUST1568,Amazon,4060,5,5260,Bats,4,Medium,0.20,UPI,Medium,Yes
PUR001569,CUST1569,Local Store,1680,1,1980,Accessories,1,High,0.54,Cash on Delivery,Low,No
PUR001570,CUST1570,Brand Website,6280,8,8080,Full Kits,6,Low,0.07,Credit Card,High,Yes
PUR001571,CUST1571,Amazon,3690,4,4790,Shoes,4,Medium,0.23,UPI,Medium,Yes
PUR001572,CUST1572,Flipkart,2240,2,2740,Jerseys,2,High,0.46,Debit Card,Low,No
PUR001573,CUST1573,Brand Website,7690,10,9890,Full Kits,8,Low,0.05,Credit Card,High,Yes
PUR001574,CUST1574,Local Store,1510,1,1810,Accessories,1,Medium,0.33,Cash on Delivery,Low,No
PUR001575,CUST1575,Amazon,4910,6,6210,Bats,5,Medium,0.18,UPI,Medium,Yes
PUR001576,CUST1576,Brand Website,6970,9,8870,Full Kits,7,Low,0.08,Credit Card,High,Yes
PUR001577,CUST1577,Flipkart,2670,3,3370,Gloves,3,High,0.42,Debit Card,Medium,No
PUR001578,CUST1578,Amazon,4270,5,5470,Shoes,4,Medium,0.22,UPI,Medium,Yes
PUR001579,CUST1579,Local Store,1790,1,2090,Accessories,1,High,0.57,Cash on Delivery,Low,No
PUR001580,CUST1580,Brand Website,6120,8,7920,Full Kits,6,Low,0.09,Credit Card,High,Yes
PUR001581,CUST1581,Amazon,3850,5,4950,Bats,4,Medium,0.22,UPI,Medium,Yes
PUR001582,CUST1582,Flipkart,2310,2,2810,Jerseys,2,High,0.50,Debit Card,Low,No
PUR001583,CUST1583,Brand Website,7350,10,9550,Full Kits,8,Low,0.06,Credit Card,High,Yes
PUR001584,CUST1584,Local Store,1480,1,1730,Accessories,1,Medium,0.31,Cash on Delivery,Low,No
PUR001585,CUST1585,Amazon,4730,6,6030,Shoes,5,Medium,0.19,UPI,Medium,Yes
PUR001586,CUST1586,Brand Website,6730,9,8630,Full Kits,7,Low,0.08,Credit Card,High,Yes
PUR001587,CUST1587,Flipkart,2820,3,3520,Gloves,3,High,0.45,Debit Card,Medium,No
PUR001588,CUST1588,Amazon,4070,5,5270,Bats,4,Medium,0.20,UPI,Medium,Yes
PUR001589,CUST1589,Local Store,1690,1,1990,Accessories,1,High,0.54,Cash on Delivery,Low,No
PUR001590,CUST1590,Brand Website,6290,8,8090,Full Kits,6,Low,0.07,Credit Card,High,Yes
PUR001591,CUST1591,Amazon,3700,4,4800,Shoes,4,Medium,0.23,UPI,Medium,Yes
PUR001592,CUST1592,Flipkart,2250,2,2750,Jerseys,2,High,0.46,Debit Card,Low,No
PUR001593,CUST1593,Brand Website,7700,10,9900,Full Kits,8,Low,0.05,Credit Card,High,Yes
PUR001594,CUST1594,Local Store,1520,1,1820,Accessories,1,Medium,0.33,Cash on Delivery,Low,No
PUR001595,CUST1595,Amazon,4920,6,6220,Bats,5,Medium,0.18,UPI,Medium,Yes
PUR001596,CUST1596,Brand Website,6980,9,8880,Full Kits,7,Low,0.08,Credit Card,High,Yes
PUR001597,CUST1597,Flipkart,2680,3,3380,Gloves,3,High,0.42,Debit Card,Medium,No
PUR001598,CUST1598,Amazon,4280,5,5480,Shoes,4,Medium,0.22,UPI,Medium,Yes
PUR001599,CUST1599,Local Store,1800,1,2100,Accessories,1,High,0.57,Cash on Delivery,Low,No
PUR001600,CUST1600,Brand Website,6130,8,7930,Full Kits,6,Low,0.09,Credit Card,High,Yes
PUR001601,CUST1601,Amazon,3860,5,4960,Bats,4,Medium,0.22,UPI,Medium,Yes
PUR001602,CUST1602,Flipkart,2320,2,2820,Jerseys,2,High,0.51,Debit Card,Low,No
PUR001603,CUST1603,Brand Website,7360,10,9560,Full Kits,8,Low,0.06,Credit Card,High,Yes
PUR001604,CUST1604,Local Store,1490,1,1740,Accessories,1,Medium,0.32,Cash on Delivery,Low,No
PUR001605,CUST1605,Amazon,4740,6,6040,Shoes,5,Medium,0.18,UPI,Medium,Yes
PUR001606,CUST1606,Brand Website,6740,9,8640,Full Kits,7,Low,0.08,Credit Card,High,Yes
PUR001607,CUST1607,Flipkart,2830,3,3530,Gloves,3,High,0.44,Debit Card,Medium,No
PUR001608,CUST1608,Amazon,4080,5,5280,Bats,4,Medium,0.21,UPI,Medium,Yes
PUR001609,CUST1609,Local Store,1700,1,2000,Accessories,1,High,0.55,Cash on Delivery,Low,No
PUR001610,CUST1610,Brand Website,6300,8,8100,Full Kits,6,Low,0.07,Credit Card,High,Yes
PUR001611,CUST1611,Amazon,3710,4,4810,Shoes,4,Medium,0.24,UPI,Medium,Yes
PUR001612,CUST1612,Flipkart,2260,2,2760,Jerseys,2,High,0.47,Debit Card,Low,No
PUR001613,CUST1613,Brand Website,7710,10,9910,Full Kits,8,Low,0.05,Credit Card,High,Yes
PUR001614,CUST1614,Local Store,1530,1,1830,Accessories,1,Medium,0.34,Cash on Delivery,Low,No
PUR001615,CUST1615,Amazon,4930,6,6230,Bats,5,Medium,0.17,UPI,Medium,Yes
PUR001616,CUST1616,Brand Website,6990,9,8890,Full Kits,7,Low,0.08,Credit Card,High,Yes
PUR001617,CUST1617,Flipkart,2690,3,3390,Gloves,3,High,0.41,Debit Card,Medium,No
PUR001618,CUST1618,Amazon,4290,5,5490,Shoes,4,Medium,0.22,UPI,Medium,Yes
PUR001619,CUST1619,Local Store,1810,1,2110,Accessories,1,High,0.58,Cash on Delivery,Low,No
PUR001620,CUST1620,Brand Website,6140,8,7940,Full Kits,6,Low,0.09,Credit Card,High,Yes
PUR001621,CUST1621,Amazon,3870,5,4970,Bats,4,Medium,0.22,UPI,Medium,Yes
PUR001622,CUST1622,Flipkart,2330,2,2830,Jerseys,2,High,0.51,Debit Card,Low,No
PUR001623,CUST1623,Brand Website,7370,10,9570,Full Kits,8,Low,0.06,Credit Card,High,Yes
PUR001624,CUST1624,Local Store,1500,1,1750,Accessories,1,Medium,0.32,Cash on Delivery,Low,No
PUR001625,CUST1625,Amazon,4750,6,6050,Shoes,5,Medium,0.18,UPI,Medium,Yes
PUR001626,CUST1626,Brand Website,6750,9,8650,Full Kits,7,Low,0.08,Credit Card,High,Yes
PUR001627,CUST1627,Flipkart,2840,3,3540,Gloves,3,High,0.44,Debit Card,Medium,No
PUR001628,CUST1628,Amazon,4090,5,5290,Bats,4,Medium,0.21,UPI,Medium,Yes
PUR001629,CUST1629,Local Store,1710,1,2010,Accessories,1,High,0.55,Cash on Delivery,Low,No
PUR001630,CUST1630,Brand Website,6310,8,8110,Full Kits,6,Low,0.07,Credit Card,High,Yes
PUR001631,CUST1631,Amazon,3720,4,4820,Shoes,4,Medium,0.24,UPI,Medium,Yes
PUR001632,CUST1632,Flipkart,2270,2,2770,Jerseys,2,High,0.47,Debit Card,Low,No
PUR001633,CUST1633,Brand Website,7720,10,9920,Full Kits,8,Low,0.05,Credit Card,High,Yes
PUR001634,CUST1634,Local Store,1540,1,1840,Accessories,1,Medium,0.34,Cash on Delivery,Low,No
PUR001635,CUST1635,Amazon,4940,6,6240,Bats,5,Medium,0.17,UPI,Medium,Yes
PUR001636,CUST1636,Brand Website,7000,9,8900,Full Kits,7,Low,0.08,Credit Card,High,Yes
PUR001637,CUST1637,Flipkart,2700,3,3400,Gloves,3,High,0.41,Debit Card,Medium,No
PUR001638,CUST1638,Amazon,4300,5,5500,Shoes,4,Medium,0.22,UPI,Medium,Yes
PUR001639,CUST1639,Local Store,1820,1,2120,Accessories,1,High,0.58,Cash on Delivery,Low,No
PUR001640,CUST1640,Brand Website,6150,8,7950,Full Kits,6,Low,0.09,Credit Card,High,Yes
PUR001641,CUST1641,Amazon,3880,5,4980,Bats,4,Medium,0.22,UPI,Medium,Yes
PUR001642,CUST1642,Flipkart,2340,2,2840,Jerseys,2,High,0.51,Debit Card,Low,No
PUR001643,CUST1643,Brand Website,7380,10,9580,Full Kits,8,Low,0.06,Credit Card,High,Yes
PUR001644,CUST1644,Local Store,1510,1,1760,Accessories,1,Medium,0.32,Cash on Delivery,Low,No
PUR001645,CUST1645,Amazon,4760,6,6060,Shoes,5,Medium,0.18,UPI,Medium,Yes
PUR001646,CUST1646,Brand Website,6760,9,8660,Full Kits,7,Low,0.08,Credit Card,High,Yes
PUR001647,CUST1647,Flipkart,2850,3,3550,Gloves,3,High,0.44,Debit Card,Medium,No
PUR001648,CUST1648,Amazon,4100,5,5300,Bats,4,Medium,0.21,UPI,Medium,Yes
PUR001649,CUST1649,Local Store,1720,1,2020,Accessories,1,High,0.55,Cash on Delivery,Low,No
PUR001650,CUST1650,Brand Website,6320,8,8120,Full Kits,6,Low,0.07,Credit Card,High,Yes
PUR001651,CUST1651,Amazon,3730,4,4830,Shoes,4,Medium,0.24,UPI,Medium,Yes
PUR001652,CUST1652,Flipkart,2280,2,2780,Jerseys,2,High,0.47,Debit Card,Low,No
PUR001653,CUST1653,Brand Website,7730,10,9930,Full Kits,8,Low,0.05,Credit Card,High,Yes
PUR001654,CUST1654,Local Store,1550,1,1850,Accessories,1,Medium,0.34,Cash on Delivery,Low,No
PUR001655,CUST1655,Amazon,4950,6,6250,Bats,5,Medium,0.17,UPI,Medium,Yes
PUR001656,CUST1656,Brand Website,7010,9,8910,Full Kits,7,Low,0.08,Credit Card,High,Yes
PUR001657,CUST1657,Flipkart,2710,3,3410,Gloves,3,High,0.41,Debit Card,Medium,No
PUR001658,CUST1658,Amazon,4310,5,5510,Shoes,4,Medium,0.22,UPI,Medium,Yes
PUR001659,CUST1659,Local Store,1830,1,2130,Accessories,1,High,0.58,Cash on Delivery,Low,No
PUR001660,CUST1660,Brand Website,6160,8,7960,Full Kits,6,Low,0.09,Credit Card,High,Yes
PUR001661,CUST1661,Amazon,3890,5,4990,Bats,4,Medium,0.22,UPI,Medium,Yes
PUR001662,CUST1662,Flipkart,2350,2,2850,Jerseys,2,High,0.51,Debit Card,Low,No
PUR001663,CUST1663,Brand Website,7390,10,9590,Full Kits,8,Low,0.06,Credit Card,High,Yes
PUR001664,CUST1664,Local Store,1520,1,1770,Accessories,1,Medium,0.32,Cash on Delivery,Low,No
PUR001665,CUST1665,Amazon,4770,6,6070,Shoes,5,Medium,0.18,UPI,Medium,Yes
PUR001666,CUST1666,Brand Website,6770,9,8670,Full Kits,7,Low,0.08,Credit Card,High,Yes
PUR001667,CUST1667,Flipkart,2860,3,3560,Gloves,3,High,0.44,Debit Card,Medium,No
PUR001668,CUST1668,Amazon,4110,5,5310,Bats,4,Medium,0.21,UPI,Medium,Yes
PUR001669,CUST1669,Local Store,1730,1,2030,Accessories,1,High,0.55,Cash on Delivery,Low,No
PUR001670,CUST1670,Brand Website,6330,8,8130,Full Kits,6,Low,0.07,Credit Card,High,Yes
PUR001671,CUST1671,Amazon,3740,4,4840,Shoes,4,Medium,0.24,UPI,Medium,Yes
PUR001672,CUST1672,Flipkart,2290,2,2790,Jerseys,2,High,0.47,Debit Card,Low,No
PUR001673,CUST1673,Brand Website,7740,10,9940,Full Kits,8,Low,0.05,Credit Card,High,Yes
PUR001674,CUST1674,Local Store,1560,1,1860,Accessories,1,Medium,0.34,Cash on Delivery,Low,No
PUR001675,CUST1675,Amazon,4960,6,6260,Bats,5,Medium,0.17,UPI,Medium,Yes
PUR001676,CUST1676,Brand Website,7020,9,8920,Full Kits,7,Low,0.08,Credit Card,High,Yes
PUR001677,CUST1677,Flipkart,2720,3,3420,Gloves,3,High,0.41,Debit Card,Medium,No
PUR001678,CUST1678,Amazon,4320,5,5520,Shoes,4,Medium,0.22,UPI,Medium,Yes
PUR001679,CUST1679,Local Store,1840,1,2140,Accessories,1,High,0.58,Cash on Delivery,Low,No
PUR001680,CUST1680,Brand Website,6170,8,7970,Full Kits,6,Low,0.09,Credit Card,High,Yes
PUR001681,CUST1681,Amazon,3900,5,5000,Bats,4,Medium,0.22,UPI,Medium,Yes
PUR001682,CUST1682,Flipkart,2360,2,2860,Jerseys,2,High,0.51,Debit Card,Low,No
PUR001683,CUST1683,Brand Website,7400,10,9600,Full Kits,8,Low,0.06,Credit Card,High,Yes
PUR001684,CUST1684,Local Store,1530,1,1780,Accessories,1,Medium,0.32,Cash on Delivery,Low,No
PUR001685,CUST1685,Amazon,4780,6,6080,Shoes,5,Medium,0.18,UPI,Medium,Yes
PUR001686,CUST1686,Brand Website,6780,9,8680,Full Kits,7,Low,0.08,Credit Card,High,Yes
PUR001687,CUST1687,Flipkart,2870,3,3570,Gloves,3,High,0.44,Debit Card,Medium,No
PUR001688,CUST1688,Amazon,4120,5,5320,Bats,4,Medium,0.21,UPI,Medium,Yes
PUR001689,CUST1689,Local Store,1740,1,2040,Accessories,1,High,0.55,Cash on Delivery,Low,No
PUR001690,CUST1690,Brand Website,6340,8,8140,Full Kits,6,Low,0.07,Credit Card,High,Yes
PUR001691,CUST1691,Amazon,3750,4,4850,Shoes,4,Medium,0.24,UPI,Medium,Yes
PUR001692,CUST1692,Flipkart,2300,2,2800,Jerseys,2,High,0.47,Debit Card,Low,No
PUR001693,CUST1693,Brand Website,7750,10,9950,Full Kits,8,Low,0.05,Credit Card,High,Yes
PUR001694,CUST1694,Local Store,1570,1,1870,Accessories,1,Medium,0.34,Cash on Delivery,Low,No
PUR001695,CUST1695,Amazon,4970,6,6270,Bats,5,Medium,0.17,UPI,Medium,Yes
PUR001696,CUST1696,Brand Website,7030,9,8930,Full Kits,7,Low,0.08,Credit Card,High,Yes
PUR001697,CUST1697,Flipkart,2730,3,3430,Gloves,3,High,0.41,Debit Card,Medium,No
PUR001698,CUST1698,Amazon,4330,5,5530,Shoes,4,Medium,0.22,UPI,Medium,Yes
PUR001699,CUST1699,Local Store,1850,1,2150,Accessories,1,High,0.58,Cash on Delivery,Low,No
PUR001700,CUST1700,Brand Website,6180,8,7980,Full Kits,6,Low,0.09,Credit Card,High,Yes
PUR001701,CUST1701,Amazon,3910,5,5010,Bats,4,Medium,0.22,UPI,Medium,Yes
PUR001702,CUST1702,Flipkart,2370,2,2870,Jerseys,2,High,0.51,Debit Card,Low,No
PUR001703,CUST1703,Brand Website,7410,10,9610,Full Kits,8,Low,0.06,Credit Card,High,Yes
PUR001704,CUST1704,Local Store,1540,1,1790,Accessories,1,Medium,0.32,Cash on Delivery,Low,No
PUR001705,CUST1705,Amazon,4790,6,6090,Shoes,5,Medium,0.18,UPI,Medium,Yes
PUR001706,CUST1706,Brand Website,6790,9,8690,Full Kits,7,Low,0.08,Credit Card,High,Yes
PUR001707,CUST1707,Flipkart,2880,3,3580,Gloves,3,High,0.44,Debit Card,Medium,No
PUR001708,CUST1708,Amazon,4130,5,5330,Bats,4,Medium,0.21,UPI,Medium,Yes
PUR001709,CUST1709,Local Store,1750,1,2050,Accessories,1,High,0.55,Cash on Delivery,Low,No
PUR001710,CUST1710,Brand Website,6350,8,8150,Full Kits,6,Low,0.07,Credit Card,High,Yes
PUR001711,CUST1711,Amazon,3760,4,4860,Shoes,4,Medium,0.24,UPI,Medium,Yes
PUR001712,CUST1712,Flipkart,2310,2,2810,Jerseys,2,High,0.47,Debit Card,Low,No
PUR001713,CUST1713,Brand Website,7760,10,9960,Full Kits,8,Low,0.05,Credit Card,High,Yes
PUR001714,CUST1714,Local Store,1580,1,1880,Accessories,1,Medium,0.34,Cash on Delivery,Low,No
PUR001715,CUST1715,Amazon,4980,6,6280,Bats,5,Medium,0.17,UPI,Medium,Yes
PUR001716,CUST1716,Brand Website,7040,9,8940,Full Kits,7,Low,0.08,Credit Card,High,Yes
PUR001717,CUST1717,Flipkart,2740,3,3440,Gloves,3,High,0.41,Debit Card,Medium,No
PUR001718,CUST1718,Amazon,4340,5,5540,Shoes,4,Medium,0.22,UPI,Medium,Yes
PUR001719,CUST1719,Local Store,1860,1,2160,Accessories,1,High,0.58,Cash on Delivery,Low,No
PUR001720,CUST1720,Brand Website,6190,8,7990,Full Kits,6,Low,0.09,Credit Card,High,Yes
PUR001721,CUST1721,Amazon,3920,5,5020,Bats,4,Medium,0.22,UPI,Medium,Yes
PUR001722,CUST1722,Flipkart,2380,2,2880,Jerseys,2,High,0.51,Debit Card,Low,No
PUR001723,CUST1723,Brand Website,7420,10,9620,Full Kits,8,Low,0.06,Credit Card,High,Yes
PUR001724,CUST1724,Local Store,1550,1,1800,Accessories,1,Medium,0.32,Cash on Delivery,Low,No
PUR001725,CUST1725,Amazon,4800,6,6100,Shoes,5,Medium,0.18,UPI,Medium,Yes
PUR001726,CUST1726,Brand Website,6800,9,8700,Full Kits,7,Low,0.08,Credit Card,High,Yes
PUR001727,CUST1727,Flipkart,2890,3,3590,Gloves,3,High,0.44,Debit Card,Medium,No
PUR001728,CUST1728,Amazon,4140,5,5340,Bats,4,Medium,0.21,UPI,Medium,Yes
PUR001729,CUST1729,Local Store,1760,1,2060,Accessories,1,High,0.55,Cash on Delivery,Low,No
PUR001730,CUST1730,Brand Website,6360,8,8160,Full Kits,6,Low,0.07,Credit Card,High,Yes
PUR001731,CUST1731,Amazon,3770,4,4870,Shoes,4,Medium,0.24,UPI,Medium,Yes
PUR001732,CUST1732,Flipkart,2320,2,2820,Jerseys,2,High,0.47,Debit Card,Low,No
PUR001733,CUST1733,Brand Website,7770,10,9970,Full Kits,8,Low,0.05,Credit Card,High,Yes
PUR001734,CUST1734,Local Store,1590,1,1890,Accessories,1,Medium,0.34,Cash on Delivery,Low,No
PUR001735,CUST1735,Amazon,4990,6,6290,Bats,5,Medium,0.17,UPI,Medium,Yes
PUR001736,CUST1736,Brand Website,7050,9,8950,Full Kits,7,Low,0.08,Credit Card,High,Yes
PUR001737,CUST1737,Flipkart,2750,3,3450,Gloves,3,High,0.41,Debit Card,Medium,No
PUR001738,CUST1738,Amazon,4350,5,5550,Shoes,4,Medium,0.22,UPI,Medium,Yes
PUR001739,CUST1739,Local Store,1870,1,2170,Accessories,1,High,0.58,Cash on Delivery,Low,No
PUR001740,CUST1740,Brand Website,6200,8,8000,Full Kits,6,Low,0.09,Credit Card,High,Yes
PUR001741,CUST1741,Amazon,3930,5,5030,Bats,4,Medium,0.22,UPI,Medium,Yes
PUR001742,CUST1742,Flipkart,2390,2,2890,Jerseys,2,High,0.51,Debit Card,Low,No
PUR001743,CUST1743,Brand Website,7430,10,9630,Full Kits,8,Low,0.06,Credit Card,High,Yes
PUR001744,CUST1744,Local Store,1560,1,1810,Accessories,1,Medium,0.32,Cash on Delivery,Low,No
PUR001745,CUST1745,Amazon,4810,6,6110,Shoes,5,Medium,0.18,UPI,Medium,Yes
PUR001746,CUST1746,Brand Website,6810,9,8710,Full Kits,7,Low,0.08,Credit Card,High,Yes
PUR001747,CUST1747,Flipkart,2900,3,3600,Gloves,3,High,0.44,Debit Card,Medium,No
PUR001748,CUST1748,Amazon,4150,5,5350,Bats,4,Medium,0.21,UPI,Medium,Yes
PUR001749,CUST1749,Local Store,1770,1,2070,Accessories,1,High,0.55,Cash on Delivery,Low,No
PUR001750,CUST1750,Brand Website,6370,8,8170,Full Kits,6,Low,0.07,Credit Card,High,Yes
PUR001751,CUST1751,Amazon,3780,4,4880,Shoes,4,Medium,0.24,UPI,Medium,Yes
PUR001752,CUST1752,Flipkart,2330,2,2830,Jerseys,2,High,0.47,Debit Card,Low,No
PUR001753,CUST1753,Brand Website,7780,10,9980,Full Kits,8,Low,0.05,Credit Card,High,Yes
PUR001754,CUST1754,Local Store,1600,1,1900,Accessories,1,Medium,0.34,Cash on Delivery,Low,No
PUR001755,CUST1755,Amazon,5000,6,6300,Bats,5,Medium,0.17,UPI,Medium,Yes
PUR001756,CUST1756,Brand Website,7060,9,8960,Full Kits,7,Low,0.08,Credit Card,High,Yes
PUR001757,CUST1757,Flipkart,2760,3,3460,Gloves,3,High,0.41,Debit Card,Medium,No
PUR001758,CUST1758,Amazon,4360,5,5560,Shoes,4,Medium,0.22,UPI,Medium,Yes
PUR001759,CUST1759,Local Store,1880,1,2180,Accessories,1,High,0.58,Cash on Delivery,Low,No
PUR001760,CUST1760,Brand Website,6210,8,8010,Full Kits,6,Low,0.09,Credit Card,High,Yes
PUR001761,CUST1761,Amazon,3940,5,5040,Bats,4,Medium,0.22,UPI,Medium,Yes
PUR001762,CUST1762,Flipkart,2400,2,2900,Jerseys,2,High,0.51,Debit Card,Low,No
PUR001763,CUST1763,Brand Website,7440,10,9640,Full Kits,8,Low,0.06,Credit Card,High,Yes
PUR001764,CUST1764,Local Store,1570,1,1820,Accessories,1,Medium,0.32,Cash on Delivery,Low,No
PUR001765,CUST1765,Amazon,4820,6,6120,Shoes,5,Medium,0.18,UPI,Medium,Yes
PUR001766,CUST1766,Brand Website,6820,9,8720,Full Kits,7,Low,0.08,Credit Card,High,Yes
PUR001767,CUST1767,Flipkart,2910,3,3610,Gloves,3,High,0.44,Debit Card,Medium,No
PUR001768,CUST1768,Amazon,4160,5,5360,Bats,4,Medium,0.21,UPI,Medium,Yes
PUR001769,CUST1769,Local Store,1780,1,2080,Accessories,1,High,0.55,Cash on Delivery,Low,No
PUR001770,CUST1770,Brand Website,6380,8,8180,Full Kits,6,Low,0.07,Credit Card,High,Yes
PUR001771,CUST1771,Amazon,3790,4,4890,Shoes,4,Medium,0.24,UPI,Medium,Yes
PUR001772,CUST1772,Flipkart,2340,2,2840,Jerseys,2,High,0.47,Debit Card,Low,No
PUR001773,CUST1773,Brand Website,7790,10,9990,Full Kits,8,Low,0.05,Credit Card,High,Yes
PUR001774,CUST1774,Local Store,1610,1,1910,Accessories,1,Medium,0.34,Cash on Delivery,Low,No
PUR001775,CUST1775,Amazon,5010,6,6310,Bats,5,Medium,0.17,UPI,Medium,Yes
PUR001776,CUST1776,Brand Website,7070,9,8970,Full Kits,7,Low,0.08,Credit Card,High,Yes
PUR001777,CUST1777,Flipkart,2770,3,3470,Gloves,3,High,0.41,Debit Card,Medium,No
PUR001778,CUST1778,Amazon,4370,5,5570,Shoes,4,Medium,0.22,UPI,Medium,Yes
PUR001779,CUST1779,Local Store,1890,1,2190,Accessories,1,High,0.58,Cash on Delivery,Low,No
PUR001780,CUST1780,Brand Website,6220,8,8020,Full Kits,6,Low,0.09,Credit Card,High,Yes
PUR001781,CUST1781,Amazon,3950,5,5050,Bats,4,Medium,0.22,UPI,Medium,Yes
PUR001782,CUST1782,Flipkart,2410,2,2910,Jerseys,2,High,0.51,Debit Card,Low,No
PUR001783,CUST1783,Brand Website,7450,10,9650,Full Kits,8,Low,0.06,Credit Card,High,Yes
PUR001784,CUST1784,Local Store,1580,1,1830,Accessories,1,Medium,0.32,Cash on Delivery,Low,No
PUR001785,CUST1785,Amazon,4830,6,6130,Shoes,5,Medium,0.18,UPI,Medium,Yes
PUR001786,CUST1786,Brand Website,6830,9,8730,Full Kits,7,Low,0.08,Credit Card,High,Yes
PUR001787,CUST1787,Flipkart,2920,3,3620,Gloves,3,High,0.44,Debit Card,Medium,No
PUR001788,CUST1788,Amazon,4170,5,5370,Bats,4,Medium,0.21,UPI,Medium,Yes
PUR001789,CUST1789,Local Store,1790,1,2090,Accessories,1,High,0.55,Cash on Delivery,Low,No
PUR001790,CUST1790,Brand Website,6390,8,8190,Full Kits,6,Low,0.07,Credit Card,High,Yes
PUR001791,CUST1791,Amazon,3800,4,4900,Shoes,4,Medium,0.24,UPI,Medium,Yes
PUR001792,CUST1792,Flipkart,2350,2,2850,Jerseys,2,High,0.47,Debit Card,Low,No
PUR001793,CUST1793,Brand Website,7800,10,10000,Full Kits,8,Low,0.05,Credit Card,High,Yes
PUR001794,CUST1794,Local Store,1620,1,1920,Accessories,1,Medium,0.34,Cash on Delivery,Low,No
PUR001795,CUST1795,Amazon,5020,6,6320,Bats,5,Medium,0.17,UPI,Medium,Yes
PUR001796,CUST1796,Brand Website,7080,9,8980,Full Kits,7,Low,0.08,Credit Card,High,Yes
PUR001797,CUST1797,Flipkart,2780,3,3480,Gloves,3,High,0.41,Debit Card,Medium,No
PUR001798,CUST1798,Amazon,4380,5,5580,Shoes,4,Medium,0.22,UPI,Medium,Yes
PUR001799,CUST1799,Local Store,1900,1,2200,Accessories,1,High,0.58,Cash on Delivery,Low,No
PUR001800,CUST1800,Brand Website,6230,8,8030,Full Kits,6,Low,0.09,Credit Card,High,Yes
PUR001801,CUST1801,Amazon,3960,5,5060,Bats,4,Medium,0.22,UPI,Medium,Yes
PUR001802,CUST1802,Flipkart,2420,2,2920,Jerseys,2,High,0.51,Debit Card,Low,No
PUR001803,CUST1803,Brand Website,7460,10,9660,Full Kits,8,Low,0.06,Credit Card,High,Yes
PUR001804,CUST1804,Local Store,1590,1,1840,Accessories,1,Medium,0.32,Cash on Delivery,Low,No
PUR001805,CUST1805,Amazon,4840,6,6140,Shoes,5,Medium,0.18,UPI,Medium,Yes
PUR001806,CUST1806,Brand Website,6840,9,8740,Full Kits,7,Low,0.08,Credit Card,High,Yes
PUR001807,CUST1807,Flipkart,2930,3,3630,Gloves,3,High,0.44,Debit Card,Medium,No
PUR001808,CUST1808,Amazon,4180,5,5380,Bats,4,Medium,0.21,UPI,Medium,Yes
PUR001809,CUST1809,Local Store,1800,1,2100,Accessories,1,High,0.55,Cash on Delivery,Low,No
PUR001810,CUST1810,Brand Website,6400,8,8200,Full Kits,6,Low,0.07,Credit Card,High,Yes
PUR001811,CUST1811,Amazon,3810,4,4910,Shoes,4,Medium,0.24,UPI,Medium,Yes
PUR001812,CUST1812,Flipkart,2360,2,2860,Jerseys,2,High,0.47,Debit Card,Low,No
PUR001813,CUST1813,Brand Website,7810,10,10010,Full Kits,8,Low,0.05,Credit Card,High,Yes
PUR001814,CUST1814,Local Store,1630,1,1930,Accessories,1,Medium,0.34,Cash on Delivery,Low,No
PUR001815,CUST1815,Amazon,5030,6,6330,Bats,5,Medium,0.17,UPI,Medium,Yes
PUR001816,CUST1816,Brand Website,7090,9,8990,Full Kits,7,Low,0.08,Credit Card,High,Yes
PUR001817,CUST1817,Flipkart,2790,3,3490,Gloves,3,High,0.41,Debit Card,Medium,No
PUR001818,CUST1818,Amazon,4390,5,5590,Shoes,4,Medium,0.22,UPI,Medium,Yes
PUR001819,CUST1819,Local Store,1910,1,2210,Accessories,1,High,0.58,Cash on Delivery,Low,No
PUR001820,CUST1820,Brand Website,6240,8,8040,Full Kits,6,Low,0.09,Credit Card,High,Yes
PUR001821,CUST1821,Amazon,3970,5,5070,Bats,4,Medium,0.22,UPI,Medium,Yes
PUR001822,CUST1822,Flipkart,2430,2,2930,Jerseys,2,High,0.51,Debit Card,Low,No
PUR001823,CUST1823,Brand Website,7470,10,9670,Full Kits,8,Low,0.06,Credit Card,High,Yes
PUR001824,CUST1824,Local Store,1600,1,1850,Accessories,1,Medium,0.32,Cash on Delivery,Low,No
PUR001825,CUST1825,Amazon,4850,6,6150,Shoes,5,Medium,0.18,UPI,Medium,Yes
PUR001826,CUST1826,Brand Website,6850,9,8750,Full Kits,7,Low,0.08,Credit Card,High,Yes
PUR001827,CUST1827,Flipkart,2940,3,3640,Gloves,3,High,0.44,Debit Card,Medium,No
PUR001828,CUST1828,Amazon,4190,5,5390,Bats,4,Medium,0.21,UPI,Medium,Yes
PUR001829,CUST1829,Local Store,1810,1,2110,Accessories,1,High,0.55,Cash on Delivery,Low,No
PUR001830,CUST1830,Brand Website,6410,8,8210,Full Kits,6,Low,0.07,Credit Card,High,Yes
PUR001831,CUST1831,Amazon,3820,4,4920,Shoes,4,Medium,0.24,UPI,Medium,Yes
PUR001832,CUST1832,Flipkart,2370,2,2870,Jerseys,2,High,0.47,Debit Card,Low,No
PUR001833,CUST1833,Brand Website,7820,10,10020,Full Kits,8,Low,0.05,Credit Card,High,Yes
PUR001834,CUST1834,Local Store,1640,1,1940,Accessories,1,Medium,0.34,Cash on Delivery,Low,No
PUR001835,CUST1835,Amazon,5040,6,6340,Bats,5,Medium,0.17,UPI,Medium,Yes
PUR001836,CUST1836,Brand Website,7100,9,9000,Full Kits,7,Low,0.08,Credit Card,High,Yes
PUR001837,CUST1837,Flipkart,2800,3,3500,Gloves,3,High,0.41,Debit Card,Medium,No
PUR001838,CUST1838,Amazon,4400,5,5600,Shoes,4,Medium,0.22,UPI,Medium,Yes
PUR001839,CUST1839,Local Store,1920,1,2220,Accessories,1,High,0.58,Cash on Delivery,Low,No
PUR001840,CUST1840,Brand Website,6250,8,8050,Full Kits,6,Low,0.09,Credit Card,High,Yes
PUR001841,CUST1841,Amazon,3980,5,5080,Bats,4,Medium,0.22,UPI,Medium,Yes
PUR001842,CUST1842,Flipkart,2440,2,2940,Jerseys,2,High,0.51,Debit Card,Low,No
PUR001843,CUST1843,Brand Website,7480,10,9680,Full Kits,8,Low,0.06,Credit Card,High,Yes
PUR001844,CUST1844,Local Store,1610,1,1860,Accessories,1,Medium,0.32,Cash on Delivery,Low,No
PUR001845,CUST1845,Amazon,4860,6,6160,Shoes,5,Medium,0.18,UPI,Medium,Yes
PUR001846,CUST1846,Brand Website,6860,9,8760,Full Kits,7,Low,0.08,Credit Card,High,Yes
PUR001847,CUST1847,Flipkart,2950,3,3650,Gloves,3,High,0.44,Debit Card,Medium,No
PUR001848,CUST1848,Amazon,4200,5,5400,Bats,4,Medium,0.21,UPI,Medium,Yes
PUR001849,CUST1849,Local Store,1820,1,2120,Accessories,1,High,0.55,Cash on Delivery,Low,No
PUR001850,CUST1850,Brand Website,6420,8,8220,Full Kits,6,Low,0.07,Credit Card,High,Yes
PUR001851,CUST1851,Amazon,3830,4,4930,Shoes,4,Medium,0.24,UPI,Medium,Yes
PUR001852,CUST1852,Flipkart,2380,2,2880,Jerseys,2,High,0.47,Debit Card,Low,No
PUR001853,CUST1853,Brand Website,7830,10,10030,Full Kits,8,Low,0.05,Credit Card,High,Yes
PUR001854,CUST1854,Local Store,1650,1,1950,Accessories,1,Medium,0.34,Cash on Delivery,Low,No
PUR001855,CUST1855,Amazon,5050,6,6350,Bats,5,Medium,0.17,UPI,Medium,Yes
PUR001856,CUST1856,Brand Website,7110,9,9010,Full Kits,7,Low,0.08,Credit Card,High,Yes
PUR001857,CUST1857,Flipkart,2810,3,3510,Gloves,3,High,0.41,Debit Card,Medium,No
PUR001858,CUST1858,Amazon,4410,5,5610,Shoes,4,Medium,0.22,UPI,Medium,Yes
PUR001859,CUST1859,Local Store,1930,1,2230,Accessories,1,High,0.58,Cash on Delivery,Low,No
PUR001860,CUST1860,Brand Website,6260,8,8060,Full Kits,6,Low,0.09,Credit Card,High,Yes
PUR001861,CUST1861,Amazon,3990,5,5090,Bats,4,Medium,0.22,UPI,Medium,Yes
PUR001862,CUST1862,Flipkart,2450,2,2950,Jerseys,2,High,0.51,Debit Card,Low,No
PUR001863,CUST1863,Brand Website,7490,10,9690,Full Kits,8,Low,0.06,Credit Card,High,Yes
PUR001864,CUST1864,Local Store,1620,1,1870,Accessories,1,Medium,0.32,Cash on Delivery,Low,No
PUR001865,CUST1865,Amazon,4870,6,6170,Shoes,5,Medium,0.18,UPI,Medium,Yes
PUR001866,CUST1866,Brand Website,6870,9,8770,Full Kits,7,Low,0.08,Credit Card,High,Yes
PUR001867,CUST1867,Flipkart,2960,3,3660,Gloves,3,High,0.44,Debit Card,Medium,No
PUR001868,CUST1868,Amazon,4210,5,5410,Bats,4,Medium,0.21,UPI,Medium,Yes
PUR001869,CUST1869,Local Store,1830,1,2130,Accessories,1,High,0.55,Cash on Delivery,Low,No
PUR001870,CUST1870,Brand Website,6430,8,8230,Full Kits,6,Low,0.07,Credit Card,High,Yes
PUR001871,CUST1871,Amazon,3840,4,4940,Shoes,4,Medium,0.24,UPI,Medium,Yes
PUR001872,CUST1872,Flipkart,2390,2,2890,Jerseys,2,High,0.47,Debit Card,Low,No
PUR001873,CUST1873,Brand Website,7840,10,10040,Full Kits,8,Low,0.05,Credit Card,High,Yes
PUR001874,CUST1874,Local Store,1660,1,1960,Accessories,1,Medium,0.34,Cash on Delivery,Low,No
PUR001875,CUST1875,Amazon,5060,6,6360,Bats,5,Medium,0.17,UPI,Medium,Yes
PUR001876,CUST1876,Brand Website,7120,9,9020,Full Kits,7,Low,0.08,Credit Card,High,Yes
PUR001877,CUST1877,Flipkart,2820,3,3520,Gloves,3,High,0.41,Debit Card,Medium,No
PUR001878,CUST1878,Amazon,4420,5,5620,Shoes,4,Medium,0.22,UPI,Medium,Yes
PUR001879,CUST1879,Local Store,1940,1,2240,Accessories,1,High,0.58,Cash on Delivery,Low,No
PUR001880,CUST1880,Brand Website,6270,8,8070,Full Kits,6,Low,0.09,Credit Card,High,Yes
PUR001881,CUST1881,Amazon,4000,5,5100,Bats,4,Medium,0.22,UPI,Medium,Yes
PUR001882,CUST1882,Flipkart,2460,2,2960,Jerseys,2,High,0.51,Debit Card,Low,No
PUR001883,CUST1883,Brand Website,7500,10,9700,Full Kits,8,Low,0.06,Credit Card,High,Yes
PUR001884,CUST1884,Local Store,1630,1,1880,Accessories,1,Medium,0.32,Cash on Delivery,Low,No
PUR001885,CUST1885,Amazon,4880,6,6180,Shoes,5,Medium,0.18,UPI,Medium,Yes
PUR001886,CUST1886,Brand Website,6880,9,8780,Full Kits,7,Low,0.08,Credit Card,High,Yes
PUR001887,CUST1887,Flipkart,2970,3,3670,Gloves,3,High,0.44,Debit Card,Medium,No
PUR001888,CUST1888,Amazon,4220,5,5420,Bats,4,Medium,0.21,UPI,Medium,Yes
PUR001889,CUST1889,Local Store,1840,1,2140,Accessories,1,High,0.55,Cash on Delivery,Low,No
PUR001890,CUST1890,Brand Website,6440,8,8240,Full Kits,6,Low,0.07,Credit Card,High,Yes
PUR001891,CUST1891,Amazon,3850,4,4950,Shoes,4,Medium,0.24,UPI,Medium,Yes
PUR001892,CUST1892,Flipkart,2400,2,2900,Jerseys,2,High,0.47,Debit Card,Low,No
PUR001893,CUST1893,Brand Website,7850,10,10050,Full Kits,8,Low,0.05,Credit Card,High,Yes
PUR001894,CUST1894,Local Store,1670,1,1970,Accessories,1,Medium,0.34,Cash on Delivery,Low,No
PUR001895,CUST1895,Amazon,5070,6,6370,Bats,5,Medium,0.17,UPI,Medium,Yes
PUR001896,CUST1896,Brand Website,7130,9,9030,Full Kits,7,Low,0.08,Credit Card,High,Yes
PUR001897,CUST1897,Flipkart,2830,3,3530,Gloves,3,High,0.41,Debit Card,Medium,No
PUR001898,CUST1898,Amazon,4430,5,5630,Shoes,4,Medium,0.22,UPI,Medium,Yes
PUR001899,CUST1899,Local Store,1950,1,2250,Accessories,1,High,0.58,Cash on Delivery,Low,No
PUR001900,CUST1900,Brand Website,6280,8,8080,Full Kits,6,Low,0.09,Credit Card,High,Yes
PUR001901,CUST1901,Amazon,4010,5,5110,Bats,4,Medium,0.22,UPI,Medium,Yes
PUR001902,CUST1902,Flipkart,2470,2,2970,Jerseys,2,High,0.52,Debit Card,Low,No
PUR001903,CUST1903,Brand Website,7510,10,9710,Full Kits,8,Low,0.06,Credit Card,High,Yes
PUR001904,CUST1904,Local Store,1640,1,1890,Accessories,1,Medium,0.33,Cash on Delivery,Low,No
PUR001905,CUST1905,Amazon,4890,6,6190,Shoes,5,Medium,0.18,UPI,Medium,Yes
PUR001906,CUST1906,Brand Website,6890,9,8790,Full Kits,7,Low,0.08,Credit Card,High,Yes
PUR001907,CUST1907,Flipkart,2980,3,3680,Gloves,3,High,0.45,Debit Card,Medium,No
PUR001908,CUST1908,Amazon,4230,5,5430,Bats,4,Medium,0.21,UPI,Medium,Yes
PUR001909,CUST1909,Local Store,1850,1,2150,Accessories,1,High,0.56,Cash on Delivery,Low,No
PUR001910,CUST1910,Brand Website,6450,8,8250,Full Kits,6,Low,0.07,Credit Card,High,Yes
PUR001911,CUST1911,Amazon,3860,4,4960,Shoes,4,Medium,0.24,UPI,Medium,Yes
PUR001912,CUST1912,Flipkart,2410,2,2910,Jerseys,2,High,0.48,Debit Card,Low,No
PUR001913,CUST1913,Brand Website,7860,10,10060,Full Kits,8,Low,0.05,Credit Card,High,Yes
PUR001914,CUST1914,Local Store,1680,1,1980,Accessories,1,Medium,0.35,Cash on Delivery,Low,No
PUR001915,CUST1915,Amazon,5080,6,6380,Bats,5,Medium,0.17,UPI,Medium,Yes
PUR001916,CUST1916,Brand Website,7140,9,9040,Full Kits,7,Low,0.08,Credit Card,High,Yes
PUR001917,CUST1917,Flipkart,2840,3,3540,Gloves,3,High,0.42,Debit Card,Medium,No
PUR001918,CUST1918,Amazon,4440,5,5640,Shoes,4,Medium,0.22,UPI,Medium,Yes
PUR001919,CUST1919,Local Store,1960,1,2260,Accessories,1,High,0.59,Cash on Delivery,Low,No
PUR001920,CUST1920,Brand Website,6290,8,8090,Full Kits,6,Low,0.09,Credit Card,High,Yes
PUR001921,CUST1921,Amazon,4020,5,5120,Bats,4,Medium,0.22,UPI,Medium,Yes
PUR001922,CUST1922,Flipkart,2480,2,2980,Jerseys,2,High,0.52,Debit Card,Low,No
PUR001923,CUST1923,Brand Website,7520,10,9720,Full Kits,8,Low,0.06,Credit Card,High,Yes
PUR001924,CUST1924,Local Store,1650,1,1900,Accessories,1,Medium,0.33,Cash on Delivery,Low,No
PUR001925,CUST1925,Amazon,4900,6,6200,Shoes,5,Medium,0.18,UPI,Medium,Yes
PUR001926,CUST1926,Brand Website,6900,9,8800,Full Kits,7,Low,0.08,Credit Card,High,Yes
PUR001927,CUST1927,Flipkart,2990,3,3690,Gloves,3,High,0.45,Debit Card,Medium,No
PUR001928,CUST1928,Amazon,4240,5,5440,Bats,4,Medium,0.21,UPI,Medium,Yes
PUR001929,CUST1929,Local Store,1860,1,2160,Accessories,1,High,0.56,Cash on Delivery,Low,No
PUR001930,CUST1930,Brand Website,6460,8,8260,Full Kits,6,Low,0.07,Credit Card,High,Yes
PUR001931,CUST1931,Amazon,3870,4,4970,Shoes,4,Medium,0.24,UPI,Medium,Yes
PUR001932,CUST1932,Flipkart,2420,2,2920,Jerseys,2,High,0.48,Debit Card,Low,No
PUR001933,CUST1933,Brand Website,7870,10,10070,Full Kits,8,Low,0.05,Credit Card,High,Yes
PUR001934,CUST1934,Local Store,1690,1,1990,Accessories,1,Medium,0.35,Cash on Delivery,Low,No
PUR001935,CUST1935,Amazon,5090,6,6390,Bats,5,Medium,0.17,UPI,Medium,Yes
PUR001936,CUST1936,Brand Website,7150,9,9050,Full Kits,7,Low,0.08,Credit Card,High,Yes
PUR001937,CUST1937,Flipkart,2850,3,3550,Gloves,3,High,0.42,Debit Card,Medium,No
PUR001938,CUST1938,Amazon,4450,5,5650,Shoes,4,Medium,0.22,UPI,Medium,Yes
PUR001939,CUST1939,Local Store,1970,1,2270,Accessories,1,High,0.59,Cash on Delivery,Low,No
PUR001940,CUST1940,Brand Website,6300,8,8100,Full Kits,6,Low,0.09,Credit Card,High,Yes
PUR001941,CUST1941,Amazon,4030,5,5130,Bats,4,Medium,0.22,UPI,Medium,Yes
PUR001942,CUST1942,Flipkart,2490,2,2990,Jerseys,2,High,0.52,Debit Card,Low,No
PUR001943,CUST1943,Brand Website,7530,10,9730,Full Kits,8,Low,0.06,Credit Card,High,Yes
PUR001944,CUST1944,Local Store,1660,1,1910,Accessories,1,Medium,0.33,Cash on Delivery,Low,No
PUR001945,CUST1945,Amazon,4910,6,6210,Shoes,5,Medium,0.18,UPI,Medium,Yes
PUR001946,CUST1946,Brand Website,6910,9,8810,Full Kits,7,Low,0.08,Credit Card,High,Yes
PUR001947,CUST1947,Flipkart,3000,3,3700,Gloves,3,High,0.45,Debit Card,Medium,No
PUR001948,CUST1948,Amazon,4250,5,5450,Bats,4,Medium,0.21,UPI,Medium,Yes
PUR001949,CUST1949,Local Store,1870,1,2170,Accessories,1,High,0.56,Cash on Delivery,Low,No
PUR001950,CUST1950,Brand Website,6470,8,8270,Full Kits,6,Low,0.07,Credit Card,High,Yes
PUR001951,CUST1951,Amazon,3880,4,4980,Shoes,4,Medium,0.24,UPI,Medium,Yes
PUR001952,CUST1952,Flipkart,2430,2,2930,Jerseys,2,High,0.48,Debit Card,Low,No
PUR001953,CUST1953,Brand Website,7880,10,10080,Full Kits,8,Low,0.05,Credit Card,High,Yes
PUR001954,CUST1954,Local Store,1700,1,2000,Accessories,1,Medium,0.35,Cash on Delivery,Low,No
PUR001955,CUST1955,Amazon,5100,6,6400,Bats,5,Medium,0.17,UPI,Medium,Yes
PUR001956,CUST1956,Brand Website,7160,9,9060,Full Kits,7,Low,0.08,Credit Card,High,Yes
PUR001957,CUST1957,Flipkart,2860,3,3560,Gloves,3,High,0.42,Debit Card,Medium,No
PUR001958,CUST1958,Amazon,4460,5,5660,Shoes,4,Medium,0.22,UPI,Medium,Yes
PUR001959,CUST1959,Local Store,1980,1,2280,Accessories,1,High,0.59,Cash on Delivery,Low,No
PUR001960,CUST1960,Brand Website,6310,8,8110,Full Kits,6,Low,0.09,Credit Card,High,Yes
PUR001961,CUST1961,Amazon,4040,5,5140,Bats,4,Medium,0.22,UPI,Medium,Yes
PUR001962,CUST1962,Flipkart,2500,2,3000,Jerseys,2,High,0.52,Debit Card,Low,No
PUR001963,CUST1963,Brand Website,7540,10,9740,Full Kits,8,Low,0.06,Credit Card,High,Yes
PUR001964,CUST1964,Local Store,1670,1,1920,Accessories,1,Medium,0.33,Cash on Delivery,Low,No
PUR001965,CUST1965,Amazon,4920,6,6220,Shoes,5,Medium,0.18,UPI,Medium,Yes
PUR001966,CUST1966,Brand Website,6920,9,8820,Full Kits,7,Low,0.08,Credit Card,High,Yes
PUR001967,CUST1967,Flipkart,3010,3,3710,Gloves,3,High,0.45,Debit Card,Medium,No
PUR001968,CUST1968,Amazon,4260,5,5460,Bats,4,Medium,0.21,UPI,Medium,Yes
PUR001969,CUST1969,Local Store,1880,1,2180,Accessories,1,High,0.56,Cash on Delivery,Low,No
PUR001970,CUST1970,Brand Website,6480,8,8280,Full Kits,6,Low,0.07,Credit Card,High,Yes
PUR001971,CUST1971,Amazon,3890,4,4990,Shoes,4,Medium,0.24,UPI,Medium,Yes
PUR001972,CUST1972,Flipkart,2440,2,2940,Jerseys,2,High,0.48,Debit Card,Low,No
PUR001973,CUST1973,Brand Website,7890,10,10090,Full Kits,8,Low,0.05,Credit Card,High,Yes
PUR001974,CUST1974,Local Store,1710,1,2010,Accessories,1,Medium,0.35,Cash on Delivery,Low,No
PUR001975,CUST1975,Amazon,5110,6,6410,Bats,5,Medium,0.17,UPI,Medium,Yes
PUR001976,CUST1976,Brand Website,7170,9,9070,Full Kits,7,Low,0.08,Credit Card,High,Yes
PUR001977,CUST1977,Flipkart,2870,3,3570,Gloves,3,High,0.42,Debit Card,Medium,No
PUR001978,CUST1978,Amazon,4470,5,5670,Shoes,4,Medium,0.22,UPI,Medium,Yes
PUR001979,CUST1979,Local Store,1990,1,2290,Accessories,1,High,0.59,Cash on Delivery,Low,No
PUR001980,CUST1980,Brand Website,6320,8,8120,Full Kits,6,Low,0.09,Credit Card,High,Yes
PUR001981,CUST1981,Amazon,4050,5,5150,Bats,4,Medium,0.22,UPI,Medium,Yes
PUR001982,CUST1982,Flipkart,2510,2,3010,Jerseys,2,High,0.52,Debit Card,Low,No
PUR001983,CUST1983,Brand Website,7550,10,9750,Full Kits,8,Low,0.06,Credit Card,High,Yes
PUR001984,CUST1984,Local Store,1680,1,1930,Accessories,1,Medium,0.33,Cash on Delivery,Low,No
PUR001985,CUST1985,Amazon,4930,6,6230,Shoes,5,Medium,0.18,UPI,Medium,Yes
PUR001986,CUST1986,Brand Website,6930,9,8830,Full Kits,7,Low,0.08,Credit Card,High,Yes
PUR001987,CUST1987,Flipkart,3020,3,3720,Gloves,3,High,0.45,Debit Card,Medium,No
PUR001988,CUST1988,Amazon,4270,5,5470,Bats,4,Medium,0.21,UPI,Medium,Yes
PUR001989,CUST1989,Local Store,1890,1,2190,Accessories,1,High,0.56,Cash on Delivery,Low,No
PUR001990,CUST1990,Brand Website,6490,8,8290,Full Kits,6,Low,0.07,Credit Card,High,Yes
PUR001991,CUST1991,Amazon,3900,4,5000,Shoes,4,Medium,0.24,UPI,Medium,Yes
PUR001992,CUST1992,Flipkart,2450,2,2950,Jerseys,2,High,0.48,Debit Card,Low,No
PUR001993,CUST1993,Brand Website,7900,10,10100,Full Kits,8,Low,0.05,Credit Card,High,Yes
PUR001994,CUST1994,Local Store,1720,1,2020,Accessories,1,Medium,0.35,Cash on Delivery,Low,No
PUR001995,CUST1995,Amazon,5120,6,6420,Bats,5,Medium,0.17,UPI,Medium,Yes
PUR001996,CUST1996,Brand Website,7180,9,9080,Full Kits,7,Low,0.08,Credit Card,High,Yes
PUR001997,CUST1997,Flipkart,2880,3,3580,Gloves,3,High,0.42,Debit Card,Medium,No
PUR001998,CUST1998,Amazon,4480,5,5680,Shoes,4,Medium,0.22,UPI,Medium,Yes
PUR001999,CUST1999,Local Store,2000,1,2300,Accessories,1,High,0.59,Cash on Delivery,Low,No
PUR002000,CUST2000,Brand Website,6330,8,8130,Full Kits,6,Low,0.09,Credit Card,High,Yes
PUR002001,CUST2001,Amazon,4060,5,5160,Bats,4,Medium,0.22,UPI,Medium,Yes
PUR002002,CUST2002,Flipkart,2520,2,3020,Jerseys,2,High,0.52,Debit Card,Low,No
PUR002003,CUST2003,Brand Website,7560,10,9760,Full Kits,8,Low,0.06,Credit Card,High,Yes
PUR002004,CUST2004,Local Store,1690,1,1940,Accessories,1,Medium,0.33,Cash on Delivery,Low,No
PUR002005,CUST2005,Amazon,4940,6,6240,Shoes,5,Medium,0.18,UPI,Medium,Yes
PUR002006,CUST2006,Brand Website,6940,9,8840,Full Kits,7,Low,0.08,Credit Card,High,Yes
PUR002007,CUST2007,Flipkart,3030,3,3730,Gloves,3,High,0.45,Debit Card,Medium,No
PUR002008,CUST2008,Amazon,4280,5,5480,Bats,4,Medium,0.21,UPI,Medium,Yes
PUR002009,CUST2009,Local Store,1900,1,2200,Accessories,1,High,0.56,Cash on Delivery,Low,No
PUR002010,CUST2010,Brand Website,6500,8,8300,Full Kits,6,Low,0.07,Credit Card,High,Yes
PUR002011,CUST2011,Amazon,3910,4,5010,Shoes,4,Medium,0.24,UPI,Medium,Yes
PUR002012,CUST2012,Flipkart,2460,2,2960,Jerseys,2,High,0.48,Debit Card,Low,No
PUR002013,CUST2013,Brand Website,7910,10,10110,Full Kits,8,Low,0.05,Credit Card,High,Yes
PUR002014,CUST2014,Local Store,1730,1,2030,Accessories,1,Medium,0.35,Cash on Delivery,Low,No
PUR002015,CUST2015,Amazon,5130,6,6430,Bats,5,Medium,0.17,UPI,Medium,Yes
PUR002016,CUST2016,Brand Website,7190,9,9090,Full Kits,7,Low,0.08,Credit Card,High,Yes
PUR002017,CUST2017,Flipkart,2890,3,3590,Gloves,3,High,0.42,Debit Card,Medium,No
PUR002018,CUST2018,Amazon,4490,5,5690,Shoes,4,Medium,0.22,UPI,Medium,Yes
PUR002019,CUST2019,Local Store,2010,1,2310,Accessories,1,High,0.59,Cash on Delivery,Low,No
PUR002020,CUST2020,Brand Website,6340,8,8140,Full Kits,6,Low,0.09,Credit Card,High,Yes
PUR002021,CUST2021,Amazon,4070,5,5170,Bats,4,Medium,0.22,UPI,Medium,Yes
PUR002022,CUST2022,Flipkart,2530,2,3030,Jerseys,2,High,0.52,Debit Card,Low,No
PUR002023,CUST2023,Brand Website,7570,10,9770,Full Kits,8,Low,0.06,Credit Card,High,Yes
PUR002024,CUST2024,Local Store,1700,1,1950,Accessories,1,Medium,0.33,Cash on Delivery,Low,No
PUR002025,CUST2025,Amazon,4950,6,6250,Shoes,5,Medium,0.18,UPI,Medium,Yes
PUR002026,CUST2026,Brand Website,6950,9,8850,Full Kits,7,Low,0.08,Credit Card,High,Yes
PUR002027,CUST2027,Flipkart,3040,3,3740,Gloves,3,High,0.45,Debit Card,Medium,No
PUR002028,CUST2028,Amazon,4290,5,5490,Bats,4,Medium,0.21,UPI,Medium,Yes
PUR002029,CUST2029,Local Store,1910,1,2210,Accessories,1,High,0.56,Cash on Delivery,Low,No
PUR002030,CUST2030,Brand Website,6510,8,8310,Full Kits,6,Low,0.07,Credit Card,High,Yes
PUR002031,CUST2031,Amazon,3920,4,5020,Shoes,4,Medium,0.24,UPI,Medium,Yes
PUR002032,CUST2032,Flipkart,2470,2,2970,Jerseys,2,High,0.48,Debit Card,Low,No
PUR002033,CUST2033,Brand Website,7920,10,10120,Full Kits,8,Low,0.05,Credit Card,High,Yes
PUR002034,CUST2034,Local Store,1740,1,2040,Accessories,1,Medium,0.35,Cash on Delivery,Low,No
PUR002035,CUST2035,Amazon,5140,6,6440,Bats,5,Medium,0.17,UPI,Medium,Yes
PUR002036,CUST2036,Brand Website,7200,9,9100,Full Kits,7,Low,0.08,Credit Card,High,Yes
PUR002037,CUST2037,Flipkart,2900,3,3600,Gloves,3,High,0.42,Debit Card,Medium,No
PUR002038,CUST2038,Amazon,4500,5,5700,Shoes,4,Medium,0.22,UPI,Medium,Yes
PUR002039,CUST2039,Local Store,2020,1,2320,Accessories,1,High,0.59,Cash on Delivery,Low,No
PUR002040,CUST2040,Brand Website,6350,8,8150,Full Kits,6,Low,0.09,Credit Card,High,Yes
PUR002041,CUST2041,Amazon,4080,5,5180,Bats,4,Medium,0.22,UPI,Medium,Yes
PUR002042,CUST2042,Flipkart,2540,2,3040,Jerseys,2,High,0.52,Debit Card,Low,No
PUR002043,CUST2043,Brand Website,7580,10,9780,Full Kits,8,Low,0.06,Credit Card,High,Yes
PUR002044,CUST2044,Local Store,1710,1,1960,Accessories,1,Medium,0.33,Cash on Delivery,Low,No
PUR002045,CUST2045,Amazon,4960,6,6260,Shoes,5,Medium,0.18,UPI,Medium,Yes
PUR002046,CUST2046,Brand Website,6960,9,8860,Full Kits,7,Low,0.08,Credit Card,High,Yes
PUR002047,CUST2047,Flipkart,3050,3,3750,Gloves,3,High,0.45,Debit Card,Medium,No
PUR002048,CUST2048,Amazon,4300,5,5500,Bats,4,Medium,0.21,UPI,Medium,Yes
PUR002049,CUST2049,Local Store,1920,1,2220,Accessories,1,High,0.56,Cash on Delivery,Low,No
PUR002050,CUST2050,Brand Website,6520,8,8320,Full Kits,6,Low,0.07,Credit Card,High,Yes
PUR002051,CUST2051,Amazon,3930,4,5030,Shoes,4,Medium,0.24,UPI,Medium,Yes
PUR002052,CUST2052,Flipkart,2480,2,2980,Jerseys,2,High,0.48,Debit Card,Low,No
PUR002053,CUST2053,Brand Website,7930,10,10130,Full Kits,8,Low,0.05,Credit Card,High,Yes
PUR002054,CUST2054,Local Store,1750,1,2050,Accessories,1,Medium,0.35,Cash on Delivery,Low,No
PUR002055,CUST2055,Amazon,5150,6,6450,Bats,5,Medium,0.17,UPI,Medium,Yes
PUR002056,CUST2056,Brand Website,7210,9,9110,Full Kits,7,Low,0.08,Credit Card,High,Yes
PUR002057,CUST2057,Flipkart,2910,3,3610,Gloves,3,High,0.42,Debit Card,Medium,No
PUR002058,CUST2058,Amazon,4510,5,5710,Shoes,4,Medium,0.22,UPI,Medium,Yes
PUR002059,CUST2059,Local Store,2030,1,2330,Accessories,1,High,0.59,Cash on Delivery,Low,No
PUR002060,CUST2060,Brand Website,6360,8,8160,Full Kits,6,Low,0.09,Credit Card,High,Yes
PUR002061,CUST2061,Amazon,4090,5,5190,Bats,4,Medium,0.22,UPI,Medium,Yes
PUR002062,CUST2062,Flipkart,2550,2,3050,Jerseys,2,High,0.52,Debit Card,Low,No
PUR002063,CUST2063,Brand Website,7590,10,9790,Full Kits,8,Low,0.06,Credit Card,High,Yes
PUR002064,CUST2064,Local Store,1720,1,1970,Accessories,1,Medium,0.33,Cash on Delivery,Low,No
PUR002065,CUST2065,Amazon,4970,6,6270,Shoes,5,Medium,0.18,UPI,Medium,Yes
PUR002066,CUST2066,Brand Website,6970,9,8870,Full Kits,7,Low,0.08,Credit Card,High,Yes
PUR002067,CUST2067,Flipkart,3060,3,3760,Gloves,3,High,0.45,Debit Card,Medium,No
PUR002068,CUST2068,Amazon,4310,5,5510,Bats,4,Medium,0.21,UPI,Medium,Yes
PUR002069,CUST2069,Local Store,1930,1,2230,Accessories,1,High,0.56,Cash on Delivery,Low,No
PUR002070,CUST2070,Brand Website,6530,8,8330,Full Kits,6,Low,0.07,Credit Card,High,Yes
PUR002071,CUST2071,Amazon,3940,4,5040,Shoes,4,Medium,0.24,UPI,Medium,Yes
PUR002072,CUST2072,Flipkart,2490,2,2990,Jerseys,2,High,0.48,Debit Card,Low,No
PUR002073,CUST2073,Brand Website,7940,10,10140,Full Kits,8,Low,0.05,Credit Card,High,Yes
PUR002074,CUST2074,Local Store,1760,1,2060,Accessories,1,Medium,0.35,Cash on Delivery,Low,No
PUR002075,CUST2075,Amazon,5160,6,6460,Bats,5,Medium,0.17,UPI,Medium,Yes
PUR002076,CUST2076,Brand Website,7220,9,9120,Full Kits,7,Low,0.08,Credit Card,High,Yes
PUR002077,CUST2077,Flipkart,2920,3,3620,Gloves,3,High,0.42,Debit Card,Medium,No
PUR002078,CUST2078,Amazon,4520,5,5720,Shoes,4,Medium,0.22,UPI,Medium,Yes
PUR002079,CUST2079,Local Store,2040,1,2340,Accessories,1,High,0.59,Cash on Delivery,Low,No
PUR002080,CUST2080,Brand Website,6370,8,8170,Full Kits,6,Low,0.09,Credit Card,High,Yes
PUR002081,CUST2081,Amazon,4100,5,5200,Bats,4,Medium,0.22,UPI,Medium,Yes
PUR002082,CUST2082,Flipkart,2560,2,3060,Jerseys,2,High,0.52,Debit Card,Low,No
PUR002083,CUST2083,Brand Website,7600,10,9800,Full Kits,8,Low,0.06,Credit Card,High,Yes
PUR002084,CUST2084,Local Store,1730,1,1980,Accessories,1,Medium,0.33,Cash on Delivery,Low,No
PUR002085,CUST2085,Amazon,4980,6,6280,Shoes,5,Medium,0.18,UPI,Medium,Yes
PUR002086,CUST2086,Brand Website,6980,9,8880,Full Kits,7,Low,0.08,Credit Card,High,Yes
PUR002087,CUST2087,Flipkart,3070,3,3770,Gloves,3,High,0.45,Debit Card,Medium,No
PUR002088,CUST2088,Amazon,4320,5,5520,Bats,4,Medium,0.21,UPI,Medium,Yes
PUR002089,CUST2089,Local Store,1940,1,2240,Accessories,1,High,0.56,Cash on Delivery,Low,No
PUR002090,CUST2090,Brand Website,6540,8,8340,Full Kits,6,Low,0.07,Credit Card,High,Yes
PUR002091,CUST2091,Amazon,3950,4,5050,Shoes,4,Medium,0.24,UPI,Medium,Yes
PUR002092,CUST2092,Flipkart,2500,2,3000,Jerseys,2,High,0.48,Debit Card,Low,No
PUR002093,CUST2093,Brand Website,7950,10,10150,Full Kits,8,Low,0.05,Credit Card,High,Yes
PUR002094,CUST2094,Local Store,1770,1,2070,Accessories,1,Medium,0.35,Cash on Delivery,Low,No
PUR002095,CUST2095,Amazon,5170,6,6470,Bats,5,Medium,0.17,UPI,Medium,Yes
PUR002096,CUST2096,Brand Website,7230,9,9130,Full Kits,7,Low,0.08,Credit Card,High,Yes
PUR002097,CUST2097,Flipkart,2930,3,3630,Gloves,3,High,0.42,Debit Card,Medium,No
PUR002098,CUST2098,Amazon,4530,5,5730,Shoes,4,Medium,0.22,UPI,Medium,Yes
PUR002099,CUST2099,Local Store,2050,1,2350,Accessories,1,High,0.59,Cash on Delivery,Low,No
PUR002100,CUST2100,Brand Website,6380,8,8180,Full Kits,6,Low,0.09,Credit Card,High,Yes
PUR002101,CUST2101,Amazon,4110,5,5210,Bats,4,Medium,0.22,UPI,Medium,Yes
PUR002102,CUST2102,Flipkart,2570,2,3070,Jerseys,2,High,0.52,Debit Card,Low,No
PUR002103,CUST2103,Brand Website,7610,10,9810,Full Kits,8,Low,0.06,Credit Card,High,Yes
PUR002104,CUST2104,Local Store,1740,1,1990,Accessories,1,Medium,0.33,Cash on Delivery,Low,No
PUR002105,CUST2105,Amazon,4990,6,6290,Shoes,5,Medium,0.18,UPI,Medium,Yes
PUR002106,CUST2106,Brand Website,6990,9,8890,Full Kits,7,Low,0.08,Credit Card,High,Yes
PUR002107,CUST2107,Flipkart,3080,3,3780,Gloves,3,High,0.45,Debit Card,Medium,No
PUR002108,CUST2108,Amazon,4330,5,5530,Bats,4,Medium,0.21,UPI,Medium,Yes
PUR002109,CUST2109,Local Store,1950,1,2250,Accessories,1,High,0.56,Cash on Delivery,Low,No
PUR002110,CUST2110,Brand Website,6550,8,8350,Full Kits,6,Low,0.07,Credit Card,High,Yes
PUR002111,CUST2111,Amazon,3960,4,5060,Shoes,4,Medium,0.24,UPI,Medium,Yes
PUR002112,CUST2112,Flipkart,2510,2,3010,Jerseys,2,High,0.48,Debit Card,Low,No
PUR002113,CUST2113,Brand Website,7960,10,10160,Full Kits,8,Low,0.05,Credit Card,High,Yes
PUR002114,CUST2114,Local Store,1780,1,2080,Accessories,1,Medium,0.35,Cash on Delivery,Low,No
PUR002115,CUST2115,Amazon,5180,6,6480,Bats,5,Medium,0.17,UPI,Medium,Yes
PUR002116,CUST2116,Brand Website,7240,9,9140,Full Kits,7,Low,0.08,Credit Card,High,Yes
PUR002117,CUST2117,Flipkart,2940,3,3640,Gloves,3,High,0.42,Debit Card,Medium,No
PUR002118,CUST2118,Amazon,4540,5,5740,Shoes,4,Medium,0.22,UPI,Medium,Yes
PUR002119,CUST2119,Local Store,2060,1,2360,Accessories,1,High,0.59,Cash on Delivery,Low,No
PUR002120,CUST2120,Brand Website,6390,8,8190,Full Kits,6,Low,0.09,Credit Card,High,Yes
PUR002121,CUST2121,Amazon,4120,5,5220,Bats,4,Medium,0.22,UPI,Medium,Yes
PUR002122,CUST2122,Flipkart,2580,2,3080,Jerseys,2,High,0.52,Debit Card,Low,No
PUR002123,CUST2123,Brand Website,7620,10,9820,Full Kits,8,Low,0.06,Credit Card,High,Yes
PUR002124,CUST2124,Local Store,1750,1,2000,Accessories,1,Medium,0.33,Cash on Delivery,Low,No
PUR002125,CUST2125,Amazon,5000,6,6300,Shoes,5,Medium,0.18,UPI,Medium,Yes
PUR002126,CUST2126,Brand Website,7000,9,8900,Full Kits,7,Low,0.08,Credit Card,High,Yes
PUR002127,CUST2127,Flipkart,3090,3,3790,Gloves,3,High,0.45,Debit Card,Medium,No
PUR002128,CUST2128,Amazon,4340,5,5540,Bats,4,Medium,0.21,UPI,Medium,Yes
PUR002129,CUST2129,Local Store,1960,1,2260,Accessories,1,High,0.56,Cash on Delivery,Low,No
PUR002130,CUST2130,Brand Website,6560,8,8360,Full Kits,6,Low,0.07,Credit Card,High,Yes
PUR002131,CUST2131,Amazon,3970,4,5070,Shoes,4,Medium,0.24,UPI,Medium,Yes
PUR002132,CUST2132,Flipkart,2520,2,3020,Jerseys,2,High,0.48,Debit Card,Low,No
PUR002133,CUST2133,Brand Website,7970,10,10170,Full Kits,8,Low,0.05,Credit Card,High,Yes
PUR002134,CUST2134,Local Store,1790,1,2090,Accessories,1,Medium,0.35,Cash on Delivery,Low,No
PUR002135,CUST2135,Amazon,5190,6,6490,Bats,5,Medium,0.17,UPI,Medium,Yes
PUR002136,CUST2136,Brand Website,7250,9,9150,Full Kits,7,Low,0.08,Credit Card,High,Yes
PUR002137,CUST2137,Flipkart,2950,3,3650,Gloves,3,High,0.42,Debit Card,Medium,No
PUR002138,CUST2138,Amazon,4550,5,5750,Shoes,4,Medium,0.22,UPI,Medium,Yes
PUR002139,CUST2139,Local Store,2070,1,2370,Accessories,1,High,0.59,Cash on Delivery,Low,No
PUR002140,CUST2140,Brand Website,6400,8,8200,Full Kits,6,Low,0.09,Credit Card,High,Yes
PUR002141,CUST2141,Amazon,4130,5,5230,Bats,4,Medium,0.22,UPI,Medium,Yes
PUR002142,CUST2142,Flipkart,2590,2,3090,Jerseys,2,High,0.52,Debit Card,Low,No
PUR002143,CUST2143,Brand Website,7630,10,9830,Full Kits,8,Low,0.06,Credit Card,High,Yes
PUR002144,CUST2144,Local Store,1760,1,2010,Accessories,1,Medium,0.33,Cash on Delivery,Low,No
PUR002145,CUST2145,Amazon,5010,6,6310,Shoes,5,Medium,0.18,UPI,Medium,Yes
PUR002146,CUST2146,Brand Website,7010,9,8910,Full Kits,7,Low,0.08,Credit Card,High,Yes
PUR002147,CUST2147,Flipkart,3100,3,3800,Gloves,3,High,0.45,Debit Card,Medium,No
PUR002148,CUST2148,Amazon,4350,5,5550,Bats,4,Medium,0.21,UPI,Medium,Yes
PUR002149,CUST2149,Local Store,1970,1,2270,Accessories,1,High,0.56,Cash on Delivery,Low,No
PUR002150,CUST2150,Brand Website,6570,8,8370,Full Kits,6,Low,0.07,Credit Card,High,Yes
PUR002151,CUST2151,Amazon,3980,4,5080,Shoes,4,Medium,0.24,UPI,Medium,Yes
PUR002152,CUST2152,Flipkart,2530,2,3030,Jerseys,2,High,0.48,Debit Card,Low,No
PUR002153,CUST2153,Brand Website,7980,10,10180,Full Kits,8,Low,0.05,Credit Card,High,Yes
PUR002154,CUST2154,Local Store,1800,1,2100,Accessories,1,Medium,0.35,Cash on Delivery,Low,No
PUR002155,CUST2155,Amazon,5200,6,6500,Bats,5,Medium,0.17,UPI,Medium,Yes
PUR002156,CUST2156,Brand Website,7260,9,9160,Full Kits,7,Low,0.08,Credit Card,High,Yes
PUR002157,CUST2157,Flipkart,2960,3,3660,Gloves,3,High,0.42,Debit Card,Medium,No
PUR002158,CUST2158,Amazon,4560,5,5760,Shoes,4,Medium,0.22,UPI,Medium,Yes
PUR002159,CUST2159,Local Store,2080,1,2380,Accessories,1,High,0.59,Cash on Delivery,Low,No
PUR002160,CUST2160,Brand Website,6410,8,8210,Full Kits,6,Low,0.09,Credit Card,High,Yes
PUR002161,CUST2161,Amazon,4140,5,5240,Bats,4,Medium,0.22,UPI,Medium,Yes
PUR002162,CUST2162,Flipkart,2600,2,3100,Jerseys,2,High,0.52,Debit Card,Low,No
PUR002163,CUST2163,Brand Website,7640,10,9840,Full Kits,8,Low,0.06,Credit Card,High,Yes
PUR002164,CUST2164,Local Store,1770,1,2020,Accessories,1,Medium,0.33,Cash on Delivery,Low,No
PUR002165,CUST2165,Amazon,5020,6,6320,Shoes,5,Medium,0.18,UPI,Medium,Yes
PUR002166,CUST2166,Brand Website,7020,9,8920,Full Kits,7,Low,0.08,Credit Card,High,Yes
PUR002167,CUST2167,Flipkart,3110,3,3810,Gloves,3,High,0.45,Debit Card,Medium,No
PUR002168,CUST2168,Amazon,4360,5,5560,Bats,4,Medium,0.21,UPI,Medium,Yes
PUR002169,CUST2169,Local Store,1980,1,2280,Accessories,1,High,0.56,Cash on Delivery,Low,No
PUR002170,CUST2170,Brand Website,6580,8,8380,Full Kits,6,Low,0.07,Credit Card,High,Yes
PUR002171,CUST2171,Amazon,3990,4,5090,Shoes,4,Medium,0.24,UPI,Medium,Yes
PUR002172,CUST2172,Flipkart,2540,2,3040,Jerseys,2,High,0.48,Debit Card,Low,No
PUR002173,CUST2173,Brand Website,7990,10,10190,Full Kits,8,Low,0.05,Credit Card,High,Yes
PUR002174,CUST2174,Local Store,1810,1,2110,Accessories,1,Medium,0.35,Cash on Delivery,Low,No
PUR002175,CUST2175,Amazon,5210,6,6510,Bats,5,Medium,0.17,UPI,Medium,Yes
PUR002176,CUST2176,Brand Website,7270,9,9170,Full Kits,7,Low,0.08,Credit Card,High,Yes
PUR002177,CUST2177,Flipkart,2970,3,3670,Gloves,3,High,0.42,Debit Card,Medium,No
PUR002178,CUST2178,Amazon,4570,5,5770,Shoes,4,Medium,0.22,UPI,Medium,Yes
PUR002179,CUST2179,Local Store,2090,1,2390,Accessories,1,High,0.59,Cash on Delivery,Low,No
PUR002180,CUST2180,Brand Website,6420,8,8220,Full Kits,6,Low,0.09,Credit Card,High,Yes
PUR002181,CUST2181,Amazon,4150,5,5250,Bats,4,Medium,0.22,UPI,Medium,Yes
PUR002182,CUST2182,Flipkart,2610,2,3110,Jerseys,2,High,0.52,Debit Card,Low,No
PUR002183,CUST2183,Brand Website,7650,10,9850,Full Kits,8,Low,0.06,Credit Card,High,Yes
PUR002184,CUST2184,Local Store,1780,1,2030,Accessories,1,Medium,0.33,Cash on Delivery,Low,No
PUR002185,CUST2185,Amazon,5030,6,6330,Shoes,5,Medium,0.18,UPI,Medium,Yes
PUR002186,CUST2186,Brand Website,7030,9,8930,Full Kits,7,Low,0.08,Credit Card,High,Yes
PUR002187,CUST2187,Flipkart,3120,3,3820,Gloves,3,High,0.45,Debit Card,Medium,No
PUR002188,CUST2188,Amazon,4370,5,5570,Bats,4,Medium,0.21,UPI,Medium,Yes
PUR002189,CUST2189,Local Store,1990,1,2290,Accessories,1,High,0.56,Cash on Delivery,Low,No
PUR002190,CUST2190,Brand Website,6590,8,8390,Full Kits,6,Low,0.07,Credit Card,High,Yes
PUR002191,CUST2191,Amazon,4000,4,5100,Shoes,4,Medium,0.24,UPI,Medium,Yes
PUR002192,CUST2192,Flipkart,2550,2,3050,Jerseys,2,High,0.48,Debit Card,Low,No
PUR002193,CUST2193,Brand Website,8000,10,10200,Full Kits,8,Low,0.05,Credit Card,High,Yes
PUR002194,CUST2194,Local Store,1820,1,2120,Accessories,1,Medium,0.35,Cash on Delivery,Low,No
PUR002195,CUST2195,Amazon,5220,6,6520,Bats,5,Medium,0.17,UPI,Medium,Yes
PUR002196,CUST2196,Brand Website,7280,9,9180,Full Kits,7,Low,0.08,Credit Card,High,Yes
PUR002197,CUST2197,Flipkart,2980,3,3680,Gloves,3,High,0.42,Debit Card,Medium,No
PUR002198,CUST2198,Amazon,4580,5,5780,Shoes,4,Medium,0.22,UPI,Medium,Yes
PUR002199,CUST2199,Local Store,2100,1,2400,Accessories,1,High,0.59,Cash on Delivery,Low,No
PUR002200,CUST2200,Brand Website,6430,8,8230,Full Kits,6,Low,0.09,Credit Card,High,Yes
PUR002201,CUST2201,Amazon,4160,5,5260,Bats,4,Medium,0.21,UPI,Medium,Yes
PUR002202,CUST2202,Flipkart,2620,2,3120,Jerseys,2,High,0.53,Debit Card,Low,No
PUR002203,CUST2203,Brand Website,7660,10,9860,Full Kits,8,Low,0.06,Credit Card,High,Yes
PUR002204,CUST2204,Local Store,1790,1,2040,Accessories,1,Medium,0.34,Cash on Delivery,Low,No
PUR002205,CUST2205,Amazon,5040,6,6340,Shoes,5,Medium,0.18,UPI,Medium,Yes
PUR002206,CUST2206,Brand Website,7040,9,8940,Full Kits,7,Low,0.08,Credit Card,High,Yes
PUR002207,CUST2207,Flipkart,3130,3,3830,Gloves,3,High,0.46,Debit Card,Medium,No
PUR002208,CUST2208,Amazon,4380,5,5580,Bats,4,Medium,0.20,UPI,Medium,Yes
PUR002209,CUST2209,Local Store,2000,1,2300,Accessories,1,High,0.57,Cash on Delivery,Low,No
PUR002210,CUST2210,Brand Website,6600,8,8400,Full Kits,6,Low,0.07,Credit Card,High,Yes
PUR002211,CUST2211,Amazon,4010,4,5110,Shoes,4,Medium,0.23,UPI,Medium,Yes
PUR002212,CUST2212,Flipkart,2560,2,3060,Jerseys,2,High,0.49,Debit Card,Low,No
PUR002213,CUST2213,Brand Website,8010,10,10210,Full Kits,8,Low,0.05,Credit Card,High,Yes
PUR002214,CUST2214,Local Store,1830,1,2130,Accessories,1,Medium,0.36,Cash on Delivery,Low,No
PUR002215,CUST2215,Amazon,5230,6,6530,Bats,5,Medium,0.16,UPI,Medium,Yes
PUR002216,CUST2216,Brand Website,7290,9,9190,Full Kits,7,Low,0.08,Credit Card,High,Yes
PUR002217,CUST2217,Flipkart,2990,3,3690,Gloves,3,High,0.43,Debit Card,Medium,No
PUR002218,CUST2218,Amazon,4590,5,5790,Shoes,4,Medium,0.22,UPI,Medium,Yes
PUR002219,CUST2219,Local Store,2110,1,2410,Accessories,1,High,0.60,Cash on Delivery,Low,No
PUR002220,CUST2220,Brand Website,6440,8,8240,Full Kits,6,Low,0.09,Credit Card,High,Yes
PUR002221,CUST2221,Amazon,4170,5,5270,Bats,4,Medium,0.21,UPI,Medium,Yes
PUR002222,CUST2222,Flipkart,2630,2,3130,Jerseys,2,High,0.53,Debit Card,Low,No
PUR002223,CUST2223,Brand Website,7670,10,9870,Full Kits,8,Low,0.06,Credit Card,High,Yes
PUR002224,CUST2224,Local Store,1800,1,2050,Accessories,1,Medium,0.34,Cash on Delivery,Low,No
PUR002225,CUST2225,Amazon,5050,6,6350,Shoes,5,Medium,0.18,UPI,Medium,Yes
PUR002226,CUST2226,Brand Website,7050,9,8950,Full Kits,7,Low,0.08,Credit Card,High,Yes
PUR002227,CUST2227,Flipkart,3140,3,3840,Gloves,3,High,0.46,Debit Card,Medium,No
PUR002228,CUST2228,Amazon,4390,5,5590,Bats,4,Medium,0.20,UPI,Medium,Yes
PUR002229,CUST2229,Local Store,2010,1,2310,Accessories,1,High,0.57,Cash on Delivery,Low,No
PUR002230,CUST2230,Brand Website,6610,8,8410,Full Kits,6,Low,0.07,Credit Card,High,Yes
PUR002231,CUST2231,Amazon,4020,4,5120,Shoes,4,Medium,0.23,UPI,Medium,Yes
PUR002232,CUST2232,Flipkart,2570,2,3070,Jerseys,2,High,0.49,Debit Card,Low,No
PUR002233,CUST2233,Brand Website,8020,10,10220,Full Kits,8,Low,0.05,Credit Card,High,Yes
PUR002234,CUST2234,Local Store,1840,1,2140,Accessories,1,Medium,0.36,Cash on Delivery,Low,No
PUR002235,CUST2235,Amazon,5240,6,6540,Bats,5,Medium,0.16,UPI,Medium,Yes
PUR002236,CUST2236,Brand Website,7300,9,9200,Full Kits,7,Low,0.08,Credit Card,High,Yes
PUR002237,CUST2237,Flipkart,3000,3,3700,Gloves,3,High,0.43,Debit Card,Medium,No
PUR002238,CUST2238,Amazon,4600,5,5800,Shoes,4,Medium,0.22,UPI,Medium,Yes
PUR002239,CUST2239,Local Store,2120,1,2420,Accessories,1,High,0.60,Cash on Delivery,Low,No
PUR002240,CUST2240,Brand Website,6450,8,8250,Full Kits,6,Low,0.09,Credit Card,High,Yes
PUR002241,CUST2241,Amazon,4180,5,5280,Bats,4,Medium,0.21,UPI,Medium,Yes
PUR002242,CUST2242,Flipkart,2640,2,3140,Jerseys,2,High,0.53,Debit Card,Low,No
PUR002243,CUST2243,Brand Website,7680,10,9880,Full Kits,8,Low,0.06,Credit Card,High,Yes
PUR002244,CUST2244,Local Store,1810,1,2060,Accessories,1,Medium,0.34,Cash on Delivery,Low,No
PUR002245,CUST2245,Amazon,5060,6,6360,Shoes,5,Medium,0.18,UPI,Medium,Yes
PUR002246,CUST2246,Brand Website,7060,9,8960,Full Kits,7,Low,0.08,Credit Card,High,Yes
PUR002247,CUST2247,Flipkart,3150,3,3850,Gloves,3,High,0.46,Debit Card,Medium,No
PUR002248,CUST2248,Amazon,4400,5,5600,Bats,4,Medium,0.20,UPI,Medium,Yes
PUR002249,CUST2249,Local Store,2020,1,2320,Accessories,1,High,0.57,Cash on Delivery,Low,No
PUR002250,CUST2250,Brand Website,6620,8,8420,Full Kits,6,Low,0.07,Credit Card,High,Yes
PUR002251,CUST2251,Amazon,4030,4,5130,Shoes,4,Medium,0.23,UPI,Medium,Yes
PUR002252,CUST2252,Flipkart,2580,2,3080,Jerseys,2,High,0.49,Debit Card,Low,No
PUR002253,CUST2253,Brand Website,8030,10,10230,Full Kits,8,Low,0.05,Credit Card,High,Yes
PUR002254,CUST2254,Local Store,1850,1,2150,Accessories,1,Medium,0.36,Cash on Delivery,Low,No
PUR002255,CUST2255,Amazon,5250,6,6550,Bats,5,Medium,0.16,UPI,Medium,Yes
PUR002256,CUST2256,Brand Website,7310,9,9210,Full Kits,7,Low,0.08,Credit Card,High,Yes
PUR002257,CUST2257,Flipkart,3010,3,3710,Gloves,3,High,0.43,Debit Card,Medium,No
PUR002258,CUST2258,Amazon,4610,5,5810,Shoes,4,Medium,0.22,UPI,Medium,Yes
PUR002259,CUST2259,Local Store,2130,1,2430,Accessories,1,High,0.60,Cash on Delivery,Low,No
PUR002260,CUST2260,Brand Website,6460,8,8260,Full Kits,6,Low,0.09,Credit Card,High,Yes
PUR002261,CUST2261,Amazon,4190,5,5290,Bats,4,Medium,0.21,UPI,Medium,Yes
PUR002262,CUST2262,Flipkart,2650,2,3150,Jerseys,2,High,0.53,Debit Card,Low,No
PUR002263,CUST2263,Brand Website,7690,10,9890,Full Kits,8,Low,0.06,Credit Card,High,Yes
PUR002264,CUST2264,Local Store,1820,1,2070,Accessories,1,Medium,0.34,Cash on Delivery,Low,No
PUR002265,CUST2265,Amazon,5070,6,6370,Shoes,5,Medium,0.18,UPI,Medium,Yes
PUR002266,CUST2266,Brand Website,7070,9,8970,Full Kits,7,Low,0.08,Credit Card,High,Yes
PUR002267,CUST2267,Flipkart,3160,3,3860,Gloves,3,High,0.46,Debit Card,Medium,No
PUR002268,CUST2268,Amazon,4410,5,5610,Bats,4,Medium,0.20,UPI,Medium,Yes
PUR002269,CUST2269,Local Store,2030,1,2330,Accessories,1,High,0.57,Cash on Delivery,Low,No
PUR002270,CUST2270,Brand Website,6630,8,8430,Full Kits,6,Low,0.07,Credit Card,High,Yes
PUR002271,CUST2271,Amazon,4040,4,5140,Shoes,4,Medium,0.23,UPI,Medium,Yes
PUR002272,CUST2272,Flipkart,2590,2,3090,Jerseys,2,High,0.49,Debit Card,Low,No
PUR002273,CUST2273,Brand Website,8040,10,10240,Full Kits,8,Low,0.05,Credit Card,High,Yes
PUR002274,CUST2274,Local Store,1860,1,2160,Accessories,1,Medium,0.36,Cash on Delivery,Low,No
PUR002275,CUST2275,Amazon,5260,6,6560,Bats,5,Medium,0.16,UPI,Medium,Yes
PUR002276,CUST2276,Brand Website,7320,9,9220,Full Kits,7,Low,0.08,Credit Card,High,Yes
PUR002277,CUST2277,Flipkart,3020,3,3720,Gloves,3,High,0.43,Debit Card,Medium,No
PUR002278,CUST2278,Amazon,4620,5,5820,Shoes,4,Medium,0.22,UPI,Medium,Yes
PUR002279,CUST2279,Local Store,2140,1,2440,Accessories,1,High,0.60,Cash on Delivery,Low,No
PUR002280,CUST2280,Brand Website,6470,8,8270,Full Kits,6,Low,0.09,Credit Card,High,Yes
PUR002281,CUST2281,Amazon,4200,5,5300,Bats,4,Medium,0.21,UPI,Medium,Yes
PUR002282,CUST2282,Flipkart,2660,2,3160,Jerseys,2,High,0.53,Debit Card,Low,No
PUR002283,CUST2283,Brand Website,7700,10,9900,Full Kits,8,Low,0.06,Credit Card,High,Yes
PUR002284,CUST2284,Local Store,1830,1,2080,Accessories,1,Medium,0.34,Cash on Delivery,Low,No
PUR002285,CUST2285,Amazon,5080,6,6380,Shoes,5,Medium,0.18,UPI,Medium,Yes
PUR002286,CUST2286,Brand Website,7080,9,8980,Full Kits,7,Low,0.08,Credit Card,High,Yes
PUR002287,CUST2287,Flipkart,3170,3,3870,Gloves,3,High,0.46,Debit Card,Medium,No
PUR002288,CUST2288,Amazon,4420,5,5620,Bats,4,Medium,0.20,UPI,Medium,Yes
PUR002289,CUST2289,Local Store,2040,1,2340,Accessories,1,High,0.57,Cash on Delivery,Low,No
PUR002290,CUST2290,Brand Website,6640,8,8440,Full Kits,6,Low,0.07,Credit Card,High,Yes
PUR002291,CUST2291,Amazon,4050,4,5150,Shoes,4,Medium,0.23,UPI,Medium,Yes
PUR002292,CUST2292,Flipkart,2600,2,3100,Jerseys,2,High,0.49,Debit Card,Low,No
PUR002293,CUST2293,Brand Website,8050,10,10250,Full Kits,8,Low,0.05,Credit Card,High,Yes
PUR002294,CUST2294,Local Store,1870,1,2170,Accessories,1,Medium,0.36,Cash on Delivery,Low,No
PUR002295,CUST2295,Amazon,5270,6,6570,Bats,5,Medium,0.16,UPI,Medium,Yes
PUR002296,CUST2296,Brand Website,7330,9,9230,Full Kits,7,Low,0.08,Credit Card,High,Yes
PUR002297,CUST2297,Flipkart,3030,3,3730,Gloves,3,High,0.43,Debit Card,Medium,No
PUR002298,CUST2298,Amazon,4630,5,5830,Shoes,4,Medium,0.22,UPI,Medium,Yes
PUR002299,CUST2299,Local Store,2150,1,2450,Accessories,1,High,0.60,Cash on Delivery,Low,No
PUR002300,CUST2300,Brand Website,6480,8,8280,Full Kits,6,Low,0.09,Credit Card,High,Yes
PUR002301,CUST2301,Amazon,4210,5,5310,Bats,4,Medium,0.21,UPI,Medium,Yes
PUR002302,CUST2302,Flipkart,2670,2,3170,Jerseys,2,High,0.53,Debit Card,Low,No
PUR002303,CUST2303,Brand Website,7710,10,9910,Full Kits,8,Low,0.06,Credit Card,High,Yes
PUR002304,CUST2304,Local Store,1840,1,2090,Accessories,1,Medium,0.34,Cash on Delivery,Low,No
PUR002305,CUST2305,Amazon,5090,6,6390,Shoes,5,Medium,0.18,UPI,Medium,Yes
PUR002306,CUST2306,Brand Website,7090,9,8990,Full Kits,7,Low,0.08,Credit Card,High,Yes
PUR002307,CUST2307,Flipkart,3180,3,3880,Gloves,3,High,0.46,Debit Card,Medium,No
PUR002308,CUST2308,Amazon,4430,5,5630,Bats,4,Medium,0.20,UPI,Medium,Yes
PUR002309,CUST2309,Local Store,2050,1,2350,Accessories,1,High,0.57,Cash on Delivery,Low,No
PUR002310,CUST2310,Brand Website,6650,8,8450,Full Kits,6,Low,0.07,Credit Card,High,Yes
PUR002311,CUST2311,Amazon,4060,4,5160,Shoes,4,Medium,0.23,UPI,Medium,Yes
PUR002312,CUST2312,Flipkart,2610,2,3110,Jerseys,2,High,0.49,Debit Card,Low,No
PUR002313,CUST2313,Brand Website,8060,10,10260,Full Kits,8,Low,0.05,Credit Card,High,Yes
PUR002314,CUST2314,Local Store,1880,1,2180,Accessories,1,Medium,0.36,Cash on Delivery,Low,No
PUR002315,CUST2315,Amazon,5280,6,6580,Bats,5,Medium,0.16,UPI,Medium,Yes
PUR002316,CUST2316,Brand Website,7340,9,9240,Full Kits,7,Low,0.08,Credit Card,High,Yes
PUR002317,CUST2317,Flipkart,3040,3,3740,Gloves,3,High,0.43,Debit Card,Medium,No
PUR002318,CUST2318,Amazon,4640,5,5840,Shoes,4,Medium,0.22,UPI,Medium,Yes
PUR002319,CUST2319,Local Store,2160,1,2460,Accessories,1,High,0.60,Cash on Delivery,Low,No
PUR002320,CUST2320,Brand Website,6490,8,8290,Full Kits,6,Low,0.09,Credit Card,High,Yes
PUR002321,CUST2321,Amazon,4220,5,5320,Bats,4,Medium,0.21,UPI,Medium,Yes
PUR002322,CUST2322,Flipkart,2680,2,3180,Jerseys,2,High,0.53,Debit Card,Low,No
PUR002323,CUST2323,Brand Website,7720,10,9920,Full Kits,8,Low,0.06,Credit Card,High,Yes
PUR002324,CUST2324,Local Store,1850,1,2100,Accessories,1,Medium,0.34,Cash on Delivery,Low,No
PUR002325,CUST2325,Amazon,5100,6,6400,Shoes,5,Medium,0.18,UPI,Medium,Yes
PUR002326,CUST2326,Brand Website,7100,9,9000,Full Kits,7,Low,0.08,Credit Card,High,Yes
PUR002327,CUST2327,Flipkart,3190,3,3890,Gloves,3,High,0.46,Debit Card,Medium,No
PUR002328,CUST2328,Amazon,4440,5,5640,Bats,4,Medium,0.20,UPI,Medium,Yes
PUR002329,CUST2329,Local Store,2060,1,2360,Accessories,1,High,0.57,Cash on Delivery,Low,No
PUR002330,CUST2330,Brand Website,6660,8,8460,Full Kits,6,Low,0.07,Credit Card,High,Yes
PUR002331,CUST2331,Amazon,4070,4,5170,Shoes,4,Medium,0.23,UPI,Medium,Yes
PUR002332,CUST2332,Flipkart,2620,2,3120,Jerseys,2,High,0.49,Debit Card,Low,No
PUR002333,CUST2333,Brand Website,8070,10,10270,Full Kits,8,Low,0.05,Credit Card,High,Yes
PUR002334,CUST2334,Local Store,1890,1,2190,Accessories,1,Medium,0.36,Cash on Delivery,Low,No
PUR002335,CUST2335,Amazon,5290,6,6590,Bats,5,Medium,0.16,UPI,Medium,Yes
PUR002336,CUST2336,Brand Website,7350,9,9250,Full Kits,7,Low,0.08,Credit Card,High,Yes
PUR002337,CUST2337,Flipkart,3050,3,3750,Gloves,3,High,0.43,Debit Card,Medium,No
PUR002338,CUST2338,Amazon,4650,5,5850,Shoes,4,Medium,0.22,UPI,Medium,Yes
PUR002339,CUST2339,Local Store,2170,1,2470,Accessories,1,High,0.60,Cash on Delivery,Low,No
PUR002340,CUST2340,Brand Website,6500,8,8300,Full Kits,6,Low,0.09,Credit Card,High,Yes
PUR002341,CUST2341,Amazon,4230,5,5330,Bats,4,Medium,0.21,UPI,Medium,Yes
PUR002342,CUST2342,Flipkart,2690,2,3190,Jerseys,2,High,0.53,Debit Card,Low,No
PUR002343,CUST2343,Brand Website,7730,10,9930,Full Kits,8,Low,0.06,Credit Card,High,Yes
PUR002344,CUST2344,Local Store,1860,1,2110,Accessories,1,Medium,0.34,Cash on Delivery,Low,No
PUR002345,CUST2345,Amazon,5110,6,6410,Shoes,5,Medium,0.18,UPI,Medium,Yes
PUR002346,CUST2346,Brand Website,7110,9,9010,Full Kits,7,Low,0.08,Credit Card,High,Yes
PUR002347,CUST2347,Flipkart,3200,3,3900,Gloves,3,High,0.46,Debit Card,Medium,No
PUR002348,CUST2348,Amazon,4450,5,5650,Bats,4,Medium,0.20,UPI,Medium,Yes
PUR002349,CUST2349,Local Store,2070,1,2370,Accessories,1,High,0.57,Cash on Delivery,Low,No
PUR002350,CUST2350,Brand Website,6670,8,8470,Full Kits,6,Low,0.07,Credit Card,High,Yes
PUR002351,CUST2351,Amazon,4080,4,5180,Shoes,4,Medium,0.23,UPI,Medium,Yes
PUR002352,CUST2352,Flipkart,2630,2,3130,Jerseys,2,High,0.49,Debit Card,Low,No
PUR002353,CUST2353,Brand Website,8080,10,10280,Full Kits,8,Low,0.05,Credit Card,High,Yes
PUR002354,CUST2354,Local Store,1900,1,2200,Accessories,1,Medium,0.36,Cash on Delivery,Low,No
PUR002355,CUST2355,Amazon,5300,6,6600,Bats,5,Medium,0.16,UPI,Medium,Yes
PUR002356,CUST2356,Brand Website,7360,9,9260,Full Kits,7,Low,0.08,Credit Card,High,Yes
PUR002357,CUST2357,Flipkart,3060,3,3760,Gloves,3,High,0.43,Debit Card,Medium,No
PUR002358,CUST2358,Amazon,4660,5,5860,Shoes,4,Medium,0.22,UPI,Medium,Yes
PUR002359,CUST2359,Local Store,2180,1,2480,Accessories,1,High,0.60,Cash on Delivery,Low,No
PUR002360,CUST2360,Brand Website,6510,8,8310,Full Kits,6,Low,0.09,Credit Card,High,Yes
PUR002361,CUST2361,Amazon,4240,5,5340,Bats,4,Medium,0.21,UPI,Medium,Yes
PUR002362,CUST2362,Flipkart,2700,2,3200,Jerseys,2,High,0.53,Debit Card,Low,No
PUR002363,CUST2363,Brand Website,7740,10,9940,Full Kits,8,Low,0.06,Credit Card,High,Yes
PUR002364,CUST2364,Local Store,1870,1,2120,Accessories,1,Medium,0.34,Cash on Delivery,Low,No
PUR002365,CUST2365,Amazon,5120,6,6420,Shoes,5,Medium,0.18,UPI,Medium,Yes
PUR002366,CUST2366,Brand Website,7120,9,9020,Full Kits,7,Low,0.08,Credit Card,High,Yes
PUR002367,CUST2367,Flipkart,3210,3,3910,Gloves,3,High,0.46,Debit Card,Medium,No
PUR002368,CUST2368,Amazon,4460,5,5660,Bats,4,Medium,0.20,UPI,Medium,Yes
PUR002369,CUST2369,Local Store,2080,1,2380,Accessories,1,High,0.57,Cash on Delivery,Low,No
PUR002370,CUST2370,Brand Website,6680,8,8480,Full Kits,6,Low,0.07,Credit Card,High,Yes
PUR002371,CUST2371,Amazon,4090,4,5190,Shoes,4,Medium,0.23,UPI,Medium,Yes
PUR002372,CUST2372,Flipkart,2640,2,3140,Jerseys,2,High,0.49,Debit Card,Low,No
PUR002373,CUST2373,Brand Website,8090,10,10290,Full Kits,8,Low,0.05,Credit Card,High,Yes
PUR002374,CUST2374,Local Store,1910,1,2210,Accessories,1,Medium,0.36,Cash on Delivery,Low,No
PUR002375,CUST2375,Amazon,5310,6,6610,Bats,5,Medium,0.16,UPI,Medium,Yes
PUR002376,CUST2376,Brand Website,7370,9,9270,Full Kits,7,Low,0.08,Credit Card,High,Yes
PUR002377,CUST2377,Flipkart,3070,3,3770,Gloves,3,High,0.43,Debit Card,Medium,No
PUR002378,CUST2378,Amazon,4670,5,5870,Shoes,4,Medium,0.22,UPI,Medium,Yes
PUR002379,CUST2379,Local Store,2190,1,2490,Accessories,1,High,0.60,Cash on Delivery,Low,No
PUR002380,CUST2380,Brand Website,6520,8,8320,Full Kits,6,Low,0.09,Credit Card,High,Yes
PUR002381,CUST2381,Amazon,4250,5,5350,Bats,4,Medium,0.21,UPI,Medium,Yes
PUR002382,CUST2382,Flipkart,2710,2,3210,Jerseys,2,High,0.53,Debit Card,Low,No
PUR002383,CUST2383,Brand Website,7750,10,9950,Full Kits,8,Low,0.06,Credit Card,High,Yes
PUR002384,CUST2384,Local Store,1880,1,2130,Accessories,1,Medium,0.34,Cash on Delivery,Low,No
PUR002385,CUST2385,Amazon,5130,6,6430,Shoes,5,Medium,0.18,UPI,Medium,Yes
PUR002386,CUST2386,Brand Website,7130,9,9030,Full Kits,7,Low,0.08,Credit Card,High,Yes
PUR002387,CUST2387,Flipkart,3220,3,3920,Gloves,3,High,0.46,Debit Card,Medium,No
PUR002388,CUST2388,Amazon,4470,5,5670,Bats,4,Medium,0.20,UPI,Medium,Yes
PUR002389,CUST2389,Local Store,2090,1,2390,Accessories,1,High,0.57,Cash on Delivery,Low,No
PUR002390,CUST2390,Brand Website,6690,8,8490,Full Kits,6,Low,0.07,Credit Card,High,Yes
PUR002391,CUST2391,Amazon,4100,4,5200,Shoes,4,Medium,0.23,UPI,Medium,Yes
PUR002392,CUST2392,Flipkart,2650,2,3150,Jerseys,2,High,0.49,Debit Card,Low,No
PUR002393,CUST2393,Brand Website,8100,10,10300,Full Kits,8,Low,0.05,Credit Card,High,Yes
PUR002394,CUST2394,Local Store,1920,1,2220,Accessories,1,Medium,0.36,Cash on Delivery,Low,No
PUR002395,CUST2395,Amazon,5320,6,6620,Bats,5,Medium,0.16,UPI,Medium,Yes
PUR002396,CUST2396,Brand Website,7380,9,9280,Full Kits,7,Low,0.08,Credit Card,High,Yes
PUR002397,CUST2397,Flipkart,3080,3,3780,Gloves,3,High,0.43,Debit Card,Medium,No
PUR002398,CUST2398,Amazon,4680,5,5880,Shoes,4,Medium,0.22,UPI,Medium,Yes
PUR002399,CUST2399,Local Store,2200,1,2500,Accessories,1,High,0.60,Cash on Delivery,Low,No
PUR002400,CUST2400,Brand Website,6530,8,8330,Full Kits,6,Low,0.09,Credit Card,High,Yes
PUR002401,CUST2401,Amazon,4260,5,5360,Bats,4,Medium,0.21,UPI,Medium,Yes
PUR002402,CUST2402,Flipkart,2720,2,3220,Jerseys,2,High,0.53,Debit Card,Low,No
PUR002403,CUST2403,Brand Website,7760,10,9960,Full Kits,8,Low,0.06,Credit Card,High,Yes
PUR002404,CUST2404,Local Store,1890,1,2140,Accessories,1,Medium,0.34,Cash on Delivery,Low,No
PUR002405,CUST2405,Amazon,5140,6,6440,Shoes,5,Medium,0.18,UPI,Medium,Yes
PUR002406,CUST2406,Brand Website,7140,9,9040,Full Kits,7,Low,0.08,Credit Card,High,Yes
PUR002407,CUST2407,Flipkart,3230,3,3930,Gloves,3,High,0.46,Debit Card,Medium,No
PUR002408,CUST2408,Amazon,4480,5,5680,Bats,4,Medium,0.20,UPI,Medium,Yes
PUR002409,CUST2409,Local Store,2100,1,2400,Accessories,1,High,0.57,Cash on Delivery,Low,No
PUR002410,CUST2410,Brand Website,6700,8,8500,Full Kits,6,Low,0.07,Credit Card,High,Yes
PUR002411,CUST2411,Amazon,4110,4,5210,Shoes,4,Medium,0.23,UPI,Medium,Yes
PUR002412,CUST2412,Flipkart,2660,2,3160,Jerseys,2,High,0.49,Debit Card,Low,No
PUR002413,CUST2413,Brand Website,8110,10,10310,Full Kits,8,Low,0.05,Credit Card,High,Yes
PUR002414,CUST2414,Local Store,1930,1,2230,Accessories,1,Medium,0.36,Cash on Delivery,Low,No
PUR002415,CUST2415,Amazon,5330,6,6630,Bats,5,Medium,0.16,UPI,Medium,Yes
PUR002416,CUST2416,Brand Website,7390,9,9290,Full Kits,7,Low,0.08,Credit Card,High,Yes
PUR002417,CUST2417,Flipkart,3090,3,3790,Gloves,3,High,0.43,Debit Card,Medium,No
PUR002418,CUST2418,Amazon,4690,5,5890,Shoes,4,Medium,0.22,UPI,Medium,Yes
PUR002419,CUST2419,Local Store,2210,1,2510,Accessories,1,High,0.60,Cash on Delivery,Low,No
PUR002420,CUST2420,Brand Website,6540,8,8340,Full Kits,6,Low,0.09,Credit Card,High,Yes
PUR002421,CUST2421,Amazon,4270,5,5370,Bats,4,Medium,0.21,UPI,Medium,Yes
PUR002422,CUST2422,Flipkart,2730,2,3230,Jerseys,2,High,0.53,Debit Card,Low,No
PUR002423,CUST2423,Brand Website,7770,10,9970,Full Kits,8,Low,0.06,Credit Card,High,Yes
PUR002424,CUST2424,Local Store,1900,1,2150,Accessories,1,Medium,0.34,Cash on Delivery,Low,No
PUR002425,CUST2425,Amazon,5150,6,6450,Shoes,5,Medium,0.18,UPI,Medium,Yes
PUR002426,CUST2426,Brand Website,7150,9,9050,Full Kits,7,Low,0.08,Credit Card,High,Yes
PUR002427,CUST2427,Flipkart,3240,3,3940,Gloves,3,High,0.46,Debit Card,Medium,No
PUR002428,CUST2428,Amazon,4490,5,5690,Bats,4,Medium,0.20,UPI,Medium,Yes
PUR002429,CUST2429,Local Store,2110,1,2410,Accessories,1,High,0.57,Cash on Delivery,Low,No
PUR002430,CUST2430,Brand Website,6710,8,8510,Full Kits,6,Low,0.07,Credit Card,High,Yes
PUR002431,CUST2431,Amazon,4120,4,5220,Shoes,4,Medium,0.23,UPI,Medium,Yes
PUR002432,CUST2432,Flipkart,2670,2,3170,Jerseys,2,High,0.49,Debit Card,Low,No
PUR002433,CUST2433,Brand Website,8120,10,10320,Full Kits,8,Low,0.05,Credit Card,High,Yes
PUR002434,CUST2434,Local Store,1940,1,2240,Accessories,1,Medium,0.36,Cash on Delivery,Low,No
PUR002435,CUST2435,Amazon,5340,6,6640,Bats,5,Medium,0.16,UPI,Medium,Yes
PUR002436,CUST2436,Brand Website,7400,9,9300,Full Kits,7,Low,0.08,Credit Card,High,Yes
PUR002437,CUST2437,Flipkart,3100,3,3800,Gloves,3,High,0.43,Debit Card,Medium,No
PUR002438,CUST2438,Amazon,4700,5,5900,Shoes,4,Medium,0.22,UPI,Medium,Yes
PUR002439,CUST2439,Local Store,2220,1,2520,Accessories,1,High,0.60,Cash on Delivery,Low,No
PUR002440,CUST2440,Brand Website,6550,8,8350,Full Kits,6,Low,0.09,Credit Card,High,Yes
PUR002441,CUST2441,Amazon,4280,5,5380,Bats,4,Medium,0.21,UPI,Medium,Yes
PUR002442,CUST2442,Flipkart,2740,2,3240,Jerseys,2,High,0.53,Debit Card,Low,No
PUR002443,CUST2443,Brand Website,7780,10,9980,Full Kits,8,Low,0.06,Credit Card,High,Yes
PUR002444,CUST2444,Local Store,1910,1,2160,Accessories,1,Medium,0.34,Cash on Delivery,Low,No
PUR002445,CUST2445,Amazon,5160,6,6460,Shoes,5,Medium,0.18,UPI,Medium,Yes
PUR002446,CUST2446,Brand Website,7160,9,9060,Full Kits,7,Low,0.08,Credit Card,High,Yes
PUR002447,CUST2447,Flipkart,3250,3,3950,Gloves,3,High,0.46,Debit Card,Medium,No
PUR002448,CUST2448,Amazon,4500,5,5700,Bats,4,Medium,0.20,UPI,Medium,Yes
PUR002449,CUST2449,Local Store,2120,1,2420,Accessories,1,High,0.57,Cash on Delivery,Low,No
PUR002450,CUST2450,Brand Website,6720,8,8520,Full Kits,6,Low,0.07,Credit Card,High,Yes
PUR002451,CUST2451,Amazon,4130,4,5230,Shoes,4,Medium,0.23,UPI,Medium,Yes
PUR002452,CUST2452,Flipkart,2680,2,3180,Jerseys,2,High,0.49,Debit Card,Low,No
PUR002453,CUST2453,Brand Website,8130,10,10330,Full Kits,8,Low,0.05,Credit Card,High,Yes
PUR002454,CUST2454,Local Store,1950,1,2250,Accessories,1,Medium,0.36,Cash on Delivery,Low,No
PUR002455,CUST2455,Amazon,5350,6,6650,Bats,5,Medium,0.16,UPI,Medium,Yes
PUR002456,CUST2456,Brand Website,7410,9,9310,Full Kits,7,Low,0.08,Credit Card,High,Yes
PUR002457,CUST2457,Flipkart,3110,3,3810,Gloves,3,High,0.43,Debit Card,Medium,No
PUR002458,CUST2458,Amazon,4710,5,5910,Shoes,4,Medium,0.22,UPI,Medium,Yes
PUR002459,CUST2459,Local Store,2230,1,2530,Accessories,1,High,0.60,Cash on Delivery,Low,No
PUR002460,CUST2460,Brand Website,6560,8,8360,Full Kits,6,Low,0.09,Credit Card,High,Yes
PUR002461,CUST2461,Amazon,4290,5,5390,Bats,4,Medium,0.21,UPI,Medium,Yes
PUR002462,CUST2462,Flipkart,2750,2,3250,Jerseys,2,High,0.53,Debit Card,Low,No
PUR002463,CUST2463,Brand Website,7790,10,9990,Full Kits,8,Low,0.06,Credit Card,High,Yes
PUR002464,CUST2464,Local Store,1920,1,2170,Accessories,1,Medium,0.34,Cash on Delivery,Low,No
PUR002465,CUST2465,Amazon,5170,6,6470,Shoes,5,Medium,0.18,UPI,Medium,Yes
PUR002466,CUST2466,Brand Website,7170,9,9070,Full Kits,7,Low,0.08,Credit Card,High,Yes
PUR002467,CUST2467,Flipkart,3260,3,3960,Gloves,3,High,0.46,Debit Card,Medium,No
PUR002468,CUST2468,Amazon,4510,5,5710,Bats,4,Medium,0.20,UPI,Medium,Yes
PUR002469,CUST2469,Local Store,2130,1,2430,Accessories,1,High,0.57,Cash on Delivery,Low,No
PUR002470,CUST2470,Brand Website,6730,8,8530,Full Kits,6,Low,0.07,Credit Card,High,Yes
PUR002471,CUST2471,Amazon,4140,4,5240,Shoes,4,Medium,0.23,UPI,Medium,Yes
PUR002472,CUST2472,Flipkart,2690,2,3190,Jerseys,2,High,0.49,Debit Card,Low,No
PUR002473,CUST2473,Brand Website,8140,10,10340,Full Kits,8,Low,0.05,Credit Card,High,Yes
PUR002474,CUST2474,Local Store,1960,1,2260,Accessories,1,Medium,0.36,Cash on Delivery,Low,No
PUR002475,CUST2475,Amazon,5360,6,6660,Bats,5,Medium,0.16,UPI,Medium,Yes
PUR002476,CUST2476,Brand Website,7420,9,9320,Full Kits,7,Low,0.08,Credit Card,High,Yes
PUR002477,CUST2477,Flipkart,3120,3,3820,Gloves,3,High,0.43,Debit Card,Medium,No
PUR002478,CUST2478,Amazon,4720,5,5920,Shoes,4,Medium,0.22,UPI,Medium,Yes
PUR002479,CUST2479,Local Store,2240,1,2540,Accessories,1,High,0.60,Cash on Delivery,Low,No
PUR002480,CUST2480,Brand Website,6570,8,8370,Full Kits,6,Low,0.09,Credit Card,High,Yes
PUR002481,CUST2481,Amazon,4300,5,5400,Bats,4,Medium,0.21,UPI,Medium,Yes
PUR002482,CUST2482,Flipkart,2760,2,3260,Jerseys,2,High,0.53,Debit Card,Low,No
PUR002483,CUST2483,Brand Website,7800,10,10000,Full Kits,8,Low,0.06,Credit Card,High,Yes
PUR002484,CUST2484,Local Store,1930,1,2180,Accessories,1,Medium,0.34,Cash on Delivery,Low,No
PUR002485,CUST2485,Amazon,5180,6,6480,Shoes,5,Medium,0.18,UPI,Medium,Yes
PUR002486,CUST2486,Brand Website,7180,9,9080,Full Kits,7,Low,0.08,Credit Card,High,Yes
PUR002487,CUST2487,Flipkart,3270,3,3970,Gloves,3,High,0.46,Debit Card,Medium,No
PUR002488,CUST2488,Amazon,4520,5,5720,Bats,4,Medium,0.20,UPI,Medium,Yes
PUR002489,CUST2489,Local Store,2140,1,2440,Accessories,1,High,0.57,Cash on Delivery,Low,No
PUR002490,CUST2490,Brand Website,6740,8,8540,Full Kits,6,Low,0.07,Credit Card,High,Yes
PUR002491,CUST2491,Amazon,4150,4,5250,Shoes,4,Medium,0.23,UPI,Medium,Yes
PUR002492,CUST2492,Flipkart,2700,2,3200,Jerseys,2,High,0.49,Debit Card,Low,No
PUR002493,CUST2493,Brand Website,8150,10,10350,Full Kits,8,Low,0.05,Credit Card,High,Yes
PUR002494,CUST2494,Local Store,1970,1,2270,Accessories,1,Medium,0.36,Cash on Delivery,Low,No
PUR002495,CUST2495,Amazon,5370,6,6670,Bats,5,Medium,0.16,UPI,Medium,Yes
PUR002496,CUST2496,Brand Website,7430,9,9330,Full Kits,7,Low,0.08,Credit Card,High,Yes
PUR002497,CUST2497,Flipkart,3130,3,3830,Gloves,3,High,0.43,Debit Card,Medium,No
PUR002498,CUST2498,Amazon,4730,5,5930,Shoes,4,Medium,0.22,UPI,Medium,Yes
PUR002499,CUST2499,Local Store,2250,1,2550,Accessories,1,High,0.60,Cash on Delivery,Low,No
PUR002500,CUST2500,Brand Website,6580,8,8380,Full Kits,6,Low,0.09,Credit Card,High,Yes
PUR002501,CUST2501,Amazon,4310,5,5410,Bats,4,Medium,0.21,UPI,Medium,Yes
PUR002502,CUST2502,Flipkart,2770,2,3270,Jerseys,2,High,0.54,Debit Card,Low,No
PUR002503,CUST2503,Brand Website,7810,10,10010,Full Kits,8,Low,0.06,Credit Card,High,Yes
PUR002504,CUST2504,Local Store,1940,1,2190,Accessories,1,Medium,0.35,Cash on Delivery,Low,No
PUR002505,CUST2505,Amazon,5190,6,6490,Shoes,5,Medium,0.19,UPI,Medium,Yes
PUR002506,CUST2506,Brand Website,7190,9,9090,Full Kits,7,Low,0.08,Credit Card,High,Yes
PUR002507,CUST2507,Flipkart,3280,3,3980,Gloves,3,High,0.47,Debit Card,Medium,No
PUR002508,CUST2508,Amazon,4530,5,5730,Bats,4,Medium,0.20,UPI,Medium,Yes
PUR002509,CUST2509,Local Store,2150,1,2450,Accessories,1,High,0.58,Cash on Delivery,Low,No
PUR002510,CUST2510,Brand Website,6750,8,8550,Full Kits,6,Low,0.07,Credit Card,High,Yes
PUR002511,CUST2511,Amazon,4160,4,5260,Shoes,4,Medium,0.24,UPI,Medium,Yes
PUR002512,CUST2512,Flipkart,2710,2,3210,Jerseys,2,High,0.50,Debit Card,Low,No
PUR002513,CUST2513,Brand Website,8160,10,10360,Full Kits,8,Low,0.05,Credit Card,High,Yes
PUR002514,CUST2514,Local Store,1980,1,2280,Accessories,1,Medium,0.37,Cash on Delivery,Low,No
PUR002515,CUST2515,Amazon,5380,6,6680,Bats,5,Medium,0.16,UPI,Medium,Yes
PUR002516,CUST2516,Brand Website,7440,9,9340,Full Kits,7,Low,0.08,Credit Card,High,Yes
PUR002517,CUST2517,Flipkart,3140,3,3840,Gloves,3,High,0.44,Debit Card,Medium,No
PUR002518,CUST2518,Amazon,4740,5,5940,Shoes,4,Medium,0.22,UPI,Medium,Yes
PUR002519,CUST2519,Local Store,2260,1,2560,Accessories,1,High,0.61,Cash on Delivery,Low,No
PUR002520,CUST2520,Brand Website,6590,8,8390,Full Kits,6,Low,0.09,Credit Card,High,Yes
PUR002521,CUST2521,Amazon,4320,5,5420,Bats,4,Medium,0.21,UPI,Medium,Yes
PUR002522,CUST2522,Flipkart,2780,2,3280,Jerseys,2,High,0.54,Debit Card,Low,No
PUR002523,CUST2523,Brand Website,7820,10,10020,Full Kits,8,Low,0.06,Credit Card,High,Yes
PUR002524,CUST2524,Local Store,1950,1,2200,Accessories,1,Medium,0.35,Cash on Delivery,Low,No
PUR002525,CUST2525,Amazon,5200,6,6500,Shoes,5,Medium,0.19,UPI,Medium,Yes
PUR002526,CUST2526,Brand Website,7200,9,9100,Full Kits,7,Low,0.08,Credit Card,High,Yes
PUR002527,CUST2527,Flipkart,3290,3,3990,Gloves,3,High,0.47,Debit Card,Medium,No
PUR002528,CUST2528,Amazon,4540,5,5740,Bats,4,Medium,0.20,UPI,Medium,Yes
PUR002529,CUST2529,Local Store,2160,1,2460,Accessories,1,High,0.58,Cash on Delivery,Low,No
PUR002530,CUST2530,Brand Website,6760,8,8560,Full Kits,6,Low,0.07,Credit Card,High,Yes
PUR002531,CUST2531,Amazon,4170,4,5270,Shoes,4,Medium,0.24,UPI,Medium,Yes
PUR002532,CUST2532,Flipkart,2720,2,3220,Jerseys,2,High,0.50,Debit Card,Low,No
PUR002533,CUST2533,Brand Website,8170,10,10370,Full Kits,8,Low,0.05,Credit Card,High,Yes
PUR002534,CUST2534,Local Store,1990,1,2290,Accessories,1,Medium,0.37,Cash on Delivery,Low,No
PUR002535,CUST2535,Amazon,5390,6,6690,Bats,5,Medium,0.16,UPI,Medium,Yes
PUR002536,CUST2536,Brand Website,7450,9,9350,Full Kits,7,Low,0.08,Credit Card,High,Yes
PUR002537,CUST2537,Flipkart,3150,3,3850,Gloves,3,High,0.44,Debit Card,Medium,No
PUR002538,CUST2538,Amazon,4750,5,5950,Shoes,4,Medium,0.22,UPI,Medium,Yes
PUR002539,CUST2539,Local Store,2270,1,2570,Accessories,1,High,0.61,Cash on Delivery,Low,No
PUR002540,CUST2540,Brand Website,6600,8,8400,Full Kits,6,Low,0.09,Credit Card,High,Yes
PUR002541,CUST2541,Amazon,4330,5,5430,Bats,4,Medium,0.21,UPI,Medium,Yes
PUR002542,CUST2542,Flipkart,2790,2,3290,Jerseys,2,High,0.54,Debit Card,Low,No
PUR002543,CUST2543,Brand Website,7830,10,10030,Full Kits,8,Low,0.06,Credit Card,High,Yes
PUR002544,CUST2544,Local Store,1960,1,2210,Accessories,1,Medium,0.35,Cash on Delivery,Low,No
PUR002545,CUST2545,Amazon,5210,6,6510,Shoes,5,Medium,0.19,UPI,Medium,Yes
PUR002546,CUST2546,Brand Website,7210,9,9110,Full Kits,7,Low,0.08,Credit Card,High,Yes
PUR002547,CUST2547,Flipkart,3300,3,4000,Gloves,3,High,0.47,Debit Card,Medium,No
PUR002548,CUST2548,Amazon,4550,5,5750,Bats,4,Medium,0.20,UPI,Medium,Yes
PUR002549,CUST2549,Local Store,2170,1,2470,Accessories,1,High,0.58,Cash on Delivery,Low,No
PUR002550,CUST2550,Brand Website,6770,8,8570,Full Kits,6,Low,0.07,Credit Card,High,Yes
PUR002551,CUST2551,Amazon,4180,4,5280,Shoes,4,Medium,0.24,UPI,Medium,Yes
PUR002552,CUST2552,Flipkart,2730,2,3230,Jerseys,2,High,0.50,Debit Card,Low,No
PUR002553,CUST2553,Brand Website,8180,10,10380,Full Kits,8,Low,0.05,Credit Card,High,Yes
PUR002554,CUST2554,Local Store,2000,1,2300,Accessories,1,Medium,0.37,Cash on Delivery,Low,No
PUR002555,CUST2555,Amazon,5400,6,6700,Bats,5,Medium,0.16,UPI,Medium,Yes
PUR002556,CUST2556,Brand Website,7460,9,9360,Full Kits,7,Low,0.08,Credit Card,High,Yes
PUR002557,CUST2557,Flipkart,3160,3,3860,Gloves,3,High,0.44,Debit Card,Medium,No
PUR002558,CUST2558,Amazon,4760,5,5960,Shoes,4,Medium,0.22,UPI,Medium,Yes
PUR002559,CUST2559,Local Store,2280,1,2580,Accessories,1,High,0.61,Cash on Delivery,Low,No
PUR002560,CUST2560,Brand Website,6610,8,8410,Full Kits,6,Low,0.09,Credit Card,High,Yes
PUR002561,CUST2561,Amazon,4340,5,5440,Bats,4,Medium,0.21,UPI,Medium,Yes
PUR002562,CUST2562,Flipkart,2800,2,3300,Jerseys,2,High,0.54,Debit Card,Low,No
PUR002563,CUST2563,Brand Website,7840,10,10040,Full Kits,8,Low,0.06,Credit Card,High,Yes
PUR002564,CUST2564,Local Store,1970,1,2220,Accessories,1,Medium,0.35,Cash on Delivery,Low,No
PUR002565,CUST2565,Amazon,5220,6,6520,Shoes,5,Medium,0.19,UPI,Medium,Yes
PUR002566,CUST2566,Brand Website,7220,9,9120,Full Kits,7,Low,0.08,Credit Card,High,Yes
PUR002567,CUST2567,Flipkart,3310,3,4010,Gloves,3,High,0.47,Debit Card,Medium,No
PUR002568,CUST2568,Amazon,4560,5,5760,Bats,4,Medium,0.20,UPI,Medium,Yes
PUR002569,CUST2569,Local Store,2180,1,2480,Accessories,1,High,0.58,Cash on Delivery,Low,No
PUR002570,CUST2570,Brand Website,6780,8,8580,Full Kits,6,Low,0.07,Credit Card,High,Yes
PUR002571,CUST2571,Amazon,4190,4,5290,Shoes,4,Medium,0.24,UPI,Medium,Yes
PUR002572,CUST2572,Flipkart,2740,2,3240,Jerseys,2,High,0.50,Debit Card,Low,No
PUR002573,CUST2573,Brand Website,8190,10,10390,Full Kits,8,Low,0.05,Credit Card,High,Yes
PUR002574,CUST2574,Local Store,2010,1,2310,Accessories,1,Medium,0.37,Cash on Delivery,Low,No
PUR002575,CUST2575,Amazon,5410,6,6710,Bats,5,Medium,0.16,UPI,Medium,Yes
PUR002576,CUST2576,Brand Website,7470,9,9370,Full Kits,7,Low,0.08,Credit Card,High,Yes
PUR002577,CUST2577,Flipkart,3170,3,3870,Gloves,3,High,0.44,Debit Card,Medium,No
PUR002578,CUST2578,Amazon,4770,5,5970,Shoes,4,Medium,0.22,UPI,Medium,Yes
PUR002579,CUST2579,Local Store,2290,1,2590,Accessories,1,High,0.61,Cash on Delivery,Low,No
PUR002580,CUST2580,Brand Website,6620,8,8420,Full Kits,6,Low,0.09,Credit Card,High,Yes
PUR002581,CUST2581,Amazon,4350,5,5450,Bats,4,Medium,0.21,UPI,Medium,Yes
PUR002582,CUST2582,Flipkart,2810,2,3310,Jerseys,2,High,0.54,Debit Card,Low,No
PUR002583,CUST2583,Brand Website,7850,10,10050,Full Kits,8,Low,0.06,Credit Card,High,Yes
PUR002584,CUST2584,Local Store,1980,1,2230,Accessories,1,Medium,0.35,Cash on Delivery,Low,No
PUR002585,CUST2585,Amazon,5230,6,6530,Shoes,5,Medium,0.19,UPI,Medium,Yes
PUR002586,CUST2586,Brand Website,7230,9,9130,Full Kits,7,Low,0.08,Credit Card,High,Yes
PUR002587,CUST2587,Flipkart,3320,3,4020,Gloves,3,High,0.47,Debit Card,Medium,No
PUR002588,CUST2588,Amazon,4570,5,5770,Bats,4,Medium,0.20,UPI,Medium,Yes
PUR002589,CUST2589,Local Store,2190,1,2490,Accessories,1,High,0.58,Cash on Delivery,Low,No
PUR002590,CUST2590,Brand Website,6790,8,8590,Full Kits,6,Low,0.07,Credit Card,High,Yes
PUR002591,CUST2591,Amazon,4200,4,5300,Shoes,4,Medium,0.24,UPI,Medium,Yes
PUR002592,CUST2592,Flipkart,2750,2,3250,Jerseys,2,High,0.50,Debit Card,Low,No
PUR002593,CUST2593,Brand Website,8200,10,10400,Full Kits,8,Low,0.05,Credit Card,High,Yes
PUR002594,CUST2594,Local Store,2020,1,2320,Accessories,1,Medium,0.37,Cash on Delivery,Low,No
PUR002595,CUST2595,Amazon,5420,6,6720,Bats,5,Medium,0.16,UPI,Medium,Yes
PUR002596,CUST2596,Brand Website,7480,9,9380,Full Kits,7,Low,0.08,Credit Card,High,Yes
PUR002597,CUST2597,Flipkart,3180,3,3880,Gloves,3,High,0.44,Debit Card,Medium,No
PUR002598,CUST2598,Amazon,4780,5,5980,Shoes,4,Medium,0.22,UPI,Medium,Yes
PUR002599,CUST2599,Local Store,2300,1,2600,Accessories,1,High,0.61,Cash on Delivery,Low,No
PUR002600,CUST2600,Brand Website,6630,8,8430,Full Kits,6,Low,0.09,Credit Card,High,Yes
PUR002601,CUST2601,Amazon,4360,5,5460,Bats,4,Medium,0.21,UPI,Medium,Yes
PUR002602,CUST2602,Flipkart,2820,2,3320,Jerseys,2,High,0.54,Debit Card,Low,No
PUR002603,CUST2603,Brand Website,7860,10,10060,Full Kits,8,Low,0.06,Credit Card,High,Yes
PUR002604,CUST2604,Local Store,1990,1,2240,Accessories,1,Medium,0.35,Cash on Delivery,Low,No
PUR002605,CUST2605,Amazon,5240,6,6540,Shoes,5,Medium,0.19,UPI,Medium,Yes
PUR002606,CUST2606,Brand Website,7240,9,9140,Full Kits,7,Low,0.08,Credit Card,High,Yes
PUR002607,CUST2607,Flipkart,3330,3,4030,Gloves,3,High,0.47,Debit Card,Medium,No
PUR002608,CUST2608,Amazon,4580,5,5780,Bats,4,Medium,0.20,UPI,Medium,Yes
PUR002609,CUST2609,Local Store,2200,1,2500,Accessories,1,High,0.58,Cash on Delivery,Low,No
PUR002610,CUST2610,Brand Website,6800,8,8600,Full Kits,6,Low,0.07,Credit Card,High,Yes
PUR002611,CUST2611,Amazon,4210,4,5310,Shoes,4,Medium,0.24,UPI,Medium,Yes
PUR002612,CUST2612,Flipkart,2760,2,3260,Jerseys,2,High,0.50,Debit Card,Low,No
PUR002613,CUST2613,Brand Website,8210,10,10410,Full Kits,8,Low,0.05,Credit Card,High,Yes
PUR002614,CUST2614,Local Store,2030,1,2330,Accessories,1,Medium,0.37,Cash on Delivery,Low,No
PUR002615,CUST2615,Amazon,5430,6,6730,Bats,5,Medium,0.16,UPI,Medium,Yes
PUR002616,CUST2616,Brand Website,7490,9,9390,Full Kits,7,Low,0.08,Credit Card,High,Yes
PUR002617,CUST2617,Flipkart,3190,3,3890,Gloves,3,High,0.44,Debit Card,Medium,No
PUR002618,CUST2618,Amazon,4790,5,5990,Shoes,4,Medium,0.22,UPI,Medium,Yes
PUR002619,CUST2619,Local Store,2310,1,2610,Accessories,1,High,0.61,Cash on Delivery,Low,No
PUR002620,CUST2620,Brand Website,6640,8,8440,Full Kits,6,Low,0.09,Credit Card,High,Yes
PUR002621,CUST2621,Amazon,4370,5,5470,Bats,4,Medium,0.21,UPI,Medium,Yes
PUR002622,CUST2622,Flipkart,2830,2,3330,Jerseys,2,High,0.54,Debit Card,Low,No
PUR002623,CUST2623,Brand Website,7870,10,10070,Full Kits,8,Low,0.06,Credit Card,High,Yes
PUR002624,CUST2624,Local Store,2000,1,2250,Accessories,1,Medium,0.35,Cash on Delivery,Low,No
PUR002625,CUST2625,Amazon,5250,6,6550,Shoes,5,Medium,0.19,UPI,Medium,Yes
PUR002626,CUST2626,Brand Website,7250,9,9150,Full Kits,7,Low,0.08,Credit Card,High,Yes
PUR002627,CUST2627,Flipkart,3340,3,4040,Gloves,3,High,0.47,Debit Card,Medium,No
PUR002628,CUST2628,Amazon,4590,5,5790,Bats,4,Medium,0.20,UPI,Medium,Yes
PUR002629,CUST2629,Local Store,2210,1,2510,Accessories,1,High,0.58,Cash on Delivery,Low,No
PUR002630,CUST2630,Brand Website,6810,8,8610,Full Kits,6,Low,0.07,Credit Card,High,Yes
PUR002631,CUST2631,Amazon,4220,4,5320,Shoes,4,Medium,0.24,UPI,Medium,Yes
PUR002632,CUST2632,Flipkart,2770,2,3270,Jerseys,2,High,0.50,Debit Card,Low,No
PUR002633,CUST2633,Brand Website,8220,10,10420,Full Kits,8,Low,0.05,Credit Card,High,Yes
PUR002634,CUST2634,Local Store,2040,1,2340,Accessories,1,Medium,0.37,Cash on Delivery,Low,No
PUR002635,CUST2635,Amazon,5440,6,6740,Bats,5,Medium,0.16,UPI,Medium,Yes
PUR002636,CUST2636,Brand Website,7500,9,9400,Full Kits,7,Low,0.08,Credit Card,High,Yes
PUR002637,CUST2637,Flipkart,3200,3,3900,Gloves,3,High,0.44,Debit Card,Medium,No
PUR002638,CUST2638,Amazon,4800,5,6000,Shoes,4,Medium,0.22,UPI,Medium,Yes
PUR002639,CUST2639,Local Store,2320,1,2620,Accessories,1,High,0.61,Cash on Delivery,Low,No
PUR002640,CUST2640,Brand Website,6650,8,8450,Full Kits,6,Low,0.09,Credit Card,High,Yes
PUR002641,CUST2641,Amazon,4380,5,5480,Bats,4,Medium,0.21,UPI,Medium,Yes
PUR002642,CUST2642,Flipkart,2840,2,3340,Jerseys,2,High,0.54,Debit Card,Low,No
PUR002643,CUST2643,Brand Website,7880,10,10080,Full Kits,8,Low,0.06,Credit Card,High,Yes
PUR002644,CUST2644,Local Store,2010,1,2260,Accessories,1,Medium,0.35,Cash on Delivery,Low,No
PUR002645,CUST2645,Amazon,5260,6,6560,Shoes,5,Medium,0.19,UPI,Medium,Yes
PUR002646,CUST2646,Brand Website,7260,9,9160,Full Kits,7,Low,0.08,Credit Card,High,Yes
PUR002647,CUST2647,Flipkart,3350,3,4050,Gloves,3,High,0.47,Debit Card,Medium,No
PUR002648,CUST2648,Amazon,4600,5,5800,Bats,4,Medium,0.20,UPI,Medium,Yes
PUR002649,CUST2649,Local Store,2220,1,2520,Accessories,1,High,0.58,Cash on Delivery,Low,No
PUR002650,CUST2650,Brand Website,6820,8,8620,Full Kits,6,Low,0.07,Credit Card,High,Yes
PUR002651,CUST2651,Amazon,4230,4,5330,Shoes,4,Medium,0.24,UPI,Medium,Yes
PUR002652,CUST2652,Flipkart,2780,2,3280,Jerseys,2,High,0.50,Debit Card,Low,No
PUR002653,CUST2653,Brand Website,8230,10,10430,Full Kits,8,Low,0.05,Credit Card,High,Yes
PUR002654,CUST2654,Local Store,2050,1,2350,Accessories,1,Medium,0.37,Cash on Delivery,Low,No
PUR002655,CUST2655,Amazon,5450,6,6750,Bats,5,Medium,0.16,UPI,Medium,Yes
PUR002656,CUST2656,Brand Website,7510,9,9410,Full Kits,7,Low,0.08,Credit Card,High,Yes
PUR002657,CUST2657,Flipkart,3210,3,3910,Gloves,3,High,0.44,Debit Card,Medium,No
PUR002658,CUST2658,Amazon,4810,5,6010,Shoes,4,Medium,0.22,UPI,Medium,Yes
PUR002659,CUST2659,Local Store,2330,1,2630,Accessories,1,High,0.61,Cash on Delivery,Low,No
PUR002660,CUST2660,Brand Website,6660,8,8460,Full Kits,6,Low,0.09,Credit Card,High,Yes
PUR002661,CUST2661,Amazon,4390,5,5490,Bats,4,Medium,0.21,UPI,Medium,Yes
PUR002662,CUST2662,Flipkart,2850,2,3350,Jerseys,2,High,0.54,Debit Card,Low,No
PUR002663,CUST2663,Brand Website,7890,10,10090,Full Kits,8,Low,0.06,Credit Card,High,Yes
PUR002664,CUST2664,Local Store,2020,1,2270,Accessories,1,Medium,0.35,Cash on Delivery,Low,No
PUR002665,CUST2665,Amazon,5270,6,6570,Shoes,5,Medium,0.19,UPI,Medium,Yes
PUR002666,CUST2666,Brand Website,7270,9,9170,Full Kits,7,Low,0.08,Credit Card,High,Yes
PUR002667,CUST2667,Flipkart,3360,3,4060,Gloves,3,High,0.47,Debit Card,Medium,No
PUR002668,CUST2668,Amazon,4610,5,5810,Bats,4,Medium,0.20,UPI,Medium,Yes
PUR002669,CUST2669,Local Store,2230,1,2530,Accessories,1,High,0.58,Cash on Delivery,Low,No
PUR002670,CUST2670,Brand Website,6830,8,8630,Full Kits,6,Low,0.07,Credit Card,High,Yes
PUR002671,CUST2671,Amazon,4240,4,5340,Shoes,4,Medium,0.24,UPI,Medium,Yes
PUR002672,CUST2672,Flipkart,2790,2,3290,Jerseys,2,High,0.50,Debit Card,Low,No
PUR002673,CUST2673,Brand Website,8240,10,10440,Full Kits,8,Low,0.05,Credit Card,High,Yes
PUR002674,CUST2674,Local Store,2060,1,2360,Accessories,1,Medium,0.37,Cash on Delivery,Low,No
PUR002675,CUST2675,Amazon,5460,6,6760,Bats,5,Medium,0.16,UPI,Medium,Yes
PUR002676,CUST2676,Brand Website,7520,9,9420,Full Kits,7,Low,0.08,Credit Card,High,Yes
PUR002677,CUST2677,Flipkart,3220,3,3920,Gloves,3,High,0.44,Debit Card,Medium,No
PUR002678,CUST2678,Amazon,4820,5,6020,Shoes,4,Medium,0.22,UPI,Medium,Yes
PUR002679,CUST2679,Local Store,2340,1,2640,Accessories,1,High,0.61,Cash on Delivery,Low,No
PUR002680,CUST2680,Brand Website,6670,8,8470,Full Kits,6,Low,0.09,Credit Card,High,Yes
PUR002681,CUST2681,Amazon,4400,5,5500,Bats,4,Medium,0.21,UPI,Medium,Yes
PUR002682,CUST2682,Flipkart,2860,2,3360,Jerseys,2,High,0.54,Debit Card,Low,No
PUR002683,CUST2683,Brand Website,7900,10,10100,Full Kits,8,Low,0.06,Credit Card,High,Yes
PUR002684,CUST2684,Local Store,2030,1,2280,Accessories,1,Medium,0.35,Cash on Delivery,Low,No
PUR002685,CUST2685,Amazon,5280,6,6580,Shoes,5,Medium,0.19,UPI,Medium,Yes
PUR002686,CUST2686,Brand Website,7280,9,9180,Full Kits,7,Low,0.08,Credit Card,High,Yes
PUR002687,CUST2687,Flipkart,3370,3,4070,Gloves,3,High,0.47,Debit Card,Medium,No
PUR002688,CUST2688,Amazon,4620,5,5820,Bats,4,Medium,0.20,UPI,Medium,Yes
PUR002689,CUST2689,Local Store,2240,1,2540,Accessories,1,High,0.58,Cash on Delivery,Low,No
PUR002690,CUST2690,Brand Website,6840,8,8640,Full Kits,6,Low,0.07,Credit Card,High,Yes
PUR002691,CUST2691,Amazon,4250,4,5350,Shoes,4,Medium,0.24,UPI,Medium,Yes
PUR002692,CUST2692,Flipkart,2800,2,3300,Jerseys,2,High,0.50,Debit Card,Low,No
PUR002693,CUST2693,Brand Website,8250,10,10450,Full Kits,8,Low,0.05,Credit Card,High,Yes
PUR002694,CUST2694,Local Store,2070,1,2370,Accessories,1,Medium,0.37,Cash on Delivery,Low,No
PUR002695,CUST2695,Amazon,5470,6,6770,Bats,5,Medium,0.16,UPI,Medium,Yes
PUR002696,CUST2696,Brand Website,7530,9,9430,Full Kits,7,Low,0.08,Credit Card,High,Yes
PUR002697,CUST2697,Flipkart,3230,3,3930,Gloves,3,High,0.44,Debit Card,Medium,No
PUR002698,CUST2698,Amazon,4830,5,6030,Shoes,4,Medium,0.22,UPI,Medium,Yes
PUR002699,CUST2699,Local Store,2350,1,2650,Accessories,1,High,0.61,Cash on Delivery,Low,No
PUR002700,CUST2700,Brand Website,6680,8,8480,Full Kits,6,Low,0.09,Credit Card,High,Yes
PUR002701,CUST2701,Amazon,4410,5,5510,Bats,4,Medium,0.21,UPI,Medium,Yes
PUR002702,CUST2702,Flipkart,2870,2,3370,Jerseys,2,High,0.54,Debit Card,Low,No
PUR002703,CUST2703,Brand Website,7910,10,10110,Full Kits,8,Low,0.06,Credit Card,High,Yes
PUR002704,CUST2704,Local Store,2040,1,2290,Accessories,1,Medium,0.35,Cash on Delivery,Low,No
PUR002705,CUST2705,Amazon,5290,6,6590,Shoes,5,Medium,0.19,UPI,Medium,Yes
PUR002706,CUST2706,Brand Website,7290,9,9190,Full Kits,7,Low,0.08,Credit Card,High,Yes
PUR002707,CUST2707,Flipkart,3380,3,4080,Gloves,3,High,0.47,Debit Card,Medium,No
PUR002708,CUST2708,Amazon,4630,5,5830,Bats,4,Medium,0.20,UPI,Medium,Yes
PUR002709,CUST2709,Local Store,2250,1,2550,Accessories,1,High,0.58,Cash on Delivery,Low,No
PUR002710,CUST2710,Brand Website,6850,8,8650,Full Kits,6,Low,0.07,Credit Card,High,Yes
PUR002711,CUST2711,Amazon,4260,4,5360,Shoes,4,Medium,0.24,UPI,Medium,Yes
PUR002712,CUST2712,Flipkart,2810,2,3310,Jerseys,2,High,0.50,Debit Card,Low,No
PUR002713,CUST2713,Brand Website,8260,10,10460,Full Kits,8,Low,0.05,Credit Card,High,Yes
PUR002714,CUST2714,Local Store,2080,1,2380,Accessories,1,Medium,0.37,Cash on Delivery,Low,No
PUR002715,CUST2715,Amazon,5480,6,6780,Bats,5,Medium,0.16,UPI,Medium,Yes
PUR002716,CUST2716,Brand Website,7540,9,9440,Full Kits,7,Low,0.08,Credit Card,High,Yes
PUR002717,CUST2717,Flipkart,3240,3,3940,Gloves,3,High,0.44,Debit Card,Medium,No
PUR002718,CUST2718,Amazon,4840,5,6040,Shoes,4,Medium,0.22,UPI,Medium,Yes
PUR002719,CUST2719,Local Store,2360,1,2660,Accessories,1,High,0.61,Cash on Delivery,Low,No
PUR002720,CUST2720,Brand Website,6690,8,8490,Full Kits,6,Low,0.09,Credit Card,High,Yes
PUR002721,CUST2721,Amazon,4420,5,5520,Bats,4,Medium,0.21,UPI,Medium,Yes
PUR002722,CUST2722,Flipkart,2880,2,3380,Jerseys,2,High,0.54,Debit Card,Low,No
PUR002723,CUST2723,Brand Website,7920,10,10120,Full Kits,8,Low,0.06,Credit Card,High,Yes
PUR002724,CUST2724,Local Store,2050,1,2300,Accessories,1,Medium,0.35,Cash on Delivery,Low,No
PUR002725,CUST2725,Amazon,5300,6,6600,Shoes,5,Medium,0.19,UPI,Medium,Yes
PUR002726,CUST2726,Brand Website,7300,9,9200,Full Kits,7,Low,0.08,Credit Card,High,Yes
PUR002727,CUST2727,Flipkart,3390,3,4090,Gloves,3,High,0.47,Debit Card,Medium,No
PUR002728,CUST2728,Amazon,4640,5,5840,Bats,4,Medium,0.20,UPI,Medium,Yes
PUR002729,CUST2729,Local Store,2260,1,2560,Accessories,1,High,0.58,Cash on Delivery,Low,No
PUR002730,CUST2730,Brand Website,6860,8,8660,Full Kits,6,Low,0.07,Credit Card,High,Yes
PUR002731,CUST2731,Amazon,4270,4,5370,Shoes,4,Medium,0.24,UPI,Medium,Yes
PUR002732,CUST2732,Flipkart,2820,2,3320,Jerseys,2,High,0.50,Debit Card,Low,No
PUR002733,CUST2733,Brand Website,8270,10,10470,Full Kits,8,Low,0.05,Credit Card,High,Yes
PUR002734,CUST2734,Local Store,2090,1,2390,Accessories,1,Medium,0.37,Cash on Delivery,Low,No
PUR002735,CUST2735,Amazon,5490,6,6790,Bats,5,Medium,0.16,UPI,Medium,Yes
PUR002736,CUST2736,Brand Website,7550,9,9450,Full Kits,7,Low,0.08,Credit Card,High,Yes
PUR002737,CUST2737,Flipkart,3250,3,3950,Gloves,3,High,0.44,Debit Card,Medium,No
PUR002738,CUST2738,Amazon,4850,5,6050,Shoes,4,Medium,0.22,UPI,Medium,Yes
PUR002739,CUST2739,Local Store,2370,1,2670,Accessories,1,High,0.61,Cash on Delivery,Low,No
PUR002740,CUST2740,Brand Website,6700,8,8500,Full Kits,6,Low,0.09,Credit Card,High,Yes
PUR002741,CUST2741,Amazon,4430,5,5530,Bats,4,Medium,0.21,UPI,Medium,Yes
PUR002742,CUST2742,Flipkart,2890,2,3390,Jerseys,2,High,0.54,Debit Card,Low,No
PUR002743,CUST2743,Brand Website,7930,10,10130,Full Kits,8,Low,0.06,Credit Card,High,Yes
PUR002744,CUST2744,Local Store,2060,1,2310,Accessories,1,Medium,0.35,Cash on Delivery,Low,No
PUR002745,CUST2745,Amazon,5310,6,6610,Shoes,5,Medium,0.19,UPI,Medium,Yes
PUR002746,CUST2746,Brand Website,7310,9,9210,Full Kits,7,Low,0.08,Credit Card,High,Yes
PUR002747,CUST2747,Flipkart,3400,3,4100,Gloves,3,High,0.47,Debit Card,Medium,No
PUR002748,CUST2748,Amazon,4650,5,5850,Bats,4,Medium,0.20,UPI,Medium,Yes
PUR002749,CUST2749,Local Store,2270,1,2570,Accessories,1,High,0.58,Cash on Delivery,Low,No
PUR002750,CUST2750,Brand Website,6870,8,8670,Full Kits,6,Low,0.07,Credit Card,High,Yes
PUR002751,CUST2751,Amazon,4280,4,5380,Shoes,4,Medium,0.24,UPI,Medium,Yes
PUR002752,CUST2752,Flipkart,2830,2,3330,Jerseys,2,High,0.50,Debit Card,Low,No
PUR002753,CUST2753,Brand Website,8280,10,10480,Full Kits,8,Low,0.05,Credit Card,High,Yes
PUR002754,CUST2754,Local Store,2100,1,2400,Accessories,1,Medium,0.37,Cash on Delivery,Low,No
PUR002755,CUST2755,Amazon,5500,6,6800,Bats,5,Medium,0.16,UPI,Medium,Yes
PUR002756,CUST2756,Brand Website,7560,9,9460,Full Kits,7,Low,0.08,Credit Card,High,Yes
PUR002757,CUST2757,Flipkart,3260,3,3960,Gloves,3,High,0.44,Debit Card,Medium,No
PUR002758,CUST2758,Amazon,4860,5,6060,Shoes,4,Medium,0.22,UPI,Medium,Yes
PUR002759,CUST2759,Local Store,2380,1,2680,Accessories,1,High,0.61,Cash on Delivery,Low,No
PUR002760,CUST2760,Brand Website,6710,8,8510,Full Kits,6,Low,0.09,Credit Card,High,Yes
PUR002761,CUST2761,Amazon,4440,5,5540,Bats,4,Medium,0.21,UPI,Medium,Yes
PUR002762,CUST2762,Flipkart,2900,2,3400,Jerseys,2,High,0.54,Debit Card,Low,No
PUR002763,CUST2763,Brand Website,7940,10,10140,Full Kits,8,Low,0.06,Credit Card,High,Yes
PUR002764,CUST2764,Local Store,2070,1,2320,Accessories,1,Medium,0.35,Cash on Delivery,Low,No
PUR002765,CUST2765,Amazon,5320,6,6620,Shoes,5,Medium,0.19,UPI,Medium,Yes
PUR002766,CUST2766,Brand Website,7320,9,9220,Full Kits,7,Low,0.08,Credit Card,High,Yes
PUR002767,CUST2767,Flipkart,3410,3,4110,Gloves,3,High,0.47,Debit Card,Medium,No
PUR002768,CUST2768,Amazon,4660,5,5860,Bats,4,Medium,0.20,UPI,Medium,Yes
PUR002769,CUST2769,Local Store,2280,1,2580,Accessories,1,High,0.58,Cash on Delivery,Low,No
PUR002770,CUST2770,Brand Website,6880,8,8680,Full Kits,6,Low,0.07,Credit Card,High,Yes
PUR002771,CUST2771,Amazon,4290,4,5390,Shoes,4,Medium,0.24,UPI,Medium,Yes
PUR002772,CUST2772,Flipkart,2840,2,3340,Jerseys,2,High,0.50,Debit Card,Low,No
PUR002773,CUST2773,Brand Website,8290,10,10490,Full Kits,8,Low,0.05,Credit Card,High,Yes
PUR002774,CUST2774,Local Store,2110,1,2410,Accessories,1,Medium,0.37,Cash on Delivery,Low,No
PUR002775,CUST2775,Amazon,5510,6,6810,Bats,5,Medium,0.16,UPI,Medium,Yes
PUR002776,CUST2776,Brand Website,7570,9,9470,Full Kits,7,Low,0.08,Credit Card,High,Yes
PUR002777,CUST2777,Flipkart,3270,3,3970,Gloves,3,High,0.44,Debit Card,Medium,No
PUR002778,CUST2778,Amazon,4870,5,6070,Shoes,4,Medium,0.22,UPI,Medium,Yes
PUR002779,CUST2779,Local Store,2390,1,2690,Accessories,1,High,0.61,Cash on Delivery,Low,No
PUR002780,CUST2780,Brand Website,6720,8,8520,Full Kits,6,Low,0.09,Credit Card,High,Yes
PUR002781,CUST2781,Amazon,4450,5,5550,Bats,4,Medium,0.21,UPI,Medium,Yes
PUR002782,CUST2782,Flipkart,2910,2,3410,Jerseys,2,High,0.54,Debit Card,Low,No
PUR002783,CUST2783,Brand Website,7950,10,10150,Full Kits,8,Low,0.06,Credit Card,High,Yes
PUR002784,CUST2784,Local Store,2080,1,2330,Accessories,1,Medium,0.35,Cash on Delivery,Low,No
PUR002785,CUST2785,Amazon,5330,6,6630,Shoes,5,Medium,0.19,UPI,Medium,Yes
PUR002786,CUST2786,Brand Website,7330,9,9230,Full Kits,7,Low,0.08,Credit Card,High,Yes
PUR002787,CUST2787,Flipkart,3420,3,4120,Gloves,3,High,0.47,Debit Card,Medium,No
PUR002788,CUST2788,Amazon,4670,5,5870,Bats,4,Medium,0.20,UPI,Medium,Yes
PUR002789,CUST2789,Local Store,2290,1,2590,Accessories,1,High,0.58,Cash on Delivery,Low,No
PUR002790,CUST2790,Brand Website,6890,8,8690,Full Kits,6,Low,0.07,Credit Card,High,Yes
PUR002791,CUST2791,Amazon,4300,4,5400,Shoes,4,Medium,0.24,UPI,Medium,Yes
PUR002792,CUST2792,Flipkart,2850,2,3350,Jerseys,2,High,0.50,Debit Card,Low,No
PUR002793,CUST2793,Brand Website,8300,10,10500,Full Kits,8,Low,0.05,Credit Card,High,Yes
PUR002794,CUST2794,Local Store,2120,1,2420,Accessories,1,Medium,0.37,Cash on Delivery,Low,No
PUR002795,CUST2795,Amazon,5520,6,6820,Bats,5,Medium,0.16,UPI,Medium,Yes
PUR002796,CUST2796,Brand Website,7580,9,9480,Full Kits,7,Low,0.08,Credit Card,High,Yes
PUR002797,CUST2797,Flipkart,3280,3,3980,Gloves,3,High,0.44,Debit Card,Medium,No
PUR002798,CUST2798,Amazon,4880,5,6080,Shoes,4,Medium,0.22,UPI,Medium,Yes
PUR002799,CUST2799,Local Store,2400,1,2700,Accessories,1,High,0.61,Cash on Delivery,Low,No
PUR002800,CUST2800,Brand Website,6730,8,8530,Full Kits,6,Low,0.09,Credit Card,High,Yes
PUR002801,CUST2801,Amazon,4460,5,5560,Bats,4,Medium,0.21,UPI,Medium,Yes
PUR002802,CUST2802,Flipkart,2920,2,3420,Jerseys,2,High,0.54,Debit Card,Low,No
PUR002803,CUST2803,Brand Website,7960,10,10160,Full Kits,8,Low,0.06,Credit Card,High,Yes
PUR002804,CUST2804,Local Store,2090,1,2340,Accessories,1,Medium,0.35,Cash on Delivery,Low,No
PUR002805,CUST2805,Amazon,5340,6,6640,Shoes,5,Medium,0.19,UPI,Medium,Yes
PUR002806,CUST2806,Brand Website,7340,9,9240,Full Kits,7,Low,0.08,Credit Card,High,Yes
PUR002807,CUST2807,Flipkart,3430,3,4130,Gloves,3,High,0.47,Debit Card,Medium,No
PUR002808,CUST2808,Amazon,4680,5,5880,Bats,4,Medium,0.20,UPI,Medium,Yes
PUR002809,CUST2809,Local Store,2300,1,2600,Accessories,1,High,0.58,Cash on Delivery,Low,No
PUR002810,CUST2810,Brand Website,6900,8,8700,Full Kits,6,Low,0.07,Credit Card,High,Yes
PUR002811,CUST2811,Amazon,4310,4,5410,Shoes,4,Medium,0.24,UPI,Medium,Yes
PUR002812,CUST2812,Flipkart,2860,2,3360,Jerseys,2,High,0.50,Debit Card,Low,No
PUR002813,CUST2813,Brand Website,8310,10,10510,Full Kits,8,Low,0.05,Credit Card,High,Yes
PUR002814,CUST2814,Local Store,2130,1,2430,Accessories,1,Medium,0.37,Cash on Delivery,Low,No
PUR002815,CUST2815,Amazon,5530,6,6830,Bats,5,Medium,0.16,UPI,Medium,Yes
PUR002816,CUST2816,Brand Website,7590,9,9490,Full Kits,7,Low,0.08,Credit Card,High,Yes
PUR002817,CUST2817,Flipkart,3290,3,3990,Gloves,3,High,0.44,Debit Card,Medium,No
PUR002818,CUST2818,Amazon,4890,5,6090,Shoes,4,Medium,0.22,UPI,Medium,Yes
PUR002819,CUST2819,Local Store,2410,1,2710,Accessories,1,High,0.61,Cash on Delivery,Low,No
PUR002820,CUST2820,Brand Website,6740,8,8540,Full Kits,6,Low,0.09,Credit Card,High,Yes
PUR002821,CUST2821,Amazon,4470,5,5570,Bats,4,Medium,0.21,UPI,Medium,Yes
PUR002822,CUST2822,Flipkart,2930,2,3430,Jerseys,2,High,0.54,Debit Card,Low,No
PUR002823,CUST2823,Brand Website,7970,10,10170,Full Kits,8,Low,0.06,Credit Card,High,Yes
PUR002824,CUST2824,Local Store,2100,1,2350,Accessories,1,Medium,0.35,Cash on Delivery,Low,No
PUR002825,CUST2825,Amazon,5350,6,6650,Shoes,5,Medium,0.19,UPI,Medium,Yes
PUR002826,CUST2826,Brand Website,7350,9,9250,Full Kits,7,Low,0.08,Credit Card,High,Yes
PUR002827,CUST2827,Flipkart,3440,3,4140,Gloves,3,High,0.47,Debit Card,Medium,No
PUR002828,CUST2828,Amazon,4690,5,5890,Bats,4,Medium,0.20,UPI,Medium,Yes
PUR002829,CUST2829,Local Store,2310,1,2610,Accessories,1,High,0.58,Cash on Delivery,Low,No
PUR002830,CUST2830,Brand Website,6910,8,8710,Full Kits,6,Low,0.07,Credit Card,High,Yes
PUR002831,CUST2831,Amazon,4320,4,5420,Shoes,4,Medium,0.24,UPI,Medium,Yes
PUR002832,CUST2832,Flipkart,2870,2,3370,Jerseys,2,High,0.50,Debit Card,Low,No
PUR002833,CUST2833,Brand Website,8320,10,10520,Full Kits,8,Low,0.05,Credit Card,High,Yes
PUR002834,CUST2834,Local Store,2140,1,2440,Accessories,1,Medium,0.37,Cash on Delivery,Low,No
PUR002835,CUST2835,Amazon,5540,6,6840,Bats,5,Medium,0.16,UPI,Medium,Yes
PUR002836,CUST2836,Brand Website,7600,9,9500,Full Kits,7,Low,0.08,Credit Card,High,Yes
PUR002837,CUST2837,Flipkart,3300,3,4000,Gloves,3,High,0.44,Debit Card,Medium,No
PUR002838,CUST2838,Amazon,4900,5,6100,Shoes,4,Medium,0.22,UPI,Medium,Yes
PUR002839,CUST2839,Local Store,2420,1,2720,Accessories,1,High,0.61,Cash on Delivery,Low,No
PUR002840,CUST2840,Brand Website,6750,8,8550,Full Kits,6,Low,0.09,Credit Card,High,Yes
PUR002841,CUST2841,Amazon,4480,5,5580,Bats,4,Medium,0.21,UPI,Medium,Yes
PUR002842,CUST2842,Flipkart,2940,2,3440,Jerseys,2,High,0.54,Debit Card,Low,No
PUR002843,CUST2843,Brand Website,7980,10,10180,Full Kits,8,Low,0.06,Credit Card,High,Yes
PUR002844,CUST2844,Local Store,2110,1,2360,Accessories,1,Medium,0.35,Cash on Delivery,Low,No
PUR002845,CUST2845,Amazon,5360,6,6660,Shoes,5,Medium,0.19,UPI,Medium,Yes
PUR002846,CUST2846,Brand Website,7360,9,9260,Full Kits,7,Low,0.08,Credit Card,High,Yes
PUR002847,CUST2847,Flipkart,3450,3,4150,Gloves,3,High,0.47,Debit Card,Medium,No
PUR002848,CUST2848,Amazon,4700,5,5900,Bats,4,Medium,0.20,UPI,Medium,Yes
PUR002849,CUST2849,Local Store,2320,1,2620,Accessories,1,High,0.58,Cash on Delivery,Low,No
PUR002850,CUST2850,Brand Website,6920,8,8720,Full Kits,6,Low,0.07,Credit Card,High,Yes
PUR002851,CUST2851,Amazon,4330,4,5430,Shoes,4,Medium,0.24,UPI,Medium,Yes
PUR002852,CUST2852,Flipkart,2880,2,3380,Jerseys,2,High,0.50,Debit Card,Low,No
PUR002853,CUST2853,Brand Website,8330,10,10530,Full Kits,8,Low,0.05,Credit Card,High,Yes
PUR002854,CUST2854,Local Store,2150,1,2450,Accessories,1,Medium,0.37,Cash on Delivery,Low,No
PUR002855,CUST2855,Amazon,5550,6,6850,Bats,5,Medium,0.16,UPI,Medium,Yes
PUR002856,CUST2856,Brand Website,7610,9,9510,Full Kits,7,Low,0.08,Credit Card,High,Yes
PUR002857,CUST2857,Flipkart,3310,3,4010,Gloves,3,High,0.44,Debit Card,Medium,No
PUR002858,CUST2858,Amazon,4910,5,6110,Shoes,4,Medium,0.22,UPI,Medium,Yes
PUR002859,CUST2859,Local Store,2430,1,2730,Accessories,1,High,0.61,Cash on Delivery,Low,No
PUR002860,CUST2860,Brand Website,6760,8,8560,Full Kits,6,Low,0.09,Credit Card,High,Yes
PUR002861,CUST2861,Amazon,4490,5,5590,Bats,4,Medium,0.21,UPI,Medium,Yes
PUR002862,CUST2862,Flipkart,2950,2,3450,Jerseys,2,High,0.54,Debit Card,Low,No
PUR002863,CUST2863,Brand Website,7990,10,10190,Full Kits,8,Low,0.06,Credit Card,High,Yes
PUR002864,CUST2864,Local Store,2120,1,2370,Accessories,1,Medium,0.35,Cash on Delivery,Low,No
PUR002865,CUST2865,Amazon,5370,6,6670,Shoes,5,Medium,0.19,UPI,Medium,Yes
PUR002866,CUST2866,Brand Website,7370,9,9270,Full Kits,7,Low,0.08,Credit Card,High,Yes
PUR002867,CUST2867,Flipkart,3460,3,4160,Gloves,3,High,0.47,Debit Card,Medium,No
PUR002868,CUST2868,Amazon,4710,5,5910,Bats,4,Medium,0.20,UPI,Medium,Yes
PUR002869,CUST2869,Local Store,2330,1,2630,Accessories,1,High,0.58,Cash on Delivery,Low,No
PUR002870,CUST2870,Brand Website,6930,8,8730,Full Kits,6,Low,0.07,Credit Card,High,Yes
PUR002871,CUST2871,Amazon,4340,4,5440,Shoes,4,Medium,0.24,UPI,Medium,Yes
PUR002872,CUST2872,Flipkart,2890,2,3390,Jerseys,2,High,0.50,Debit Card,Low,No
PUR002873,CUST2873,Brand Website,8340,10,10540,Full Kits,8,Low,0.05,Credit Card,High,Yes
PUR002874,CUST2874,Local Store,2160,1,2460,Accessories,1,Medium,0.37,Cash on Delivery,Low,No
PUR002875,CUST2875,Amazon,5560,6,6860,Bats,5,Medium,0.16,UPI,Medium,Yes
PUR002876,CUST2876,Brand Website,7620,9,9520,Full Kits,7,Low,0.08,Credit Card,High,Yes
PUR002877,CUST2877,Flipkart,3320,3,4020,Gloves,3,High,0.44,Debit Card,Medium,No
PUR002878,CUST2878,Amazon,4920,5,6120,Shoes,4,Medium,0.22,UPI,Medium,Yes
PUR002879,CUST2879,Local Store,2440,1,2740,Accessories,1,High,0.61,Cash on Delivery,Low,No
PUR002880,CUST2880,Brand Website,6770,8,8570,Full Kits,6,Low,0.09,Credit Card,High,Yes
PUR002881,CUST2881,Amazon,4500,5,5600,Bats,4,Medium,0.21,UPI,Medium,Yes
PUR002882,CUST2882,Flipkart,2960,2,3460,Jerseys,2,High,0.54,Debit Card,Low,No
PUR002883,CUST2883,Brand Website,8000,10,10200,Full Kits,8,Low,0.06,Credit Card,High,Yes
PUR002884,CUST2884,Local Store,2130,1,2380,Accessories,1,Medium,0.35,Cash on Delivery,Low,No
PUR002885,CUST2885,Amazon,5380,6,6680,Shoes,5,Medium,0.19,UPI,Medium,Yes
PUR002886,CUST2886,Brand Website,7380,9,9280,Full Kits,7,Low,0.08,Credit Card,High,Yes
PUR002887,CUST2887,Flipkart,3470,3,4170,Gloves,3,High,0.47,Debit Card,Medium,No
PUR002888,CUST2888,Amazon,4720,5,5920,Bats,4,Medium,0.20,UPI,Medium,Yes
PUR002889,CUST2889,Local Store,2340,1,2640,Accessories,1,High,0.58,Cash on Delivery,Low,No
PUR002890,CUST2890,Brand Website,6940,8,8740,Full Kits,6,Low,0.07,Credit Card,High,Yes
PUR002891,CUST2891,Amazon,4350,4,5450,Shoes,4,Medium,0.24,UPI,Medium,Yes
PUR002892,CUST2892,Flipkart,2900,2,3400,Jerseys,2,High,0.50,Debit Card,Low,No
PUR002893,CUST2893,Brand Website,8350,10,10550,Full Kits,8,Low,0.05,Credit Card,High,Yes
PUR002894,CUST2894,Local Store,2170,1,2470,Accessories,1,Medium,0.37,Cash on Delivery,Low,No
PUR002895,CUST2895,Amazon,5570,6,6870,Bats,5,Medium,0.16,UPI,Medium,Yes
PUR002896,CUST2896,Brand Website,7630,9,9530,Full Kits,7,Low,0.08,Credit Card,High,Yes
PUR002897,CUST2897,Flipkart,3330,3,4030,Gloves,3,High,0.44,Debit Card,Medium,No
PUR002898,CUST2898,Amazon,4930,5,6130,Shoes,4,Medium,0.22,UPI,Medium,Yes
PUR002899,CUST2899,Local Store,2450,1,2750,Accessories,1,High,0.61,Cash on Delivery,Low,No
PUR002900,CUST2900,Brand Website,6780,8,8580,Full Kits,6,Low,0.09,Credit Card,High,Yes
PUR002901,CUST2901,Amazon,4510,5,5610,Bats,4,Medium,0.21,UPI,Medium,Yes
PUR002902,CUST2902,Flipkart,2970,2,3470,Jerseys,2,High,0.54,Debit Card,Low,No
PUR002903,CUST2903,Brand Website,8010,10,10210,Full Kits,8,Low,0.06,Credit Card,High,Yes
PUR002904,CUST2904,Local Store,2140,1,2390,Accessories,1,Medium,0.35,Cash on Delivery,Low,No
PUR002905,CUST2905,Amazon,5390,6,6690,Shoes,5,Medium,0.19,UPI,Medium,Yes
PUR002906,CUST2906,Brand Website,7390,9,9290,Full Kits,7,Low,0.08,Credit Card,High,Yes
PUR002907,CUST2907,Flipkart,3480,3,4180,Gloves,3,High,0.47,Debit Card,Medium,No
PUR002908,CUST2908,Amazon,4730,5,5930,Bats,4,Medium,0.20,UPI,Medium,Yes
PUR002909,CUST2909,Local Store,2350,1,2650,Accessories,1,High,0.58,Cash on Delivery,Low,No
PUR002910,CUST2910,Brand Website,6950,8,8750,Full Kits,6,Low,0.07,Credit Card,High,Yes
PUR002911,CUST2911,Amazon,4360,4,5460,Shoes,4,Medium,0.24,UPI,Medium,Yes
PUR002912,CUST2912,Flipkart,2910,2,3410,Jerseys,2,High,0.50,Debit Card,Low,No
PUR002913,CUST2913,Brand Website,8360,10,10560,Full Kits,8,Low,0.05,Credit Card,High,Yes
PUR002914,CUST2914,Local Store,2180,1,2480,Accessories,1,Medium,0.37,Cash on Delivery,Low,No
PUR002915,CUST2915,Amazon,5580,6,6880,Bats,5,Medium,0.16,UPI,Medium,Yes
PUR002916,CUST2916,Brand Website,7640,9,9540,Full Kits,7,Low,0.08,Credit Card,High,Yes
PUR002917,CUST2917,Flipkart,3340,3,4040,Gloves,3,High,0.44,Debit Card,Medium,No
PUR002918,CUST2918,Amazon,4940,5,6140,Shoes,4,Medium,0.22,UPI,Medium,Yes
PUR002919,CUST2919,Local Store,2460,1,2760,Accessories,1,High,0.61,Cash on Delivery,Low,No
PUR002920,CUST2920,Brand Website,6790,8,8590,Full Kits,6,Low,0.09,Credit Card,High,Yes
PUR002921,CUST2921,Amazon,4520,5,5620,Bats,4,Medium,0.21,UPI,Medium,Yes
PUR002922,CUST2922,Flipkart,2980,2,3480,Jerseys,2,High,0.54,Debit Card,Low,No
PUR002923,CUST2923,Brand Website,8020,10,10220,Full Kits,8,Low,0.06,Credit Card,High,Yes
PUR002924,CUST2924,Local Store,2150,1,2400,Accessories,1,Medium,0.35,Cash on Delivery,Low,No
PUR002925,CUST2925,Amazon,5400,6,6700,Shoes,5,Medium,0.19,UPI,Medium,Yes
PUR002926,CUST2926,Brand Website,7400,9,9300,Full Kits,7,Low,0.08,Credit Card,High,Yes
PUR002927,CUST2927,Flipkart,3490,3,4190,Gloves,3,High,0.47,Debit Card,Medium,No
PUR002928,CUST2928,Amazon,4740,5,5940,Bats,4,Medium,0.20,UPI,Medium,Yes
PUR002929,CUST2929,Local Store,2360,1,2660,Accessories,1,High,0.58,Cash on Delivery,Low,No
PUR002930,CUST2930,Brand Website,6960,8,8760,Full Kits,6,Low,0.07,Credit Card,High,Yes
PUR002931,CUST2931,Amazon,4370,4,5470,Shoes,4,Medium,0.24,UPI,Medium,Yes
PUR002932,CUST2932,Flipkart,2920,2,3420,Jerseys,2,High,0.50,Debit Card,Low,No
PUR002933,CUST2933,Brand Website,8370,10,10570,Full Kits,8,Low,0.05,Credit Card,High,Yes
PUR002934,CUST2934,Local Store,2190,1,2490,Accessories,1,Medium,0.37,Cash on Delivery,Low,No
PUR002935,CUST2935,Amazon,5590,6,6890,Bats,5,Medium,0.16,UPI,Medium,Yes
PUR002936,CUST2936,Brand Website,7650,9,9550,Full Kits,7,Low,0.08,Credit Card,High,Yes
PUR002937,CUST2937,Flipkart,3350,3,4050,Gloves,3,High,0.44,Debit Card,Medium,No
PUR002938,CUST2938,Amazon,4950,5,6150,Shoes,4,Medium,0.22,UPI,Medium,Yes
PUR002939,CUST2939,Local Store,2470,1,2770,Accessories,1,High,0.61,Cash on Delivery,Low,No
PUR002940,CUST2940,Brand Website,6800,8,8600,Full Kits,6,Low,0.09,Credit Card,High,Yes
PUR002941,CUST2941,Amazon,4530,5,5630,Bats,4,Medium,0.21,UPI,Medium,Yes
PUR002942,CUST2942,Flipkart,2990,2,3490,Jerseys,2,High,0.54,Debit Card,Low,No
PUR002943,CUST2943,Brand Website,8030,10,10230,Full Kits,8,Low,0.06,Credit Card,High,Yes
PUR002944,CUST2944,Local Store,2160,1,2410,Accessories,1,Medium,0.35,Cash on Delivery,Low,No
PUR002945,CUST2945,Amazon,5410,6,6710,Shoes,5,Medium,0.19,UPI,Medium,Yes
PUR002946,CUST2946,Brand Website,7410,9,9310,Full Kits,7,Low,0.08,Credit Card,High,Yes
PUR002947,CUST2947,Flipkart,3500,3,4200,Gloves,3,High,0.47,Debit Card,Medium,No
PUR002948,CUST2948,Amazon,4750,5,5950,Bats,4,Medium,0.20,UPI,Medium,Yes
PUR002949,CUST2949,Local Store,2370,1,2670,Accessories,1,High,0.58,Cash on Delivery,Low,No
PUR002950,CUST2950,Brand Website,6970,8,8770,Full Kits,6,Low,0.07,Credit Card,High,Yes
PUR002951,CUST2951,Amazon,4380,4,5480,Shoes,4,Medium,0.24,UPI,Medium,Yes
PUR002952,CUST2952,Flipkart,2930,2,3430,Jerseys,2,High,0.50,Debit Card,Low,No
PUR002953,CUST2953,Brand Website,8380,10,10580,Full Kits,8,Low,0.05,Credit Card,High,Yes
PUR002954,CUST2954,Local Store,2200,1,2500,Accessories,1,Medium,0.37,Cash on Delivery,Low,No
PUR002955,CUST2955,Amazon,5600,6,6900,Bats,5,Medium,0.16,UPI,Medium,Yes
PUR002956,CUST2956,Brand Website,7660,9,9560,Full Kits,7,Low,0.08,Credit Card,High,Yes
PUR002957,CUST2957,Flipkart,3360,3,4060,Gloves,3,High,0.44,Debit Card,Medium,No
PUR002958,CUST2958,Amazon,4960,5,6160,Shoes,4,Medium,0.22,UPI,Medium,Yes
PUR002959,CUST2959,Local Store,2480,1,2780,Accessories,1,High,0.61,Cash on Delivery,Low,No
PUR002960,CUST2960,Brand Website,6810,8,8610,Full Kits,6,Low,0.09,Credit Card,High,Yes
PUR002961,CUST2961,Amazon,4540,5,5640,Bats,4,Medium,0.21,UPI,Medium,Yes
PUR002962,CUST2962,Flipkart,3000,2,3500,Jerseys,2,High,0.54,Debit Card,Low,No
PUR002963,CUST2963,Brand Website,8040,10,10240,Full Kits,8,Low,0.06,Credit Card,High,Yes
PUR002964,CUST2964,Local Store,2170,1,2420,Accessories,1,Medium,0.35,Cash on Delivery,Low,No
PUR002965,CUST2965,Amazon,5420,6,6720,Shoes,5,Medium,0.19,UPI,Medium,Yes
PUR002966,CUST2966,Brand Website,7420,9,9320,Full Kits,7,Low,0.08,Credit Card,High,Yes
PUR002967,CUST2967,Flipkart,3510,3,4210,Gloves,3,High,0.47,Debit Card,Medium,No
PUR002968,CUST2968,Amazon,4760,5,5960,Bats,4,Medium,0.20,UPI,Medium,Yes
PUR002969,CUST2969,Local Store,2380,1,2680,Accessories,1,High,0.58,Cash on Delivery,Low,No
PUR002970,CUST2970,Brand Website,6980,8,8780,Full Kits,6,Low,0.07,Credit Card,High,Yes
PUR002971,CUST2971,Amazon,4390,4,5490,Shoes,4,Medium,0.24,UPI,Medium,Yes
PUR002972,CUST2972,Flipkart,2940,2,3440,Jerseys,2,High,0.50,Debit Card,Low,No
PUR002973,CUST2973,Brand Website,8390,10,10590,Full Kits,8,Low,0.05,Credit Card,High,Yes
PUR002974,CUST2974,Local Store,2210,1,2510,Accessories,1,Medium,0.37,Cash on Delivery,Low,No
PUR002975,CUST2975,Amazon,5610,6,6910,Bats,5,Medium,0.16,UPI,Medium,Yes
PUR002976,CUST2976,Brand Website,7670,9,9570,Full Kits,7,Low,0.08,Credit Card,High,Yes
PUR002977,CUST2977,Flipkart,3370,3,4070,Gloves,3,High,0.44,Debit Card,Medium,No
PUR002978,CUST2978,Amazon,4970,5,6170,Shoes,4,Medium,0.22,UPI,Medium,Yes
PUR002979,CUST2979,Local Store,2490,1,2790,Accessories,1,High,0.61,Cash on Delivery,Low,No
PUR002980,CUST2980,Brand Website,6820,8,8620,Full Kits,6,Low,0.09,Credit Card,High,Yes
PUR002981,CUST2981,Amazon,4550,5,5650,Bats,4,Medium,0.21,UPI,Medium,Yes
PUR002982,CUST2982,Flipkart,3010,2,3510,Jerseys,2,High,0.54,Debit Card,Low,No
PUR002983,CUST2983,Brand Website,8050,10,10250,Full Kits,8,Low,0.06,Credit Card,High,Yes
PUR002984,CUST2984,Local Store,2180,1,2430,Accessories,1,Medium,0.35,Cash on Delivery,Low,No
PUR002985,CUST2985,Amazon,5430,6,6730,Shoes,5,Medium,0.19,UPI,Medium,Yes
PUR002986,CUST2986,Brand Website,7430,9,9330,Full Kits,7,Low,0.08,Credit Card,High,Yes
PUR002987,CUST2987,Flipkart,3520,3,4220,Gloves,3,High,0.47,Debit Card,Medium,No
PUR002988,CUST2988,Amazon,4770,5,5970,Bats,4,Medium,0.20,UPI,Medium,Yes
PUR002989,CUST2989,Local Store,2390,1,2690,Accessories,1,High,0.58,Cash on Delivery,Low,No
PUR002990,CUST2990,Brand Website,6990,8,8790,Full Kits,6,Low,0.07,Credit Card,High,Yes
PUR002991,CUST2991,Amazon,4400,4,5500,Shoes,4,Medium,0.24,UPI,Medium,Yes
PUR002992,CUST2992,Flipkart,2950,2,3450,Jerseys,2,High,0.50,Debit Card,Low,No
PUR002993,CUST2993,Brand Website,8400,10,10600,Full Kits,8,Low,0.05,Credit Card,High,Yes
PUR002994,CUST2994,Local Store,2220,1,2520,Accessories,1,Medium,0.37,Cash on Delivery,Low,No
PUR002995,CUST2995,Amazon,5620,6,6920,Bats,5,Medium,0.16,UPI,Medium,Yes
PUR002996,CUST2996,Brand Website,7680,9,9580,Full Kits,7,Low,0.08,Credit Card,High,Yes
PUR002997,CUST2997,Flipkart,3380,3,4080,Gloves,3,High,0.44,Debit Card,Medium,No
PUR002998,CUST2998,Amazon,4980,5,6180,Shoes,4,Medium,0.22,UPI,Medium,Yes
PUR002999,CUST2999,Local Store,2500,1,2800,Accessories,1,High,0.61,Cash on Delivery,Low,No
PUR003000,CUST3000,Brand Website,6830,8,8630,Full Kits,6,Low,0.09,Credit Card,High,Yes
PUR003001,CUST3001,Amazon,4560,5,5660,Bats,4,Medium,0.21,UPI,Medium,Yes
PUR003002,CUST3002,Flipkart,3020,2,3520,Jerseys,2,High,0.54,Debit Card,Low,No
PUR003003,CUST3003,Brand Website,8060,10,10260,Full Kits,8,Low,0.06,Credit Card,High,Yes
PUR003004,CUST3004,Local Store,2190,1,2440,Accessories,1,Medium,0.35,Cash on Delivery,Low,No
PUR003005,CUST3005,Amazon,5440,6,6740,Shoes,5,Medium,0.19,UPI,Medium,Yes
PUR003006,CUST3006,Brand Website,7440,9,9340,Full Kits,7,Low,0.08,Credit Card,High,Yes
PUR003007,CUST3007,Flipkart,3530,3,4230,Gloves,3,High,0.47,Debit Card,Medium,No
PUR003008,CUST3008,Amazon,4780,5,5980,Bats,4,Medium,0.20,UPI,Medium,Yes
PUR003009,CUST3009,Local Store,2400,1,2700,Accessories,1,High,0.58,Cash on Delivery,Low,No
PUR003010,CUST3010,Brand Website,7000,8,8800,Full Kits,6,Low,0.07,Credit Card,High,Yes
PUR003011,CUST3011,Amazon,4410,4,5510,Shoes,4,Medium,0.24,UPI,Medium,Yes
PUR003012,CUST3012,Flipkart,2960,2,3460,Jerseys,2,High,0.50,Debit Card,Low,No
PUR003013,CUST3013,Brand Website,8410,10,10610,Full Kits,8,Low,0.05,Credit Card,High,Yes
PUR003014,CUST3014,Local Store,2230,1,2530,Accessories,1,Medium,0.37,Cash on Delivery,Low,No
PUR003015,CUST3015,Amazon,5630,6,6930,Bats,5,Medium,0.16,UPI,Medium,Yes
PUR003016,CUST3016,Brand Website,7690,9,9590,Full Kits,7,Low,0.08,Credit Card,High,Yes
PUR003017,CUST3017,Flipkart,3390,3,4090,Gloves,3,High,0.44,Debit Card,Medium,No
PUR003018,CUST3018,Amazon,4990,5,6190,Shoes,4,Medium,0.22,UPI,Medium,Yes
PUR003019,CUST3019,Local Store,2510,1,2810,Accessories,1,High,0.61,Cash on Delivery,Low,No
PUR003020,CUST3020,Brand Website,6840,8,8640,Full Kits,6,Low,0.09,Credit Card,High,Yes
PUR003021,CUST3021,Amazon,4570,5,5670,Bats,4,Medium,0.21,UPI,Medium,Yes
PUR003022,CUST3022,Flipkart,3030,2,3530,Jerseys,2,High,0.54,Debit Card,Low,No
PUR003023,CUST3023,Brand Website,8070,10,10270,Full Kits,8,Low,0.06,Credit Card,High,Yes
PUR003024,CUST3024,Local Store,2200,1,2450,Accessories,1,Medium,0.35,Cash on Delivery,Low,No
PUR003025,CUST3025,Amazon,5450,6,6750,Shoes,5,Medium,0.19,UPI,Medium,Yes
PUR003026,CUST3026,Brand Website,7450,9,9350,Full Kits,7,Low,0.08,Credit Card,High,Yes
PUR003027,CUST3027,Flipkart,3540,3,4240,Gloves,3,High,0.47,Debit Card,Medium,No
PUR003028,CUST3028,Amazon,4790,5,5990,Bats,4,Medium,0.20,UPI,Medium,Yes
PUR003029,CUST3029,Local Store,2410,1,2710,Accessories,1,High,0.58,Cash on Delivery,Low,No
PUR003030,CUST3030,Brand Website,7010,8,8810,Full Kits,6,Low,0.07,Credit Card,High,Yes
PUR003031,CUST3031,Amazon,4420,4,5520,Shoes,4,Medium,0.24,UPI,Medium,Yes
PUR003032,CUST3032,Flipkart,2970,2,3470,Jerseys,2,High,0.50,Debit Card,Low,No
PUR003033,CUST3033,Brand Website,8420,10,10620,Full Kits,8,Low,0.05,Credit Card,High,Yes
PUR003034,CUST3034,Local Store,2240,1,2540,Accessories,1,Medium,0.37,Cash on Delivery,Low,No
PUR003035,CUST3035,Amazon,5640,6,6940,Bats,5,Medium,0.16,UPI,Medium,Yes
PUR003036,CUST3036,Brand Website,7700,9,9600,Full Kits,7,Low,0.08,Credit Card,High,Yes
PUR003037,CUST3037,Flipkart,3400,3,4100,Gloves,3,High,0.44,Debit Card,Medium,No
PUR003038,CUST3038,Amazon,5000,5,6200,Shoes,4,Medium,0.22,UPI,Medium,Yes
PUR003039,CUST3039,Local Store,2520,1,2820,Accessories,1,High,0.61,Cash on Delivery,Low,No
PUR003040,CUST3040,Brand Website,6850,8,8650,Full Kits,6,Low,0.09,Credit Card,High,Yes
PUR003041,CUST3041,Amazon,4580,5,5680,Bats,4,Medium,0.21,UPI,Medium,Yes
PUR003042,CUST3042,Flipkart,3040,2,3540,Jerseys,2,High,0.54,Debit Card,Low,No
PUR003043,CUST3043,Brand Website,8080,10,10280,Full Kits,8,Low,0.06,Credit Card,High,Yes
PUR003044,CUST3044,Local Store,2210,1,2460,Accessories,1,Medium,0.35,Cash on Delivery,Low,No
PUR003045,CUST3045,Amazon,5460,6,6760,Shoes,5,Medium,0.19,UPI,Medium,Yes
PUR003046,CUST3046,Brand Website,7460,9,9360,Full Kits,7,Low,0.08,Credit Card,High,Yes
PUR003047,CUST3047,Flipkart,3550,3,4250,Gloves,3,High,0.47,Debit Card,Medium,No
PUR003048,CUST3048,Amazon,4800,5,6000,Bats,4,Medium,0.20,UPI,Medium,Yes
PUR003049,CUST3049,Local Store,2420,1,2720,Accessories,1,High,0.58,Cash on Delivery,Low,No
PUR003050,CUST3050,Brand Website,7020,8,8820,Full Kits,6,Low,0.07,Credit Card,High,Yes
PUR003051,CUST3051,Amazon,4430,4,5530,Shoes,4,Medium,0.24,UPI,Medium,Yes
PUR003052,CUST3052,Flipkart,2980,2,3480,Jerseys,2,High,0.50,Debit Card,Low,No
PUR003053,CUST3053,Brand Website,8430,10,10630,Full Kits,8,Low,0.05,Credit Card,High,Yes
PUR003054,CUST3054,Local Store,2250,1,2550,Accessories,1,Medium,0.37,Cash on Delivery,Low,No
PUR003055,CUST3055,Amazon,5650,6,6950,Bats,5,Medium,0.16,UPI,Medium,Yes
PUR003056,CUST3056,Brand Website,7710,9,9610,Full Kits,7,Low,0.08,Credit Card,High,Yes
PUR003057,CUST3057,Flipkart,3410,3,4110,Gloves,3,High,0.44,Debit Card,Medium,No
PUR003058,CUST3058,Amazon,5010,5,6210,Shoes,4,Medium,0.22,UPI,Medium,Yes
PUR003059,CUST3059,Local Store,2530,1,2830,Accessories,1,High,0.61,Cash on Delivery,Low,No
PUR003060,CUST3060,Brand Website,6860,8,8660,Full Kits,6,Low,0.09,Credit Card,High,Yes
PUR003061,CUST3061,Amazon,4590,5,5690,Bats,4,Medium,0.21,UPI,Medium,Yes
PUR003062,CUST3062,Flipkart,3050,2,3550,Jerseys,2,High,0.54,Debit Card,Low,No
PUR003063,CUST3063,Brand Website,8090,10,10290,Full Kits,8,Low,0.06,Credit Card,High,Yes
PUR003064,CUST3064,Local Store,2220,1,2470,Accessories,1,Medium,0.35,Cash on Delivery,Low,No
PUR003065,CUST3065,Amazon,5470,6,6770,Shoes,5,Medium,0.19,UPI,Medium,Yes
PUR003066,CUST3066,Brand Website,7470,9,9370,Full Kits,7,Low,0.08,Credit Card,High,Yes
PUR003067,CUST3067,Flipkart,3560,3,4260,Gloves,3,High,0.47,Debit Card,Medium,No
PUR003068,CUST3068,Amazon,4810,5,6010,Bats,4,Medium,0.20,UPI,Medium,Yes
PUR003069,CUST3069,Local Store,2430,1,2730,Accessories,1,High,0.58,Cash on Delivery,Low,No
PUR003070,CUST3070,Brand Website,7030,8,8830,Full Kits,6,Low,0.07,Credit Card,High,Yes
PUR003071,CUST3071,Amazon,4440,4,5540,Shoes,4,Medium,0.24,UPI,Medium,Yes
PUR003072,CUST3072,Flipkart,2990,2,3490,Jerseys,2,High,0.50,Debit Card,Low,No
PUR003073,CUST3073,Brand Website,8440,10,10640,Full Kits,8,Low,0.05,Credit Card,High,Yes
PUR003074,CUST3074,Local Store,2260,1,2560,Accessories,1,Medium,0.37,Cash on Delivery,Low,No
PUR003075,CUST3075,Amazon,5660,6,6960,Bats,5,Medium,0.16,UPI,Medium,Yes
PUR003076,CUST3076,Brand Website,7720,9,9620,Full Kits,7,Low,0.08,Credit Card,High,Yes
PUR003077,CUST3077,Flipkart,3420,3,4120,Gloves,3,High,0.44,Debit Card,Medium,No
PUR003078,CUST3078,Amazon,5020,5,6220,Shoes,4,Medium,0.22,UPI,Medium,Yes
PUR003079,CUST3079,Local Store,2540,1,2840,Accessories,1,High,0.61,Cash on Delivery,Low,No
PUR003080,CUST3080,Brand Website,6870,8,8670,Full Kits,6,Low,0.09,Credit Card,High,Yes
PUR003081,CUST3081,Amazon,4600,5,5700,Bats,4,Medium,0.21,UPI,Medium,Yes
PUR003082,CUST3082,Flipkart,3060,2,3560,Jerseys,2,High,0.54,Debit Card,Low,No
PUR003083,CUST3083,Brand Website,8100,10,10300,Full Kits,8,Low,0.06,Credit Card,High,Yes
PUR003084,CUST3084,Local Store,2230,1,2480,Accessories,1,Medium,0.35,Cash on Delivery,Low,No
PUR003085,CUST3085,Amazon,5480,6,6780,Shoes,5,Medium,0.19,UPI,Medium,Yes
PUR003086,CUST3086,Brand Website,7480,9,9380,Full Kits,7,Low,0.08,Credit Card,High,Yes
PUR003087,CUST3087,Flipkart,3570,3,4270,Gloves,3,High,0.47,Debit Card,Medium,No
PUR003088,CUST3088,Amazon,4820,5,6020,Bats,4,Medium,0.20,UPI,Medium,Yes
PUR003089,CUST3089,Local Store,2440,1,2740,Accessories,1,High,0.58,Cash on Delivery,Low,No
PUR003090,CUST3090,Brand Website,7040,8,8840,Full Kits,6,Low,0.07,Credit Card,High,Yes
PUR003091,CUST3091,Amazon,4450,4,5550,Shoes,4,Medium,0.24,UPI,Medium,Yes
PUR003092,CUST3092,Flipkart,3000,2,3500,Jerseys,2,High,0.50,Debit Card,Low,No
PUR003093,CUST3093,Brand Website,8450,10,10650,Full Kits,8,Low,0.05,Credit Card,High,Yes
PUR003094,CUST3094,Local Store,2270,1,2570,Accessories,1,Medium,0.37,Cash on Delivery,Low,No
PUR003095,CUST3095,Amazon,5670,6,6970,Bats,5,Medium,0.16,UPI,Medium,Yes
PUR003096,CUST3096,Brand Website,7730,9,9630,Full Kits,7,Low,0.08,Credit Card,High,Yes
PUR003097,CUST3097,Flipkart,3430,3,4130,Gloves,3,High,0.44,Debit Card,Medium,No
PUR003098,CUST3098,Amazon,5030,5,6230,Shoes,4,Medium,0.22,UPI,Medium,Yes
PUR003099,CUST3099,Local Store,2550,1,2850,Accessories,1,High,0.61,Cash on Delivery,Low,No
PUR003100,CUST3100,Brand Website,6880,8,8680,Full Kits,6,Low,0.09,Credit Card,High,Yes
PUR003101,CUST3101,Amazon,4610,5,5710,Bats,4,Medium,0.21,UPI,Medium,Yes
PUR003102,CUST3102,Flipkart,3070,2,3570,Jerseys,2,High,0.54,Debit Card,Low,No
PUR003103,CUST3103,Brand Website,8110,10,10310,Full Kits,8,Low,0.06,Credit Card,High,Yes
PUR003104,CUST3104,Local Store,2240,1,2490,Accessories,1,Medium,0.35,Cash on Delivery,Low,No
PUR003105,CUST3105,Amazon,5490,6,6790,Shoes,5,Medium,0.19,UPI,Medium,Yes
PUR003106,CUST3106,Brand Website,7490,9,9390,Full Kits,7,Low,0.08,Credit Card,High,Yes
PUR003107,CUST3107,Flipkart,3580,3,4280,Gloves,3,High,0.47,Debit Card,Medium,No
PUR003108,CUST3108,Amazon,4830,5,6030,Bats,4,Medium,0.20,UPI,Medium,Yes
PUR003109,CUST3109,Local Store,2450,1,2750,Accessories,1,High,0.58,Cash on Delivery,Low,No
PUR003110,CUST3110,Brand Website,7050,8,8850,Full Kits,6,Low,0.07,Credit Card,High,Yes
PUR003111,CUST3111,Amazon,4460,4,5560,Shoes,4,Medium,0.24,UPI,Medium,Yes
PUR003112,CUST3112,Flipkart,3010,2,3510,Jerseys,2,High,0.50,Debit Card,Low,No
PUR003113,CUST3113,Brand Website,8460,10,10660,Full Kits,8,Low,0.05,Credit Card,High,Yes
PUR003114,CUST3114,Local Store,2280,1,2580,Accessories,1,Medium,0.37,Cash on Delivery,Low,No
PUR003115,CUST3115,Amazon,5680,6,6980,Bats,5,Medium,0.16,UPI,Medium,Yes
PUR003116,CUST3116,Brand Website,7740,9,9640,Full Kits,7,Low,0.08,Credit Card,High,Yes
PUR003117,CUST3117,Flipkart,3440,3,4140,Gloves,3,High,0.44,Debit Card,Medium,No
PUR003118,CUST3118,Amazon,5040,5,6240,Shoes,4,Medium,0.22,UPI,Medium,Yes
PUR003119,CUST3119,Local Store,2560,1,2860,Accessories,1,High,0.61,Cash on Delivery,Low,No
PUR003120,CUST3120,Brand Website,6890,8,8690,Full Kits,6,Low,0.09,Credit Card,High,Yes
PUR003121,CUST3121,Amazon,4620,5,5720,Bats,4,Medium,0.21,UPI,Medium,Yes
PUR003122,CUST3122,Flipkart,3080,2,3580,Jerseys,2,High,0.54,Debit Card,Low,No
PUR003123,CUST3123,Brand Website,8120,10,10320,Full Kits,8,Low,0.06,Credit Card,High,Yes
PUR003124,CUST3124,Local Store,2250,1,2500,Accessories,1,Medium,0.35,Cash on Delivery,Low,No
PUR003125,CUST3125,Amazon,5500,6,6800,Shoes,5,Medium,0.19,UPI,Medium,Yes
PUR003126,CUST3126,Brand Website,7500,9,9400,Full Kits,7,Low,0.08,Credit Card,High,Yes
PUR003127,CUST3127,Flipkart,3590,3,4290,Gloves,3,High,0.47,Debit Card,Medium,No
PUR003128,CUST3128,Amazon,4840,5,6040,Bats,4,Medium,0.20,UPI,Medium,Yes
PUR003129,CUST3129,Local Store,2460,1,2760,Accessories,1,High,0.58,Cash on Delivery,Low,No
PUR003130,CUST3130,Brand Website,7060,8,8860,Full Kits,6,Low,0.07,Credit Card,High,Yes
PUR003131,CUST3131,Amazon,4470,4,5570,Shoes,4,Medium,0.24,UPI,Medium,Yes
PUR003132,CUST3132,Flipkart,3020,2,3520,Jerseys,2,High,0.50,Debit Card,Low,No
PUR003133,CUST3133,Brand Website,8470,10,10670,Full Kits,8,Low,0.05,Credit Card,High,Yes
PUR003134,CUST3134,Local Store,2290,1,2590,Accessories,1,Medium,0.37,Cash on Delivery,Low,No
PUR003135,CUST3135,Amazon,5690,6,6990,Bats,5,Medium,0.16,UPI,Medium,Yes
PUR003136,CUST3136,Brand Website,7750,9,9650,Full Kits,7,Low,0.08,Credit Card,High,Yes
PUR003137,CUST3137,Flipkart,3450,3,4150,Gloves,3,High,0.44,Debit Card,Medium,No
PUR003138,CUST3138,Amazon,5050,5,6250,Shoes,4,Medium,0.22,UPI,Medium,Yes
PUR003139,CUST3139,Local Store,2570,1,2870,Accessories,1,High,0.61,Cash on Delivery,Low,No
PUR003140,CUST3140,Brand Website,6900,8,8700,Full Kits,6,Low,0.09,Credit Card,High,Yes
PUR003141,CUST3141,Amazon,4630,5,5730,Bats,4,Medium,0.21,UPI,Medium,Yes
PUR003142,CUST3142,Flipkart,3090,2,3590,Jerseys,2,High,0.54,Debit Card,Low,No
PUR003143,CUST3143,Brand Website,8130,10,10330,Full Kits,8,Low,0.06,Credit Card,High,Yes
PUR003144,CUST3144,Local Store,2260,1,2510,Accessories,1,Medium,0.35,Cash on Delivery,Low,No
PUR003145,CUST3145,Amazon,5510,6,6810,Shoes,5,Medium,0.19,UPI,Medium,Yes
PUR003146,CUST3146,Brand Website,7510,9,9410,Full Kits,7,Low,0.08,Credit Card,High,Yes
PUR003147,CUST3147,Flipkart,3600,3,4300,Gloves,3,High,0.47,Debit Card,Medium,No
PUR003148,CUST3148,Amazon,4850,5,6050,Bats,4,Medium,0.20,UPI,Medium,Yes
PUR003149,CUST3149,Local Store,2470,1,2770,Accessories,1,High,0.58,Cash on Delivery,Low,No
PUR003150,CUST3150,Brand Website,7070,8,8870,Full Kits,6,Low,0.07,Credit Card,High,Yes
PUR003151,CUST3151,Amazon,4480,4,5580,Shoes,4,Medium,0.24,UPI,Medium,Yes
PUR003152,CUST3152,Flipkart,3030,2,3530,Jerseys,2,High,0.50,Debit Card,Low,No
PUR003153,CUST3153,Brand Website,8480,10,10680,Full Kits,8,Low,0.05,Credit Card,High,Yes
PUR003154,CUST3154,Local Store,2300,1,2600,Accessories,1,Medium,0.37,Cash on Delivery,Low,No
PUR003155,CUST3155,Amazon,5700,6,7000,Bats,5,Medium,0.16,UPI,Medium,Yes
PUR003156,CUST3156,Brand Website,7760,9,9660,Full Kits,7,Low,0.08,Credit Card,High,Yes
PUR003157,CUST3157,Flipkart,3460,3,4160,Gloves,3,High,0.44,Debit Card,Medium,No
PUR003158,CUST3158,Amazon,5060,5,6260,Shoes,4,Medium,0.22,UPI,Medium,Yes
PUR003159,CUST3159,Local Store,2580,1,2880,Accessories,1,High,0.61,Cash on Delivery,Low,No
PUR003160,CUST3160,Brand Website,6910,8,8710,Full Kits,6,Low,0.09,Credit Card,High,Yes
PUR003161,CUST3161,Amazon,4640,5,5740,Bats,4,Medium,0.21,UPI,Medium,Yes
PUR003162,CUST3162,Flipkart,3100,2,3600,Jerseys,2,High,0.54,Debit Card,Low,No
PUR003163,CUST3163,Brand Website,8140,10,10340,Full Kits,8,Low,0.06,Credit Card,High,Yes
PUR003164,CUST3164,Local Store,2270,1,2520,Accessories,1,Medium,0.35,Cash on Delivery,Low,No
PUR003165,CUST3165,Amazon,5520,6,6820,Shoes,5,Medium,0.19,UPI,Medium,Yes
PUR003166,CUST3166,Brand Website,7520,9,9420,Full Kits,7,Low,0.08,Credit Card,High,Yes
PUR003167,CUST3167,Flipkart,3610,3,4310,Gloves,3,High,0.47,Debit Card,Medium,No
PUR003168,CUST3168,Amazon,4860,5,6060,Bats,4,Medium,0.20,UPI,Medium,Yes
PUR003169,CUST3169,Local Store,2480,1,2780,Accessories,1,High,0.58,Cash on Delivery,Low,No
PUR003170,CUST3170,Brand Website,7080,8,8880,Full Kits,6,Low,0.07,Credit Card,High,Yes
PUR003171,CUST3171,Amazon,4490,4,5590,Shoes,4,Medium,0.24,UPI,Medium,Yes
PUR003172,CUST3172,Flipkart,3040,2,3540,Jerseys,2,High,0.50,Debit Card,Low,No
PUR003173,CUST3173,Brand Website,8490,10,10690,Full Kits,8,Low,0.05,Credit Card,High,Yes
PUR003174,CUST3174,Local Store,2310,1,2610,Accessories,1,Medium,0.37,Cash on Delivery,Low,No
PUR003175,CUST3175,Amazon,5710,6,7010,Bats,5,Medium,0.16,UPI,Medium,Yes
PUR003176,CUST3176,Brand Website,7770,9,9670,Full Kits,7,Low,0.08,Credit Card,High,Yes
PUR003177,CUST3177,Flipkart,3470,3,4170,Gloves,3,High,0.44,Debit Card,Medium,No
PUR003178,CUST3178,Amazon,5070,5,6270,Shoes,4,Medium,0.22,UPI,Medium,Yes
PUR003179,CUST3179,Local Store,2590,1,2890,Accessories,1,High,0.61,Cash on Delivery,Low,No
PUR003180,CUST3180,Brand Website,6920,8,8720,Full Kits,6,Low,0.09,Credit Card,High,Yes
PUR003181,CUST3181,Amazon,4650,5,5750,Bats,4,Medium,0.21,UPI,Medium,Yes
PUR003182,CUST3182,Flipkart,3110,2,3610,Jerseys,2,High,0.54,Debit Card,Low,No
PUR003183,CUST3183,Brand Website,8150,10,10350,Full Kits,8,Low,0.06,Credit Card,High,Yes
PUR003184,CUST3184,Local Store,2280,1,2530,Accessories,1,Medium,0.35,Cash on Delivery,Low,No
PUR003185,CUST3185,Amazon,5530,6,6830,Shoes,5,Medium,0.19,UPI,Medium,Yes
PUR003186,CUST3186,Brand Website,7530,9,9430,Full Kits,7,Low,0.08,Credit Card,High,Yes
PUR003187,CUST3187,Flipkart,3620,3,4320,Gloves,3,High,0.47,Debit Card,Medium,No
PUR003188,CUST3188,Amazon,4870,5,6070,Bats,4,Medium,0.20,UPI,Medium,Yes
PUR003189,CUST3189,Local Store,2490,1,2790,Accessories,1,High,0.58,Cash on Delivery,Low,No
PUR003190,CUST3190,Brand Website,7090,8,8890,Full Kits,6,Low,0.07,Credit Card,High,Yes
PUR003191,CUST3191,Amazon,4500,4,5600,Shoes,4,Medium,0.24,UPI,Medium,Yes
PUR003192,CUST3192,Flipkart,3050,2,3550,Jerseys,2,High,0.50,Debit Card,Low,No
PUR003193,CUST3193,Brand Website,8500,10,10700,Full Kits,8,Low,0.05,Credit Card,High,Yes
PUR003194,CUST3194,Local Store,2320,1,2620,Accessories,1,Medium,0.37,Cash on Delivery,Low,No
PUR003195,CUST3195,Amazon,5720,6,7020,Bats,5,Medium,0.16,UPI,Medium,Yes
PUR003196,CUST3196,Brand Website,7780,9,9680,Full Kits,7,Low,0.08,Credit Card,High,Yes
PUR003197,CUST3197,Flipkart,3480,3,4180,Gloves,3,High,0.44,Debit Card,Medium,No
PUR003198,CUST3198,Amazon,5080,5,6280,Shoes,4,Medium,0.22,UPI,Medium,Yes
PUR003199,CUST3199,Local Store,2600,1,2900,Accessories,1,High,0.61,Cash on Delivery,Low,No
PUR003200,CUST3200,Brand Website,6930,8,8730,Full Kits,6,Low,0.09,Credit Card,High,Yes
PUR003201,CUST3201,Amazon,4660,5,5760,Bats,4,Medium,0.21,UPI,Medium,Yes
PUR003202,CUST3202,Flipkart,3120,2,3620,Jerseys,2,High,0.54,Debit Card,Low,No
PUR003203,CUST3203,Brand Website,8160,10,10360,Full Kits,8,Low,0.06,Credit Card,High,Yes
PUR003204,CUST3204,Local Store,2290,1,2540,Accessories,1,Medium,0.35,Cash on Delivery,Low,No
PUR003205,CUST3205,Amazon,5540,6,6840,Shoes,5,Medium,0.19,UPI,Medium,Yes
PUR003206,CUST3206,Brand Website,7540,9,9440,Full Kits,7,Low,0.08,Credit Card,High,Yes
PUR003207,CUST3207,Flipkart,3630,3,4330,Gloves,3,High,0.47,Debit Card,Medium,No
PUR003208,CUST3208,Amazon,4880,5,6080,Bats,4,Medium,0.20,UPI,Medium,Yes
PUR003209,CUST3209,Local Store,2500,1,2800,Accessories,1,High,0.58,Cash on Delivery,Low,No
PUR003210,CUST3210,Brand Website,7100,8,8900,Full Kits,6,Low,0.07,Credit Card,High,Yes
PUR003211,CUST3211,Amazon,4510,4,5610,Shoes,4,Medium,0.24,UPI,Medium,Yes
PUR003212,CUST3212,Flipkart,3060,2,3560,Jerseys,2,High,0.50,Debit Card,Low,No
PUR003213,CUST3213,Brand Website,8510,10,10710,Full Kits,8,Low,0.05,Credit Card,High,Yes
PUR003214,CUST3214,Local Store,2330,1,2630,Accessories,1,Medium,0.37,Cash on Delivery,Low,No
PUR003215,CUST3215,Amazon,5730,6,7030,Bats,5,Medium,0.16,UPI,Medium,Yes
PUR003216,CUST3216,Brand Website,7790,9,9690,Full Kits,7,Low,0.08,Credit Card,High,Yes
PUR003217,CUST3217,Flipkart,3490,3,4190,Gloves,3,High,0.44,Debit Card,Medium,No
PUR003218,CUST3218,Amazon,5090,5,6290,Shoes,4,Medium,0.22,UPI,Medium,Yes
PUR003219,CUST3219,Local Store,2610,1,2910,Accessories,1,High,0.61,Cash on Delivery,Low,No
PUR003220,CUST3220,Brand Website,6940,8,8740,Full Kits,6,Low,0.09,Credit Card,High,Yes
PUR003221,CUST3221,Amazon,4670,5,5770,Bats,4,Medium,0.21,UPI,Medium,Yes
PUR003222,CUST3222,Flipkart,3130,2,3630,Jerseys,2,High,0.54,Debit Card,Low,No
PUR003223,CUST3223,Brand Website,8170,10,10370,Full Kits,8,Low,0.06,Credit Card,High,Yes
PUR003224,CUST3224,Local Store,2300,1,2550,Accessories,1,Medium,0.35,Cash on Delivery,Low,No
PUR003225,CUST3225,Amazon,5550,6,6850,Shoes,5,Medium,0.19,UPI,Medium,Yes
PUR003226,CUST3226,Brand Website,7550,9,9450,Full Kits,7,Low,0.08,Credit Card,High,Yes
PUR003227,CUST3227,Flipkart,3640,3,4340,Gloves,3,High,0.47,Debit Card,Medium,No
PUR003228,CUST3228,Amazon,4890,5,6090,Bats,4,Medium,0.20,UPI,Medium,Yes
PUR003229,CUST3229,Local Store,2510,1,2810,Accessories,1,High,0.58,Cash on Delivery,Low,No
PUR003230,CUST3230,Brand Website,7110,8,8910,Full Kits,6,Low,0.07,Credit Card,High,Yes
PUR003231,CUST3231,Amazon,4520,4,5620,Shoes,4,Medium,0.24,UPI,Medium,Yes
PUR003232,CUST3232,Flipkart,3070,2,3570,Jerseys,2,High,0.50,Debit Card,Low,No
PUR003233,CUST3233,Brand Website,8520,10,10720,Full Kits,8,Low,0.05,Credit Card,High,Yes
PUR003234,CUST3234,Local Store,2340,1,2640,Accessories,1,Medium,0.37,Cash on Delivery,Low,No
PUR003235,CUST3235,Amazon,5740,6,7040,Bats,5,Medium,0.16,UPI,Medium,Yes
PUR003236,CUST3236,Brand Website,7800,9,9700,Full Kits,7,Low,0.08,Credit Card,High,Yes
PUR003237,CUST3237,Flipkart,3500,3,4200,Gloves,3,High,0.44,Debit Card,Medium,No
PUR003238,CUST3238,Amazon,5100,5,6300,Shoes,4,Medium,0.22,UPI,Medium,Yes
PUR003239,CUST3239,Local Store,2620,1,2920,Accessories,1,High,0.61,Cash on Delivery,Low,No
PUR003240,CUST3240,Brand Website,6950,8,8750,Full Kits,6,Low,0.09,Credit Card,High,Yes
PUR003241,CUST3241,Amazon,4680,5,5780,Bats,4,Medium,0.21,UPI,Medium,Yes
PUR003242,CUST3242,Flipkart,3140,2,3640,Jerseys,2,High,0.54,Debit Card,Low,No
PUR003243,CUST3243,Brand Website,8180,10,10380,Full Kits,8,Low,0.06,Credit Card,High,Yes
PUR003244,CUST3244,Local Store,2310,1,2560,Accessories,1,Medium,0.35,Cash on Delivery,Low,No
PUR003245,CUST3245,Amazon,5560,6,6860,Shoes,5,Medium,0.19,UPI,Medium,Yes
PUR003246,CUST3246,Brand Website,7560,9,9460,Full Kits,7,Low,0.08,Credit Card,High,Yes
PUR003247,CUST3247,Flipkart,3650,3,4350,Gloves,3,High,0.47,Debit Card,Medium,No
PUR003248,CUST3248,Amazon,4900,5,6100,Bats,4,Medium,0.20,UPI,Medium,Yes
PUR003249,CUST3249,Local Store,2520,1,2820,Accessories,1,High,0.58,Cash on Delivery,Low,No
PUR003250,CUST3250,Brand Website,7120,8,8920,Full Kits,6,Low,0.07,Credit Card,High,Yes
PUR003251,CUST3251,Amazon,4530,4,5630,Shoes,4,Medium,0.24,UPI,Medium,Yes
PUR003252,CUST3252,Flipkart,3080,2,3580,Jerseys,2,High,0.50,Debit Card,Low,No
PUR003253,CUST3253,Brand Website,8530,10,10730,Full Kits,8,Low,0.05,Credit Card,High,Yes
PUR003254,CUST3254,Local Store,2350,1,2650,Accessories,1,Medium,0.37,Cash on Delivery,Low,No
PUR003255,CUST3255,Amazon,5750,6,7050,Bats,5,Medium,0.16,UPI,Medium,Yes
PUR003256,CUST3256,Brand Website,7810,9,9710,Full Kits,7,Low,0.08,Credit Card,High,Yes
PUR003257,CUST3257,Flipkart,3510,3,4210,Gloves,3,High,0.44,Debit Card,Medium,No
PUR003258,CUST3258,Amazon,5110,5,6310,Shoes,4,Medium,0.22,UPI,Medium,Yes
PUR003259,CUST3259,Local Store,2630,1,2930,Accessories,1,High,0.61,Cash on Delivery,Low,No
PUR003260,CUST3260,Brand Website,6960,8,8760,Full Kits,6,Low,0.09,Credit Card,High,Yes
PUR003261,CUST3261,Amazon,4690,5,5790,Bats,4,Medium,0.21,UPI,Medium,Yes
PUR003262,CUST3262,Flipkart,3150,2,3650,Jerseys,2,High,0.54,Debit Card,Low,No
PUR003263,CUST3263,Brand Website,8190,10,10390,Full Kits,8,Low,0.06,Credit Card,High,Yes
PUR003264,CUST3264,Local Store,2320,1,2570,Accessories,1,Medium,0.35,Cash on Delivery,Low,No
PUR003265,CUST3265,Amazon,5570,6,6870,Shoes,5,Medium,0.19,UPI,Medium,Yes
PUR003266,CUST3266,Brand Website,7570,9,9470,Full Kits,7,Low,0.08,Credit Card,High,Yes
PUR003267,CUST3267,Flipkart,3660,3,4360,Gloves,3,High,0.47,Debit Card,Medium,No
PUR003268,CUST3268,Amazon,4910,5,6110,Bats,4,Medium,0.20,UPI,Medium,Yes
PUR003269,CUST3269,Local Store,2530,1,2830,Accessories,1,High,0.58,Cash on Delivery,Low,No
PUR003270,CUST3270,Brand Website,7130,8,8930,Full Kits,6,Low,0.07,Credit Card,High,Yes
PUR003271,CUST3271,Amazon,4540,4,5640,Shoes,4,Medium,0.24,UPI,Medium,Yes
PUR003272,CUST3272,Flipkart,3090,2,3590,Jerseys,2,High,0.50,Debit Card,Low,No
PUR003273,CUST3273,Brand Website,8540,10,10740,Full Kits,8,Low,0.05,Credit Card,High,Yes
PUR003274,CUST3274,Local Store,2360,1,2660,Accessories,1,Medium,0.37,Cash on Delivery,Low,No
PUR003275,CUST3275,Amazon,5760,6,7060,Bats,5,Medium,0.16,UPI,Medium,Yes
PUR003276,CUST3276,Brand Website,7820,9,9720,Full Kits,7,Low,0.08,Credit Card,High,Yes
PUR003277,CUST3277,Flipkart,3520,3,4220,Gloves,3,High,0.44,Debit Card,Medium,No
PUR003278,CUST3278,Amazon,5120,5,6320,Shoes,4,Medium,0.22,UPI,Medium,Yes
PUR003279,CUST3279,Local Store,2640,1,2940,Accessories,1,High,0.61,Cash on Delivery,Low,No
PUR003280,CUST3280,Brand Website,6970,8,8770,Full Kits,6,Low,0.09,Credit Card,High,Yes
PUR003281,CUST3281,Amazon,4700,5,5800,Bats,4,Medium,0.21,UPI,Medium,Yes
PUR003282,CUST3282,Flipkart,3160,2,3660,Jerseys,2,High,0.54,Debit Card,Low,No
PUR003283,CUST3283,Brand Website,8200,10,10400,Full Kits,8,Low,0.06,Credit Card,High,Yes
PUR003284,CUST3284,Local Store,2330,1,2580,Accessories,1,Medium,0.35,Cash on Delivery,Low,No
PUR003285,CUST3285,Amazon,5580,6,6880,Shoes,5,Medium,0.19,UPI,Medium,Yes
PUR003286,CUST3286,Brand Website,7580,9,9480,Full Kits,7,Low,0.08,Credit Card,High,Yes
PUR003287,CUST3287,Flipkart,3670,3,4370,Gloves,3,High,0.47,Debit Card,Medium,No
PUR003288,CUST3288,Amazon,4920,5,6120,Bats,4,Medium,0.20,UPI,Medium,Yes
PUR003289,CUST3289,Local Store,2540,1,2840,Accessories,1,High,0.58,Cash on Delivery,Low,No
PUR003290,CUST3290,Brand Website,7140,8,8940,Full Kits,6,Low,0.07,Credit Card,High,Yes
PUR003291,CUST3291,Amazon,4550,4,5650,Shoes,4,Medium,0.24,UPI,Medium,Yes
PUR003292,CUST3292,Flipkart,3100,2,3600,Jerseys,2,High,0.50,Debit Card,Low,No
PUR003293,CUST3293,Brand Website,8550,10,10750,Full Kits,8,Low,0.05,Credit Card,High,Yes
PUR003294,CUST3294,Local Store,2370,1,2670,Accessories,1,Medium,0.37,Cash on Delivery,Low,No
PUR003295,CUST3295,Amazon,5770,6,7070,Bats,5,Medium,0.16,UPI,Medium,Yes
PUR003296,CUST3296,Brand Website,7830,9,9730,Full Kits,7,Low,0.08,Credit Card,High,Yes
PUR003297,CUST3297,Flipkart,3530,3,4230,Gloves,3,High,0.44,Debit Card,Medium,No
PUR003298,CUST3298,Amazon,5130,5,6330,Shoes,4,Medium,0.22,UPI,Medium,Yes
PUR003299,CUST3299,Local Store,2650,1,2950,Accessories,1,High,0.61,Cash on Delivery,Low,No
PUR003300,CUST3300,Brand Website,6980,8,8780,Full Kits,6,Low,0.09,Credit Card,High,Yes
PUR003301,CUST3301,Amazon,4710,5,5810,Bats,4,Medium,0.21,UPI,Medium,Yes
PUR003302,CUST3302,Flipkart,3170,2,3670,Jerseys,2,High,0.54,Debit Card,Low,No
PUR003303,CUST3303,Brand Website,8210,10,10410,Full Kits,8,Low,0.06,Credit Card,High,Yes
PUR003304,CUST3304,Local Store,2340,1,2590,Accessories,1,Medium,0.35,Cash on Delivery,Low,No
PUR003305,CUST3305,Amazon,5590,6,6890,Shoes,5,Medium,0.19,UPI,Medium,Yes
PUR003306,CUST3306,Brand Website,7590,9,9490,Full Kits,7,Low,0.08,Credit Card,High,Yes
PUR003307,CUST3307,Flipkart,3680,3,4380,Gloves,3,High,0.47,Debit Card,Medium,No
PUR003308,CUST3308,Amazon,4930,5,6130,Bats,4,Medium,0.20,UPI,Medium,Yes
PUR003309,CUST3309,Local Store,2550,1,2850,Accessories,1,High,0.58,Cash on Delivery,Low,No
PUR003310,CUST3310,Brand Website,7150,8,8950,Full Kits,6,Low,0.07,Credit Card,High,Yes
PUR003311,CUST3311,Amazon,4560,4,5660,Shoes,4,Medium,0.24,UPI,Medium,Yes
PUR003312,CUST3312,Flipkart,3110,2,3610,Jerseys,2,High,0.50,Debit Card,Low,No
PUR003313,CUST3313,Brand Website,8560,10,10760,Full Kits,8,Low,0.05,Credit Card,High,Yes
PUR003314,CUST3314,Local Store,2380,1,2680,Accessories,1,Medium,0.37,Cash on Delivery,Low,No
PUR003315,CUST3315,Amazon,5780,6,7080,Bats,5,Medium,0.16,UPI,Medium,Yes
PUR003316,CUST3316,Brand Website,7840,9,9740,Full Kits,7,Low,0.08,Credit Card,High,Yes
PUR003317,CUST3317,Flipkart,3540,3,4240,Gloves,3,High,0.44,Debit Card,Medium,No
PUR003318,CUST3318,Amazon,5140,5,6340,Shoes,4,Medium,0.22,UPI,Medium,Yes
PUR003319,CUST3319,Local Store,2660,1,2960,Accessories,1,High,0.61,Cash on Delivery,Low,No
PUR003320,CUST3320,Brand Website,6990,8,8790,Full Kits,6,Low,0.09,Credit Card,High,Yes
PUR003321,CUST3321,Amazon,4720,5,5820,Bats,4,Medium,0.21,UPI,Medium,Yes
PUR003322,CUST3322,Flipkart,3180,2,3680,Jerseys,2,High,0.54,Debit Card,Low,No
PUR003323,CUST3323,Brand Website,8220,10,10420,Full Kits,8,Low,0.06,Credit Card,High,Yes
PUR003324,CUST3324,Local Store,2350,1,2600,Accessories,1,Medium,0.35,Cash on Delivery,Low,No
PUR003325,CUST3325,Amazon,5600,6,6900,Shoes,5,Medium,0.19,UPI,Medium,Yes
PUR003326,CUST3326,Brand Website,7600,9,9500,Full Kits,7,Low,0.08,Credit Card,High,Yes
PUR003327,CUST3327,Flipkart,3690,3,4390,Gloves,3,High,0.47,Debit Card,Medium,No
PUR003328,CUST3328,Amazon,4940,5,6140,Bats,4,Medium,0.20,UPI,Medium,Yes
PUR003329,CUST3329,Local Store,2560,1,2860,Accessories,1,High,0.58,Cash on Delivery,Low,No
PUR003330,CUST3330,Brand Website,7160,8,8960,Full Kits,6,Low,0.07,Credit Card,High,Yes
PUR003331,CUST3331,Amazon,4570,4,5670,Shoes,4,Medium,0.24,UPI,Medium,Yes
PUR003332,CUST3332,Flipkart,3120,2,3620,Jerseys,2,High,0.50,Debit Card,Low,No
PUR003333,CUST3333,Brand Website,8570,10,10770,Full Kits,8,Low,0.05,Credit Card,High,Yes
PUR003334,CUST3334,Local Store,2390,1,2690,Accessories,1,Medium,0.37,Cash on Delivery,Low,No
PUR003335,CUST3335,Amazon,5790,6,7090,Bats,5,Medium,0.16,UPI,Medium,Yes
PUR003336,CUST3336,Brand Website,7850,9,9750,Full Kits,7,Low,0.08,Credit Card,High,Yes
PUR003337,CUST3337,Flipkart,3550,3,4250,Gloves,3,High,0.44,Debit Card,Medium,No
PUR003338,CUST3338,Amazon,5150,5,6350,Shoes,4,Medium,0.22,UPI,Medium,Yes
PUR003339,CUST3339,Local Store,2670,1,2970,Accessories,1,High,0.61,Cash on Delivery,Low,No
PUR003340,CUST3340,Brand Website,7000,8,8800,Full Kits,6,Low,0.09,Credit Card,High,Yes
PUR003341,CUST3341,Amazon,4730,5,5830,Bats,4,Medium,0.21,UPI,Medium,Yes
PUR003342,CUST3342,Flipkart,3190,2,3690,Jerseys,2,High,0.54,Debit Card,Low,No
PUR003343,CUST3343,Brand Website,8230,10,10430,Full Kits,8,Low,0.06,Credit Card,High,Yes
PUR003344,CUST3344,Local Store,2360,1,2610,Accessories,1,Medium,0.35,Cash on Delivery,Low,No
PUR003345,CUST3345,Amazon,5610,6,6910,Shoes,5,Medium,0.19,UPI,Medium,Yes
PUR003346,CUST3346,Brand Website,7610,9,9510,Full Kits,7,Low,0.08,Credit Card,High,Yes
PUR003347,CUST3347,Flipkart,3700,3,4400,Gloves,3,High,0.47,Debit Card,Medium,No
PUR003348,CUST3348,Amazon,4950,5,6150,Bats,4,Medium,0.20,UPI,Medium,Yes
PUR003349,CUST3349,Local Store,2570,1,2870,Accessories,1,High,0.58,Cash on Delivery,Low,No
PUR003350,CUST3350,Brand Website,7170,8,8970,Full Kits,6,Low,0.07,Credit Card,High,Yes
PUR003351,CUST3351,Amazon,4580,4,5680,Shoes,4,Medium,0.24,UPI,Medium,Yes
PUR003352,CUST3352,Flipkart,3130,2,3630,Jerseys,2,High,0.50,Debit Card,Low,No
PUR003353,CUST3353,Brand Website,8580,10,10780,Full Kits,8,Low,0.05,Credit Card,High,Yes
PUR003354,CUST3354,Local Store,2400,1,2700,Accessories,1,Medium,0.37,Cash on Delivery,Low,No
PUR003355,CUST3355,Amazon,5800,6,7100,Bats,5,Medium,0.16,UPI,Medium,Yes
PUR003356,CUST3356,Brand Website,7860,9,9760,Full Kits,7,Low,0.08,Credit Card,High,Yes
PUR003357,CUST3357,Flipkart,3560,3,4260,Gloves,3,High,0.44,Debit Card,Medium,No
PUR003358,CUST3358,Amazon,5160,5,6360,Shoes,4,Medium,0.22,UPI,Medium,Yes
PUR003359,CUST3359,Local Store,2680,1,2980,Accessories,1,High,0.61,Cash on Delivery,Low,No
PUR003360,CUST3360,Brand Website,7010,8,8810,Full Kits,6,Low,0.09,Credit Card,High,Yes
PUR003361,CUST3361,Amazon,4740,5,5840,Bats,4,Medium,0.21,UPI,Medium,Yes
PUR003362,CUST3362,Flipkart,3200,2,3700,Jerseys,2,High,0.54,Debit Card,Low,No
PUR003363,CUST3363,Brand Website,8240,10,10440,Full Kits,8,Low,0.06,Credit Card,High,Yes
PUR003364,CUST3364,Local Store,2370,1,2620,Accessories,1,Medium,0.35,Cash on Delivery,Low,No
PUR003365,CUST3365,Amazon,5620,6,6920,Shoes,5,Medium,0.19,UPI,Medium,Yes
PUR003366,CUST3366,Brand Website,7620,9,9520,Full Kits,7,Low,0.08,Credit Card,High,Yes
PUR003367,CUST3367,Flipkart,3710,3,4410,Gloves,3,High,0.47,Debit Card,Medium,No
PUR003368,CUST3368,Amazon,4960,5,6160,Bats,4,Medium,0.20,UPI,Medium,Yes
PUR003369,CUST3369,Local Store,2580,1,2880,Accessories,1,High,0.58,Cash on Delivery,Low,No
PUR003370,CUST3370,Brand Website,7180,8,8980,Full Kits,6,Low,0.07,Credit Card,High,Yes
PUR003371,CUST3371,Amazon,4590,4,5690,Shoes,4,Medium,0.24,UPI,Medium,Yes
PUR003372,CUST3372,Flipkart,3140,2,3640,Jerseys,2,High,0.50,Debit Card,Low,No
PUR003373,CUST3373,Brand Website,8590,10,10790,Full Kits,8,Low,0.05,Credit Card,High,Yes
PUR003374,CUST3374,Local Store,2410,1,2710,Accessories,1,Medium,0.37,Cash on Delivery,Low,No
PUR003375,CUST3375,Amazon,5810,6,7110,Bats,5,Medium,0.16,UPI,Medium,Yes
PUR003376,CUST3376,Brand Website,7870,9,9770,Full Kits,7,Low,0.08,Credit Card,High,Yes
PUR003377,CUST3377,Flipkart,3570,3,4270,Gloves,3,High,0.44,Debit Card,Medium,No
PUR003378,CUST3378,Amazon,5170,5,6370,Shoes,4,Medium,0.22,UPI,Medium,Yes
PUR003379,CUST3379,Local Store,2690,1,2990,Accessories,1,High,0.61,Cash on Delivery,Low,No
PUR003380,CUST3380,Brand Website,7020,8,8820,Full Kits,6,Low,0.09,Credit Card,High,Yes
PUR003381,CUST3381,Amazon,4750,5,5850,Bats,4,Medium,0.21,UPI,Medium,Yes
PUR003382,CUST3382,Flipkart,3210,2,3710,Jerseys,2,High,0.54,Debit Card,Low,No
PUR003383,CUST3383,Brand Website,8250,10,10450,Full Kits,8,Low,0.06,Credit Card,High,Yes
PUR003384,CUST3384,Local Store,2380,1,2630,Accessories,1,Medium,0.35,Cash on Delivery,Low,No
PUR003385,CUST3385,Amazon,5630,6,6930,Shoes,5,Medium,0.19,UPI,Medium,Yes
PUR003386,CUST3386,Brand Website,7630,9,9530,Full Kits,7,Low,0.08,Credit Card,High,Yes
PUR003387,CUST3387,Flipkart,3720,3,4420,Gloves,3,High,0.47,Debit Card,Medium,No
PUR003388,CUST3388,Amazon,4970,5,6170,Bats,4,Medium,0.20,UPI,Medium,Yes
PUR003389,CUST3389,Local Store,2590,1,2890,Accessories,1,High,0.58,Cash on Delivery,Low,No
PUR003390,CUST3390,Brand Website,7190,8,8990,Full Kits,6,Low,0.07,Credit Card,High,Yes
PUR003391,CUST3391,Amazon,4600,4,5700,Shoes,4,Medium,0.24,UPI,Medium,Yes
PUR003392,CUST3392,Flipkart,3150,2,3650,Jerseys,2,High,0.50,Debit Card,Low,No
PUR003393,CUST3393,Brand Website,8600,10,10800,Full Kits,8,Low,0.05,Credit Card,High,Yes
PUR003394,CUST3394,Local Store,2420,1,2720,Accessories,1,Medium,0.37,Cash on Delivery,Low,No
PUR003395,CUST3395,Amazon,5820,6,7120,Bats,5,Medium,0.16,UPI,Medium,Yes
PUR003396,CUST3396,Brand Website,7880,9,9780,Full Kits,7,Low,0.08,Credit Card,High,Yes
PUR003397,CUST3397,Flipkart,3580,3,4280,Gloves,3,High,0.44,Debit Card,Medium,No
PUR003398,CUST3398,Amazon,5180,5,6380,Shoes,4,Medium,0.22,UPI,Medium,Yes
PUR003399,CUST3399,Local Store,2700,1,3000,Accessories,1,High,0.61,Cash on Delivery,Low,No
PUR003400,CUST3400,Brand Website,7030,8,8830,Full Kits,6,Low,0.09,Credit Card,High,Yes
PUR003401,CUST3401,Amazon,4760,5,5860,Bats,4,Medium,0.21,UPI,Medium,Yes
PUR003402,CUST3402,Flipkart,3220,2,3720,Jerseys,2,High,0.54,Debit Card,Low,No
PUR003403,CUST3403,Brand Website,8260,10,10460,Full Kits,8,Low,0.06,Credit Card,High,Yes
PUR003404,CUST3404,Local Store,2390,1,2640,Accessories,1,Medium,0.35,Cash on Delivery,Low,No
PUR003405,CUST3405,Amazon,5640,6,6940,Shoes,5,Medium,0.19,UPI,Medium,Yes
PUR003406,CUST3406,Brand Website,7640,9,9540,Full Kits,7,Low,0.08,Credit Card,High,Yes
PUR003407,CUST3407,Flipkart,3730,3,4430,Gloves,3,High,0.47,Debit Card,Medium,No
PUR003408,CUST3408,Amazon,4980,5,6180,Bats,4,Medium,0.20,UPI,Medium,Yes
PUR003409,CUST3409,Local Store,2600,1,2900,Accessories,1,High,0.58,Cash on Delivery,Low,No
PUR003410,CUST3410,Brand Website,7200,8,9000,Full Kits,6,Low,0.07,Credit Card,High,Yes
PUR003411,CUST3411,Amazon,4610,4,5710,Shoes,4,Medium,0.24,UPI,Medium,Yes
PUR003412,CUST3412,Flipkart,3160,2,3660,Jerseys,2,High,0.50,Debit Card,Low,No
PUR003413,CUST3413,Brand Website,8610,10,10810,Full Kits,8,Low,0.05,Credit Card,High,Yes
PUR003414,CUST3414,Local Store,2430,1,2730,Accessories,1,Medium,0.37,Cash on Delivery,Low,No
PUR003415,CUST3415,Amazon,5830,6,7130,Bats,5,Medium,0.16,UPI,Medium,Yes
PUR003416,CUST3416,Brand Website,7890,9,9790,Full Kits,7,Low,0.08,Credit Card,High,Yes
PUR003417,CUST3417,Flipkart,3590,3,4290,Gloves,3,High,0.44,Debit Card,Medium,No
PUR003418,CUST3418,Amazon,5190,5,6390,Shoes,4,Medium,0.22,UPI,Medium,Yes
PUR003419,CUST3419,Local Store,2710,1,3010,Accessories,1,High,0.61,Cash on Delivery,Low,No
PUR003420,CUST3420,Brand Website,7040,8,8840,Full Kits,6,Low,0.09,Credit Card,High,Yes
PUR003421,CUST3421,Amazon,4770,5,5870,Bats,4,Medium,0.21,UPI,Medium,Yes
PUR003422,CUST3422,Flipkart,3230,2,3730,Jerseys,2,High,0.54,Debit Card,Low,No
PUR003423,CUST3423,Brand Website,8270,10,10470,Full Kits,8,Low,0.06,Credit Card,High,Yes
PUR003424,CUST3424,Local Store,2400,1,2650,Accessories,1,Medium,0.35,Cash on Delivery,Low,No
PUR003425,CUST3425,Amazon,5650,6,6950,Shoes,5,Medium,0.19,UPI,Medium,Yes
PUR003426,CUST3426,Brand Website,7650,9,9550,Full Kits,7,Low,0.08,Credit Card,High,Yes
PUR003427,CUST3427,Flipkart,3740,3,4440,Gloves,3,High,0.47,Debit Card,Medium,No
PUR003428,CUST3428,Amazon,4990,5,6190,Bats,4,Medium,0.20,UPI,Medium,Yes
PUR003429,CUST3429,Local Store,2610,1,2910,Accessories,1,High,0.58,Cash on Delivery,Low,No
PUR003430,CUST3430,Brand Website,7210,8,9010,Full Kits,6,Low,0.07,Credit Card,High,Yes
PUR003431,CUST3431,Amazon,4620,4,5720,Shoes,4,Medium,0.24,UPI,Medium,Yes
PUR003432,CUST3432,Flipkart,3170,2,3670,Jerseys,2,High,0.50,Debit Card,Low,No
PUR003433,CUST3433,Brand Website,8620,10,10820,Full Kits,8,Low,0.05,Credit Card,High,Yes
PUR003434,CUST3434,Local Store,2440,1,2740,Accessories,1,Medium,0.37,Cash on Delivery,Low,No
PUR003435,CUST3435,Amazon,5840,6,7140,Bats,5,Medium,0.16,UPI,Medium,Yes
PUR003436,CUST3436,Brand Website,7900,9,9800,Full Kits,7,Low,0.08,Credit Card,High,Yes
PUR003437,CUST3437,Flipkart,3600,3,4300,Gloves,3,High,0.44,Debit Card,Medium,No
PUR003438,CUST3438,Amazon,5200,5,6400,Shoes,4,Medium,0.22,UPI,Medium,Yes
PUR003439,CUST3439,Local Store,2720,1,3020,Accessories,1,High,0.61,Cash on Delivery,Low,No
PUR003440,CUST3440,Brand Website,7050,8,8850,Full Kits,6,Low,0.09,Credit Card,High,Yes
PUR003441,CUST3441,Amazon,4780,5,5880,Bats,4,Medium,0.21,UPI,Medium,Yes
PUR003442,CUST3442,Flipkart,3240,2,3740,Jerseys,2,High,0.54,Debit Card,Low,No
PUR003443,CUST3443,Brand Website,8280,10,10480,Full Kits,8,Low,0.06,Credit Card,High,Yes
PUR003444,CUST3444,Local Store,2410,1,2660,Accessories,1,Medium,0.35,Cash on Delivery,Low,No
PUR003445,CUST3445,Amazon,5660,6,6960,Shoes,5,Medium,0.19,UPI,Medium,Yes
PUR003446,CUST3446,Brand Website,7660,9,9560,Full Kits,7,Low,0.08,Credit Card,High,Yes
PUR003447,CUST3447,Flipkart,3750,3,4450,Gloves,3,High,0.47,Debit Card,Medium,No
PUR003448,CUST3448,Amazon,5000,5,6200,Bats,4,Medium,0.20,UPI,Medium,Yes
PUR003449,CUST3449,Local Store,2620,1,2920,Accessories,1,High,0.58,Cash on Delivery,Low,No
PUR003450,CUST3450,Brand Website,7220,8,9020,Full Kits,6,Low,0.07,Credit Card,High,Yes
PUR003451,CUST3451,Amazon,4630,4,5730,Shoes,4,Medium,0.24,UPI,Medium,Yes
PUR003452,CUST3452,Flipkart,3180,2,3680,Jerseys,2,High,0.50,Debit Card,Low,No
PUR003453,CUST3453,Brand Website,8630,10,10830,Full Kits,8,Low,0.05,Credit Card,High,Yes
PUR003454,CUST3454,Local Store,2450,1,2750,Accessories,1,Medium,0.37,Cash on Delivery,Low,No
PUR003455,CUST3455,Amazon,5850,6,7150,Bats,5,Medium,0.16,UPI,Medium,Yes
PUR003456,CUST3456,Brand Website,7910,9,9810,Full Kits,7,Low,0.08,Credit Card,High,Yes
PUR003457,CUST3457,Flipkart,3610,3,4310,Gloves,3,High,0.44,Debit Card,Medium,No
PUR003458,CUST3458,Amazon,5210,5,6410,Shoes,4,Medium,0.22,UPI,Medium,Yes
PUR003459,CUST3459,Local Store,2730,1,3030,Accessories,1,High,0.61,Cash on Delivery,Low,No
PUR003460,CUST3460,Brand Website,7060,8,8860,Full Kits,6,Low,0.09,Credit Card,High,Yes
PUR003461,CUST3461,Amazon,4790,5,5890,Bats,4,Medium,0.21,UPI,Medium,Yes
PUR003462,CUST3462,Flipkart,3250,2,3750,Jerseys,2,High,0.54,Debit Card,Low,No
PUR003463,CUST3463,Brand Website,8290,10,10490,Full Kits,8,Low,0.06,Credit Card,High,Yes
PUR003464,CUST3464,Local Store,2420,1,2670,Accessories,1,Medium,0.35,Cash on Delivery,Low,No
PUR003465,CUST3465,Amazon,5670,6,6970,Shoes,5,Medium,0.19,UPI,Medium,Yes
PUR003466,CUST3466,Brand Website,7670,9,9570,Full Kits,7,Low,0.08,Credit Card,High,Yes
PUR003467,CUST3467,Flipkart,3760,3,4460,Gloves,3,High,0.47,Debit Card,Medium,No
PUR003468,CUST3468,Amazon,5010,5,6210,Bats,4,Medium,0.20,UPI,Medium,Yes
PUR003469,CUST3469,Local Store,2630,1,2930,Accessories,1,High,0.58,Cash on Delivery,Low,No
PUR003470,CUST3470,Brand Website,7230,8,9030,Full Kits,6,Low,0.07,Credit Card,High,Yes
PUR003471,CUST3471,Amazon,4640,4,5740,Shoes,4,Medium,0.24,UPI,Medium,Yes
PUR003472,CUST3472,Flipkart,3190,2,3690,Jerseys,2,High,0.50,Debit Card,Low,No
PUR003473,CUST3473,Brand Website,8640,10,10840,Full Kits,8,Low,0.05,Credit Card,High,Yes
PUR003474,CUST3474,Local Store,2460,1,2760,Accessories,1,Medium,0.37,Cash on Delivery,Low,No
PUR003475,CUST3475,Amazon,5860,6,7160,Bats,5,Medium,0.16,UPI,Medium,Yes
PUR003476,CUST3476,Brand Website,7920,9,9820,Full Kits,7,Low,0.08,Credit Card,High,Yes
PUR003477,CUST3477,Flipkart,3620,3,4320,Gloves,3,High,0.44,Debit Card,Medium,No
PUR003478,CUST3478,Amazon,5220,5,6420,Shoes,4,Medium,0.22,UPI,Medium,Yes
PUR003479,CUST3479,Local Store,2740,1,3040,Accessories,1,High,0.61,Cash on Delivery,Low,No
PUR003480,CUST3480,Brand Website,7070,8,8870,Full Kits,6,Low,0.09,Credit Card,High,Yes
PUR003481,CUST3481,Amazon,4800,5,5900,Bats,4,Medium,0.21,UPI,Medium,Yes
PUR003482,CUST3482,Flipkart,3260,2,3760,Jerseys,2,High,0.54,Debit Card,Low,No
PUR003483,CUST3483,Brand Website,8300,10,10500,Full Kits,8,Low,0.06,Credit Card,High,Yes
PUR003484,CUST3484,Local Store,2430,1,2680,Accessories,1,Medium,0.35,Cash on Delivery,Low,No
PUR003485,CUST3485,Amazon,5680,6,6980,Shoes,5,Medium,0.19,UPI,Medium,Yes
PUR003486,CUST3486,Brand Website,7680,9,9580,Full Kits,7,Low,0.08,Credit Card,High,Yes
PUR003487,CUST3487,Flipkart,3770,3,4470,Gloves,3,High,0.47,Debit Card,Medium,No
PUR003488,CUST3488,Amazon,5020,5,6220,Bats,4,Medium,0.20,UPI,Medium,Yes
PUR003489,CUST3489,Local Store,2640,1,2940,Accessories,1,High,0.58,Cash on Delivery,Low,No
PUR003490,CUST3490,Brand Website,7240,8,9040,Full Kits,6,Low,0.07,Credit Card,High,Yes
PUR003491,CUST3491,Amazon,4650,4,5750,Shoes,4,Medium,0.24,UPI,Medium,Yes
PUR003492,CUST3492,Flipkart,3200,2,3700,Jerseys,2,High,0.50,Debit Card,Low,No
PUR003493,CUST3493,Brand Website,8650,10,10850,Full Kits,8,Low,0.05,Credit Card,High,Yes
PUR003494,CUST3494,Local Store,2470,1,2770,Accessories,1,Medium,0.37,Cash on Delivery,Low,No
PUR003495,CUST3495,Amazon,5870,6,7170,Bats,5,Medium,0.16,UPI,Medium,Yes
PUR003496,CUST3496,Brand Website,7930,9,9830,Full Kits,7,Low,0.08,Credit Card,High,Yes
PUR003497,CUST3497,Flipkart,3630,3,4330,Gloves,3,High,0.44,Debit Card,Medium,No
PUR003498,CUST3498,Amazon,5230,5,6430,Shoes,4,Medium,0.22,UPI,Medium,Yes
PUR003499,CUST3499,Local Store,2750,1,3050,Accessories,1,High,0.61,Cash on Delivery,Low,No
PUR003500,CUST3500,Brand Website,7080,8,8880,Full Kits,6,Low,0.09,Credit Card,High,Yes
