social_id,customer_id,preferred_social_media_platform,cricket_reels_watched_per_week,sports_content_likes_per_week,sports_content_shares_per_week,favorite_cricket_content_type,influencer_engagement_level,fantasy_cricket_content_interaction,average_daily_social_media_usage_hours,preferred_content_format,sports_brand_follow_count,social_media_ad_click_rate
SOC000001,CUST0001,Instagram,42,88,26,Short Reels,High,Yes,5.8,Short Video,18,0.24
SOC000002,CUST0002,YouTube,21,34,8,Match Analysis,Medium,No,3.9,Long Video,9,0.11
SOC000003,CUST0003,Instagram,48,102,31,Memes,High,Yes,6.4,Short Video,22,0.27
SOC000004,CUST0004,Facebook,10,18,3,Player Interviews,Low,No,2.1,Image Post,4,0.04
SOC000005,CUST0005,Instagram,55,118,36,Short Reels,High,Yes,7.2,Short Video,26,0.29
SOC000006,CUST0006,YouTube,26,42,10,Tutorials,Medium,No,4.2,Long Video,11,0.12
SOC000007,CUST0007,Instagram,46,96,29,Memes,High,Yes,6.1,Short Video,21,0.25
SOC000008,CUST0008,Twitter,18,28,7,Match Highlights,Medium,No,3.4,Carousel Post,7,0.09
SOC000009,CUST0009,Instagram,51,109,34,Short Reels,High,Yes,6.9,Short Video,24,0.28
SOC000010,CUST0010,Facebook,9,16,2,Player Interviews,Low,No,1.9,Image Post,3,0.03
SOC000011,CUST0011,Instagram,40,82,23,Memes,High,Yes,5.5,Short Video,17,0.22
SOC000012,CUST0012,YouTube,24,39,9,Match Analysis,Medium,No,4.0,Long Video,10,0.10
SOC000013,CUST0013,Instagram,57,121,38,Short Reels,High,Yes,7.4,Short Video,28,0.30
SOC000014,CUST0014,Twitter,14,25,5,Match Highlights,Medium,No,3.0,Carousel Post,6,0.08
SOC000015,CUST0015,Instagram,53,113,35,Memes,High,Yes,7.0,Short Video,25,0.28
SOC000016,CUST0016,YouTube,29,48,13,Tutorials,Medium,Yes,4.5,Long Video,12,0.14
SOC000017,CUST0017,Instagram,38,76,21,Short Reels,Medium,Yes,5.2,Short Video,16,0.20
SOC000018,CUST0018,Facebook,12,20,4,Player Interviews,Low,No,2.4,Image Post,5,0.05
SOC000019,CUST0019,Instagram,50,105,33,Memes,High,Yes,6.8,Short Video,23,0.27
SOC000020,CUST0020,Twitter,11,19,3,Match Highlights,Low,No,2.5,Carousel Post,4,0.05
SOC000021,CUST0021,Instagram,44,91,28,Short Reels,High,Yes,6.0,Short Video,20,0.24
SOC000022,CUST0022,YouTube,27,45,11,Match Analysis,Medium,Yes,4.3,Long Video,12,0.13
SOC000023,CUST0023,Instagram,58,124,39,Memes,High,Yes,7.6,Short Video,29,0.30
SOC000024,CUST0024,Facebook,13,22,4,Player Interviews,Low,No,2.6,Image Post,5,0.05
SOC000025,CUST0025,Instagram,49,101,30,Short Reels,High,Yes,6.7,Short Video,22,0.26
SOC000026,CUST0026,Twitter,20,31,8,Match Highlights,Medium,Yes,3.7,Carousel Post,8,0.10
SOC000027,CUST0027,YouTube,23,37,8,Tutorials,Medium,No,3.8,Long Video,9,0.10
SOC000028,CUST0028,Facebook,11,18,3,Player Interviews,Low,No,2.2,Image Post,4,0.04
SOC000029,CUST0029,Instagram,56,117,37,Memes,High,Yes,7.3,Short Video,27,0.29
SOC000030,CUST0030,Twitter,17,27,6,Match Analysis,Medium,Yes,3.5,Carousel Post,7,0.09
SOC000031,CUST0031,Instagram,43,89,25,Short Reels,High,Yes,5.9,Short Video,19,0.23
SOC000032,CUST0032,YouTube,22,35,7,Tutorials,Medium,No,3.7,Long Video,8,0.09
SOC000033,CUST0033,Instagram,59,126,40,Memes,High,Yes,7.8,Short Video,30,0.30
SOC000034,CUST0034,Facebook,8,14,2,Player Interviews,Low,No,1.8,Image Post,3,0.03
SOC000035,CUST0035,Instagram,54,115,36,Short Reels,High,Yes,7.1,Short Video,26,0.29
SOC000036,CUST0036,YouTube,30,51,14,Match Analysis,High,Yes,4.8,Long Video,13,0.15
SOC000037,CUST0037,Twitter,16,26,5,Match Highlights,Medium,No,3.2,Carousel Post,6,0.08
SOC000038,CUST0038,Facebook,14,23,5,Player Interviews,Low,No,2.7,Image Post,5,0.05
SOC000039,CUST0039,Instagram,52,111,34,Memes,High,Yes,6.9,Short Video,24,0.28
SOC000040,CUST0040,Twitter,10,17,3,Match Highlights,Low,No,2.3,Carousel Post,4,0.04
SOC000041,CUST0041,Instagram,45,94,29,Short Reels,High,Yes,6.2,Short Video,21,0.25
SOC000042,CUST0042,YouTube,25,41,10,Tutorials,Medium,Yes,4.1,Long Video,11,0.12
SOC000043,CUST0043,Instagram,57,122,38,Memes,High,Yes,7.5,Short Video,28,0.30
SOC000044,CUST0044,Facebook,12,21,4,Player Interviews,Low,No,2.5,Image Post,5,0.05
SOC000045,CUST0045,Instagram,50,106,32,Short Reels,High,Yes,6.8,Short Video,23,0.27
SOC000046,CUST0046,YouTube,28,47,12,Match Analysis,High,Yes,4.6,Long Video,12,0.14
SOC000047,CUST0047,Twitter,18,29,7,Match Highlights,Medium,No,3.4,Carousel Post,7,0.09
SOC000048,CUST0048,Facebook,13,22,4,Player Interviews,Low,No,2.6,Image Post,5,0.05
SOC000049,CUST0049,Instagram,55,119,37,Memes,High,Yes,7.3,Short Video,27,0.29
SOC000050,CUST0050,Twitter,17,28,6,Match Analysis,Medium,Yes,3.6,Carousel Post,7,0.09
SOC000051,CUST0051,Instagram,42,87,24,Short Reels,High,Yes,5.7,Short Video,18,0.23
SOC000052,CUST0052,YouTube,24,38,8,Tutorials,Medium,No,3.9,Long Video,9,0.10
SOC000053,CUST0053,Instagram,58,123,39,Memes,High,Yes,7.6,Short Video,29,0.30
SOC000054,CUST0054,Facebook,9,15,2,Player Interviews,Low,No,1.9,Image Post,3,0.03
SOC000055,CUST0055,Instagram,53,114,35,Short Reels,High,Yes,7.0,Short Video,25,0.28
SOC000056,CUST0056,YouTube,29,49,13,Match Analysis,High,Yes,4.7,Long Video,13,0.15
SOC000057,CUST0057,Twitter,15,24,5,Match Highlights,Medium,No,3.1,Carousel Post,6,0.08
SOC000058,CUST0058,Facebook,14,24,5,Player Interviews,Low,No,2.8,Image Post,5,0.05
SOC000059,CUST0059,Instagram,51,108,33,Memes,High,Yes,6.9,Short Video,24,0.27
SOC000060,CUST0060,Twitter,11,18,3,Match Highlights,Low,No,2.4,Carousel Post,4,0.05
SOC000061,CUST0061,Instagram,44,92,27,Short Reels,High,Yes,6.0,Short Video,20,0.24
SOC000062,CUST0062,YouTube,26,43,10,Tutorials,Medium,Yes,4.2,Long Video,11,0.12
SOC000063,CUST0063,Instagram,59,125,40,Memes,High,Yes,7.8,Short Video,30,0.30
SOC000064,CUST0064,Facebook,10,17,3,Player Interviews,Low,No,2.0,Image Post,4,0.04
SOC000065,CUST0065,Instagram,54,116,36,Short Reels,High,Yes,7.2,Short Video,26,0.29
SOC000066,CUST0066,YouTube,31,52,14,Match Analysis,High,Yes,4.9,Long Video,14,0.15
SOC000067,CUST0067,Twitter,16,25,5,Match Highlights,Medium,No,3.2,Carousel Post,6,0.08
SOC000068,CUST0068,Facebook,13,21,4,Player Interviews,Low,No,2.5,Image Post,5,0.05
SOC000069,CUST0069,Instagram,52,110,34,Memes,High,Yes,7.0,Short Video,24,0.28
SOC000070,CUST0070,Twitter,12,19,3,Match Highlights,Low,No,2.5,Carousel Post,4,0.05
SOC000071,CUST0071,Instagram,41,84,23,Short Reels,High,Yes,5.6,Short Video,17,0.22
SOC000072,CUST0072,YouTube,23,36,8,Tutorials,Medium,No,3.8,Long Video,9,0.10
SOC000073,CUST0073,Instagram,57,121,38,Memes,High,Yes,7.4,Short Video,28,0.30
SOC000074,CUST0074,Facebook,9,16,2,Player Interviews,Low,No,2.0,Image Post,3,0.03
SOC000075,CUST0075,Instagram,55,118,37,Short Reels,High,Yes,7.2,Short Video,27,0.29
SOC000076,CUST0076,YouTube,28,46,12,Match Analysis,High,Yes,4.6,Long Video,12,0.14
SOC000077,CUST0077,Twitter,17,27,6,Match Highlights,Medium,No,3.3,Carousel Post,7,0.09
SOC000078,CUST0078,Facebook,12,20,4,Player Interviews,Low,No,2.4,Image Post,4,0.04
SOC000079,CUST0079,Instagram,50,104,32,Memes,High,Yes,6.8,Short Video,23,0.27
SOC000080,CUST0080,Twitter,10,17,3,Match Highlights,Low,No,2.3,Carousel Post,4,0.04
SOC000081,CUST0081,Instagram,46,97,29,Short Reels,High,Yes,6.3,Short Video,21,0.25
SOC000082,CUST0082,YouTube,27,44,11,Tutorials,Medium,Yes,4.3,Long Video,11,0.13
SOC000083,CUST0083,Instagram,58,124,39,Memes,High,Yes,7.7,Short Video,29,0.30
SOC000084,CUST0084,Facebook,11,18,3,Player Interviews,Low,No,2.2,Image Post,4,0.04
SOC000085,CUST0085,Instagram,49,102,31,Short Reels,High,Yes,6.7,Short Video,22,0.26
SOC000086,CUST0086,YouTube,30,50,13,Match Analysis,High,Yes,4.8,Long Video,13,0.15
SOC000087,CUST0087,Twitter,15,23,5,Match Highlights,Medium,No,3.0,Carousel Post,6,0.08
SOC000088,CUST0088,Facebook,13,22,4,Player Interviews,Low,No,2.6,Image Post,5,0.05
SOC000089,CUST0089,Instagram,56,120,38,Memes,High,Yes,7.5,Short Video,28,0.30
SOC000090,CUST0090,Twitter,16,26,6,Match Analysis,Medium,Yes,3.5,Carousel Post,7,0.09
SOC000091,CUST0091,Instagram,43,90,26,Short Reels,High,Yes,5.9,Short Video,19,0.23
SOC000092,CUST0092,YouTube,22,35,7,Tutorials,Medium,No,3.7,Long Video,8,0.09
SOC000093,CUST0093,Instagram,59,126,40,Memes,High,Yes,7.8,Short Video,30,0.30
SOC000094,CUST0094,Facebook,8,14,2,Player Interviews,Low,No,1.8,Image Post,3,0.03
SOC000095,CUST0095,Instagram,54,117,36,Short Reels,High,Yes,7.1,Short Video,26,0.29
SOC000096,CUST0096,YouTube,31,53,14,Match Analysis,High,Yes,4.9,Long Video,14,0.15
SOC000097,CUST0097,Twitter,17,28,6,Match Highlights,Medium,No,3.4,Carousel Post,7,0.09
SOC000098,CUST0098,Facebook,14,23,5,Player Interviews,Low,No,2.7,Image Post,5,0.05
SOC000099,CUST0099,Instagram,52,112,34,Memes,High,Yes,7.0,Short Video,25,0.28
SOC000100,CUST0100,Twitter,11,18,3,Match Highlights,Low,No,2.4,Carousel Post,4,0.05
SOC000101,CUST0101,Instagram,45,95,28,Short Reels,High,Yes,6.1,Short Video,20,0.24
SOC000102,CUST0102,YouTube,25,42,10,Tutorials,Medium,Yes,4.1,Long Video,10,0.12
SOC000103,CUST0103,Instagram,57,122,39,Memes,High,Yes,7.5,Short Video,28,0.30
SOC000104,CUST0104,Facebook,12,21,4,Player Interviews,Low,No,2.5,Image Post,5,0.05
SOC000105,CUST0105,Instagram,50,107,33,Short Reels,High,Yes,6.8,Short Video,23,0.27
SOC000106,CUST0106,YouTube,29,48,12,Match Analysis,High,Yes,4.7,Long Video,13,0.14
SOC000107,CUST0107,Twitter,18,29,7,Match Highlights,Medium,No,3.5,Carousel Post,7,0.09
SOC000108,CUST0108,Facebook,13,22,4,Player Interviews,Low,No,2.6,Image Post,5,0.05
SOC000109,CUST0109,Instagram,55,119,37,Memes,High,Yes,7.3,Short Video,27,0.29
SOC000110,CUST0110,Twitter,17,27,6,Match Analysis,Medium,Yes,3.6,Carousel Post,7,0.09
SOC000111,CUST0111,Instagram,42,86,24,Short Reels,High,Yes,5.7,Short Video,18,0.22
SOC000112,CUST0112,YouTube,24,39,8,Tutorials,Medium,No,3.9,Long Video,9,0.10
SOC000113,CUST0113,Instagram,58,123,39,Memes,High,Yes,7.6,Short Video,29,0.30
SOC000114,CUST0114,Facebook,9,15,2,Player Interviews,Low,No,1.9,Image Post,3,0.03
SOC000115,CUST0115,Instagram,53,115,35,Short Reels,High,Yes,7.0,Short Video,25,0.28
SOC000116,CUST0116,YouTube,30,51,13,Match Analysis,High,Yes,4.8,Long Video,13,0.15
SOC000117,CUST0117,Twitter,15,24,5,Match Highlights,Medium,No,3.1,Carousel Post,6,0.08
SOC000118,CUST0118,Facebook,14,24,5,Player Interviews,Low,No,2.8,Image Post,5,0.05
SOC000119,CUST0119,Instagram,51,109,33,Memes,High,Yes,6.9,Short Video,24,0.27
SOC000120,CUST0120,Twitter,12,19,3,Match Highlights,Low,No,2.5,Carousel Post,4,0.05
SOC000121,CUST0121,Instagram,44,91,27,Short Reels,High,Yes,6.0,Short Video,20,0.24
SOC000122,CUST0122,YouTube,26,43,10,Tutorials,Medium,Yes,4.2,Long Video,11,0.12
SOC000123,CUST0123,Instagram,59,125,40,Memes,High,Yes,7.8,Short Video,30,0.30
SOC000124,CUST0124,Facebook,10,17,3,Player Interviews,Low,No,2.0,Image Post,4,0.04
SOC000125,CUST0125,Instagram,54,116,36,Short Reels,High,Yes,7.2,Short Video,26,0.29
SOC000126,CUST0126,YouTube,31,52,14,Match Analysis,High,Yes,4.9,Long Video,14,0.15
SOC000127,CUST0127,Twitter,16,25,5,Match Highlights,Medium,No,3.2,Carousel Post,6,0.08
SOC000128,CUST0128,Facebook,13,21,4,Player Interviews,Low,No,2.5,Image Post,5,0.05
SOC000129,CUST0129,Instagram,52,110,34,Memes,High,Yes,7.0,Short Video,24,0.28
SOC000130,CUST0130,Twitter,11,18,3,Match Highlights,Low,No,2.4,Carousel Post,4,0.05
SOC000131,CUST0131,Instagram,41,84,23,Short Reels,High,Yes,5.6,Short Video,17,0.22
SOC000132,CUST0132,YouTube,23,36,8,Tutorials,Medium,No,3.8,Long Video,9,0.10
SOC000133,CUST0133,Instagram,57,121,38,Memes,High,Yes,7.4,Short Video,28,0.30
SOC000134,CUST0134,Facebook,9,16,2,Player Interviews,Low,No,2.0,Image Post,3,0.03
SOC000135,CUST0135,Instagram,55,118,37,Short Reels,High,Yes,7.2,Short Video,27,0.29
SOC000136,CUST0136,YouTube,28,46,12,Match Analysis,High,Yes,4.6,Long Video,12,0.14
SOC000137,CUST0137,Twitter,17,27,6,Match Highlights,Medium,No,3.3,Carousel Post,7,0.09
SOC000138,CUST0138,Facebook,12,20,4,Player Interviews,Low,No,2.4,Image Post,4,0.04
SOC000139,CUST0139,Instagram,50,104,32,Memes,High,Yes,6.8,Short Video,23,0.27
SOC000140,CUST0140,Twitter,10,17,3,Match Highlights,Low,No,2.3,Carousel Post,4,0.04
SOC000141,CUST0141,Instagram,46,97,29,Short Reels,High,Yes,6.3,Short Video,21,0.25
SOC000142,CUST0142,YouTube,27,44,11,Tutorials,Medium,Yes,4.3,Long Video,11,0.13
SOC000143,CUST0143,Instagram,58,124,39,Memes,High,Yes,7.7,Short Video,29,0.30
SOC000144,CUST0144,Facebook,11,18,3,Player Interviews,Low,No,2.2,Image Post,4,0.04
SOC000145,CUST0145,Instagram,49,102,31,Short Reels,High,Yes,6.7,Short Video,22,0.26
SOC000146,CUST0146,YouTube,30,50,13,Match Analysis,High,Yes,4.8,Long Video,13,0.15
SOC000147,CUST0147,Twitter,15,23,5,Match Highlights,Medium,No,3.0,Carousel Post,6,0.08
SOC000148,CUST0148,Facebook,13,22,4,Player Interviews,Low,No,2.6,Image Post,5,0.05
SOC000149,CUST0149,Instagram,56,120,38,Memes,High,Yes,7.5,Short Video,28,0.30
SOC000150,CUST0150,Twitter,16,26,6,Match Analysis,Medium,Yes,3.5,Carousel Post,7,0.09
SOC000151,CUST0151,Instagram,43,90,26,Short Reels,High,Yes,5.9,Short Video,19,0.23
SOC000152,CUST0152,YouTube,22,35,7,Tutorials,Medium,No,3.7,Long Video,8,0.09
SOC000153,CUST0153,Instagram,59,126,40,Memes,High,Yes,7.8,Short Video,30,0.30
SOC000154,CUST0154,Facebook,8,14,2,Player Interviews,Low,No,1.8,Image Post,3,0.03
SOC000155,CUST0155,Instagram,54,117,36,Short Reels,High,Yes,7.1,Short Video,26,0.29
SOC000156,CUST0156,YouTube,31,53,14,Match Analysis,High,Yes,4.9,Long Video,14,0.15
SOC000157,CUST0157,Twitter,17,28,6,Match Highlights,Medium,No,3.4,Carousel Post,7,0.09
SOC000158,CUST0158,Facebook,14,23,5,Player Interviews,Low,No,2.7,Image Post,5,0.05
SOC000159,CUST0159,Instagram,52,112,34,Memes,High,Yes,7.0,Short Video,25,0.28
SOC000160,CUST0160,Twitter,11,18,3,Match Highlights,Low,No,2.4,Carousel Post,4,0.05
SOC000161,CUST0161,Instagram,45,95,28,Short Reels,High,Yes,6.1,Short Video,20,0.24
SOC000162,CUST0162,YouTube,25,42,10,Tutorials,Medium,Yes,4.1,Long Video,10,0.12
SOC000163,CUST0163,Instagram,57,122,39,Memes,High,Yes,7.5,Short Video,28,0.30
SOC000164,CUST0164,Facebook,12,21,4,Player Interviews,Low,No,2.5,Image Post,5,0.05
SOC000165,CUST0165,Instagram,50,107,33,Short Reels,High,Yes,6.8,Short Video,23,0.27
SOC000166,CUST0166,YouTube,29,48,12,Match Analysis,High,Yes,4.7,Long Video,13,0.14
SOC000167,CUST0167,Twitter,18,29,7,Match Highlights,Medium,No,3.5,Carousel Post,7,0.09
SOC000168,CUST0168,Facebook,13,22,4,Player Interviews,Low,No,2.6,Image Post,5,0.05
SOC000169,CUST0169,Instagram,55,119,37,Memes,High,Yes,7.3,Short Video,27,0.29
SOC000170,CUST0170,Twitter,17,27,6,Match Analysis,Medium,Yes,3.6,Carousel Post,7,0.09
SOC000171,CUST0171,Instagram,42,86,24,Short Reels,High,Yes,5.7,Short Video,18,0.22
SOC000172,CUST0172,YouTube,24,39,8,Tutorials,Medium,No,3.9,Long Video,9,0.10
SOC000173,CUST0173,Instagram,58,123,39,Memes,High,Yes,7.6,Short Video,29,0.30
SOC000174,CUST0174,Facebook,9,15,2,Player Interviews,Low,No,1.9,Image Post,3,0.03
SOC000175,CUST0175,Instagram,53,115,35,Short Reels,High,Yes,7.0,Short Video,25,0.28
SOC000176,CUST0176,YouTube,30,51,13,Match Analysis,High,Yes,4.8,Long Video,13,0.15
SOC000177,CUST0177,Twitter,15,24,5,Match Highlights,Medium,No,3.1,Carousel Post,6,0.08
SOC000178,CUST0178,Facebook,14,24,5,Player Interviews,Low,No,2.8,Image Post,5,0.05
SOC000179,CUST0179,Instagram,51,109,33,Memes,High,Yes,6.9,Short Video,24,0.27
SOC000180,CUST0180,Twitter,12,19,3,Match Highlights,Low,No,2.5,Carousel Post,4,0.05
SOC000181,CUST0181,Instagram,44,91,27,Short Reels,High,Yes,6.0,Short Video,20,0.24
SOC000182,CUST0182,YouTube,26,43,10,Tutorials,Medium,Yes,4.2,Long Video,11,0.12
SOC000183,CUST0183,Instagram,59,125,40,Memes,High,Yes,7.8,Short Video,30,0.30
SOC000184,CUST0184,Facebook,10,17,3,Player Interviews,Low,No,2.0,Image Post,4,0.04
SOC000185,CUST0185,Instagram,54,116,36,Short Reels,High,Yes,7.2,Short Video,26,0.29
SOC000186,CUST0186,YouTube,31,52,14,Match Analysis,High,Yes,4.9,Long Video,14,0.15
SOC000187,CUST0187,Twitter,16,25,5,Match Highlights,Medium,No,3.2,Carousel Post,6,0.08
SOC000188,CUST0188,Facebook,13,21,4,Player Interviews,Low,No,2.5,Image Post,5,0.05
SOC000189,CUST0189,Instagram,52,110,34,Memes,High,Yes,7.0,Short Video,24,0.28
SOC000190,CUST0190,Twitter,11,18,3,Match Highlights,Low,No,2.4,Carousel Post,4,0.05
SOC000191,CUST0191,Instagram,41,84,23,Short Reels,High,Yes,5.6,Short Video,17,0.22
SOC000192,CUST0192,YouTube,23,36,8,Tutorials,Medium,No,3.8,Long Video,9,0.10
SOC000193,CUST0193,Instagram,57,121,38,Memes,High,Yes,7.4,Short Video,28,0.30
SOC000194,CUST0194,Facebook,9,16,2,Player Interviews,Low,No,2.0,Image Post,3,0.03
SOC000195,CUST0195,Instagram,55,118,37,Short Reels,High,Yes,7.2,Short Video,27,0.29
SOC000196,CUST0196,YouTube,28,46,12,Match Analysis,High,Yes,4.6,Long Video,12,0.14
SOC000197,CUST0197,Twitter,17,27,6,Match Highlights,Medium,No,3.3,Carousel Post,7,0.09
SOC000198,CUST0198,Facebook,12,20,4,Player Interviews,Low,No,2.4,Image Post,4,0.04
SOC000199,CUST0199,Instagram,50,104,32,Memes,High,Yes,6.8,Short Video,23,0.27
SOC000200,CUST0200,Twitter,10,17,3,Match Highlights,Low,No,2.3,Carousel Post,4,0.04
SOC000201,CUST0201,Instagram,46,97,29,Short Reels,High,Yes,6.3,Short Video,21,0.25
SOC000202,CUST0202,YouTube,27,44,11,Tutorials,Medium,Yes,4.3,Long Video,11,0.13
SOC000203,CUST0203,Instagram,58,124,39,Memes,High,Yes,7.7,Short Video,29,0.30
SOC000204,CUST0204,Facebook,11,18,3,Player Interviews,Low,No,2.2,Image Post,4,0.04
SOC000205,CUST0205,Instagram,49,102,31,Short Reels,High,Yes,6.7,Short Video,22,0.26
SOC000206,CUST0206,YouTube,30,50,13,Match Analysis,High,Yes,4.8,Long Video,13,0.15
SOC000207,CUST0207,Twitter,15,23,5,Match Highlights,Medium,No,3.0,Carousel Post,6,0.08
SOC000208,CUST0208,Facebook,13,22,4,Player Interviews,Low,No,2.6,Image Post,5,0.05
SOC000209,CUST0209,Instagram,56,120,38,Memes,High,Yes,7.5,Short Video,28,0.30
SOC000210,CUST0210,Twitter,16,26,6,Match Analysis,Medium,Yes,3.5,Carousel Post,7,0.09
SOC000211,CUST0211,Instagram,43,90,26,Short Reels,High,Yes,5.9,Short Video,19,0.23
SOC000212,CUST0212,YouTube,22,35,7,Tutorials,Medium,No,3.7,Long Video,8,0.09
SOC000213,CUST0213,Instagram,59,126,40,Memes,High,Yes,7.8,Short Video,30,0.30
SOC000214,CUST0214,Facebook,8,14,2,Player Interviews,Low,No,1.8,Image Post,3,0.03
SOC000215,CUST0215,Instagram,54,117,36,Short Reels,High,Yes,7.1,Short Video,26,0.29
SOC000216,CUST0216,YouTube,31,53,14,Match Analysis,High,Yes,4.9,Long Video,14,0.15
SOC000217,CUST0217,Twitter,17,28,6,Match Highlights,Medium,No,3.4,Carousel Post,7,0.09
SOC000218,CUST0218,Facebook,14,23,5,Player Interviews,Low,No,2.7,Image Post,5,0.05
SOC000219,CUST0219,Instagram,52,112,34,Memes,High,Yes,7.0,Short Video,25,0.28
SOC000220,CUST0220,Twitter,11,18,3,Match Highlights,Low,No,2.4,Carousel Post,4,0.05
SOC000221,CUST0221,Instagram,45,95,28,Short Reels,High,Yes,6.1,Short Video,20,0.24
SOC000222,CUST0222,YouTube,25,42,10,Tutorials,Medium,Yes,4.1,Long Video,10,0.12
SOC000223,CUST0223,Instagram,57,122,39,Memes,High,Yes,7.5,Short Video,28,0.30
SOC000224,CUST0224,Facebook,12,21,4,Player Interviews,Low,No,2.5,Image Post,5,0.05
SOC000225,CUST0225,Instagram,50,107,33,Short Reels,High,Yes,6.8,Short Video,23,0.27
SOC000226,CUST0226,YouTube,29,48,12,Match Analysis,High,Yes,4.7,Long Video,13,0.14
SOC000227,CUST0227,Twitter,18,29,7,Match Highlights,Medium,No,3.5,Carousel Post,7,0.09
SOC000228,CUST0228,Facebook,13,22,4,Player Interviews,Low,No,2.6,Image Post,5,0.05
SOC000229,CUST0229,Instagram,55,119,37,Memes,High,Yes,7.3,Short Video,27,0.29
SOC000230,CUST0230,Twitter,17,27,6,Match Analysis,Medium,Yes,3.6,Carousel Post,7,0.09
SOC000231,CUST0231,Instagram,42,86,24,Short Reels,High,Yes,5.7,Short Video,18,0.22
SOC000232,CUST0232,YouTube,24,39,8,Tutorials,Medium,No,3.9,Long Video,9,0.10
SOC000233,CUST0233,Instagram,58,123,39,Memes,High,Yes,7.6,Short Video,29,0.30
SOC000234,CUST0234,Facebook,9,15,2,Player Interviews,Low,No,1.9,Image Post,3,0.03
SOC000235,CUST0235,Instagram,53,115,35,Short Reels,High,Yes,7.0,Short Video,25,0.28
SOC000236,CUST0236,YouTube,30,51,13,Match Analysis,High,Yes,4.8,Long Video,13,0.15
SOC000237,CUST0237,Twitter,15,24,5,Match Highlights,Medium,No,3.1,Carousel Post,6,0.08
SOC000238,CUST0238,Facebook,14,24,5,Player Interviews,Low,No,2.8,Image Post,5,0.05
SOC000239,CUST0239,Instagram,51,109,33,Memes,High,Yes,6.9,Short Video,24,0.27
SOC000240,CUST0240,Twitter,12,19,3,Match Highlights,Low,No,2.5,Carousel Post,4,0.05
SOC000241,CUST0241,Instagram,44,91,27,Short Reels,High,Yes,6.0,Short Video,20,0.24
SOC000242,CUST0242,YouTube,26,43,10,Tutorials,Medium,Yes,4.2,Long Video,11,0.12
SOC000243,CUST0243,Instagram,59,125,40,Memes,High,Yes,7.8,Short Video,30,0.30
SOC000244,CUST0244,Facebook,10,17,3,Player Interviews,Low,No,2.0,Image Post,4,0.04
SOC000245,CUST0245,Instagram,54,116,36,Short Reels,High,Yes,7.2,Short Video,26,0.29
SOC000246,CUST0246,YouTube,31,52,14,Match Analysis,High,Yes,4.9,Long Video,14,0.15
SOC000247,CUST0247,Twitter,16,25,5,Match Highlights,Medium,No,3.2,Carousel Post,6,0.08
SOC000248,CUST0248,Facebook,13,21,4,Player Interviews,Low,No,2.5,Image Post,5,0.05
SOC000249,CUST0249,Instagram,52,110,34,Memes,High,Yes,7.0,Short Video,24,0.28
SOC000250,CUST0250,Twitter,11,18,3,Match Highlights,Low,No,2.4,Carousel Post,4,0.05
SOC000251,CUST0251,Instagram,41,84,23,Short Reels,High,Yes,5.6,Short Video,17,0.22
SOC000252,CUST0252,YouTube,23,36,8,Tutorials,Medium,No,3.8,Long Video,9,0.10
SOC000253,CUST0253,Instagram,57,121,38,Memes,High,Yes,7.4,Short Video,28,0.30
SOC000254,CUST0254,Facebook,9,16,2,Player Interviews,Low,No,2.0,Image Post,3,0.03
SOC000255,CUST0255,Instagram,55,118,37,Short Reels,High,Yes,7.2,Short Video,27,0.29
SOC000256,CUST0256,YouTube,28,46,12,Match Analysis,High,Yes,4.6,Long Video,12,0.14
SOC000257,CUST0257,Twitter,17,27,6,Match Highlights,Medium,No,3.3,Carousel Post,7,0.09
SOC000258,CUST0258,Facebook,12,20,4,Player Interviews,Low,No,2.4,Image Post,4,0.04
SOC000259,CUST0259,Instagram,50,104,32,Memes,High,Yes,6.8,Short Video,23,0.27
SOC000260,CUST0260,Twitter,10,17,3,Match Highlights,Low,No,2.3,Carousel Post,4,0.04
SOC000261,CUST0261,Instagram,46,97,29,Short Reels,High,Yes,6.3,Short Video,21,0.25
SOC000262,CUST0262,YouTube,27,44,11,Tutorials,Medium,Yes,4.3,Long Video,11,0.13
SOC000263,CUST0263,Instagram,58,124,39,Memes,High,Yes,7.7,Short Video,29,0.30
SOC000264,CUST0264,Facebook,11,18,3,Player Interviews,Low,No,2.2,Image Post,4,0.04
SOC000265,CUST0265,Instagram,49,102,31,Short Reels,High,Yes,6.7,Short Video,22,0.26
SOC000266,CUST0266,YouTube,30,50,13,Match Analysis,High,Yes,4.8,Long Video,13,0.15
SOC000267,CUST0267,Twitter,15,23,5,Match Highlights,Medium,No,3.0,Carousel Post,6,0.08
SOC000268,CUST0268,Facebook,13,22,4,Player Interviews,Low,No,2.6,Image Post,5,0.05
SOC000269,CUST0269,Instagram,56,120,38,Memes,High,Yes,7.5,Short Video,28,0.30
SOC000270,CUST0270,Twitter,16,26,6,Match Analysis,Medium,Yes,3.5,Carousel Post,7,0.09
SOC000271,CUST0271,Instagram,43,90,26,Short Reels,High,Yes,5.9,Short Video,19,0.23
SOC000272,CUST0272,YouTube,22,35,7,Tutorials,Medium,No,3.7,Long Video,8,0.09
SOC000273,CUST0273,Instagram,59,126,40,Memes,High,Yes,7.8,Short Video,30,0.30
SOC000274,CUST0274,Facebook,8,14,2,Player Interviews,Low,No,1.8,Image Post,3,0.03
SOC000275,CUST0275,Instagram,54,117,36,Short Reels,High,Yes,7.1,Short Video,26,0.29
SOC000276,CUST0276,YouTube,31,53,14,Match Analysis,High,Yes,4.9,Long Video,14,0.15
SOC000277,CUST0277,Twitter,17,28,6,Match Highlights,Medium,No,3.4,Carousel Post,7,0.09
SOC000278,CUST0278,Facebook,14,23,5,Player Interviews,Low,No,2.7,Image Post,5,0.05
SOC000279,CUST0279,Instagram,52,112,34,Memes,High,Yes,7.0,Short Video,25,0.28
SOC000280,CUST0280,Twitter,11,18,3,Match Highlights,Low,No,2.4,Carousel Post,4,0.05
SOC000281,CUST0281,Instagram,45,95,28,Short Reels,High,Yes,6.1,Short Video,20,0.24
SOC000282,CUST0282,YouTube,25,42,10,Tutorials,Medium,Yes,4.1,Long Video,10,0.12
SOC000283,CUST0283,Instagram,57,122,39,Memes,High,Yes,7.5,Short Video,28,0.30
SOC000284,CUST0284,Facebook,12,21,4,Player Interviews,Low,No,2.5,Image Post,5,0.05
SOC000285,CUST0285,Instagram,50,107,33,Short Reels,High,Yes,6.8,Short Video,23,0.27
SOC000286,CUST0286,YouTube,29,48,12,Match Analysis,High,Yes,4.7,Long Video,13,0.14
SOC000287,CUST0287,Twitter,18,29,7,Match Highlights,Medium,No,3.5,Carousel Post,7,0.09
SOC000288,CUST0288,Facebook,13,22,4,Player Interviews,Low,No,2.6,Image Post,5,0.05
SOC000289,CUST0289,Instagram,55,119,37,Memes,High,Yes,7.3,Short Video,27,0.29
SOC000290,CUST0290,Twitter,17,27,6,Match Analysis,Medium,Yes,3.6,Carousel Post,7,0.09
SOC000291,CUST0291,Instagram,42,86,24,Short Reels,High,Yes,5.7,Short Video,18,0.22
SOC000292,CUST0292,YouTube,24,39,8,Tutorials,Medium,No,3.9,Long Video,9,0.10
SOC000293,CUST0293,Instagram,58,123,39,Memes,High,Yes,7.6,Short Video,29,0.30
SOC000294,CUST0294,Facebook,9,15,2,Player Interviews,Low,No,1.9,Image Post,3,0.03
SOC000295,CUST0295,Instagram,53,115,35,Short Reels,High,Yes,7.0,Short Video,25,0.28
SOC000296,CUST0296,YouTube,30,51,13,Match Analysis,High,Yes,4.8,Long Video,13,0.15
SOC000297,CUST0297,Twitter,15,24,5,Match Highlights,Medium,No,3.1,Carousel Post,6,0.08
SOC000298,CUST0298,Facebook,14,24,5,Player Interviews,Low,No,2.8,Image Post,5,0.05
SOC000299,CUST0299,Instagram,51,109,33,Memes,High,Yes,6.9,Short Video,24,0.27
SOC000300,CUST0300,Twitter,12,19,3,Match Highlights,Low,No,2.5,Carousel Post,4,0.05
SOC000301,CUST0301,Instagram,47,98,30,Short Reels,High,Yes,6.4,Short Video,22,0.26
SOC000302,CUST0302,YouTube,26,44,11,Match Analysis,Medium,No,4.2,Long Video,10,0.12
SOC000303,CUST0303,Instagram,61,132,42,Memes,High,Yes,8.0,Short Video,31,0.30
SOC000304,CUST0304,Facebook,10,17,3,Player Interviews,Low,No,2.1,Image Post,4,0.04
SOC000305,CUST0305,Instagram,56,121,38,Short Reels,High,Yes,7.4,Short Video,28,0.29
SOC000306,CUST0306,Twitter,19,31,7,Match Highlights,Medium,No,3.6,Carousel Post,8,0.09
SOC000307,CUST0307,Instagram,43,90,27,Memes,High,Yes,5.9,Short Video,20,0.23
SOC000308,CUST0308,YouTube,24,39,9,Tutorials,Medium,No,3.9,Long Video,9,0.10
SOC000309,CUST0309,Instagram,58,126,40,Short Reels,High,Yes,7.7,Short Video,29,0.30
SOC000310,CUST0310,Facebook,8,14,2,Player Interviews,Low,No,1.8,Image Post,3,0.03
SOC000311,CUST0311,Instagram,49,104,32,Memes,High,Yes,6.8,Short Video,24,0.27
SOC000312,CUST0312,YouTube,28,48,12,Match Analysis,Medium,Yes,4.5,Long Video,12,0.14
SOC000313,CUST0313,Instagram,63,136,44,Short Reels,High,Yes,8.3,Short Video,33,0.30
SOC000314,CUST0314,Twitter,14,23,5,Match Highlights,Low,No,2.8,Carousel Post,5,0.07
SOC000315,CUST0315,Instagram,54,118,36,Memes,High,Yes,7.2,Short Video,27,0.29
SOC000316,CUST0316,YouTube,30,52,14,Match Analysis,High,Yes,4.9,Long Video,14,0.15
SOC000317,CUST0317,Instagram,41,85,24,Short Reels,Medium,Yes,5.5,Short Video,18,0.22
SOC000318,CUST0318,Facebook,12,20,4,Player Interviews,Low,No,2.4,Image Post,5,0.05
SOC000319,CUST0319,Instagram,57,124,39,Memes,High,Yes,7.6,Short Video,29,0.30
SOC000320,CUST0320,Twitter,16,26,6,Match Highlights,Medium,No,3.3,Carousel Post,6,0.08
SOC000321,CUST0321,Instagram,46,96,29,Short Reels,High,Yes,6.3,Short Video,21,0.25
SOC000322,CUST0322,YouTube,27,46,11,Tutorials,Medium,Yes,4.3,Long Video,11,0.13
SOC000323,CUST0323,Instagram,60,130,41,Memes,High,Yes,7.9,Short Video,31,0.30
SOC000324,CUST0324,Facebook,11,18,3,Player Interviews,Low,No,2.2,Image Post,4,0.04
SOC000325,CUST0325,Instagram,55,120,37,Short Reels,High,Yes,7.3,Short Video,27,0.29
SOC000326,CUST0326,Twitter,18,29,7,Match Analysis,Medium,Yes,3.5,Carousel Post,7,0.09
SOC000327,CUST0327,Instagram,44,92,28,Memes,High,Yes,6.0,Short Video,20,0.24
SOC000328,CUST0328,YouTube,25,41,10,Tutorials,Medium,No,4.0,Long Video,10,0.11
SOC000329,CUST0329,Instagram,59,128,40,Short Reels,High,Yes,7.8,Short Video,30,0.30
SOC000330,CUST0330,Facebook,9,15,2,Player Interviews,Low,No,1.9,Image Post,3,0.03
SOC000331,CUST0331,Instagram,50,106,33,Memes,High,Yes,6.9,Short Video,24,0.27
SOC000332,CUST0332,YouTube,29,50,13,Match Analysis,High,Yes,4.7,Long Video,13,0.15
SOC000333,CUST0333,Instagram,62,134,43,Short Reels,High,Yes,8.2,Short Video,32,0.30
SOC000334,CUST0334,Twitter,15,24,5,Match Highlights,Low,No,3.0,Carousel Post,6,0.08
SOC000335,CUST0335,Instagram,53,116,35,Memes,High,Yes,7.1,Short Video,26,0.28
SOC000336,CUST0336,YouTube,31,53,14,Match Analysis,High,Yes,5.0,Long Video,14,0.15
SOC000337,CUST0337,Instagram,42,88,25,Short Reels,Medium,Yes,5.7,Short Video,19,0.22
SOC000338,CUST0338,Facebook,13,22,4,Player Interviews,Low,No,2.6,Image Post,5,0.05
SOC000339,CUST0339,Instagram,56,122,38,Memes,High,Yes,7.5,Short Video,28,0.29
SOC000340,CUST0340,Twitter,17,28,6,Match Highlights,Medium,No,3.4,Carousel Post,7,0.09
SOC000341,CUST0341,Instagram,47,99,30,Short Reels,High,Yes,6.5,Short Video,22,0.26
SOC000342,CUST0342,YouTube,26,45,11,Tutorials,Medium,Yes,4.2,Long Video,10,0.12
SOC000343,CUST0343,Instagram,61,133,42,Memes,High,Yes,8.1,Short Video,31,0.30
SOC000344,CUST0344,Facebook,10,17,3,Player Interviews,Low,No,2.1,Image Post,4,0.04
SOC000345,CUST0345,Instagram,55,119,37,Short Reels,High,Yes,7.3,Short Video,27,0.29
SOC000346,CUST0346,Twitter,19,30,7,Match Analysis,Medium,Yes,3.6,Carousel Post,8,0.10
SOC000347,CUST0347,Instagram,43,91,27,Memes,High,Yes,5.9,Short Video,20,0.23
SOC000348,CUST0348,YouTube,24,40,9,Tutorials,Medium,No,3.9,Long Video,9,0.10
SOC000349,CUST0349,Instagram,58,127,40,Short Reels,High,Yes,7.7,Short Video,30,0.30
SOC000350,CUST0350,Facebook,8,14,2,Player Interviews,Low,No,1.8,Image Post,3,0.03
SOC000351,CUST0351,Instagram,49,105,32,Memes,High,Yes,6.8,Short Video,24,0.27
SOC000352,CUST0352,YouTube,28,49,12,Match Analysis,Medium,Yes,4.5,Long Video,12,0.14
SOC000353,CUST0353,Instagram,63,137,44,Short Reels,High,Yes,8.3,Short Video,33,0.30
SOC000354,CUST0354,Twitter,14,23,5,Match Highlights,Low,No,2.8,Carousel Post,5,0.07
SOC000355,CUST0355,Instagram,54,117,36,Memes,High,Yes,7.2,Short Video,27,0.29
SOC000356,CUST0356,YouTube,30,51,14,Match Analysis,High,Yes,4.9,Long Video,14,0.15
SOC000357,CUST0357,Instagram,41,86,24,Short Reels,Medium,Yes,5.5,Short Video,18,0.22
SOC000358,CUST0358,Facebook,12,20,4,Player Interviews,Low,No,2.4,Image Post,5,0.05
SOC000359,CUST0359,Instagram,57,123,39,Memes,High,Yes,7.6,Short Video,29,0.30
SOC000360,CUST0360,Twitter,16,26,6,Match Highlights,Medium,No,3.3,Carousel Post,6,0.08
SOC000361,CUST0361,Instagram,46,97,29,Short Reels,High,Yes,6.3,Short Video,21,0.25
SOC000362,CUST0362,YouTube,27,47,11,Tutorials,Medium,Yes,4.3,Long Video,11,0.13
SOC000363,CUST0363,Instagram,60,129,41,Memes,High,Yes,7.9,Short Video,31,0.30
SOC000364,CUST0364,Facebook,11,18,3,Player Interviews,Low,No,2.2,Image Post,4,0.04
SOC000365,CUST0365,Instagram,55,121,37,Short Reels,High,Yes,7.3,Short Video,28,0.29
SOC000366,CUST0366,Twitter,18,29,7,Match Analysis,Medium,Yes,3.5,Carousel Post,7,0.09
SOC000367,CUST0367,Instagram,44,93,28,Memes,High,Yes,6.0,Short Video,20,0.24
SOC000368,CUST0368,YouTube,25,42,10,Tutorials,Medium,No,4.0,Long Video,10,0.11
SOC000369,CUST0369,Instagram,59,127,40,Short Reels,High,Yes,7.8,Short Video,30,0.30
SOC000370,CUST0370,Facebook,9,15,2,Player Interviews,Low,No,1.9,Image Post,3,0.03
SOC000371,CUST0371,Instagram,50,107,33,Memes,High,Yes,6.9,Short Video,24,0.27
SOC000372,CUST0372,YouTube,29,49,13,Match Analysis,High,Yes,4.7,Long Video,13,0.15
SOC000373,CUST0373,Instagram,62,135,43,Short Reels,High,Yes,8.2,Short Video,32,0.30
SOC000374,CUST0374,Twitter,15,24,5,Match Highlights,Low,No,3.0,Carousel Post,6,0.08
SOC000375,CUST0375,Instagram,53,115,35,Memes,High,Yes,7.1,Short Video,26,0.28
SOC000376,CUST0376,YouTube,31,54,14,Match Analysis,High,Yes,5.0,Long Video,14,0.15
SOC000377,CUST0377,Instagram,42,87,25,Short Reels,Medium,Yes,5.7,Short Video,19,0.22
SOC000378,CUST0378,Facebook,13,22,4,Player Interviews,Low,No,2.6,Image Post,5,0.05
SOC000379,CUST0379,Instagram,56,121,38,Memes,High,Yes,7.5,Short Video,28,0.29
SOC000380,CUST0380,Twitter,17,27,6,Match Highlights,Medium,No,3.4,Carousel Post,7,0.09
SOC000381,CUST0381,Instagram,47,98,30,Short Reels,High,Yes,6.4,Short Video,22,0.26
SOC000382,CUST0382,YouTube,26,44,11,Match Analysis,Medium,No,4.2,Long Video,10,0.12
SOC000383,CUST0383,Instagram,61,132,42,Memes,High,Yes,8.0,Short Video,31,0.30
SOC000384,CUST0384,Facebook,10,17,3,Player Interviews,Low,No,2.1,Image Post,4,0.04
SOC000385,CUST0385,Instagram,56,121,38,Short Reels,High,Yes,7.4,Short Video,28,0.29
SOC000386,CUST0386,Twitter,19,31,7,Match Highlights,Medium,No,3.6,Carousel Post,8,0.09
SOC000387,CUST0387,Instagram,43,90,27,Memes,High,Yes,5.9,Short Video,20,0.23
SOC000388,CUST0388,YouTube,24,39,9,Tutorials,Medium,No,3.9,Long Video,9,0.10
SOC000389,CUST0389,Instagram,58,126,40,Short Reels,High,Yes,7.7,Short Video,29,0.30
SOC000390,CUST0390,Facebook,8,14,2,Player Interviews,Low,No,1.8,Image Post,3,0.03
SOC000391,CUST0391,Instagram,49,104,32,Memes,High,Yes,6.8,Short Video,24,0.27
SOC000392,CUST0392,YouTube,28,48,12,Match Analysis,Medium,Yes,4.5,Long Video,12,0.14
SOC000393,CUST0393,Instagram,63,136,44,Short Reels,High,Yes,8.3,Short Video,33,0.30
SOC000394,CUST0394,Twitter,14,23,5,Match Highlights,Low,No,2.8,Carousel Post,5,0.07
SOC000395,CUST0395,Instagram,54,118,36,Memes,High,Yes,7.2,Short Video,27,0.29
SOC000396,CUST0396,YouTube,30,52,14,Match Analysis,High,Yes,4.9,Long Video,14,0.15
SOC000397,CUST0397,Instagram,41,85,24,Short Reels,Medium,Yes,5.5,Short Video,18,0.22
SOC000398,CUST0398,Facebook,12,20,4,Player Interviews,Low,No,2.4,Image Post,5,0.05
SOC000399,CUST0399,Instagram,57,124,39,Memes,High,Yes,7.6,Short Video,29,0.30
SOC000400,CUST0400,Twitter,16,26,6,Match Highlights,Medium,No,3.3,Carousel Post,6,0.08
SOC000401,CUST0401,Instagram,46,96,29,Short Reels,High,Yes,6.3,Short Video,21,0.25
SOC000402,CUST0402,YouTube,27,46,11,Tutorials,Medium,Yes,4.3,Long Video,11,0.13
SOC000403,CUST0403,Instagram,60,130,41,Memes,High,Yes,7.9,Short Video,31,0.30
SOC000404,CUST0404,Facebook,11,18,3,Player Interviews,Low,No,2.2,Image Post,4,0.04
SOC000405,CUST0405,Instagram,55,120,37,Short Reels,High,Yes,7.3,Short Video,27,0.29
SOC000406,CUST0406,Twitter,18,29,7,Match Analysis,Medium,Yes,3.5,Carousel Post,7,0.09
SOC000407,CUST0407,Instagram,44,92,28,Memes,High,Yes,6.0,Short Video,20,0.24
SOC000408,CUST0408,YouTube,25,41,10,Tutorials,Medium,No,4.0,Long Video,10,0.11
SOC000409,CUST0409,Instagram,59,128,40,Short Reels,High,Yes,7.8,Short Video,30,0.30
SOC000410,CUST0410,Facebook,9,15,2,Player Interviews,Low,No,1.9,Image Post,3,0.03
SOC000411,CUST0411,Instagram,50,106,33,Memes,High,Yes,6.9,Short Video,24,0.27
SOC000412,CUST0412,YouTube,29,50,13,Match Analysis,High,Yes,4.7,Long Video,13,0.15
SOC000413,CUST0413,Instagram,62,134,43,Short Reels,High,Yes,8.2,Short Video,32,0.30
SOC000414,CUST0414,Twitter,15,24,5,Match Highlights,Low,No,3.0,Carousel Post,6,0.08
SOC000415,CUST0415,Instagram,53,116,35,Memes,High,Yes,7.1,Short Video,26,0.28
SOC000416,CUST0416,YouTube,31,53,14,Match Analysis,High,Yes,5.0,Long Video,14,0.15
SOC000417,CUST0417,Instagram,42,88,25,Short Reels,Medium,Yes,5.7,Short Video,19,0.22
SOC000418,CUST0418,Facebook,13,22,4,Player Interviews,Low,No,2.6,Image Post,5,0.05
SOC000419,CUST0419,Instagram,56,122,38,Memes,High,Yes,7.5,Short Video,28,0.29
SOC000420,CUST0420,Twitter,17,28,6,Match Highlights,Medium,No,3.4,Carousel Post,7,0.09
SOC000421,CUST0421,Instagram,47,99,30,Short Reels,High,Yes,6.5,Short Video,22,0.26
SOC000422,CUST0422,YouTube,26,45,11,Tutorials,Medium,Yes,4.2,Long Video,10,0.12
SOC000423,CUST0423,Instagram,61,133,42,Memes,High,Yes,8.1,Short Video,31,0.30
SOC000424,CUST0424,Facebook,10,17,3,Player Interviews,Low,No,2.1,Image Post,4,0.04
SOC000425,CUST0425,Instagram,55,119,37,Short Reels,High,Yes,7.3,Short Video,27,0.29
SOC000426,CUST0426,Twitter,19,30,7,Match Analysis,Medium,Yes,3.6,Carousel Post,8,0.10
SOC000427,CUST0427,Instagram,43,91,27,Memes,High,Yes,5.9,Short Video,20,0.23
SOC000428,CUST0428,YouTube,24,40,9,Tutorials,Medium,No,3.9,Long Video,9,0.10
SOC000429,CUST0429,Instagram,58,127,40,Short Reels,High,Yes,7.7,Short Video,30,0.30
SOC000430,CUST0430,Facebook,8,14,2,Player Interviews,Low,No,1.8,Image Post,3,0.03
SOC000431,CUST0431,Instagram,49,105,32,Memes,High,Yes,6.8,Short Video,24,0.27
SOC000432,CUST0432,YouTube,28,49,12,Match Analysis,Medium,Yes,4.5,Long Video,12,0.14
SOC000433,CUST0433,Instagram,63,137,44,Short Reels,High,Yes,8.3,Short Video,33,0.30
SOC000434,CUST0434,Twitter,14,23,5,Match Highlights,Low,No,2.8,Carousel Post,5,0.07
SOC000435,CUST0435,Instagram,54,117,36,Memes,High,Yes,7.2,Short Video,27,0.29
SOC000436,CUST0436,YouTube,30,51,14,Match Analysis,High,Yes,4.9,Long Video,14,0.15
SOC000437,CUST0437,Instagram,41,86,24,Short Reels,Medium,Yes,5.5,Short Video,18,0.22
SOC000438,CUST0438,Facebook,12,20,4,Player Interviews,Low,No,2.4,Image Post,5,0.05
SOC000439,CUST0439,Instagram,57,123,39,Memes,High,Yes,7.6,Short Video,29,0.30
SOC000440,CUST0440,Twitter,16,26,6,Match Highlights,Medium,No,3.3,Carousel Post,6,0.08
SOC000441,CUST0441,Instagram,46,97,29,Short Reels,High,Yes,6.3,Short Video,21,0.25
SOC000442,CUST0442,YouTube,27,47,11,Tutorials,Medium,Yes,4.3,Long Video,11,0.13
SOC000443,CUST0443,Instagram,60,129,41,Memes,High,Yes,7.9,Short Video,31,0.30
SOC000444,CUST0444,Facebook,11,18,3,Player Interviews,Low,No,2.2,Image Post,4,0.04
SOC000445,CUST0445,Instagram,55,121,37,Short Reels,High,Yes,7.3,Short Video,28,0.29
SOC000446,CUST0446,Twitter,18,29,7,Match Analysis,Medium,Yes,3.5,Carousel Post,7,0.09
SOC000447,CUST0447,Instagram,44,93,28,Memes,High,Yes,6.0,Short Video,20,0.24
SOC000448,CUST0448,YouTube,25,42,10,Tutorials,Medium,No,4.0,Long Video,10,0.11
SOC000449,CUST0449,Instagram,59,127,40,Short Reels,High,Yes,7.8,Short Video,30,0.30
SOC000450,CUST0450,Facebook,9,15,2,Player Interviews,Low,No,1.9,Image Post,3,0.03
SOC000451,CUST0451,Instagram,50,107,33,Memes,High,Yes,6.9,Short Video,24,0.27
SOC000452,CUST0452,YouTube,29,49,13,Match Analysis,High,Yes,4.7,Long Video,13,0.15
SOC000453,CUST0453,Instagram,62,135,43,Short Reels,High,Yes,8.2,Short Video,32,0.30
SOC000454,CUST0454,Twitter,15,24,5,Match Highlights,Low,No,3.0,Carousel Post,6,0.08
SOC000455,CUST0455,Instagram,53,115,35,Memes,High,Yes,7.1,Short Video,26,0.28
SOC000456,CUST0456,YouTube,31,54,14,Match Analysis,High,Yes,5.0,Long Video,14,0.15
SOC000457,CUST0457,Instagram,42,87,25,Short Reels,Medium,Yes,5.7,Short Video,19,0.22
SOC000458,CUST0458,Facebook,13,22,4,Player Interviews,Low,No,2.6,Image Post,5,0.05
SOC000459,CUST0459,Instagram,56,121,38,Memes,High,Yes,7.5,Short Video,28,0.29
SOC000460,CUST0460,Twitter,17,27,6,Match Highlights,Medium,No,3.4,Carousel Post,7,0.09
SOC000461,CUST0461,Instagram,47,98,30,Short Reels,High,Yes,6.4,Short Video,22,0.26
SOC000462,CUST0462,YouTube,26,44,11,Match Analysis,Medium,No,4.2,Long Video,10,0.12
SOC000463,CUST0463,Instagram,61,132,42,Memes,High,Yes,8.0,Short Video,31,0.30
SOC000464,CUST0464,Facebook,10,17,3,Player Interviews,Low,No,2.1,Image Post,4,0.04
SOC000465,CUST0465,Instagram,56,121,38,Short Reels,High,Yes,7.4,Short Video,28,0.29
SOC000466,CUST0466,Twitter,19,31,7,MatchHighlights,Medium,No,3.6,Carousel Post,8,0.09
SOC000467,CUST0467,Instagram,43,90,27,Memes,High,Yes,5.9,Short Video,20,0.23
SOC000468,CUST0468,YouTube,24,39,9,Tutorials,Medium,No,3.9,Long Video,9,0.10
SOC000469,CUST0469,Instagram,58,126,40,Short Reels,High,Yes,7.7,Short Video,29,0.30
SOC000470,CUST0470,Facebook,8,14,2,Player Interviews,Low,No,1.8,Image Post,3,0.03
SOC000471,CUST0471,Instagram,49,104,32,Memes,High,Yes,6.8,Short Video,24,0.27
SOC000472,CUST0472,YouTube,28,48,12,Match Analysis,Medium,Yes,4.5,Long Video,12,0.14
SOC000473,CUST0473,Instagram,63,136,44,Short Reels,High,Yes,8.3,Short Video,33,0.30
SOC000474,CUST0474,Twitter,14,23,5,Match Highlights,Low,No,2.8,Carousel Post,5,0.07
SOC000475,CUST0475,Instagram,54,118,36,Memes,High,Yes,7.2,Short Video,27,0.29
SOC000476,CUST0476,YouTube,30,52,14,Match Analysis,High,Yes,4.9,Long Video,14,0.15
SOC000477,CUST0477,Instagram,41,85,24,Short Reels,Medium,Yes,5.5,Short Video,18,0.22
SOC000478,CUST0478,Facebook,12,20,4,Player Interviews,Low,No,2.4,Image Post,5,0.05
SOC000479,CUST0479,Instagram,57,124,39,Memes,High,Yes,7.6,Short Video,29,0.30
SOC000480,CUST0480,Twitter,16,26,6,Match Highlights,Medium,No,3.3,Carousel Post,6,0.08
SOC000481,CUST0481,Instagram,46,96,29,Short Reels,High,Yes,6.3,Short Video,21,0.25
SOC000482,CUST0482,YouTube,27,46,11,Tutorials,Medium,Yes,4.3,Long Video,11,0.13
SOC000483,CUST0483,Instagram,60,130,41,Memes,High,Yes,7.9,Short Video,31,0.30
SOC000484,CUST0484,Facebook,11,18,3,Player Interviews,Low,No,2.2,Image Post,4,0.04
SOC000485,CUST0485,Instagram,55,120,37,Short Reels,High,Yes,7.3,Short Video,27,0.29
SOC000486,CUST0486,Twitter,18,29,7,Match Analysis,Medium,Yes,3.5,Carousel Post,7,0.09
SOC000487,CUST0487,Instagram,44,92,28,Memes,High,Yes,6.0,Short Video,20,0.24
SOC000488,CUST0488,YouTube,25,41,10,Tutorials,Medium,No,4.0,Long Video,10,0.11
SOC000489,CUST0489,Instagram,59,128,40,Short Reels,High,Yes,7.8,Short Video,30,0.30
SOC000490,CUST0490,Facebook,9,15,2,Player Interviews,Low,No,1.9,Image Post,3,0.03
SOC000491,CUST0491,Instagram,50,106,33,Memes,High,Yes,6.9,Short Video,24,0.27
SOC000492,CUST0492,YouTube,29,50,13,Match Analysis,High,Yes,4.7,Long Video,13,0.15
SOC000493,CUST0493,Instagram,62,134,43,Short Reels,High,Yes,8.2,Short Video,32,0.30
SOC000494,CUST0494,Twitter,15,24,5,Match Highlights,Low,No,3.0,Carousel Post,6,0.08
SOC000495,CUST0495,Instagram,53,116,35,Memes,High,Yes,7.1,Short Video,26,0.28
SOC000496,CUST0496,YouTube,31,53,14,Match Analysis,High,Yes,5.0,Long Video,14,0.15
SOC000497,CUST0497,Instagram,42,88,25,Short Reels,Medium,Yes,5.7,Short Video,19,0.22
SOC000498,CUST0498,Facebook,13,22,4,Player Interviews,Low,No,2.6,Image Post,5,0.05
SOC000499,CUST0499,Instagram,56,122,38,Memes,High,Yes,7.5,Short Video,28,0.29
SOC000500,CUST0500,Twitter,17,28,6,Match Highlights,Medium,No,3.4,Carousel Post,7,0.09
SOC000501,CUST0501,Instagram,47,99,30,Short Reels,High,Yes,6.5,Short Video,22,0.26
SOC000502,CUST0502,YouTube,26,45,11,Tutorials,Medium,Yes,4.2,Long Video,10,0.12
SOC000503,CUST0503,Instagram,61,133,42,Memes,High,Yes,8.1,Short Video,31,0.30
SOC000504,CUST0504,Facebook,10,17,3,Player Interviews,Low,No,2.1,Image Post,4,0.04
SOC000505,CUST0505,Instagram,55,119,37,Short Reels,High,Yes,7.3,Short Video,27,0.29
SOC000506,CUST0506,Twitter,19,30,7,Match Analysis,Medium,Yes,3.6,Carousel Post,8,0.10
SOC000507,CUST0507,Instagram,43,91,27,Memes,High,Yes,5.9,Short Video,20,0.23
SOC000508,CUST0508,YouTube,24,40,9,Tutorials,Medium,No,3.9,Long Video,9,0.10
SOC000509,CUST0509,Instagram,58,127,40,Short Reels,High,Yes,7.7,Short Video,30,0.30
SOC000510,CUST0510,Facebook,8,14,2,Player Interviews,Low,No,1.8,Image Post,3,0.03
SOC000511,CUST0511,Instagram,49,105,32,Memes,High,Yes,6.8,Short Video,24,0.27
SOC000512,CUST0512,YouTube,28,49,12,Match Analysis,Medium,Yes,4.5,Long Video,12,0.14
SOC000513,CUST0513,Instagram,63,137,44,Short Reels,High,Yes,8.3,Short Video,33,0.30
SOC000514,CUST0514,Twitter,14,23,5,Match Highlights,Low,No,2.8,Carousel Post,5,0.07
SOC000515,CUST0515,Instagram,54,117,36,Memes,High,Yes,7.2,Short Video,27,0.29
SOC000516,CUST0516,YouTube,30,51,14,Match Analysis,High,Yes,4.9,Long Video,14,0.15
SOC000517,CUST0517,Instagram,41,86,24,Short Reels,Medium,Yes,5.5,Short Video,18,0.22
SOC000518,CUST0518,Facebook,12,20,4,Player Interviews,Low,No,2.4,Image Post,5,0.05
SOC000519,CUST0519,Instagram,57,123,39,Memes,High,Yes,7.6,Short Video,29,0.30
SOC000520,CUST0520,Twitter,16,26,6,Match Highlights,Medium,No,3.3,Carousel Post,6,0.08
SOC000521,CUST0521,Instagram,46,97,29,Short Reels,High,Yes,6.3,Short Video,21,0.25
SOC000522,CUST0522,YouTube,27,47,11,Tutorials,Medium,Yes,4.3,Long Video,11,0.13
SOC000523,CUST0523,Instagram,60,129,41,Memes,High,Yes,7.9,Short Video,31,0.30
SOC000524,CUST0524,Facebook,11,18,3,Player Interviews,Low,No,2.2,Image Post,4,0.04
SOC000525,CUST0525,Instagram,55,121,37,Short Reels,High,Yes,7.3,Short Video,28,0.29
SOC000526,CUST0526,Twitter,18,29,7,Match Analysis,Medium,Yes,3.5,Carousel Post,7,0.09
SOC000527,CUST0527,Instagram,44,93,28,Memes,High,Yes,6.0,Short Video,20,0.24
SOC000528,CUST0528,YouTube,25,42,10,Tutorials,Medium,No,4.0,Long Video,10,0.11
SOC000529,CUST0529,Instagram,59,127,40,Short Reels,High,Yes,7.8,Short Video,30,0.30
SOC000530,CUST0530,Facebook,9,15,2,Player Interviews,Low,No,1.9,Image Post,3,0.03
SOC000531,CUST0531,Instagram,50,107,33,Memes,High,Yes,6.9,Short Video,24,0.27
SOC000532,CUST0532,YouTube,29,49,13,Match Analysis,High,Yes,4.7,Long Video,13,0.15
SOC000533,CUST0533,Instagram,62,135,43,Short Reels,High,Yes,8.2,Short Video,32,0.30
SOC000534,CUST0534,Twitter,15,24,5,Match Highlights,Low,No,3.0,Carousel Post,6,0.08
SOC000535,CUST0535,Instagram,53,115,35,Memes,High,Yes,7.1,Short Video,26,0.28
SOC000536,CUST0536,YouTube,31,54,14,Match Analysis,High,Yes,5.0,Long Video,14,0.15
SOC000537,CUST0537,Instagram,42,87,25,Short Reels,Medium,Yes,5.7,Short Video,19,0.22
SOC000538,CUST0538,Facebook,13,22,4,Player Interviews,Low,No,2.6,Image Post,5,0.05
SOC000539,CUST0539,Instagram,56,121,38,Memes,High,Yes,7.5,Short Video,28,0.29
SOC000540,CUST0540,Twitter,17,27,6,Match Highlights,Medium,No,3.4,Carousel Post,7,0.09
SOC000541,CUST0541,Instagram,47,98,30,Short Reels,High,Yes,6.4,Short Video,22,0.26
SOC000542,CUST0542,YouTube,26,44,11,Match Analysis,Medium,No,4.2,Long Video,10,0.12
SOC000543,CUST0543,Instagram,61,132,42,Memes,High,Yes,8.0,Short Video,31,0.30
SOC000544,CUST0544,Facebook,10,17,3,Player Interviews,Low,No,2.1,Image Post,4,0.04
SOC000545,CUST0545,Instagram,56,121,38,Short Reels,High,Yes,7.4,Short Video,28,0.29
SOC000546,CUST0546,Twitter,19,31,7,Match Highlights,Medium,No,3.6,Carousel Post,8,0.09
SOC000547,CUST0547,Instagram,43,90,27,Memes,High,Yes,5.9,Short Video,20,0.23
SOC000548,CUST0548,YouTube,24,39,9,Tutorials,Medium,No,3.9,Long Video,9,0.10
SOC000549,CUST0549,Instagram,58,126,40,Short Reels,High,Yes,7.7,Short Video,29,0.30
SOC000550,CUST0550,Facebook,8,14,2,Player Interviews,Low,No,1.8,Image Post,3,0.03
SOC000551,CUST0551,Instagram,49,104,32,Memes,High,Yes,6.8,Short Video,24,0.27
SOC000552,CUST0552,YouTube,28,48,12,Match Analysis,Medium,Yes,4.5,Long Video,12,0.14
SOC000553,CUST0553,Instagram,63,136,44,Short Reels,High,Yes,8.3,Short Video,33,0.30
SOC000554,CUST0554,Twitter,14,23,5,Match Highlights,Low,No,2.8,Carousel Post,5,0.07
SOC000555,CUST0555,Instagram,54,118,36,Memes,High,Yes,7.2,Short Video,27,0.29
SOC000556,CUST0556,YouTube,30,52,14,Match Analysis,High,Yes,4.9,Long Video,14,0.15
SOC000557,CUST0557,Instagram,41,85,24,Short Reels,Medium,Yes,5.5,Short Video,18,0.22
SOC000558,CUST0558,Facebook,12,20,4,Player Interviews,Low,No,2.4,Image Post,5,0.05
SOC000559,CUST0559,Instagram,57,124,39,Memes,High,Yes,7.6,Short Video,29,0.30
SOC000560,CUST0560,Twitter,16,26,6,Match Highlights,Medium,No,3.3,Carousel Post,6,0.08
SOC000561,CUST0561,Instagram,46,96,29,Short Reels,High,Yes,6.3,Short Video,21,0.25
SOC000562,CUST0562,YouTube,27,46,11,Tutorials,Medium,Yes,4.3,Long Video,11,0.13
SOC000563,CUST0563,Instagram,60,130,41,Memes,High,Yes,7.9,Short Video,31,0.30
SOC000564,CUST0564,Facebook,11,18,3,Player Interviews,Low,No,2.2,Image Post,4,0.04
SOC000565,CUST0565,Instagram,55,120,37,Short Reels,High,Yes,7.3,Short Video,27,0.29
SOC000566,CUST0566,Twitter,18,29,7,Match Analysis,Medium,Yes,3.5,Carousel Post,7,0.09
SOC000567,CUST0567,Instagram,44,92,28,Memes,High,Yes,6.0,Short Video,20,0.24
SOC000568,CUST0568,YouTube,25,41,10,Tutorials,Medium,No,4.0,Long Video,10,0.11
SOC000569,CUST0569,Instagram,59,128,40,Short Reels,High,Yes,7.8,Short Video,30,0.30
SOC000570,CUST0570,Facebook,9,15,2,Player Interviews,Low,No,1.9,Image Post,3,0.03
SOC000571,CUST0571,Instagram,50,106,33,Memes,High,Yes,6.9,Short Video,24,0.27
SOC000572,CUST0572,YouTube,29,50,13,Match Analysis,High,Yes,4.7,Long Video,13,0.15
SOC000573,CUST0573,Instagram,62,134,43,Short Reels,High,Yes,8.2,Short Video,32,0.30
SOC000574,CUST0574,Twitter,15,24,5,Match Highlights,Low,No,3.0,Carousel Post,6,0.08
SOC000575,CUST0575,Instagram,53,116,35,Memes,High,Yes,7.1,Short Video,26,0.28
SOC000576,CUST0576,YouTube,31,53,14,Match Analysis,High,Yes,5.0,Long Video,14,0.15
SOC000577,CUST0577,Instagram,42,88,25,Short Reels,Medium,Yes,5.7,Short Video,19,0.22
SOC000578,CUST0578,Facebook,13,22,4,Player Interviews,Low,No,2.6,Image Post,5,0.05
SOC000579,CUST0579,Instagram,56,122,38,Memes,High,Yes,7.5,Short Video,28,0.29
SOC000580,CUST0580,Twitter,17,28,6,Match Highlights,Medium,No,3.4,Carousel Post,7,0.09
SOC000581,CUST0581,Instagram,47,99,30,Short Reels,High,Yes,6.5,Short Video,22,0.26
SOC000582,CUST0582,YouTube,26,45,11,Tutorials,Medium,Yes,4.2,Long Video,10,0.12
SOC000583,CUST0583,Instagram,61,133,42,Memes,High,Yes,8.1,Short Video,31,0.30
SOC000584,CUST0584,Facebook,10,17,3,Player Interviews,Low,No,2.1,Image Post,4,0.04
SOC000585,CUST0585,Instagram,55,119,37,Short Reels,High,Yes,7.3,Short Video,27,0.29
SOC000586,CUST0586,Twitter,19,30,7,Match Analysis,Medium,Yes,3.6,Carousel Post,8,0.10
SOC000587,CUST0587,Instagram,43,91,27,Memes,High,Yes,5.9,Short Video,20,0.23
SOC000588,CUST0588,YouTube,24,40,9,Tutorials,Medium,No,3.9,Long Video,9,0.10
SOC000589,CUST0589,Instagram,58,127,40,Short Reels,High,Yes,7.7,Short Video,30,0.30
SOC000590,CUST0590,Facebook,8,14,2,Player Interviews,Low,No,1.8,Image Post,3,0.03
SOC000591,CUST0591,Instagram,49,105,32,Memes,High,Yes,6.8,Short Video,24,0.27
SOC000592,CUST0592,YouTube,28,49,12,Match Analysis,Medium,Yes,4.5,Long Video,12,0.14
SOC000593,CUST0593,Instagram,63,137,44,Short Reels,High,Yes,8.3,Short Video,33,0.30
SOC000594,CUST0594,Twitter,14,23,5,Match Highlights,Low,No,2.8,Carousel Post,5,0.07
SOC000595,CUST0595,Instagram,54,117,36,Memes,High,Yes,7.2,Short Video,27,0.29
SOC000596,CUST0596,YouTube,30,51,14,Match Analysis,High,Yes,4.9,Long Video,14,0.15
SOC000597,CUST0597,Instagram,41,86,24,Short Reels,Medium,Yes,5.5,Short Video,18,0.22
SOC000598,CUST0598,Facebook,12,20,4,Player Interviews,Low,No,2.4,Image Post,5,0.05
SOC000599,CUST0599,Instagram,57,123,39,Memes,High,Yes,7.6,Short Video,29,0.30
SOC000600,CUST0600,Twitter,16,26,6,Match Highlights,Medium,No,3.3,Carousel Post,6,0.08
SOC000601,CUST0601,Instagram,48,101,31,Short Reels,High,Yes,6.5,Short Video,23,0.26
SOC000602,CUST0602,YouTube,27,45,11,Match Analysis,Medium,No,4.3,Long Video,10,0.12
SOC000603,CUST0603,Instagram,62,134,43,Memes,High,Yes,8.1,Short Video,32,0.30
SOC000604,CUST0604,Facebook,11,18,3,Player Interviews,Low,No,2.2,Image Post,4,0.04
SOC000605,CUST0605,Instagram,57,123,39,Short Reels,High,Yes,7.5,Short Video,29,0.29
SOC000606,CUST0606,Twitter,20,32,8,Match Highlights,Medium,No,3.7,Carousel Post,8,0.10
SOC000607,CUST0607,Instagram,44,93,28,Memes,High,Yes,6.0,Short Video,21,0.24
SOC000608,CUST0608,YouTube,25,40,9,Tutorials,Medium,No,4.0,Long Video,9,0.10
SOC000609,CUST0609,Instagram,59,128,41,Short Reels,High,Yes,7.8,Short Video,30,0.30
SOC000610,CUST0610,Facebook,9,15,2,Player Interviews,Low,No,1.9,Image Post,3,0.03
SOC000611,CUST0611,Instagram,50,107,33,Memes,High,Yes,6.9,Short Video,24,0.27
SOC000612,CUST0612,YouTube,29,50,13,Match Analysis,High,Yes,4.8,Long Video,13,0.15
SOC000613,CUST0613,Instagram,63,138,44,Short Reels,High,Yes,8.3,Short Video,33,0.30
SOC000614,CUST0614,Twitter,15,24,5,Match Highlights,Low,No,3.0,Carousel Post,6,0.08
SOC000615,CUST0615,Instagram,54,117,36,Memes,High,Yes,7.2,Short Video,27,0.29
SOC000616,CUST0616,YouTube,31,54,14,Match Analysis,High,Yes,5.0,Long Video,14,0.15
SOC000617,CUST0617,Instagram,42,88,25,Short Reels,Medium,Yes,5.7,Short Video,19,0.22
SOC000618,CUST0618,Facebook,13,21,4,Player Interviews,Low,No,2.5,Image Post,5,0.05
SOC000619,CUST0619,Instagram,58,125,40,Memes,High,Yes,7.7,Short Video,30,0.30
SOC000620,CUST0620,Twitter,17,27,6,Match Highlights,Medium,No,3.4,Carousel Post,7,0.09
SOC000621,CUST0621,Instagram,47,100,30,Short Reels,High,Yes,6.4,Short Video,22,0.26
SOC000622,CUST0622,YouTube,26,44,11,Tutorials,Medium,Yes,4.2,Long Video,10,0.12
SOC000623,CUST0623,Instagram,61,132,42,Memes,High,Yes,8.0,Short Video,31,0.30
SOC000624,CUST0624,Facebook,10,17,3,Player Interviews,Low,No,2.1,Image Post,4,0.04
SOC000625,CUST0625,Instagram,56,121,38,Short Reels,High,Yes,7.4,Short Video,28,0.29
SOC000626,CUST0626,Twitter,19,31,7,Match Analysis,Medium,Yes,3.6,Carousel Post,8,0.10
SOC000627,CUST0627,Instagram,43,91,27,Memes,High,Yes,5.9,Short Video,20,0.23
SOC000628,CUST0628,YouTube,24,39,9,Tutorials,Medium,No,3.9,Long Video,9,0.10
SOC000629,CUST0629,Instagram,58,127,40,Short Reels,High,Yes,7.7,Short Video,30,0.30
SOC000630,CUST0630,Facebook,8,14,2,Player Interviews,Low,No,1.8,Image Post,3,0.03
SOC000631,CUST0631,Instagram,49,105,32,Memes,High,Yes,6.8,Short Video,24,0.27
SOC000632,CUST0632,YouTube,28,49,12,Match Analysis,Medium,Yes,4.5,Long Video,12,0.14
SOC000633,CUST0633,Instagram,63,137,44,Short Reels,High,Yes,8.3,Short Video,33,0.30
SOC000634,CUST0634,Twitter,14,23,5,Match Highlights,Low,No,2.8,Carousel Post,5,0.07
SOC000635,CUST0635,Instagram,54,118,36,Memes,High,Yes,7.2,Short Video,27,0.29
SOC000636,CUST0636,YouTube,30,52,14,Match Analysis,High,Yes,4.9,Long Video,14,0.15
SOC000637,CUST0637,Instagram,41,86,24,Short Reels,Medium,Yes,5.5,Short Video,18,0.22
SOC000638,CUST0638,Facebook,12,20,4,Player Interviews,Low,No,2.4,Image Post,5,0.05
SOC000639,CUST0639,Instagram,57,124,39,Memes,High,Yes,7.6,Short Video,29,0.30
SOC000640,CUST0640,Twitter,16,26,6,Match Highlights,Medium,No,3.3,Carousel Post,6,0.08
SOC000641,CUST0641,Instagram,46,97,29,Short Reels,High,Yes,6.3,Short Video,21,0.25
SOC000642,CUST0642,YouTube,27,47,11,Tutorials,Medium,Yes,4.3,Long Video,11,0.13
SOC000643,CUST0643,Instagram,60,130,41,Memes,High,Yes,7.9,Short Video,31,0.30
SOC000644,CUST0644,Facebook,11,18,3,Player Interviews,Low,No,2.2,Image Post,4,0.04
SOC000645,CUST0645,Instagram,55,121,37,Short Reels,High,Yes,7.3,Short Video,28,0.29
SOC000646,CUST0646,Twitter,18,29,7,Match Analysis,Medium,Yes,3.5,Carousel Post,7,0.09
SOC000647,CUST0647,Instagram,44,92,28,Memes,High,Yes,6.0,Short Video,20,0.24
SOC000648,CUST0648,YouTube,25,41,10,Tutorials,Medium,No,4.0,Long Video,10,0.11
SOC000649,CUST0649,Instagram,59,129,40,Short Reels,High,Yes,7.8,Short Video,30,0.30
SOC000650,CUST0650,Facebook,9,15,2,Player Interviews,Low,No,1.9,Image Post,3,0.03
SOC000651,CUST0651,Instagram,50,108,33,Memes,High,Yes,6.9,Short Video,24,0.27
SOC000652,CUST0652,YouTube,29,50,13,Match Analysis,High,Yes,4.7,Long Video,13,0.15
SOC000653,CUST0653,Instagram,62,135,43,Short Reels,High,Yes,8.2,Short Video,32,0.30
SOC000654,CUST0654,Twitter,15,24,5,Match Highlights,Low,No,3.0,Carousel Post,6,0.08
SOC000655,CUST0655,Instagram,53,116,35,Memes,High,Yes,7.1,Short Video,26,0.28
SOC000656,CUST0656,YouTube,31,53,14,Match Analysis,High,Yes,5.0,Long Video,14,0.15
SOC000657,CUST0657,Instagram,42,87,25,Short Reels,Medium,Yes,5.7,Short Video,19,0.22
SOC000658,CUST0658,Facebook,13,22,4,Player Interviews,Low,No,2.6,Image Post,5,0.05
SOC000659,CUST0659,Instagram,56,122,38,Memes,High,Yes,7.5,Short Video,28,0.29
SOC000660,CUST0660,Twitter,17,28,6,Match Highlights,Medium,No,3.4,Carousel Post,7,0.09
SOC000661,CUST0661,Instagram,47,99,30,Short Reels,High,Yes,6.5,Short Video,22,0.26
SOC000662,CUST0662,YouTube,26,45,11,Tutorials,Medium,Yes,4.2,Long Video,10,0.12
SOC000663,CUST0663,Instagram,61,133,42,Memes,High,Yes,8.1,Short Video,31,0.30
SOC000664,CUST0664,Facebook,10,17,3,Player Interviews,Low,No,2.1,Image Post,4,0.04
SOC000665,CUST0665,Instagram,55,119,37,Short Reels,High,Yes,7.3,Short Video,27,0.29
SOC000666,CUST0666,Twitter,19,30,7,Match Analysis,Medium,Yes,3.6,Carousel Post,8,0.10
SOC000667,CUST0667,Instagram,43,91,27,Memes,High,Yes,5.9,Short Video,20,0.23
SOC000668,CUST0668,YouTube,24,40,9,Tutorials,Medium,No,3.9,Long Video,9,0.10
SOC000669,CUST0669,Instagram,58,127,40,Short Reels,High,Yes,7.7,Short Video,30,0.30
SOC000670,CUST0670,Facebook,8,14,2,Player Interviews,Low,No,1.8,Image Post,3,0.03
SOC000671,CUST0671,Instagram,49,105,32,Memes,High,Yes,6.8,Short Video,24,0.27
SOC000672,CUST0672,YouTube,28,49,12,Match Analysis,Medium,Yes,4.5,Long Video,12,0.14
SOC000673,CUST0673,Instagram,63,137,44,Short Reels,High,Yes,8.3,Short Video,33,0.30
SOC000674,CUST0674,Twitter,14,23,5,Match Highlights,Low,No,2.8,Carousel Post,5,0.07
SOC000675,CUST0675,Instagram,54,117,36,Memes,High,Yes,7.2,Short Video,27,0.29
SOC000676,CUST0676,YouTube,30,51,14,Match Analysis,High,Yes,4.9,Long Video,14,0.15
SOC000677,CUST0677,Instagram,41,86,24,Short Reels,Medium,Yes,5.5,Short Video,18,0.22
SOC000678,CUST0678,Facebook,12,20,4,Player Interviews,Low,No,2.4,Image Post,5,0.05
SOC000679,CUST0679,Instagram,57,123,39,Memes,High,Yes,7.6,Short Video,29,0.30
SOC000680,CUST0680,Twitter,16,26,6,Match Highlights,Medium,No,3.3,Carousel Post,6,0.08
SOC000681,CUST0681,Instagram,46,97,29,Short Reels,High,Yes,6.3,Short Video,21,0.25
SOC000682,CUST0682,YouTube,27,47,11,Tutorials,Medium,Yes,4.3,Long Video,11,0.13
SOC000683,CUST0683,Instagram,60,129,41,Memes,High,Yes,7.9,Short Video,31,0.30
SOC000684,CUST0684,Facebook,11,18,3,Player Interviews,Low,No,2.2,Image Post,4,0.04
SOC000685,CUST0685,Instagram,55,121,37,Short Reels,High,Yes,7.3,Short Video,28,0.29
SOC000686,CUST0686,Twitter,18,29,7,Match Analysis,Medium,Yes,3.5,Carousel Post,7,0.09
SOC000687,CUST0687,Instagram,44,93,28,Memes,High,Yes,6.0,Short Video,20,0.24
SOC000688,CUST0688,YouTube,25,42,10,Tutorials,Medium,No,4.0,Long Video,10,0.11
SOC000689,CUST0689,Instagram,59,127,40,Short Reels,High,Yes,7.8,Short Video,30,0.30
SOC000690,CUST0690,Facebook,9,15,2,Player Interviews,Low,No,1.9,Image Post,3,0.03
SOC000691,CUST0691,Instagram,50,107,33,Memes,High,Yes,6.9,Short Video,24,0.27
SOC000692,CUST0692,YouTube,29,49,13,Match Analysis,High,Yes,4.7,Long Video,13,0.15
SOC000693,CUST0693,Instagram,62,135,43,Short Reels,High,Yes,8.2,Short Video,32,0.30
SOC000694,CUST0694,Twitter,15,24,5,Match Highlights,Low,No,3.0,Carousel Post,6,0.08
SOC000695,CUST0695,Instagram,53,115,35,Memes,High,Yes,7.1,Short Video,26,0.28
SOC000696,CUST0696,YouTube,31,54,14,Match Analysis,High,Yes,5.0,Long Video,14,0.15
SOC000697,CUST0697,Instagram,42,87,25,Short Reels,Medium,Yes,5.7,Short Video,19,0.22
SOC000698,CUST0698,Facebook,13,22,4,Player Interviews,Low,No,2.6,Image Post,5,0.05
SOC000699,CUST0699,Instagram,56,121,38,Memes,High,Yes,7.5,Short Video,28,0.29
SOC000700,CUST0700,Twitter,17,27,6,Match Highlights,Medium,No,3.4,Carousel Post,7,0.09
SOC000701,CUST0701,Instagram,47,98,30,Short Reels,High,Yes,6.4,Short Video,22,0.26
SOC000702,CUST0702,YouTube,26,44,11,Match Analysis,Medium,No,4.2,Long Video,10,0.12
SOC000703,CUST0703,Instagram,61,132,42,Memes,High,Yes,8.0,Short Video,31,0.30
SOC000704,CUST0704,Facebook,10,17,3,Player Interviews,Low,No,2.1,Image Post,4,0.04
SOC000705,CUST0705,Instagram,56,121,38,Short Reels,High,Yes,7.4,Short Video,28,0.29
SOC000706,CUST0706,Twitter,19,31,7,Match Highlights,Medium,No,3.6,Carousel Post,8,0.09
SOC000707,CUST0707,Instagram,43,90,27,Memes,High,Yes,5.9,Short Video,20,0.23
SOC000708,CUST0708,YouTube,24,39,9,Tutorials,Medium,No,3.9,Long Video,9,0.10
SOC000709,CUST0709,Instagram,58,126,40,Short Reels,High,Yes,7.7,Short Video,29,0.30
SOC000710,CUST0710,Facebook,8,14,2,Player Interviews,Low,No,1.8,Image Post,3,0.03
SOC000711,CUST0711,Instagram,49,104,32,Memes,High,Yes,6.8,Short Video,24,0.27
SOC000712,CUST0712,YouTube,28,48,12,Match Analysis,Medium,Yes,4.5,Long Video,12,0.14
SOC000713,CUST0713,Instagram,63,136,44,Short Reels,High,Yes,8.3,Short Video,33,0.30
SOC000714,CUST0714,Twitter,14,23,5,Match Highlights,Low,No,2.8,Carousel Post,5,0.07
SOC000715,CUST0715,Instagram,54,118,36,Memes,High,Yes,7.2,Short Video,27,0.29
SOC000716,CUST0716,YouTube,30,52,14,Match Analysis,High,Yes,4.9,Long Video,14,0.15
SOC000717,CUST0717,Instagram,41,85,24,Short Reels,Medium,Yes,5.5,Short Video,18,0.22
SOC000718,CUST0718,Facebook,12,20,4,Player Interviews,Low,No,2.4,Image Post,5,0.05
SOC000719,CUST0719,Instagram,57,124,39,Memes,High,Yes,7.6,Short Video,29,0.30
SOC000720,CUST0720,Twitter,16,26,6,Match Highlights,Medium,No,3.3,Carousel Post,6,0.08
SOC000721,CUST0721,Instagram,46,96,29,Short Reels,High,Yes,6.3,Short Video,21,0.25
SOC000722,CUST0722,YouTube,27,46,11,Tutorials,Medium,Yes,4.3,Long Video,11,0.13
SOC000723,CUST0723,Instagram,60,130,41,Memes,High,Yes,7.9,Short Video,31,0.30
SOC000724,CUST0724,Facebook,11,18,3,Player Interviews,Low,No,2.2,Image Post,4,0.04
SOC000725,CUST0725,Instagram,55,120,37,Short Reels,High,Yes,7.3,Short Video,27,0.29
SOC000726,CUST0726,Twitter,18,29,7,Match Analysis,Medium,Yes,3.5,Carousel Post,7,0.09
SOC000727,CUST0727,Instagram,44,92,28,Memes,High,Yes,6.0,Short Video,20,0.24
SOC000728,CUST0728,YouTube,25,41,10,Tutorials,Medium,No,4.0,Long Video,10,0.11
SOC000729,CUST0729,Instagram,59,128,40,Short Reels,High,Yes,7.8,Short Video,30,0.30
SOC000730,CUST0730,Facebook,9,15,2,Player Interviews,Low,No,1.9,Image Post,3,0.03
SOC000731,CUST0731,Instagram,50,106,33,Memes,High,Yes,6.9,Short Video,24,0.27
SOC000732,CUST0732,YouTube,29,50,13,Match Analysis,High,Yes,4.7,Long Video,13,0.15
SOC000733,CUST0733,Instagram,62,134,43,Short Reels,High,Yes,8.2,Short Video,32,0.30
SOC000734,CUST0734,Twitter,15,24,5,Match Highlights,Low,No,3.0,Carousel Post,6,0.08
SOC000735,CUST0735,Instagram,53,116,35,Memes,High,Yes,7.1,Short Video,26,0.28
SOC000736,CUST0736,YouTube,31,53,14,Match Analysis,High,Yes,5.0,Long Video,14,0.15
SOC000737,CUST0737,Instagram,42,88,25,Short Reels,Medium,Yes,5.7,Short Video,19,0.22
SOC000738,CUST0738,Facebook,13,22,4,Player Interviews,Low,No,2.6,Image Post,5,0.05
SOC000739,CUST0739,Instagram,56,122,38,Memes,High,Yes,7.5,Short Video,28,0.29
SOC000740,CUST0740,Twitter,17,28,6,Match Highlights,Medium,No,3.4,Carousel Post,7,0.09
SOC000741,CUST0741,Instagram,47,99,30,Short Reels,High,Yes,6.5,Short Video,22,0.26
SOC000742,CUST0742,YouTube,26,45,11,Tutorials,Medium,Yes,4.2,Long Video,10,0.12
SOC000743,CUST0743,Instagram,61,133,42,Memes,High,Yes,8.1,Short Video,31,0.30
SOC000744,CUST0744,Facebook,10,17,3,Player Interviews,Low,No,2.1,Image Post,4,0.04
SOC000745,CUST0745,Instagram,55,119,37,Short Reels,High,Yes,7.3,Short Video,27,0.29
SOC000746,CUST0746,Twitter,19,30,7,Match Analysis,Medium,Yes,3.6,Carousel Post,8,0.10
SOC000747,CUST0747,Instagram,43,91,27,Memes,High,Yes,5.9,Short Video,20,0.23
SOC000748,CUST0748,YouTube,24,40,9,Tutorials,Medium,No,3.9,Long Video,9,0.10
SOC000749,CUST0749,Instagram,58,127,40,Short Reels,High,Yes,7.7,Short Video,30,0.30
SOC000750,CUST0750,Facebook,8,14,2,Player Interviews,Low,No,1.8,Image Post,3,0.03
SOC000751,CUST0751,Instagram,49,105,32,Memes,High,Yes,6.8,Short Video,24,0.27
SOC000752,CUST0752,YouTube,28,49,12,Match Analysis,Medium,Yes,4.5,Long Video,12,0.14
SOC000753,CUST0753,Instagram,63,137,44,Short Reels,High,Yes,8.3,Short Video,33,0.30
SOC000754,CUST0754,Twitter,14,23,5,Match Highlights,Low,No,2.8,Carousel Post,5,0.07
SOC000755,CUST0755,Instagram,54,117,36,Memes,High,Yes,7.2,Short Video,27,0.29
SOC000756,CUST0756,YouTube,30,51,14,Match Analysis,High,Yes,4.9,Long Video,14,0.15
SOC000757,CUST0757,Instagram,41,86,24,Short Reels,Medium,Yes,5.5,Short Video,18,0.22
SOC000758,CUST0758,Facebook,12,20,4,Player Interviews,Low,No,2.4,Image Post,5,0.05
SOC000759,CUST0759,Instagram,57,123,39,Memes,High,Yes,7.6,Short Video,29,0.30
SOC000760,CUST0760,Twitter,16,26,6,Match Highlights,Medium,No,3.3,Carousel Post,6,0.08
SOC000761,CUST0761,Instagram,46,97,29,Short Reels,High,Yes,6.3,Short Video,21,0.25
SOC000762,CUST0762,YouTube,27,47,11,Tutorials,Medium,Yes,4.3,Long Video,11,0.13
SOC000763,CUST0763,Instagram,60,129,41,Memes,High,Yes,7.9,Short Video,31,0.30
SOC000764,CUST0764,Facebook,11,18,3,Player Interviews,Low,No,2.2,Image Post,4,0.04
SOC000765,CUST0765,Instagram,55,121,37,Short Reels,High,Yes,7.3,Short Video,28,0.29
SOC000766,CUST0766,Twitter,18,29,7,Match Analysis,Medium,Yes,3.5,Carousel Post,7,0.09
SOC000767,CUST0767,Instagram,44,93,28,Memes,High,Yes,6.0,Short Video,20,0.24
SOC000768,CUST0768,YouTube,25,42,10,Tutorials,Medium,No,4.0,Long Video,10,0.11
SOC000769,CUST0769,Instagram,59,127,40,Short Reels,High,Yes,7.8,Short Video,30,0.30
SOC000770,CUST0770,Facebook,9,15,2,Player Interviews,Low,No,1.9,Image Post,3,0.03
SOC000771,CUST0771,Instagram,50,107,33,Memes,High,Yes,6.9,Short Video,24,0.27
SOC000772,CUST0772,YouTube,29,49,13,Match Analysis,High,Yes,4.7,Long Video,13,0.15
SOC000773,CUST0773,Instagram,62,135,43,Short Reels,High,Yes,8.2,Short Video,32,0.30
SOC000774,CUST0774,Twitter,15,24,5,Match Highlights,Low,No,3.0,Carousel Post,6,0.08
SOC000775,CUST0775,Instagram,53,115,35,Memes,High,Yes,7.1,Short Video,26,0.28
SOC000776,CUST0776,YouTube,31,54,14,Match Analysis,High,Yes,5.0,Long Video,14,0.15
SOC000777,CUST0777,Instagram,42,87,25,Short Reels,Medium,Yes,5.7,Short Video,19,0.22
SOC000778,CUST0778,Facebook,13,22,4,Player Interviews,Low,No,2.6,Image Post,5,0.05
SOC000779,CUST0779,Instagram,56,121,38,Memes,High,Yes,7.5,Short Video,28,0.29
SOC000780,CUST0780,Twitter,17,27,6,Match Highlights,Medium,No,3.4,Carousel Post,7,0.09
SOC000781,CUST0781,Instagram,47,98,30,Short Reels,High,Yes,6.4,Short Video,22,0.26
SOC000782,CUST0782,YouTube,26,44,11,Match Analysis,Medium,No,4.2,Long Video,10,0.12
SOC000783,CUST0783,Instagram,61,132,42,Memes,High,Yes,8.0,Short Video,31,0.30
SOC000784,CUST0784,Facebook,10,17,3,Player Interviews,Low,No,2.1,Image Post,4,0.04
SOC000785,CUST0785,Instagram,56,121,38,Short Reels,High,Yes,7.4,Short Video,28,0.29
SOC000786,CUST0786,Twitter,19,31,7,Match Highlights,Medium,No,3.6,Carousel Post,8,0.09
SOC000787,CUST0787,Instagram,43,90,27,Memes,High,Yes,5.9,Short Video,20,0.23
SOC000788,CUST0788,YouTube,24,39,9,Tutorials,Medium,No,3.9,Long Video,9,0.10
SOC000789,CUST0789,Instagram,58,126,40,Short Reels,High,Yes,7.7,Short Video,29,0.30
SOC000790,CUST0790,Facebook,8,14,2,Player Interviews,Low,No,1.8,Image Post,3,0.03
SOC000791,CUST0791,Instagram,49,104,32,Memes,High,Yes,6.8,Short Video,24,0.27
SOC000792,CUST0792,YouTube,28,48,12,Match Analysis,Medium,Yes,4.5,Long Video,12,0.14
SOC000793,CUST0793,Instagram,63,136,44,Short Reels,High,Yes,8.3,Short Video,33,0.30
SOC000794,CUST0794,Twitter,14,23,5,Match Highlights,Low,No,2.8,Carousel Post,5,0.07
SOC000795,CUST0795,Instagram,54,118,36,Memes,High,Yes,7.2,Short Video,27,0.29
SOC000796,CUST0796,YouTube,30,52,14,Match Analysis,High,Yes,4.9,Long Video,14,0.15
SOC000797,CUST0797,Instagram,41,85,24,Short Reels,Medium,Yes,5.5,Short Video,18,0.22
SOC000798,CUST0798,Facebook,12,20,4,Player Interviews,Low,No,2.4,Image Post,5,0.05
SOC000799,CUST0799,Instagram,57,124,39,Memes,High,Yes,7.6,Short Video,29,0.30
SOC000800,CUST0800,Twitter,16,26,6,Match Highlights,Medium,No,3.3,Carousel Post,6,0.08
SOC000801,CUST0801,Instagram,46,96,29,Short Reels,High,Yes,6.3,Short Video,21,0.25
SOC000802,CUST0802,YouTube,27,46,11,Tutorials,Medium,Yes,4.3,Long Video,11,0.13
SOC000803,CUST0803,Instagram,60,130,41,Memes,High,Yes,7.9,Short Video,31,0.30
SOC000804,CUST0804,Facebook,11,18,3,Player Interviews,Low,No,2.2,Image Post,4,0.04
SOC000805,CUST0805,Instagram,55,120,37,Short Reels,High,Yes,7.3,Short Video,27,0.29
SOC000806,CUST0806,Twitter,18,29,7,Match Analysis,Medium,Yes,3.5,Carousel Post,7,0.09
SOC000807,CUST0807,Instagram,44,92,28,Memes,High,Yes,6.0,Short Video,20,0.24
SOC000808,CUST0808,YouTube,25,41,10,Tutorials,Medium,No,4.0,Long Video,10,0.11
SOC000809,CUST0809,Instagram,59,128,40,Short Reels,High,Yes,7.8,Short Video,30,0.30
SOC000810,CUST0810,Facebook,9,15,2,Player Interviews,Low,No,1.9,Image Post,3,0.03
SOC000811,CUST0811,Instagram,50,106,33,Memes,High,Yes,6.9,Short Video,24,0.27
SOC000812,CUST0812,YouTube,29,50,13,Match Analysis,High,Yes,4.7,Long Video,13,0.15
SOC000813,CUST0813,Instagram,62,134,43,Short Reels,High,Yes,8.2,Short Video,32,0.30
SOC000814,CUST0814,Twitter,15,24,5,Match Highlights,Low,No,3.0,Carousel Post,6,0.08
SOC000815,CUST0815,Instagram,53,116,35,Memes,High,Yes,7.1,Short Video,26,0.28
SOC000816,CUST0816,YouTube,31,53,14,Match Analysis,High,Yes,5.0,Long Video,14,0.15
SOC000817,CUST0817,Instagram,42,88,25,Short Reels,Medium,Yes,5.7,Short Video,19,0.22
SOC000818,CUST0818,Facebook,13,22,4,Player Interviews,Low,No,2.6,Image Post,5,0.05
SOC000819,CUST0819,Instagram,56,122,38,Memes,High,Yes,7.5,Short Video,28,0.29
SOC000820,CUST0820,Twitter,17,28,6,Match Highlights,Medium,No,3.4,Carousel Post,7,0.09
SOC000821,CUST0821,Instagram,47,99,30,Short Reels,High,Yes,6.5,Short Video,22,0.26
SOC000822,CUST0822,YouTube,26,45,11,Tutorials,Medium,Yes,4.2,Long Video,10,0.12
SOC000823,CUST0823,Instagram,61,133,42,Memes,High,Yes,8.1,Short Video,31,0.30
SOC000824,CUST0824,Facebook,10,17,3,Player Interviews,Low,No,2.1,Image Post,4,0.04
SOC000825,CUST0825,Instagram,55,119,37,Short Reels,High,Yes,7.3,Short Video,27,0.29
SOC000826,CUST0826,Twitter,19,30,7,Match Analysis,Medium,Yes,3.6,Carousel Post,8,0.10
SOC000827,CUST0827,Instagram,43,91,27,Memes,High,Yes,5.9,Short Video,20,0.23
SOC000828,CUST0828,YouTube,24,40,9,Tutorials,Medium,No,3.9,Long Video,9,0.10
SOC000829,CUST0829,Instagram,58,127,40,Short Reels,High,Yes,7.7,Short Video,30,0.30
SOC000830,CUST0830,Facebook,8,14,2,Player Interviews,Low,No,1.8,Image Post,3,0.03
SOC000831,CUST0831,Instagram,49,105,32,Memes,High,Yes,6.8,Short Video,24,0.27
SOC000832,CUST0832,YouTube,28,49,12,Match Analysis,Medium,Yes,4.5,Long Video,12,0.14
SOC000833,CUST0833,Instagram,63,137,44,Short Reels,High,Yes,8.3,Short Video,33,0.30
SOC000834,CUST0834,Twitter,14,23,5,Match Highlights,Low,No,2.8,Carousel Post,5,0.07
SOC000835,CUST0835,Instagram,54,117,36,Memes,High,Yes,7.2,Short Video,27,0.29
SOC000836,CUST0836,YouTube,30,51,14,Match Analysis,High,Yes,4.9,Long Video,14,0.15
SOC000837,CUST0837,Instagram,41,86,24,Short Reels,Medium,Yes,5.5,Short Video,18,0.22
SOC000838,CUST0838,Facebook,12,20,4,Player Interviews,Low,No,2.4,Image Post,5,0.05
SOC000839,CUST0839,Instagram,57,123,39,Memes,High,Yes,7.6,Short Video,29,0.30
SOC000840,CUST0840,Twitter,16,26,6,Match Highlights,Medium,No,3.3,Carousel Post,6,0.08
SOC000841,CUST0841,Instagram,46,97,29,Short Reels,High,Yes,6.3,Short Video,21,0.25
SOC000842,CUST0842,YouTube,27,47,11,Tutorials,Medium,Yes,4.3,Long Video,11,0.13
SOC000843,CUST0843,Instagram,60,129,41,Memes,High,Yes,7.9,Short Video,31,0.30
SOC000844,CUST0844,Facebook,11,18,3,Player Interviews,Low,No,2.2,Image Post,4,0.04
SOC000845,CUST0845,Instagram,55,121,37,Short Reels,High,Yes,7.3,Short Video,28,0.29
SOC000846,CUST0846,Twitter,18,29,7,Match Analysis,Medium,Yes,3.5,Carousel Post,7,0.09
SOC000847,CUST0847,Instagram,44,93,28,Memes,High,Yes,6.0,Short Video,20,0.24
SOC000848,CUST0848,YouTube,25,42,10,Tutorials,Medium,No,4.0,Long Video,10,0.11
SOC000849,CUST0849,Instagram,59,127,40,Short Reels,High,Yes,7.8,Short Video,30,0.30
SOC000850,CUST0850,Facebook,9,15,2,Player Interviews,Low,No,1.9,Image Post,3,0.03
SOC000851,CUST0851,Instagram,50,107,33,Memes,High,Yes,6.9,Short Video,24,0.27
SOC000852,CUST0852,YouTube,29,49,13,Match Analysis,High,Yes,4.7,Long Video,13,0.15
SOC000853,CUST0853,Instagram,62,135,43,Short Reels,High,Yes,8.2,Short Video,32,0.30
SOC000854,CUST0854,Twitter,15,24,5,Match Highlights,Low,No,3.0,Carousel Post,6,0.08
SOC000855,CUST0855,Instagram,53,115,35,Memes,High,Yes,7.1,Short Video,26,0.28
SOC000856,CUST0856,YouTube,31,54,14,Match Analysis,High,Yes,5.0,Long Video,14,0.15
SOC000857,CUST0857,Instagram,42,87,25,Short Reels,Medium,Yes,5.7,Short Video,19,0.22
SOC000858,CUST0858,Facebook,13,22,4,Player Interviews,Low,No,2.6,Image Post,5,0.05
SOC000859,CUST0859,Instagram,56,121,38,Memes,High,Yes,7.5,Short Video,28,0.29
SOC000860,CUST0860,Twitter,17,27,6,Match Highlights,Medium,No,3.4,Carousel Post,7,0.09
SOC000861,CUST0861,Instagram,47,98,30,Short Reels,High,Yes,6.4,Short Video,22,0.26
SOC000862,CUST0862,YouTube,26,44,11,Match Analysis,Medium,No,4.2,Long Video,10,0.12
SOC000863,CUST0863,Instagram,61,132,42,Memes,High,Yes,8.0,Short Video,31,0.30
SOC000864,CUST0864,Facebook,10,17,3,Player Interviews,Low,No,2.1,Image Post,4,0.04
SOC000865,CUST0865,Instagram,56,121,38,Short Reels,High,Yes,7.4,Short Video,28,0.29
SOC000866,CUST0866,Twitter,19,31,7,Match Highlights,Medium,No,3.6,Carousel Post,8,0.09
SOC000867,CUST0867,Instagram,43,90,27,Memes,High,Yes,5.9,Short Video,20,0.23
SOC000868,CUST0868,YouTube,24,39,9,Tutorials,Medium,No,3.9,Long Video,9,0.10
SOC000869,CUST0869,Instagram,58,126,40,Short Reels,High,Yes,7.7,Short Video,29,0.30
SOC000870,CUST0870,Facebook,8,14,2,Player Interviews,Low,No,1.8,Image Post,3,0.03
SOC000871,CUST0871,Instagram,49,104,32,Memes,High,Yes,6.8,Short Video,24,0.27
SOC000872,CUST0872,YouTube,28,48,12,Match Analysis,Medium,Yes,4.5,Long Video,12,0.14
SOC000873,CUST0873,Instagram,63,136,44,Short Reels,High,Yes,8.3,Short Video,33,0.30
SOC000874,CUST0874,Twitter,14,23,5,Match Highlights,Low,No,2.8,Carousel Post,5,0.07
SOC000875,CUST0875,Instagram,54,118,36,Memes,High,Yes,7.2,Short Video,27,0.29
SOC000876,CUST0876,YouTube,30,52,14,Match Analysis,High,Yes,4.9,Long Video,14,0.15
SOC000877,CUST0877,Instagram,41,85,24,Short Reels,Medium,Yes,5.5,Short Video,18,0.22
SOC000878,CUST0878,Facebook,12,20,4,Player Interviews,Low,No,2.4,Image Post,5,0.05
SOC000879,CUST0879,Instagram,57,124,39,Memes,High,Yes,7.6,Short Video,29,0.30
SOC000880,CUST0880,Twitter,16,26,6,Match Highlights,Medium,No,3.3,Carousel Post,6,0.08
SOC000881,CUST0881,Instagram,46,96,29,Short Reels,High,Yes,6.3,Short Video,21,0.25
SOC000882,CUST0882,YouTube,27,46,11,Tutorials,Medium,Yes,4.3,Long Video,11,0.13
SOC000883,CUST0883,Instagram,60,130,41,Memes,High,Yes,7.9,Short Video,31,0.30
SOC000884,CUST0884,Facebook,11,18,3,Player Interviews,Low,No,2.2,Image Post,4,0.04
SOC000885,CUST0885,Instagram,55,120,37,Short Reels,High,Yes,7.3,Short Video,27,0.29
SOC000886,CUST0886,Twitter,18,29,7,Match Analysis,Medium,Yes,3.5,Carousel Post,7,0.09
SOC000887,CUST0887,Instagram,44,92,28,Memes,High,Yes,6.0,Short Video,20,0.24
SOC000888,CUST0888,YouTube,25,41,10,Tutorials,Medium,No,4.0,Long Video,10,0.11
SOC000889,CUST0889,Instagram,59,128,40,Short Reels,High,Yes,7.8,Short Video,30,0.30
SOC000890,CUST0890,Facebook,9,15,2,Player Interviews,Low,No,1.9,Image Post,3,0.03
SOC000891,CUST0891,Instagram,50,106,33,Memes,High,Yes,6.9,Short Video,24,0.27
SOC000892,CUST0892,YouTube,29,50,13,Match Analysis,High,Yes,4.7,Long Video,13,0.15
SOC000893,CUST0893,Instagram,62,134,43,Short Reels,High,Yes,8.2,Short Video,32,0.30
SOC000894,CUST0894,Twitter,15,24,5,Match Highlights,Low,No,3.0,Carousel Post,6,0.08
SOC000895,CUST0895,Instagram,53,116,35,Memes,High,Yes,7.1,Short Video,26,0.28
SOC000896,CUST0896,YouTube,31,53,14,Match Analysis,High,Yes,5.0,Long Video,14,0.15
SOC000897,CUST0897,Instagram,42,88,25,Short Reels,Medium,Yes,5.7,Short Video,19,0.22
SOC000898,CUST0898,Facebook,13,22,4,Player Interviews,Low,No,2.6,Image Post,5,0.05
SOC000899,CUST0899,Instagram,56,122,38,Memes,High,Yes,7.5,Short Video,28,0.29
SOC000900,CUST0900,Twitter,17,28,6,Match Highlights,Medium,No,3.4,Carousel Post,7,0.09
SOC000901,CUST0901,Instagram,48,102,31,Short Reels,High,Yes,6.6,Short Video,23,0.26
SOC000902,CUST0902,YouTube,27,46,11,Match Analysis,Medium,No,4.3,Long Video,10,0.12
SOC000903,CUST0903,Instagram,62,135,43,Memes,High,Yes,8.1,Short Video,32,0.30
SOC000904,CUST0904,Facebook,11,18,3,Player Interviews,Low,No,2.2,Image Post,4,0.04
SOC000905,CUST0905,Instagram,57,124,39,Short Reels,High,Yes,7.5,Short Video,29,0.29
SOC000906,CUST0906,Twitter,20,32,8,Match Highlights,Medium,No,3.7,Carousel Post,8,0.10
SOC000907,CUST0907,Instagram,44,94,28,Memes,High,Yes,6.0,Short Video,21,0.24
SOC000908,CUST0908,YouTube,25,40,9,Tutorials,Medium,No,4.0,Long Video,9,0.10
SOC000909,CUST0909,Instagram,59,129,41,Short Reels,High,Yes,7.8,Short Video,30,0.30
SOC000910,CUST0910,Facebook,9,15,2,Player Interviews,Low,No,1.9,Image Post,3,0.03
SOC000911,CUST0911,Instagram,50,108,33,Memes,High,Yes,6.9,Short Video,24,0.27
SOC000912,CUST0912,YouTube,29,51,13,Match Analysis,High,Yes,4.8,Long Video,13,0.15
SOC000913,CUST0913,Instagram,63,139,44,Short Reels,High,Yes,8.3,Short Video,33,0.30
SOC000914,CUST0914,Twitter,15,24,5,Match Highlights,Low,No,3.0,Carousel Post,6,0.08
SOC000915,CUST0915,Instagram,54,118,36,Memes,High,Yes,7.2,Short Video,27,0.29
SOC000916,CUST0916,YouTube,31,55,14,Match Analysis,High,Yes,5.0,Long Video,14,0.15
SOC000917,CUST0917,Instagram,42,89,25,Short Reels,Medium,Yes,5.7,Short Video,19,0.22
SOC000918,CUST0918,Facebook,13,21,4,Player Interviews,Low,No,2.5,Image Post,5,0.05
SOC000919,CUST0919,Instagram,58,126,40,Memes,High,Yes,7.7,Short Video,30,0.30
SOC000920,CUST0920,Twitter,17,27,6,Match Highlights,Medium,No,3.4,Carousel Post,7,0.09
SOC000921,CUST0921,Instagram,47,101,30,Short Reels,High,Yes,6.4,Short Video,22,0.26
SOC000922,CUST0922,YouTube,26,44,11,Tutorials,Medium,Yes,4.2,Long Video,10,0.12
SOC000923,CUST0923,Instagram,61,133,42,Memes,High,Yes,8.0,Short Video,31,0.30
SOC000924,CUST0924,Facebook,10,17,3,Player Interviews,Low,No,2.1,Image Post,4,0.04
SOC000925,CUST0925,Instagram,56,122,38,Short Reels,High,Yes,7.4,Short Video,28,0.29
SOC000926,CUST0926,Twitter,19,31,7,Match Analysis,Medium,Yes,3.6,Carousel Post,8,0.10
SOC000927,CUST0927,Instagram,43,92,27,Memes,High,Yes,5.9,Short Video,20,0.23
SOC000928,CUST0928,YouTube,24,39,9,Tutorials,Medium,No,3.9,Long Video,9,0.10
SOC000929,CUST0929,Instagram,58,128,40,Short Reels,High,Yes,7.7,Short Video,30,0.30
SOC000930,CUST0930,Facebook,8,14,2,Player Interviews,Low,No,1.8,Image Post,3,0.03
SOC000931,CUST0931,Instagram,49,106,32,Memes,High,Yes,6.8,Short Video,24,0.27
SOC000932,CUST0932,YouTube,28,50,12,Match Analysis,Medium,Yes,4.5,Long Video,12,0.14
SOC000933,CUST0933,Instagram,63,138,44,Short Reels,High,Yes,8.3,Short Video,33,0.30
SOC000934,CUST0934,Twitter,14,23,5,Match Highlights,Low,No,2.8,Carousel Post,5,0.07
SOC000935,CUST0935,Instagram,54,119,36,Memes,High,Yes,7.2,Short Video,27,0.29
SOC000936,CUST0936,YouTube,30,53,14,Match Analysis,High,Yes,4.9,Long Video,14,0.15
SOC000937,CUST0937,Instagram,41,87,24,Short Reels,Medium,Yes,5.5,Short Video,18,0.22
SOC000938,CUST0938,Facebook,12,20,4,Player Interviews,Low,No,2.4,Image Post,5,0.05
SOC000939,CUST0939,Instagram,57,125,39,Memes,High,Yes,7.6,Short Video,29,0.30
SOC000940,CUST0940,Twitter,16,26,6,Match Highlights,Medium,No,3.3,Carousel Post,6,0.08
SOC000941,CUST0941,Instagram,46,98,29,Short Reels,High,Yes,6.3,Short Video,21,0.25
SOC000942,CUST0942,YouTube,27,48,11,Tutorials,Medium,Yes,4.3,Long Video,11,0.13
SOC000943,CUST0943,Instagram,60,131,41,Memes,High,Yes,7.9,Short Video,31,0.30
SOC000944,CUST0944,Facebook,11,18,3,Player Interviews,Low,No,2.2,Image Post,4,0.04
SOC000945,CUST0945,Instagram,55,122,37,Short Reels,High,Yes,7.3,Short Video,28,0.29
SOC000946,CUST0946,Twitter,18,30,7,Match Analysis,Medium,Yes,3.5,Carousel Post,7,0.09
SOC000947,CUST0947,Instagram,44,93,28,Memes,High,Yes,6.0,Short Video,20,0.24
SOC000948,CUST0948,YouTube,25,42,10,Tutorials,Medium,No,4.0,Long Video,10,0.11
SOC000949,CUST0949,Instagram,59,130,40,Short Reels,High,Yes,7.8,Short Video,30,0.30
SOC000950,CUST0950,Facebook,9,15,2,Player Interviews,Low,No,1.9,Image Post,3,0.03
SOC000951,CUST0951,Instagram,50,109,33,Memes,High,Yes,6.9,Short Video,24,0.27
SOC000952,CUST0952,YouTube,29,51,13,Match Analysis,High,Yes,4.7,Long Video,13,0.15
SOC000953,CUST0953,Instagram,62,136,43,Short Reels,High,Yes,8.2,Short Video,32,0.30
SOC000954,CUST0954,Twitter,15,24,5,Match Highlights,Low,No,3.0,Carousel Post,6,0.08
SOC000955,CUST0955,Instagram,53,117,35,Memes,High,Yes,7.1,Short Video,26,0.28
SOC000956,CUST0956,YouTube,31,54,14,Match Analysis,High,Yes,5.0,Long Video,14,0.15
SOC000957,CUST0957,Instagram,42,88,25,Short Reels,Medium,Yes,5.7,Short Video,19,0.22
SOC000958,CUST0958,Facebook,13,22,4,Player Interviews,Low,No,2.6,Image Post,5,0.05
SOC000959,CUST0959,Instagram,56,123,38,Memes,High,Yes,7.5,Short Video,28,0.29
SOC000960,CUST0960,Twitter,17,28,6,Match Highlights,Medium,No,3.4,Carousel Post,7,0.09
SOC000961,CUST0961,Instagram,47,100,30,Short Reels,High,Yes,6.5,Short Video,22,0.26
SOC000962,CUST0962,YouTube,26,45,11,Tutorials,Medium,Yes,4.2,Long Video,10,0.12
SOC000963,CUST0963,Instagram,61,134,42,Memes,High,Yes,8.1,Short Video,31,0.30
SOC000964,CUST0964,Facebook,10,17,3,Player Interviews,Low,No,2.1,Image Post,4,0.04
SOC000965,CUST0965,Instagram,55,120,37,Short Reels,High,Yes,7.3,Short Video,27,0.29
SOC000966,CUST0966,Twitter,19,30,7,Match Analysis,Medium,Yes,3.6,Carousel Post,8,0.10
SOC000967,CUST0967,Instagram,43,91,27,Memes,High,Yes,5.9,Short Video,20,0.23
SOC000968,CUST0968,YouTube,24,40,9,Tutorials,Medium,No,3.9,Long Video,9,0.10
SOC000969,CUST0969,Instagram,58,127,40,Short Reels,High,Yes,7.7,Short Video,30,0.30
SOC000970,CUST0970,Facebook,8,14,2,Player Interviews,Low,No,1.8,Image Post,3,0.03
SOC000971,CUST0971,Instagram,49,105,32,Memes,High,Yes,6.8,Short Video,24,0.27
SOC000972,CUST0972,YouTube,28,49,12,Match Analysis,Medium,Yes,4.5,Long Video,12,0.14
SOC000973,CUST0973,Instagram,63,137,44,Short Reels,High,Yes,8.3,Short Video,33,0.30
SOC000974,CUST0974,Twitter,14,23,5,Match Highlights,Low,No,2.8,Carousel Post,5,0.07
SOC000975,CUST0975,Instagram,54,118,36,Memes,High,Yes,7.2,Short Video,27,0.29
SOC000976,CUST0976,YouTube,30,52,14,Match Analysis,High,Yes,4.9,Long Video,14,0.15
SOC000977,CUST0977,Instagram,41,86,24,Short Reels,Medium,Yes,5.5,Short Video,18,0.22
SOC000978,CUST0978,Facebook,12,20,4,Player Interviews,Low,No,2.4,Image Post,5,0.05
SOC000979,CUST0979,Instagram,57,124,39,Memes,High,Yes,7.6,Short Video,29,0.30
SOC000980,CUST0980,Twitter,16,26,6,Match Highlights,Medium,No,3.3,Carousel Post,6,0.08
SOC000981,CUST0981,Instagram,46,97,29,Short Reels,High,Yes,6.3,Short Video,21,0.25
SOC000982,CUST0982,YouTube,27,47,11,Tutorials,Medium,Yes,4.3,Long Video,11,0.13
SOC000983,CUST0983,Instagram,60,130,41,Memes,High,Yes,7.9,Short Video,31,0.30
SOC000984,CUST0984,Facebook,11,18,3,Player Interviews,Low,No,2.2,Image Post,4,0.04
SOC000985,CUST0985,Instagram,55,121,37,Short Reels,High,Yes,7.3,Short Video,28,0.29
SOC000986,CUST0986,Twitter,18,29,7,Match Analysis,Medium,Yes,3.5,Carousel Post,7,0.09
SOC000987,CUST0987,Instagram,44,92,28,Memes,High,Yes,6.0,Short Video,20,0.24
SOC000988,CUST0988,YouTube,25,41,10,Tutorials,Medium,No,4.0,Long Video,10,0.11
SOC000989,CUST0989,Instagram,59,128,40,Short Reels,High,Yes,7.8,Short Video,30,0.30
SOC000990,CUST0990,Facebook,9,15,2,Player Interviews,Low,No,1.9,Image Post,3,0.03
SOC000991,CUST0991,Instagram,50,107,33,Memes,High,Yes,6.9,Short Video,24,0.27
SOC000992,CUST0992,YouTube,29,50,13,Match Analysis,High,Yes,4.7,Long Video,13,0.15
SOC000993,CUST0993,Instagram,62,135,43,Short Reels,High,Yes,8.2,Short Video,32,0.30
SOC000994,CUST0994,Twitter,15,24,5,Match Highlights,Low,No,3.0,Carousel Post,6,0.08
SOC000995,CUST0995,Instagram,53,116,35,Memes,High,Yes,7.1,Short Video,26,0.28
SOC000996,CUST0996,YouTube,31,53,14,Match Analysis,High,Yes,5.0,Long Video,14,0.15
SOC000997,CUST0997,Instagram,42,88,25,Short Reels,Medium,Yes,5.7,Short Video,19,0.22
SOC000998,CUST0998,Facebook,13,22,4,Player Interviews,Low,No,2.6,Image Post,5,0.05
SOC000999,CUST0999,Instagram,56,122,38,Memes,High,Yes,7.5,Short Video,28,0.29
SOC001000,CUST1000,Twitter,17,28,6,Match Highlights,Medium,No,3.4,Carousel Post,7,0.09
SOC001001,CUST1001,Instagram,47,99,30,Short Reels,High,Yes,6.5,Short Video,22,0.26
SOC001002,CUST1002,YouTube,26,45,11,Tutorials,Medium,Yes,4.2,Long Video,10,0.12
SOC001003,CUST1003,Instagram,61,133,42,Memes,High,Yes,8.1,Short Video,31,0.30
SOC001004,CUST1004,Facebook,10,17,3,Player Interviews,Low,No,2.1,Image Post,4,0.04
SOC001005,CUST1005,Instagram,55,119,37,Short Reels,High,Yes,7.3,Short Video,27,0.29
SOC001006,CUST1006,Twitter,19,30,7,Match Analysis,Medium,Yes,3.6,Carousel Post,8,0.10
SOC001007,CUST1007,Instagram,43,91,27,Memes,High,Yes,5.9,Short Video,20,0.23
SOC001008,CUST1008,YouTube,24,40,9,Tutorials,Medium,No,3.9,Long Video,9,0.10
SOC001009,CUST1009,Instagram,58,127,40,Short Reels,High,Yes,7.7,Short Video,30,0.30
SOC001010,CUST1010,Facebook,8,14,2,Player Interviews,Low,No,1.8,Image Post,3,0.03
SOC001011,CUST1011,Instagram,49,105,32,Memes,High,Yes,6.8,Short Video,24,0.27
SOC001012,CUST1012,YouTube,28,49,12,Match Analysis,Medium,Yes,4.5,Long Video,12,0.14
SOC001013,CUST1013,Instagram,63,137,44,Short Reels,High,Yes,8.3,Short Video,33,0.30
SOC001014,CUST1014,Twitter,14,23,5,Match Highlights,Low,No,2.8,Carousel Post,5,0.07
SOC001015,CUST1015,Instagram,54,117,36,Memes,High,Yes,7.2,Short Video,27,0.29
SOC001016,CUST1016,YouTube,30,51,14,Match Analysis,High,Yes,4.9,Long Video,14,0.15
SOC001017,CUST1017,Instagram,41,86,24,Short Reels,Medium,Yes,5.5,Short Video,18,0.22
SOC001018,CUST1018,Facebook,12,20,4,Player Interviews,Low,No,2.4,Image Post,5,0.05
SOC001019,CUST1019,Instagram,57,123,39,Memes,High,Yes,7.6,Short Video,29,0.30
SOC001020,CUST1020,Twitter,16,26,6,Match Highlights,Medium,No,3.3,Carousel Post,6,0.08
SOC001021,CUST1021,Instagram,46,97,29,Short Reels,High,Yes,6.3,Short Video,21,0.25
SOC001022,CUST1022,YouTube,27,47,11,Tutorials,Medium,Yes,4.3,Long Video,11,0.13
SOC001023,CUST1023,Instagram,60,129,41,Memes,High,Yes,7.9,Short Video,31,0.30
SOC001024,CUST1024,Facebook,11,18,3,Player Interviews,Low,No,2.2,Image Post,4,0.04
SOC001025,CUST1025,Instagram,55,121,37,Short Reels,High,Yes,7.3,Short Video,28,0.29
SOC001026,CUST1026,Twitter,18,29,7,Match Analysis,Medium,Yes,3.5,Carousel Post,7,0.09
SOC001027,CUST1027,Instagram,44,93,28,Memes,High,Yes,6.0,Short Video,20,0.24
SOC001028,CUST1028,YouTube,25,42,10,Tutorials,Medium,No,4.0,Long Video,10,0.11
SOC001029,CUST1029,Instagram,59,127,40,Short Reels,High,Yes,7.8,Short Video,30,0.30
SOC001030,CUST1030,Facebook,9,15,2,Player Interviews,Low,No,1.9,Image Post,3,0.03
SOC001031,CUST1031,Instagram,50,107,33,Memes,High,Yes,6.9,Short Video,24,0.27
SOC001032,CUST1032,YouTube,29,49,13,Match Analysis,High,Yes,4.7,Long Video,13,0.15
SOC001033,CUST1033,Instagram,62,135,43,Short Reels,High,Yes,8.2,Short Video,32,0.30
SOC001034,CUST1034,Twitter,15,24,5,Match Highlights,Low,No,3.0,Carousel Post,6,0.08
SOC001035,CUST1035,Instagram,53,115,35,Memes,High,Yes,7.1,Short Video,26,0.28
SOC001036,CUST1036,YouTube,31,54,14,Match Analysis,High,Yes,5.0,Long Video,14,0.15
SOC001037,CUST1037,Instagram,42,87,25,Short Reels,Medium,Yes,5.7,Short Video,19,0.22
SOC001038,CUST1038,Facebook,13,22,4,Player Interviews,Low,No,2.6,Image Post,5,0.05
SOC001039,CUST1039,Instagram,56,121,38,Memes,High,Yes,7.5,Short Video,28,0.29
SOC001040,CUST1040,Twitter,17,27,6,Match Highlights,Medium,No,3.4,Carousel Post,7,0.09
SOC001041,CUST1041,Instagram,47,98,30,Short Reels,High,Yes,6.4,Short Video,22,0.26
SOC001042,CUST1042,YouTube,26,44,11,Match Analysis,Medium,No,4.2,Long Video,10,0.12
SOC001043,CUST1043,Instagram,61,132,42,Memes,High,Yes,8.0,Short Video,31,0.30
SOC001044,CUST1044,Facebook,10,17,3,Player Interviews,Low,No,2.1,Image Post,4,0.04
SOC001045,CUST1045,Instagram,56,121,38,Short Reels,High,Yes,7.4,Short Video,28,0.29
SOC001046,CUST1046,Twitter,19,31,7,Match Highlights,Medium,No,3.6,Carousel Post,8,0.09
SOC001047,CUST1047,Instagram,43,90,27,Memes,High,Yes,5.9,Short Video,20,0.23
SOC001048,CUST1048,YouTube,24,39,9,Tutorials,Medium,No,3.9,Long Video,9,0.10
SOC001049,CUST1049,Instagram,58,126,40,Short Reels,High,Yes,7.7,Short Video,29,0.30
SOC001050,CUST1050,Facebook,8,14,2,Player Interviews,Low,No,1.8,Image Post,3,0.03
SOC001051,CUST1051,Instagram,49,104,32,Memes,High,Yes,6.8,Short Video,24,0.27
SOC001052,CUST1052,YouTube,28,48,12,Match Analysis,Medium,Yes,4.5,Long Video,12,0.14
SOC001053,CUST1053,Instagram,63,136,44,Short Reels,High,Yes,8.3,Short Video,33,0.30
SOC001054,CUST1054,Twitter,14,23,5,Match Highlights,Low,No,2.8,Carousel Post,5,0.07
SOC001055,CUST1055,Instagram,54,118,36,Memes,High,Yes,7.2,Short Video,27,0.29
SOC001056,CUST1056,YouTube,30,52,14,Match Analysis,High,Yes,4.9,Long Video,14,0.15
SOC001057,CUST1057,Instagram,41,85,24,Short Reels,Medium,Yes,5.5,Short Video,18,0.22
SOC001058,CUST1058,Facebook,12,20,4,Player Interviews,Low,No,2.4,Image Post,5,0.05
SOC001059,CUST1059,Instagram,57,124,39,Memes,High,Yes,7.6,Short Video,29,0.30
SOC001060,CUST1060,Twitter,16,26,6,Match Highlights,Medium,No,3.3,Carousel Post,6,0.08
SOC001061,CUST1061,Instagram,46,96,29,Short Reels,High,Yes,6.3,Short Video,21,0.25
SOC001062,CUST1062,YouTube,27,46,11,Tutorials,Medium,Yes,4.3,Long Video,11,0.13
SOC001063,CUST1063,Instagram,60,130,41,Memes,High,Yes,7.9,Short Video,31,0.30
SOC001064,CUST1064,Facebook,11,18,3,Player Interviews,Low,No,2.2,Image Post,4,0.04
SOC001065,CUST1065,Instagram,55,120,37,Short Reels,High,Yes,7.3,Short Video,27,0.29
SOC001066,CUST1066,Twitter,18,29,7,Match Analysis,Medium,Yes,3.5,Carousel Post,7,0.09
SOC001067,CUST1067,Instagram,44,92,28,Memes,High,Yes,6.0,Short Video,20,0.24
SOC001068,CUST1068,YouTube,25,41,10,Tutorials,Medium,No,4.0,Long Video,10,0.11
SOC001069,CUST1069,Instagram,59,128,40,Short Reels,High,Yes,7.8,Short Video,30,0.30
SOC001070,CUST1070,Facebook,9,15,2,Player Interviews,Low,No,1.9,Image Post,3,0.03
SOC001071,CUST1071,Instagram,50,106,33,Memes,High,Yes,6.9,Short Video,24,0.27
SOC001072,CUST1072,YouTube,29,50,13,Match Analysis,High,Yes,4.7,Long Video,13,0.15
SOC001073,CUST1073,Instagram,62,134,43,Short Reels,High,Yes,8.2,Short Video,32,0.30
SOC001074,CUST1074,Twitter,15,24,5,Match Highlights,Low,No,3.0,Carousel Post,6,0.08
SOC001075,CUST1075,Instagram,53,116,35,Memes,High,Yes,7.1,Short Video,26,0.28
SOC001076,CUST1076,YouTube,31,53,14,Match Analysis,High,Yes,5.0,Long Video,14,0.15
SOC001077,CUST1077,Instagram,42,88,25,Short Reels,Medium,Yes,5.7,Short Video,19,0.22
SOC001078,CUST1078,Facebook,13,22,4,Player Interviews,Low,No,2.6,Image Post,5,0.05
SOC001079,CUST1079,Instagram,56,122,38,Memes,High,Yes,7.5,Short Video,28,0.29
SOC001080,CUST1080,Twitter,17,28,6,Match Highlights,Medium,No,3.4,Carousel Post,7,0.09
SOC001081,CUST1081,Instagram,47,99,30,Short Reels,High,Yes,6.5,Short Video,22,0.26
SOC001082,CUST1082,YouTube,26,45,11,Tutorials,Medium,Yes,4.2,Long Video,10,0.12
SOC001083,CUST1083,Instagram,61,133,42,Memes,High,Yes,8.1,Short Video,31,0.30
SOC001084,CUST1084,Facebook,10,17,3,Player Interviews,Low,No,2.1,Image Post,4,0.04
SOC001085,CUST1085,Instagram,55,119,37,Short Reels,High,Yes,7.3,Short Video,27,0.29
SOC001086,CUST1086,Twitter,19,30,7,Match Analysis,Medium,Yes,3.6,Carousel Post,8,0.10
SOC001087,CUST1087,Instagram,43,91,27,Memes,High,Yes,5.9,Short Video,20,0.23
SOC001088,CUST1088,YouTube,24,40,9,Tutorials,Medium,No,3.9,Long Video,9,0.10
SOC001089,CUST1089,Instagram,58,127,40,Short Reels,High,Yes,7.7,Short Video,30,0.30
SOC001090,CUST1090,Facebook,8,14,2,Player Interviews,Low,No,1.8,Image Post,3,0.03
SOC001091,CUST1091,Instagram,49,105,32,Memes,High,Yes,6.8,Short Video,24,0.27
SOC001092,CUST1092,YouTube,28,49,12,Match Analysis,Medium,Yes,4.5,Long Video,12,0.14
SOC001093,CUST1093,Instagram,63,137,44,Short Reels,High,Yes,8.3,Short Video,33,0.30
SOC001094,CUST1094,Twitter,14,23,5,Match Highlights,Low,No,2.8,Carousel Post,5,0.07
SOC001095,CUST1095,Instagram,54,117,36,Memes,High,Yes,7.2,Short Video,27,0.29
SOC001096,CUST1096,YouTube,30,51,14,Match Analysis,High,Yes,4.9,Long Video,14,0.15
SOC001097,CUST1097,Instagram,41,86,24,Short Reels,Medium,Yes,5.5,Short Video,18,0.22
SOC001098,CUST1098,Facebook,12,20,4,Player Interviews,Low,No,2.4,Image Post,5,0.05
SOC001099,CUST1099,Instagram,57,123,39,Memes,High,Yes,7.6,Short Video,29,0.30
SOC001100,CUST1100,Twitter,16,26,6,Match Highlights,Medium,No,3.3,Carousel Post,6,0.08
SOC001101,CUST1101,Instagram,46,97,29,Short Reels,High,Yes,6.3,Short Video,21,0.25
SOC001102,CUST1102,YouTube,27,47,11,Tutorials,Medium,Yes,4.3,Long Video,11,0.13
SOC001103,CUST1103,Instagram,60,129,41,Memes,High,Yes,7.9,Short Video,31,0.30
SOC001104,CUST1104,Facebook,11,18,3,Player Interviews,Low,No,2.2,Image Post,4,0.04
SOC001105,CUST1105,Instagram,55,121,37,Short Reels,High,Yes,7.3,Short Video,28,0.29
SOC001106,CUST1106,Twitter,18,29,7,Match Analysis,Medium,Yes,3.5,Carousel Post,7,0.09
SOC001107,CUST1107,Instagram,44,93,28,Memes,High,Yes,6.0,Short Video,20,0.24
SOC001108,CUST1108,YouTube,25,42,10,Tutorials,Medium,No,4.0,Long Video,10,0.11
SOC001109,CUST1109,Instagram,59,127,40,Short Reels,High,Yes,7.8,Short Video,30,0.30
SOC001110,CUST1110,Facebook,9,15,2,Player Interviews,Low,No,1.9,Image Post,3,0.03
SOC001111,CUST1111,Instagram,50,107,33,Memes,High,Yes,6.9,Short Video,24,0.27
SOC001112,CUST1112,YouTube,29,49,13,Match Analysis,High,Yes,4.7,Long Video,13,0.15
SOC001113,CUST1113,Instagram,62,135,43,Short Reels,High,Yes,8.2,Short Video,32,0.30
SOC001114,CUST1114,Twitter,15,24,5,Match Highlights,Low,No,3.0,Carousel Post,6,0.08
SOC001115,CUST1115,Instagram,53,115,35,Memes,High,Yes,7.1,Short Video,26,0.28
SOC001116,CUST1116,YouTube,31,54,14,Match Analysis,High,Yes,5.0,Long Video,14,0.15
SOC001117,CUST1117,Instagram,42,87,25,Short Reels,Medium,Yes,5.7,Short Video,19,0.22
SOC001118,CUST1118,Facebook,13,22,4,Player Interviews,Low,No,2.6,Image Post,5,0.05
SOC001119,CUST1119,Instagram,56,121,38,Memes,High,Yes,7.5,Short Video,28,0.29
SOC001120,CUST1120,Twitter,17,27,6,Match Highlights,Medium,No,3.4,Carousel Post,7,0.09
SOC001121,CUST1121,Instagram,47,98,30,Short Reels,High,Yes,6.4,Short Video,22,0.26
SOC001122,CUST1122,YouTube,26,44,11,Match Analysis,Medium,No,4.2,Long Video,10,0.12
SOC001123,CUST1123,Instagram,61,132,42,Memes,High,Yes,8.0,Short Video,31,0.30
SOC001124,CUST1124,Facebook,10,17,3,Player Interviews,Low,No,2.1,Image Post,4,0.04
SOC001125,CUST1125,Instagram,56,121,38,Short Reels,High,Yes,7.4,Short Video,28,0.29
SOC001126,CUST1126,Twitter,19,31,7,Match Highlights,Medium,No,3.6,Carousel Post,8,0.09
SOC001127,CUST1127,Instagram,43,90,27,Memes,High,Yes,5.9,Short Video,20,0.23
SOC001128,CUST1128,YouTube,24,39,9,Tutorials,Medium,No,3.9,Long Video,9,0.10
SOC001129,CUST1129,Instagram,58,126,40,Short Reels,High,Yes,7.7,Short Video,29,0.30
SOC001130,CUST1130,Facebook,8,14,2,Player Interviews,Low,No,1.8,Image Post,3,0.03
SOC001131,CUST1131,Instagram,49,104,32,Memes,High,Yes,6.8,Short Video,24,0.27
SOC001132,CUST1132,YouTube,28,48,12,Match Analysis,Medium,Yes,4.5,Long Video,12,0.14
SOC001133,CUST1133,Instagram,63,136,44,Short Reels,High,Yes,8.3,Short Video,33,0.30
SOC001134,CUST1134,Twitter,14,23,5,Match Highlights,Low,No,2.8,Carousel Post,5,0.07
SOC001135,CUST1135,Instagram,54,118,36,Memes,High,Yes,7.2,Short Video,27,0.29
SOC001136,CUST1136,YouTube,30,52,14,Match Analysis,High,Yes,4.9,Long Video,14,0.15
SOC001137,CUST1137,Instagram,41,85,24,Short Reels,Medium,Yes,5.5,Short Video,18,0.22
SOC001138,CUST1138,Facebook,12,20,4,Player Interviews,Low,No,2.4,Image Post,5,0.05
SOC001139,CUST1139,Instagram,57,124,39,Memes,High,Yes,7.6,Short Video,29,0.30
SOC001140,CUST1140,Twitter,16,26,6,Match Highlights,Medium,No,3.3,Carousel Post,6,0.08
SOC001141,CUST1141,Instagram,46,96,29,Short Reels,High,Yes,6.3,Short Video,21,0.25
SOC001142,CUST1142,YouTube,27,46,11,Tutorials,Medium,Yes,4.3,Long Video,11,0.13
SOC001143,CUST1143,Instagram,60,130,41,Memes,High,Yes,7.9,Short Video,31,0.30
SOC001144,CUST1144,Facebook,11,18,3,Player Interviews,Low,No,2.2,Image Post,4,0.04
SOC001145,CUST1145,Instagram,55,120,37,Short Reels,High,Yes,7.3,Short Video,27,0.29
SOC001146,CUST1146,Twitter,18,29,7,Match Analysis,Medium,Yes,3.5,Carousel Post,7,0.09
SOC001147,CUST1147,Instagram,44,92,28,Memes,High,Yes,6.0,Short Video,20,0.24
SOC001148,CUST1148,YouTube,25,41,10,Tutorials,Medium,No,4.0,Long Video,10,0.11
SOC001149,CUST1149,Instagram,59,128,40,Short Reels,High,Yes,7.8,Short Video,30,0.30
SOC001150,CUST1150,Facebook,9,15,2,Player Interviews,Low,No,1.9,Image Post,3,0.03
SOC001151,CUST1151,Instagram,50,106,33,Memes,High,Yes,6.9,Short Video,24,0.27
SOC001152,CUST1152,YouTube,29,50,13,Match Analysis,High,Yes,4.7,Long Video,13,0.15
SOC001153,CUST1153,Instagram,62,134,43,Short Reels,High,Yes,8.2,Short Video,32,0.30
SOC001154,CUST1154,Twitter,15,24,5,Match Highlights,Low,No,3.0,Carousel Post,6,0.08
SOC001155,CUST1155,Instagram,53,116,35,Memes,High,Yes,7.1,Short Video,26,0.28
SOC001156,CUST1156,YouTube,31,53,14,Match Analysis,High,Yes,5.0,Long Video,14,0.15
SOC001157,CUST1157,Instagram,42,88,25,Short Reels,Medium,Yes,5.7,Short Video,19,0.22
SOC001158,CUST1158,Facebook,13,22,4,Player Interviews,Low,No,2.6,Image Post,5,0.05
SOC001159,CUST1159,Instagram,56,122,38,Memes,High,Yes,7.5,Short Video,28,0.29
SOC001160,CUST1160,Twitter,17,28,6,Match Highlights,Medium,No,3.4,Carousel Post,7,0.09
SOC001161,CUST1161,Instagram,47,99,30,Short Reels,High,Yes,6.5,Short Video,22,0.26
SOC001162,CUST1162,YouTube,26,45,11,Tutorials,Medium,Yes,4.2,Long Video,10,0.12
SOC001163,CUST1163,Instagram,61,133,42,Memes,High,Yes,8.1,Short Video,31,0.30
SOC001164,CUST1164,Facebook,10,17,3,Player Interviews,Low,No,2.1,Image Post,4,0.04
SOC001165,CUST1165,Instagram,55,119,37,Short Reels,High,Yes,7.3,Short Video,27,0.29
SOC001166,CUST1166,Twitter,19,30,7,Match Analysis,Medium,Yes,3.6,Carousel Post,8,0.10
SOC001167,CUST1167,Instagram,43,91,27,Memes,High,Yes,5.9,Short Video,20,0.23
SOC001168,CUST1168,YouTube,24,40,9,Tutorials,Medium,No,3.9,Long Video,9,0.10
SOC001169,CUST1169,Instagram,58,127,40,Short Reels,High,Yes,7.7,Short Video,30,0.30
SOC001170,CUST1170,Facebook,8,14,2,Player Interviews,Low,No,1.8,Image Post,3,0.03
SOC001171,CUST1171,Instagram,49,105,32,Memes,High,Yes,6.8,Short Video,24,0.27
SOC001172,CUST1172,YouTube,28,49,12,Match Analysis,Medium,Yes,4.5,Long Video,12,0.14
SOC001173,CUST1173,Instagram,63,137,44,Short Reels,High,Yes,8.3,Short Video,33,0.30
SOC001174,CUST1174,Twitter,14,23,5,Match Highlights,Low,No,2.8,Carousel Post,5,0.07
SOC001175,CUST1175,Instagram,54,117,36,Memes,High,Yes,7.2,Short Video,27,0.29
SOC001176,CUST1176,YouTube,30,51,14,Match Analysis,High,Yes,4.9,Long Video,14,0.15
SOC001177,CUST1177,Instagram,41,86,24,Short Reels,Medium,Yes,5.5,Short Video,18,0.22
SOC001178,CUST1178,Facebook,12,20,4,Player Interviews,Low,No,2.4,Image Post,5,0.05
SOC001179,CUST1179,Instagram,57,123,39,Memes,High,Yes,7.6,Short Video,29,0.30
SOC001180,CUST1180,Twitter,16,26,6,Match Highlights,Medium,No,3.3,Carousel Post,6,0.08
SOC001181,CUST1181,Instagram,46,97,29,Short Reels,High,Yes,6.3,Short Video,21,0.25
SOC001182,CUST1182,YouTube,27,47,11,Tutorials,Medium,Yes,4.3,Long Video,11,0.13
SOC001183,CUST1183,Instagram,60,129,41,Memes,High,Yes,7.9,Short Video,31,0.30
SOC001184,CUST1184,Facebook,11,18,3,Player Interviews,Low,No,2.2,Image Post,4,0.04
SOC001185,CUST1185,Instagram,55,121,37,Short Reels,High,Yes,7.3,Short Video,28,0.29
SOC001186,CUST1186,Twitter,18,29,7,Match Analysis,Medium,Yes,3.5,Carousel Post,7,0.09
SOC001187,CUST1187,Instagram,44,93,28,Memes,High,Yes,6.0,Short Video,20,0.24
SOC001188,CUST1188,YouTube,25,42,10,Tutorials,Medium,No,4.0,Long Video,10,0.11
SOC001189,CUST1189,Instagram,59,127,40,Short Reels,High,Yes,7.8,Short Video,30,0.30
SOC001190,CUST1190,Facebook,9,15,2,Player Interviews,Low,No,1.9,Image Post,3,0.03
SOC001191,CUST1191,Instagram,50,107,33,Memes,High,Yes,6.9,Short Video,24,0.27
SOC001192,CUST1192,YouTube,29,49,13,Match Analysis,High,Yes,4.7,Long Video,13,0.15
SOC001193,CUST1193,Instagram,62,135,43,Short Reels,High,Yes,8.2,Short Video,32,0.30
SOC001194,CUST1194,Twitter,15,24,5,Match Highlights,Low,No,3.0,Carousel Post,6,0.08
SOC001195,CUST1195,Instagram,53,115,35,Memes,High,Yes,7.1,Short Video,26,0.28
SOC001196,CUST1196,YouTube,31,54,14,Match Analysis,High,Yes,5.0,Long Video,14,0.15
SOC001197,CUST1197,Instagram,42,87,25,Short Reels,Medium,Yes,5.7,Short Video,19,0.22
SOC001198,CUST1198,Facebook,13,22,4,Player Interviews,Low,No,2.6,Image Post,5,0.05
SOC001199,CUST1199,Instagram,56,121,38,Memes,High,Yes,7.5,Short Video,28,0.29
SOC001200,CUST1200,Twitter,17,27,6,Match Highlights,Medium,No,3.4,Carousel Post,7,0.09
SOC001201,CUST1201,Instagram,48,101,31,Short Reels,High,Yes,6.5,Short Video,23,0.26
SOC001202,CUST1202,YouTube,27,45,11,Match Analysis,Medium,No,4.3,Long Video,10,0.12
SOC001203,CUST1203,Instagram,62,134,43,Memes,High,Yes,8.1,Short Video,32,0.30
SOC001204,CUST1204,Facebook,11,18,3,Player Interviews,Low,No,2.2,Image Post,4,0.04
SOC001205,CUST1205,Instagram,57,123,39,Short Reels,High,Yes,7.5,Short Video,29,0.29
SOC001206,CUST1206,Twitter,20,32,8,Match Highlights,Medium,No,3.7,Carousel Post,8,0.10
SOC001207,CUST1207,Instagram,44,93,28,Memes,High,Yes,6.0,Short Video,21,0.24
SOC001208,CUST1208,YouTube,25,40,9,Tutorials,Medium,No,4.0,Long Video,9,0.10
SOC001209,CUST1209,Instagram,59,128,41,Short Reels,High,Yes,7.8,Short Video,30,0.30
SOC001210,CUST1210,Facebook,9,15,2,Player Interviews,Low,No,1.9,Image Post,3,0.03
SOC001211,CUST1211,Instagram,50,107,33,Memes,High,Yes,6.9,Short Video,24,0.27
SOC001212,CUST1212,YouTube,29,50,13,Match Analysis,High,Yes,4.8,Long Video,13,0.15
SOC001213,CUST1213,Instagram,63,138,44,Short Reels,High,Yes,8.3,Short Video,33,0.30
SOC001214,CUST1214,Twitter,15,24,5,Match Highlights,Low,No,3.0,Carousel Post,6,0.08
SOC001215,CUST1215,Instagram,54,117,36,Memes,High,Yes,7.2,Short Video,27,0.29
SOC001216,CUST1216,YouTube,31,54,14,Match Analysis,High,Yes,5.0,Long Video,14,0.15
SOC001217,CUST1217,Instagram,42,88,25,Short Reels,Medium,Yes,5.7,Short Video,19,0.22
SOC001218,CUST1218,Facebook,13,21,4,Player Interviews,Low,No,2.5,Image Post,5,0.05
SOC001219,CUST1219,Instagram,58,125,40,Memes,High,Yes,7.7,Short Video,30,0.30
SOC001220,CUST1220,Twitter,17,27,6,Match Highlights,Medium,No,3.4,Carousel Post,7,0.09
SOC001221,CUST1221,Instagram,47,100,30,Short Reels,High,Yes,6.4,Short Video,22,0.26
SOC001222,CUST1222,YouTube,26,44,11,Tutorials,Medium,Yes,4.2,Long Video,10,0.12
SOC001223,CUST1223,Instagram,61,132,42,Memes,High,Yes,8.0,Short Video,31,0.30
SOC001224,CUST1224,Facebook,10,17,3,Player Interviews,Low,No,2.1,Image Post,4,0.04
SOC001225,CUST1225,Instagram,56,121,38,Short Reels,High,Yes,7.4,Short Video,28,0.29
SOC001226,CUST1226,Twitter,19,31,7,Match Analysis,Medium,Yes,3.6,Carousel Post,8,0.10
SOC001227,CUST1227,Instagram,43,92,27,Memes,High,Yes,5.9,Short Video,20,0.23
SOC001228,CUST1228,YouTube,24,39,9,Tutorials,Medium,No,3.9,Long Video,9,0.10
SOC001229,CUST1229,Instagram,58,127,40,Short Reels,High,Yes,7.7,Short Video,30,0.30
SOC001230,CUST1230,Facebook,8,14,2,Player Interviews,Low,No,1.8,Image Post,3,0.03
SOC001231,CUST1231,Instagram,49,106,32,Memes,High,Yes,6.8,Short Video,24,0.27
SOC001232,CUST1232,YouTube,28,49,12,Match Analysis,Medium,Yes,4.5,Long Video,12,0.14
SOC001233,CUST1233,Instagram,63,137,44,Short Reels,High,Yes,8.3,Short Video,33,0.30
SOC001234,CUST1234,Twitter,14,23,5,Match Highlights,Low,No,2.8,Carousel Post,5,0.07
SOC001235,CUST1235,Instagram,54,118,36,Memes,High,Yes,7.2,Short Video,27,0.29
SOC001236,CUST1236,YouTube,30,53,14,Match Analysis,High,Yes,4.9,Long Video,14,0.15
SOC001237,CUST1237,Instagram,41,87,24,Short Reels,Medium,Yes,5.5,Short Video,18,0.22
SOC001238,CUST1238,Facebook,12,20,4,Player Interviews,Low,No,2.4,Image Post,5,0.05
SOC001239,CUST1239,Instagram,57,124,39,Memes,High,Yes,7.6,Short Video,29,0.30
SOC001240,CUST1240,Twitter,16,26,6,Match Highlights,Medium,No,3.3,Carousel Post,6,0.08
SOC001241,CUST1241,Instagram,46,98,29,Short Reels,High,Yes,6.3,Short Video,21,0.25
SOC001242,CUST1242,YouTube,27,47,11,Tutorials,Medium,Yes,4.3,Long Video,11,0.13
SOC001243,CUST1243,Instagram,60,131,41,Memes,High,Yes,7.9,Short Video,31,0.30
SOC001244,CUST1244,Facebook,11,18,3,Player Interviews,Low,No,2.2,Image Post,4,0.04
SOC001245,CUST1245,Instagram,55,122,37,Short Reels,High,Yes,7.3,Short Video,28,0.29
SOC001246,CUST1246,Twitter,18,30,7,Match Analysis,Medium,Yes,3.5,Carousel Post,7,0.09
SOC001247,CUST1247,Instagram,44,93,28,Memes,High,Yes,6.0,Short Video,20,0.24
SOC001248,CUST1248,YouTube,25,42,10,Tutorials,Medium,No,4.0,Long Video,10,0.11
SOC001249,CUST1249,Instagram,59,130,40,Short Reels,High,Yes,7.8,Short Video,30,0.30
SOC001250,CUST1250,Facebook,9,15,2,Player Interviews,Low,No,1.9,Image Post,3,0.03
SOC001251,CUST1251,Instagram,50,109,33,Memes,High,Yes,6.9,Short Video,24,0.27
SOC001252,CUST1252,YouTube,29,51,13,Match Analysis,High,Yes,4.7,Long Video,13,0.15
SOC001253,CUST1253,Instagram,62,136,43,Short Reels,High,Yes,8.2,Short Video,32,0.30
SOC001254,CUST1254,Twitter,15,24,5,Match Highlights,Low,No,3.0,Carousel Post,6,0.08
SOC001255,CUST1255,Instagram,53,117,35,Memes,High,Yes,7.1,Short Video,26,0.28
SOC001256,CUST1256,YouTube,31,54,14,Match Analysis,High,Yes,5.0,Long Video,14,0.15
SOC001257,CUST1257,Instagram,42,88,25,Short Reels,Medium,Yes,5.7,Short Video,19,0.22
SOC001258,CUST1258,Facebook,13,22,4,Player Interviews,Low,No,2.6,Image Post,5,0.05
SOC001259,CUST1259,Instagram,56,123,38,Memes,High,Yes,7.5,Short Video,28,0.29
SOC001260,CUST1260,Twitter,17,28,6,Match Highlights,Medium,No,3.4,Carousel Post,7,0.09
SOC001261,CUST1261,Instagram,47,99,30,Short Reels,High,Yes,6.5,Short Video,22,0.26
SOC001262,CUST1262,YouTube,26,45,11,Tutorials,Medium,Yes,4.2,Long Video,10,0.12
SOC001263,CUST1263,Instagram,61,133,42,Memes,High,Yes,8.1,Short Video,31,0.30
SOC001264,CUST1264,Facebook,10,17,3,Player Interviews,Low,No,2.1,Image Post,4,0.04
SOC001265,CUST1265,Instagram,55,120,37,Short Reels,High,Yes,7.3,Short Video,27,0.29
SOC001266,CUST1266,Twitter,19,30,7,Match Analysis,Medium,Yes,3.6,Carousel Post,8,0.10
SOC001267,CUST1267,Instagram,43,91,27,Memes,High,Yes,5.9,Short Video,20,0.23
SOC001268,CUST1268,YouTube,24,40,9,Tutorials,Medium,No,3.9,Long Video,9,0.10
SOC001269,CUST1269,Instagram,58,127,40,Short Reels,High,Yes,7.7,Short Video,30,0.30
SOC001270,CUST1270,Facebook,8,14,2,Player Interviews,Low,No,1.8,Image Post,3,0.03
SOC001271,CUST1271,Instagram,49,105,32,Memes,High,Yes,6.8,Short Video,24,0.27
SOC001272,CUST1272,YouTube,28,49,12,Match Analysis,Medium,Yes,4.5,Long Video,12,0.14
SOC001273,CUST1273,Instagram,63,137,44,Short Reels,High,Yes,8.3,Short Video,33,0.30
SOC001274,CUST1274,Twitter,14,23,5,Match Highlights,Low,No,2.8,Carousel Post,5,0.07
SOC001275,CUST1275,Instagram,54,118,36,Memes,High,Yes,7.2,Short Video,27,0.29
SOC001276,CUST1276,YouTube,30,52,14,Match Analysis,High,Yes,4.9,Long Video,14,0.15
SOC001277,CUST1277,Instagram,41,86,24,Short Reels,Medium,Yes,5.5,Short Video,18,0.22
SOC001278,CUST1278,Facebook,12,20,4,Player Interviews,Low,No,2.4,Image Post,5,0.05
SOC001279,CUST1279,Instagram,57,123,39,Memes,High,Yes,7.6,Short Video,29,0.30
SOC001280,CUST1280,Twitter,16,26,6,Match Highlights,Medium,No,3.3,Carousel Post,6,0.08
SOC001281,CUST1281,Instagram,46,97,29,Short Reels,High,Yes,6.3,Short Video,21,0.25
SOC001282,CUST1282,YouTube,27,47,11,Tutorials,Medium,Yes,4.3,Long Video,11,0.13
SOC001283,CUST1283,Instagram,60,129,41,Memes,High,Yes,7.9,Short Video,31,0.30
SOC001284,CUST1284,Facebook,11,18,3,Player Interviews,Low,No,2.2,Image Post,4,0.04
SOC001285,CUST1285,Instagram,55,121,37,Short Reels,High,Yes,7.3,Short Video,28,0.29
SOC001286,CUST1286,Twitter,18,29,7,Match Analysis,Medium,Yes,3.5,Carousel Post,7,0.09
SOC001287,CUST1287,Instagram,44,92,28,Memes,High,Yes,6.0,Short Video,20,0.24
SOC001288,CUST1288,YouTube,25,41,10,Tutorials,Medium,No,4.0,Long Video,10,0.11
SOC001289,CUST1289,Instagram,59,128,40,Short Reels,High,Yes,7.8,Short Video,30,0.30
SOC001290,CUST1290,Facebook,9,15,2,Player Interviews,Low,No,1.9,Image Post,3,0.03
SOC001291,CUST1291,Instagram,50,107,33,Memes,High,Yes,6.9,Short Video,24,0.27
SOC001292,CUST1292,YouTube,29,50,13,Match Analysis,High,Yes,4.7,Long Video,13,0.15
SOC001293,CUST1293,Instagram,62,135,43,Short Reels,High,Yes,8.2,Short Video,32,0.30
SOC001294,CUST1294,Twitter,15,24,5,Match Highlights,Low,No,3.0,Carousel Post,6,0.08
SOC001295,CUST1295,Instagram,53,116,35,Memes,High,Yes,7.1,Short Video,26,0.28
SOC001296,CUST1296,YouTube,31,53,14,Match Analysis,High,Yes,5.0,Long Video,14,0.15
SOC001297,CUST1297,Instagram,42,88,25,Short Reels,Medium,Yes,5.7,Short Video,19,0.22
SOC001298,CUST1298,Facebook,13,22,4,Player Interviews,Low,No,2.6,Image Post,5,0.05
SOC001299,CUST1299,Instagram,56,122,38,Memes,High,Yes,7.5,Short Video,28,0.29
SOC001300,CUST1300,Twitter,17,28,6,Match Highlights,Medium,No,3.4,Carousel Post,7,0.09
SOC001301,CUST1301,Instagram,47,99,30,Short Reels,High,Yes,6.5,Short Video,22,0.26
SOC001302,CUST1302,YouTube,26,45,11,Tutorials,Medium,Yes,4.2,Long Video,10,0.12
SOC001303,CUST1303,Instagram,61,133,42,Memes,High,Yes,8.1,Short Video,31,0.30
SOC001304,CUST1304,Facebook,10,17,3,Player Interviews,Low,No,2.1,Image Post,4,0.04
SOC001305,CUST1305,Instagram,55,119,37,Short Reels,High,Yes,7.3,Short Video,27,0.29
SOC001306,CUST1306,Twitter,19,30,7,Match Analysis,Medium,Yes,3.6,Carousel Post,8,0.10
SOC001307,CUST1307,Instagram,43,91,27,Memes,High,Yes,5.9,Short Video,20,0.23
SOC001308,CUST1308,YouTube,24,40,9,Tutorials,Medium,No,3.9,Long Video,9,0.10
SOC001309,CUST1309,Instagram,58,127,40,Short Reels,High,Yes,7.7,Short Video,30,0.30
SOC001310,CUST1310,Facebook,8,14,2,Player Interviews,Low,No,1.8,Image Post,3,0.03
SOC001311,CUST1311,Instagram,49,105,32,Memes,High,Yes,6.8,Short Video,24,0.27
SOC001312,CUST1312,YouTube,28,49,12,Match Analysis,Medium,Yes,4.5,Long Video,12,0.14
SOC001313,CUST1313,Instagram,63,137,44,Short Reels,High,Yes,8.3,Short Video,33,0.30
SOC001314,CUST1314,Twitter,14,23,5,Match Highlights,Low,No,2.8,Carousel Post,5,0.07
SOC001315,CUST1315,Instagram,54,117,36,Memes,High,Yes,7.2,Short Video,27,0.29
SOC001316,CUST1316,YouTube,30,51,14,Match Analysis,High,Yes,4.9,Long Video,14,0.15
SOC001317,CUST1317,Instagram,41,86,24,Short Reels,Medium,Yes,5.5,Short Video,18,0.22
SOC001318,CUST1318,Facebook,12,20,4,Player Interviews,Low,No,2.4,Image Post,5,0.05
SOC001319,CUST1319,Instagram,57,123,39,Memes,High,Yes,7.6,Short Video,29,0.30
SOC001320,CUST1320,Twitter,16,26,6,Match Highlights,Medium,No,3.3,Carousel Post,6,0.08
SOC001321,CUST1321,Instagram,46,97,29,Short Reels,High,Yes,6.3,Short Video,21,0.25
SOC001322,CUST1322,YouTube,27,47,11,Tutorials,Medium,Yes,4.3,Long Video,11,0.13
SOC001323,CUST1323,Instagram,60,129,41,Memes,High,Yes,7.9,Short Video,31,0.30
SOC001324,CUST1324,Facebook,11,18,3,Player Interviews,Low,No,2.2,Image Post,4,0.04
SOC001325,CUST1325,Instagram,55,121,37,Short Reels,High,Yes,7.3,Short Video,28,0.29
SOC001326,CUST1326,Twitter,18,29,7,Match Analysis,Medium,Yes,3.5,Carousel Post,7,0.09
SOC001327,CUST1327,Instagram,44,92,28,Memes,High,Yes,6.0,Short Video,20,0.24
SOC001328,CUST1328,YouTube,25,41,10,Tutorials,Medium,No,4.0,Long Video,10,0.11
SOC001329,CUST1329,Instagram,59,128,40,Short Reels,High,Yes,7.8,Short Video,30,0.30
SOC001330,CUST1330,Facebook,9,15,2,Player Interviews,Low,No,1.9,Image Post,3,0.03
SOC001331,CUST1331,Instagram,50,107,33,Memes,High,Yes,6.9,Short Video,24,0.27
SOC001332,CUST1332,YouTube,29,49,13,Match Analysis,High,Yes,4.7,Long Video,13,0.15
SOC001333,CUST1333,Instagram,62,135,43,Short Reels,High,Yes,8.2,Short Video,32,0.30
SOC001334,CUST1334,Twitter,15,24,5,Match Highlights,Low,No,3.0,Carousel Post,6,0.08
SOC001335,CUST1335,Instagram,53,115,35,Memes,High,Yes,7.1,Short Video,26,0.28
SOC001336,CUST1336,YouTube,31,54,14,Match Analysis,High,Yes,5.0,Long Video,14,0.15
SOC001337,CUST1337,Instagram,42,87,25,Short Reels,Medium,Yes,5.7,Short Video,19,0.22
SOC001338,CUST1338,Facebook,13,22,4,Player Interviews,Low,No,2.6,Image Post,5,0.05
SOC001339,CUST1339,Instagram,56,121,38,Memes,High,Yes,7.5,Short Video,28,0.29
SOC001340,CUST1340,Twitter,17,27,6,Match Highlights,Medium,No,3.4,Carousel Post,7,0.09
SOC001341,CUST1341,Instagram,47,98,30,Short Reels,High,Yes,6.4,Short Video,22,0.26
SOC001342,CUST1342,YouTube,26,44,11,Match Analysis,Medium,No,4.2,Long Video,10,0.12
SOC001343,CUST1343,Instagram,61,132,42,Memes,High,Yes,8.0,Short Video,31,0.30
SOC001344,CUST1344,Facebook,10,17,3,Player Interviews,Low,No,2.1,Image Post,4,0.04
SOC001345,CUST1345,Instagram,56,121,38,Short Reels,High,Yes,7.4,Short Video,28,0.29
SOC001346,CUST1346,Twitter,19,31,7,Match Highlights,Medium,No,3.6,Carousel Post,8,0.09
SOC001347,CUST1347,Instagram,43,90,27,Memes,High,Yes,5.9,Short Video,20,0.23
SOC001348,CUST1348,YouTube,24,39,9,Tutorials,Medium,No,3.9,Long Video,9,0.10
SOC001349,CUST1349,Instagram,58,126,40,Short Reels,High,Yes,7.7,Short Video,29,0.30
SOC001350,CUST1350,Facebook,8,14,2,Player Interviews,Low,No,1.8,Image Post,3,0.03
SOC001351,CUST1351,Instagram,49,104,32,Memes,High,Yes,6.8,Short Video,24,0.27
SOC001352,CUST1352,YouTube,28,48,12,Match Analysis,Medium,Yes,4.5,Long Video,12,0.14
SOC001353,CUST1353,Instagram,63,136,44,Short Reels,High,Yes,8.3,Short Video,33,0.30
SOC001354,CUST1354,Twitter,14,23,5,Match Highlights,Low,No,2.8,Carousel Post,5,0.07
SOC001355,CUST1355,Instagram,54,118,36,Memes,High,Yes,7.2,Short Video,27,0.29
SOC001356,CUST1356,YouTube,30,52,14,Match Analysis,High,Yes,4.9,Long Video,14,0.15
SOC001357,CUST1357,Instagram,41,85,24,Short Reels,Medium,Yes,5.5,Short Video,18,0.22
SOC001358,CUST1358,Facebook,12,20,4,Player Interviews,Low,No,2.4,Image Post,5,0.05
SOC001359,CUST1359,Instagram,57,124,39,Memes,High,Yes,7.6,Short Video,29,0.30
SOC001360,CUST1360,Twitter,16,26,6,Match Highlights,Medium,No,3.3,Carousel Post,6,0.08
SOC001361,CUST1361,Instagram,46,96,29,Short Reels,High,Yes,6.3,Short Video,21,0.25
SOC001362,CUST1362,YouTube,27,46,11,Tutorials,Medium,Yes,4.3,Long Video,11,0.13
SOC001363,CUST1363,Instagram,60,130,41,Memes,High,Yes,7.9,Short Video,31,0.30
SOC001364,CUST1364,Facebook,11,18,3,Player Interviews,Low,No,2.2,Image Post,4,0.04
SOC001365,CUST1365,Instagram,55,120,37,Short Reels,High,Yes,7.3,Short Video,27,0.29
SOC001366,CUST1366,Twitter,18,29,7,Match Analysis,Medium,Yes,3.5,Carousel Post,7,0.09
SOC001367,CUST1367,Instagram,44,92,28,Memes,High,Yes,6.0,Short Video,20,0.24
SOC001368,CUST1368,YouTube,25,41,10,Tutorials,Medium,No,4.0,Long Video,10,0.11
SOC001369,CUST1369,Instagram,59,128,40,Short Reels,High,Yes,7.8,Short Video,30,0.30
SOC001370,CUST1370,Facebook,9,15,2,Player Interviews,Low,No,1.9,Image Post,3,0.03
SOC001371,CUST1371,Instagram,50,106,33,Memes,High,Yes,6.9,Short Video,24,0.27
SOC001372,CUST1372,YouTube,29,50,13,Match Analysis,High,Yes,4.7,Long Video,13,0.15
SOC001373,CUST1373,Instagram,62,134,43,Short Reels,High,Yes,8.2,Short Video,32,0.30
SOC001374,CUST1374,Twitter,15,24,5,Match Highlights,Low,No,3.0,Carousel Post,6,0.08
SOC001375,CUST1375,Instagram,53,116,35,Memes,High,Yes,7.1,Short Video,26,0.28
SOC001376,CUST1376,YouTube,31,53,14,Match Analysis,High,Yes,5.0,Long Video,14,0.15
SOC001377,CUST1377,Instagram,42,88,25,Short Reels,Medium,Yes,5.7,Short Video,19,0.22
SOC001378,CUST1378,Facebook,13,22,4,Player Interviews,Low,No,2.6,Image Post,5,0.05
SOC001379,CUST1379,Instagram,56,122,38,Memes,High,Yes,7.5,Short Video,28,0.29
SOC001380,CUST1380,Twitter,17,28,6,Match Highlights,Medium,No,3.4,Carousel Post,7,0.09
SOC001381,CUST1381,Instagram,47,99,30,Short Reels,High,Yes,6.5,Short Video,22,0.26
SOC001382,CUST1382,YouTube,26,45,11,Tutorials,Medium,Yes,4.2,Long Video,10,0.12
SOC001383,CUST1383,Instagram,61,133,42,Memes,High,Yes,8.1,Short Video,31,0.30
SOC001384,CUST1384,Facebook,10,17,3,Player Interviews,Low,No,2.1,Image Post,4,0.04
SOC001385,CUST1385,Instagram,55,119,37,Short Reels,High,Yes,7.3,Short Video,27,0.29
SOC001386,CUST1386,Twitter,19,30,7,Match Analysis,Medium,Yes,3.6,Carousel Post,8,0.10
SOC001387,CUST1387,Instagram,43,91,27,Memes,High,Yes,5.9,Short Video,20,0.23
SOC001388,CUST1388,YouTube,24,40,9,Tutorials,Medium,No,3.9,Long Video,9,0.10
SOC001389,CUST1389,Instagram,58,127,40,Short Reels,High,Yes,7.7,Short Video,30,0.30
SOC001390,CUST1390,Facebook,8,14,2,Player Interviews,Low,No,1.8,Image Post,3,0.03
SOC001391,CUST1391,Instagram,49,105,32,Memes,High,Yes,6.8,Short Video,24,0.27
SOC001392,CUST1392,YouTube,28,49,12,Match Analysis,Medium,Yes,4.5,Long Video,12,0.14
SOC001393,CUST1393,Instagram,63,137,44,Short Reels,High,Yes,8.3,Short Video,33,0.30
SOC001394,CUST1394,Twitter,14,23,5,Match Highlights,Low,No,2.8,Carousel Post,5,0.07
SOC001395,CUST1395,Instagram,54,117,36,Memes,High,Yes,7.2,Short Video,27,0.29
SOC001396,CUST1396,YouTube,30,51,14,Match Analysis,High,Yes,4.9,Long Video,14,0.15
SOC001397,CUST1397,Instagram,41,86,24,Short Reels,Medium,Yes,5.5,Short Video,18,0.22
SOC001398,CUST1398,Facebook,12,20,4,Player Interviews,Low,No,2.4,Image Post,5,0.05
SOC001399,CUST1399,Instagram,57,123,39,Memes,High,Yes,7.6,Short Video,29,0.30
SOC001400,CUST1400,Twitter,16,26,6,Match Highlights,Medium,No,3.3,Carousel Post,6,0.08
SOC001401,CUST1401,Instagram,46,97,29,Short Reels,High,Yes,6.3,Short Video,21,0.25
SOC001402,CUST1402,YouTube,27,47,11,Tutorials,Medium,Yes,4.3,Long Video,11,0.13
SOC001403,CUST1403,Instagram,60,129,41,Memes,High,Yes,7.9,Short Video,31,0.30
SOC001404,CUST1404,Facebook,11,18,3,Player Interviews,Low,No,2.2,Image Post,4,0.04
SOC001405,CUST1405,Instagram,55,121,37,Short Reels,High,Yes,7.3,Short Video,28,0.29
SOC001406,CUST1406,Twitter,18,29,7,Match Analysis,Medium,Yes,3.5,Carousel Post,7,0.09
SOC001407,CUST1407,Instagram,44,93,28,Memes,High,Yes,6.0,Short Video,20,0.24
SOC001408,CUST1408,YouTube,25,42,10,Tutorials,Medium,No,4.0,Long Video,10,0.11
SOC001409,CUST1409,Instagram,59,127,40,Short Reels,High,Yes,7.8,Short Video,30,0.30
SOC001410,CUST1410,Facebook,9,15,2,Player Interviews,Low,No,1.9,Image Post,3,0.03
SOC001411,CUST1411,Instagram,50,107,33,Memes,High,Yes,6.9,Short Video,24,0.27
SOC001412,CUST1412,YouTube,29,49,13,Match Analysis,High,Yes,4.7,Long Video,13,0.15
SOC001413,CUST1413,Instagram,62,135,43,Short Reels,High,Yes,8.2,Short Video,32,0.30
SOC001414,CUST1414,Twitter,15,24,5,Match Highlights,Low,No,3.0,Carousel Post,6,0.08
SOC001415,CUST1415,Instagram,53,115,35,Memes,High,Yes,7.1,Short Video,26,0.28
SOC001416,CUST1416,YouTube,31,54,14,Match Analysis,High,Yes,5.0,Long Video,14,0.15
SOC001417,CUST1417,Instagram,42,87,25,Short Reels,Medium,Yes,5.7,Short Video,19,0.22
SOC001418,CUST1418,Facebook,13,22,4,Player Interviews,Low,No,2.6,Image Post,5,0.05
SOC001419,CUST1419,Instagram,56,121,38,Memes,High,Yes,7.5,Short Video,28,0.29
SOC001420,CUST1420,Twitter,17,27,6,Match Highlights,Medium,No,3.4,Carousel Post,7,0.09
SOC001421,CUST1421,Instagram,47,98,30,Short Reels,High,Yes,6.4,Short Video,22,0.26
SOC001422,CUST1422,YouTube,26,44,11,Match Analysis,Medium,No,4.2,Long Video,10,0.12
SOC001423,CUST1423,Instagram,61,132,42,Memes,High,Yes,8.0,Short Video,31,0.30
SOC001424,CUST1424,Facebook,10,17,3,Player Interviews,Low,No,2.1,Image Post,4,0.04
SOC001425,CUST1425,Instagram,56,121,38,Short Reels,High,Yes,7.4,Short Video,28,0.29
SOC001426,CUST1426,Twitter,19,31,7,Match Highlights,Medium,No,3.6,Carousel Post,8,0.09
SOC001427,CUST1427,Instagram,43,90,27,Memes,High,Yes,5.9,Short Video,20,0.23
SOC001428,CUST1428,YouTube,24,39,9,Tutorials,Medium,No,3.9,Long Video,9,0.10
SOC001429,CUST1429,Instagram,58,126,40,Short Reels,High,Yes,7.7,Short Video,29,0.30
SOC001430,CUST1430,Facebook,8,14,2,Player Interviews,Low,No,1.8,Image Post,3,0.03
SOC001431,CUST1431,Instagram,49,104,32,Memes,High,Yes,6.8,Short Video,24,0.27
SOC001432,CUST1432,YouTube,28,48,12,Match Analysis,Medium,Yes,4.5,Long Video,12,0.14
SOC001433,CUST1433,Instagram,63,136,44,Short Reels,High,Yes,8.3,Short Video,33,0.30
SOC001434,CUST1434,Twitter,14,23,5,Match Highlights,Low,No,2.8,Carousel Post,5,0.07
SOC001435,CUST1435,Instagram,54,118,36,Memes,High,Yes,7.2,Short Video,27,0.29
SOC001436,CUST1436,YouTube,30,52,14,Match Analysis,High,Yes,4.9,Long Video,14,0.15
SOC001437,CUST1437,Instagram,41,85,24,Short Reels,Medium,Yes,5.5,Short Video,18,0.22
SOC001438,CUST1438,Facebook,12,20,4,Player Interviews,Low,No,2.4,Image Post,5,0.05
SOC001439,CUST1439,Instagram,57,124,39,Memes,High,Yes,7.6,Short Video,29,0.30
SOC001440,CUST1440,Twitter,16,26,6,Match Highlights,Medium,No,3.3,Carousel Post,6,0.08
SOC001441,CUST1441,Instagram,46,96,29,Short Reels,High,Yes,6.3,Short Video,21,0.25
SOC001442,CUST1442,YouTube,27,46,11,Tutorials,Medium,Yes,4.3,Long Video,11,0.13
SOC001443,CUST1443,Instagram,60,130,41,Memes,High,Yes,7.9,Short Video,31,0.30
SOC001444,CUST1444,Facebook,11,18,3,Player Interviews,Low,No,2.2,Image Post,4,0.04
SOC001445,CUST1445,Instagram,55,120,37,Short Reels,High,Yes,7.3,Short Video,27,0.29
SOC001446,CUST1446,Twitter,18,29,7,Match Analysis,Medium,Yes,3.5,Carousel Post,7,0.09
SOC001447,CUST1447,Instagram,44,92,28,Memes,High,Yes,6.0,Short Video,20,0.24
SOC001448,CUST1448,YouTube,25,41,10,Tutorials,Medium,No,4.0,Long Video,10,0.11
SOC001449,CUST1449,Instagram,59,128,40,Short Reels,High,Yes,7.8,Short Video,30,0.30
SOC001450,CUST1450,Facebook,9,15,2,Player Interviews,Low,No,1.9,Image Post,3,0.03
SOC001451,CUST1451,Instagram,50,106,33,Memes,High,Yes,6.9,Short Video,24,0.27
SOC001452,CUST1452,YouTube,29,50,13,Match Analysis,High,Yes,4.7,Long Video,13,0.15
SOC001453,CUST1453,Instagram,62,134,43,Short Reels,High,Yes,8.2,Short Video,32,0.30
SOC001454,CUST1454,Twitter,15,24,5,Match Highlights,Low,No,3.0,Carousel Post,6,0.08
SOC001455,CUST1455,Instagram,53,116,35,Memes,High,Yes,7.1,Short Video,26,0.28
SOC001456,CUST1456,YouTube,31,53,14,Match Analysis,High,Yes,5.0,Long Video,14,0.15
SOC001457,CUST1457,Instagram,42,88,25,Short Reels,Medium,Yes,5.7,Short Video,19,0.22
SOC001458,CUST1458,Facebook,13,22,4,Player Interviews,Low,No,2.6,Image Post,5,0.05
SOC001459,CUST1459,Instagram,56,122,38,Memes,High,Yes,7.5,Short Video,28,0.29
SOC001460,CUST1460,Twitter,17,28,6,Match Highlights,Medium,No,3.4,Carousel Post,7,0.09
SOC001461,CUST1461,Instagram,47,99,30,Short Reels,High,Yes,6.5,Short Video,22,0.26
SOC001462,CUST1462,YouTube,26,45,11,Tutorials,Medium,Yes,4.2,Long Video,10,0.12
SOC001463,CUST1463,Instagram,61,133,42,Memes,High,Yes,8.1,Short Video,31,0.30
SOC001464,CUST1464,Facebook,10,17,3,Player Interviews,Low,No,2.1,Image Post,4,0.04
SOC001465,CUST1465,Instagram,55,119,37,Short Reels,High,Yes,7.3,Short Video,27,0.29
SOC001466,CUST1466,Twitter,19,30,7,Match Analysis,Medium,Yes,3.6,Carousel Post,8,0.10
SOC001467,CUST1467,Instagram,43,91,27,Memes,High,Yes,5.9,Short Video,20,0.23
SOC001468,CUST1468,YouTube,24,40,9,Tutorials,Medium,No,3.9,Long Video,9,0.10
SOC001469,CUST1469,Instagram,58,127,40,Short Reels,High,Yes,7.7,Short Video,30,0.30
SOC001470,CUST1470,Facebook,8,14,2,Player Interviews,Low,No,1.8,Image Post,3,0.03
SOC001471,CUST1471,Instagram,49,105,32,Memes,High,Yes,6.8,Short Video,24,0.27
SOC001472,CUST1472,YouTube,28,49,12,Match Analysis,Medium,Yes,4.5,Long Video,12,0.14
SOC001473,CUST1473,Instagram,63,137,44,Short Reels,High,Yes,8.3,Short Video,33,0.30
SOC001474,CUST1474,Twitter,14,23,5,Match Highlights,Low,No,2.8,Carousel Post,5,0.07
SOC001475,CUST1475,Instagram,54,117,36,Memes,High,Yes,7.2,Short Video,27,0.29
SOC001476,CUST1476,YouTube,30,51,14,Match Analysis,High,Yes,4.9,Long Video,14,0.15
SOC001477,CUST1477,Instagram,41,86,24,Short Reels,Medium,Yes,5.5,Short Video,18,0.22
SOC001478,CUST1478,Facebook,12,20,4,Player Interviews,Low,No,2.4,Image Post,5,0.05
SOC001479,CUST1479,Instagram,57,123,39,Memes,High,Yes,7.6,Short Video,29,0.30
SOC001480,CUST1480,Twitter,16,26,6,Match Highlights,Medium,No,3.3,Carousel Post,6,0.08
SOC001481,CUST1481,Instagram,46,97,29,Short Reels,High,Yes,6.3,Short Video,21,0.25
SOC001482,CUST1482,YouTube,27,47,11,Tutorials,Medium,Yes,4.3,Long Video,11,0.13
SOC001483,CUST1483,Instagram,60,129,41,Memes,High,Yes,7.9,Short Video,31,0.30
SOC001484,CUST1484,Facebook,11,18,3,Player Interviews,Low,No,2.2,Image Post,4,0.04
SOC001485,CUST1485,Instagram,55,121,37,Short Reels,High,Yes,7.3,Short Video,28,0.29
SOC001486,CUST1486,Twitter,18,29,7,Match Analysis,Medium,Yes,3.5,Carousel Post,7,0.09
SOC001487,CUST1487,Instagram,44,92,28,Memes,High,Yes,6.0,Short Video,20,0.24
SOC001488,CUST1488,YouTube,25,41,10,Tutorials,Medium,No,4.0,Long Video,10,0.11
SOC001489,CUST1489,Instagram,59,128,40,Short Reels,High,Yes,7.8,Short Video,30,0.30
SOC001490,CUST1490,Facebook,9,15,2,Player Interviews,Low,No,1.9,Image Post,3,0.03
SOC001491,CUST1491,Instagram,50,107,33,Memes,High,Yes,6.9,Short Video,24,0.27
SOC001492,CUST1492,YouTube,29,49,13,Match Analysis,High,Yes,4.7,Long Video,13,0.15
SOC001493,CUST1493,Instagram,62,135,43,Short Reels,High,Yes,8.2,Short Video,32,0.30
SOC001494,CUST1494,Twitter,15,24,5,Match Highlights,Low,No,3.0,Carousel Post,6,0.08
SOC001495,CUST1495,Instagram,53,115,35,Memes,High,Yes,7.1,Short Video,26,0.28
SOC001496,CUST1496,YouTube,31,54,14,Match Analysis,High,Yes,5.0,Long Video,14,0.15
SOC001497,CUST1497,Instagram,42,87,25,Short Reels,Medium,Yes,5.7,Short Video,19,0.22
SOC001498,CUST1498,Facebook,13,22,4,Player Interviews,Low,No,2.6,Image Post,5,0.05
SOC001499,CUST1499,Instagram,56,121,38,Memes,High,Yes,7.5,Short Video,28,0.29
SOC001500,CUST1500,Twitter,17,27,6,Match Highlights,Medium,No,3.4,Carousel Post,7,0.09
SOC001501,CUST1501,Instagram,48,102,31,Short Reels,High,Yes,6.6,Short Video,23,0.26
SOC001502,CUST1502,YouTube,27,46,11,Match Analysis,Medium,No,4.3,Long Video,10,0.12
SOC001503,CUST1503,Instagram,62,135,43,Memes,High,Yes,8.1,Short Video,32,0.30
SOC001504,CUST1504,Facebook,11,18,3,Player Interviews,Low,No,2.2,Image Post,4,0.04
SOC001505,CUST1505,Instagram,57,124,39,Short Reels,High,Yes,7.5,Short Video,29,0.29
SOC001506,CUST1506,Twitter,20,32,8,Match Highlights,Medium,No,3.7,Carousel Post,8,0.10
SOC001507,CUST1507,Instagram,44,94,28,Memes,High,Yes,6.0,Short Video,21,0.24
SOC001508,CUST1508,YouTube,25,40,9,Tutorials,Medium,No,4.0,Long Video,9,0.10
SOC001509,CUST1509,Instagram,59,129,41,Short Reels,High,Yes,7.8,Short Video,30,0.30
SOC001510,CUST1510,Facebook,9,15,2,Player Interviews,Low,No,1.9,Image Post,3,0.03
SOC001511,CUST1511,Instagram,50,108,33,Memes,High,Yes,6.9,Short Video,24,0.27
SOC001512,CUST1512,YouTube,29,51,13,Match Analysis,High,Yes,4.8,Long Video,13,0.15
SOC001513,CUST1513,Instagram,63,139,44,Short Reels,High,Yes,8.3,Short Video,33,0.30
SOC001514,CUST1514,Twitter,15,24,5,Match Highlights,Low,No,3.0,Carousel Post,6,0.08
SOC001515,CUST1515,Instagram,54,118,36,Memes,High,Yes,7.2,Short Video,27,0.29
SOC001516,CUST1516,YouTube,31,55,14,Match Analysis,High,Yes,5.0,Long Video,14,0.15
SOC001517,CUST1517,Instagram,42,89,25,Short Reels,Medium,Yes,5.7,Short Video,19,0.22
SOC001518,CUST1518,Facebook,13,21,4,Player Interviews,Low,No,2.5,Image Post,5,0.05
SOC001519,CUST1519,Instagram,58,126,40,Memes,High,Yes,7.7,Short Video,30,0.30
SOC001520,CUST1520,Twitter,17,27,6,Match Highlights,Medium,No,3.4,Carousel Post,7,0.09
SOC001521,CUST1521,Instagram,47,101,30,Short Reels,High,Yes,6.4,Short Video,22,0.26
SOC001522,CUST1522,YouTube,26,44,11,Tutorials,Medium,Yes,4.2,Long Video,10,0.12
SOC001523,CUST1523,Instagram,61,133,42,Memes,High,Yes,8.0,Short Video,31,0.30
SOC001524,CUST1524,Facebook,10,17,3,Player Interviews,Low,No,2.1,Image Post,4,0.04
SOC001525,CUST1525,Instagram,56,122,38,Short Reels,High,Yes,7.4,Short Video,28,0.29
SOC001526,CUST1526,Twitter,19,31,7,Match Analysis,Medium,Yes,3.6,Carousel Post,8,0.10
SOC001527,CUST1527,Instagram,43,92,27,Memes,High,Yes,5.9,Short Video,20,0.23
SOC001528,CUST1528,YouTube,24,39,9,Tutorials,Medium,No,3.9,Long Video,9,0.10
SOC001529,CUST1529,Instagram,58,127,40,Short Reels,High,Yes,7.7,Short Video,30,0.30
SOC001530,CUST1530,Facebook,8,14,2,Player Interviews,Low,No,1.8,Image Post,3,0.03
SOC001531,CUST1531,Instagram,49,106,32,Memes,High,Yes,6.8,Short Video,24,0.27
SOC001532,CUST1532,YouTube,28,49,12,Match Analysis,Medium,Yes,4.5,Long Video,12,0.14
SOC001533,CUST1533,Instagram,63,137,44,Short Reels,High,Yes,8.3,Short Video,33,0.30
SOC001534,CUST1534,Twitter,14,23,5,Match Highlights,Low,No,2.8,Carousel Post,5,0.07
SOC001535,CUST1535,Instagram,54,119,36,Memes,High,Yes,7.2,Short Video,27,0.29
SOC001536,CUST1536,YouTube,30,53,14,Match Analysis,High,Yes,4.9,Long Video,14,0.15
SOC001537,CUST1537,Instagram,41,87,24,Short Reels,Medium,Yes,5.5,Short Video,18,0.22
SOC001538,CUST1538,Facebook,12,20,4,Player Interviews,Low,No,2.4,Image Post,5,0.05
SOC001539,CUST1539,Instagram,57,125,39,Memes,High,Yes,7.6,Short Video,29,0.30
SOC001540,CUST1540,Twitter,16,26,6,Match Highlights,Medium,No,3.3,Carousel Post,6,0.08
SOC001541,CUST1541,Instagram,46,98,29,Short Reels,High,Yes,6.3,Short Video,21,0.25
SOC001542,CUST1542,YouTube,27,48,11,Tutorials,Medium,Yes,4.3,Long Video,11,0.13
SOC001543,CUST1543,Instagram,60,131,41,Memes,High,Yes,7.9,Short Video,31,0.30
SOC001544,CUST1544,Facebook,11,18,3,Player Interviews,Low,No,2.2,Image Post,4,0.04
SOC001545,CUST1545,Instagram,55,122,37,Short Reels,High,Yes,7.3,Short Video,28,0.29
SOC001546,CUST1546,Twitter,18,30,7,Match Analysis,Medium,Yes,3.5,Carousel Post,7,0.09
SOC001547,CUST1547,Instagram,44,93,28,Memes,High,Yes,6.0,Short Video,20,0.24
SOC001548,CUST1548,YouTube,25,42,10,Tutorials,Medium,No,4.0,Long Video,10,0.11
SOC001549,CUST1549,Instagram,59,130,40,Short Reels,High,Yes,7.8,Short Video,30,0.30
SOC001550,CUST1550,Facebook,9,15,2,Player Interviews,Low,No,1.9,Image Post,3,0.03
SOC001551,CUST1551,Instagram,50,109,33,Memes,High,Yes,6.9,Short Video,24,0.27
SOC001552,CUST1552,YouTube,29,51,13,Match Analysis,High,Yes,4.7,Long Video,13,0.15
SOC001553,CUST1553,Instagram,62,136,43,Short Reels,High,Yes,8.2,Short Video,32,0.30
SOC001554,CUST1554,Twitter,15,24,5,Match Highlights,Low,No,3.0,Carousel Post,6,0.08
SOC001555,CUST1555,Instagram,53,117,35,Memes,High,Yes,7.1,Short Video,26,0.28
SOC001556,CUST1556,YouTube,31,54,14,Match Analysis,High,Yes,5.0,Long Video,14,0.15
SOC001557,CUST1557,Instagram,42,88,25,Short Reels,Medium,Yes,5.7,Short Video,19,0.22
SOC001558,CUST1558,Facebook,13,22,4,Player Interviews,Low,No,2.6,Image Post,5,0.05
SOC001559,CUST1559,Instagram,56,123,38,Memes,High,Yes,7.5,Short Video,28,0.29
SOC001560,CUST1560,Twitter,17,28,6,Match Highlights,Medium,No,3.4,Carousel Post,7,0.09
SOC001561,CUST1561,Instagram,47,99,30,Short Reels,High,Yes,6.5,Short Video,22,0.26
SOC001562,CUST1562,YouTube,26,45,11,Tutorials,Medium,Yes,4.2,Long Video,10,0.12
SOC001563,CUST1563,Instagram,61,134,42,Memes,High,Yes,8.1,Short Video,31,0.30
SOC001564,CUST1564,Facebook,10,17,3,Player Interviews,Low,No,2.1,Image Post,4,0.04
SOC001565,CUST1565,Instagram,55,120,37,Short Reels,High,Yes,7.3,Short Video,27,0.29
SOC001566,CUST1566,Twitter,19,30,7,Match Analysis,Medium,Yes,3.6,Carousel Post,8,0.10
SOC001567,CUST1567,Instagram,43,91,27,Memes,High,Yes,5.9,Short Video,20,0.23
SOC001568,CUST1568,YouTube,24,40,9,Tutorials,Medium,No,3.9,Long Video,9,0.10
SOC001569,CUST1569,Instagram,58,127,40,Short Reels,High,Yes,7.7,Short Video,30,0.30
SOC001570,CUST1570,Facebook,8,14,2,Player Interviews,Low,No,1.8,Image Post,3,0.03
SOC001571,CUST1571,Instagram,49,105,32,Memes,High,Yes,6.8,Short Video,24,0.27
SOC001572,CUST1572,YouTube,28,49,12,Match Analysis,Medium,Yes,4.5,Long Video,12,0.14
SOC001573,CUST1573,Instagram,63,137,44,Short Reels,High,Yes,8.3,Short Video,33,0.30
SOC001574,CUST1574,Twitter,14,23,5,Match Highlights,Low,No,2.8,Carousel Post,5,0.07
SOC001575,CUST1575,Instagram,54,118,36,Memes,High,Yes,7.2,Short Video,27,0.29
SOC001576,CUST1576,YouTube,30,52,14,Match Analysis,High,Yes,4.9,Long Video,14,0.15
SOC001577,CUST1577,Instagram,41,86,24,Short Reels,Medium,Yes,5.5,Short Video,18,0.22
SOC001578,CUST1578,Facebook,12,20,4,Player Interviews,Low,No,2.4,Image Post,5,0.05
SOC001579,CUST1579,Instagram,57,123,39,Memes,High,Yes,7.6,Short Video,29,0.30
SOC001580,CUST1580,Twitter,16,26,6,Match Highlights,Medium,No,3.3,Carousel Post,6,0.08
SOC001581,CUST1581,Instagram,46,97,29,Short Reels,High,Yes,6.3,Short Video,21,0.25
SOC001582,CUST1582,YouTube,27,47,11,Tutorials,Medium,Yes,4.3,Long Video,11,0.13
SOC001583,CUST1583,Instagram,60,129,41,Memes,High,Yes,7.9,Short Video,31,0.30
SOC001584,CUST1584,Facebook,11,18,3,Player Interviews,Low,No,2.2,Image Post,4,0.04
SOC001585,CUST1585,Instagram,55,121,37,Short Reels,High,Yes,7.3,Short Video,28,0.29
SOC001586,CUST1586,Twitter,18,29,7,Match Analysis,Medium,Yes,3.5,Carousel Post,7,0.09
SOC001587,CUST1587,Instagram,44,92,28,Memes,High,Yes,6.0,Short Video,20,0.24
SOC001588,CUST1588,YouTube,25,41,10,Tutorials,Medium,No,4.0,Long Video,10,0.11
SOC001589,CUST1589,Instagram,59,128,40,Short Reels,High,Yes,7.8,Short Video,30,0.30
SOC001590,CUST1590,Facebook,9,15,2,Player Interviews,Low,No,1.9,Image Post,3,0.03
SOC001591,CUST1591,Instagram,50,107,33,Memes,High,Yes,6.9,Short Video,24,0.27
SOC001592,CUST1592,YouTube,29,50,13,Match Analysis,High,Yes,4.7,Long Video,13,0.15
SOC001593,CUST1593,Instagram,62,135,43,Short Reels,High,Yes,8.2,Short Video,32,0.30
SOC001594,CUST1594,Twitter,15,24,5,Match Highlights,Low,No,3.0,Carousel Post,6,0.08
SOC001595,CUST1595,Instagram,53,116,35,Memes,High,Yes,7.1,Short Video,26,0.28
SOC001596,CUST1596,YouTube,31,53,14,Match Analysis,High,Yes,5.0,Long Video,14,0.15
SOC001597,CUST1597,Instagram,42,88,25,Short Reels,Medium,Yes,5.7,Short Video,19,0.22
SOC001598,CUST1598,Facebook,13,22,4,Player Interviews,Low,No,2.6,Image Post,5,0.05
SOC001599,CUST1599,Instagram,56,122,38,Memes,High,Yes,7.5,Short Video,28,0.29
SOC001600,CUST1600,Twitter,17,28,6,Match Highlights,Medium,No,3.4,Carousel Post,7,0.09
SOC001601,CUST1601,Instagram,47,100,30,Short Reels,High,Yes,6.5,Short Video,22,0.26
SOC001602,CUST1602,YouTube,26,45,11,Tutorials,Medium,Yes,4.2,Long Video,10,0.12
SOC001603,CUST1603,Instagram,61,133,42,Memes,High,Yes,8.1,Short Video,31,0.30
SOC001604,CUST1604,Facebook,10,17,3,Player Interviews,Low,No,2.1,Image Post,4,0.04
SOC001605,CUST1605,Instagram,55,119,37,Short Reels,High,Yes,7.3,Short Video,27,0.29
SOC001606,CUST1606,Twitter,19,30,7,Match Analysis,Medium,Yes,3.6,Carousel Post,8,0.10
SOC001607,CUST1607,Instagram,43,91,27,Memes,High,Yes,5.9,Short Video,20,0.23
SOC001608,CUST1608,YouTube,24,40,9,Tutorials,Medium,No,3.9,Long Video,9,0.10
SOC001609,CUST1609,Instagram,58,127,40,Short Reels,High,Yes,7.7,Short Video,30,0.30
SOC001610,CUST1610,Facebook,8,14,2,Player Interviews,Low,No,1.8,Image Post,3,0.03
SOC001611,CUST1611,Instagram,49,105,32,Memes,High,Yes,6.8,Short Video,24,0.27
SOC001612,CUST1612,YouTube,28,49,12,Match Analysis,Medium,Yes,4.5,Long Video,12,0.14
SOC001613,CUST1613,Instagram,63,137,44,Short Reels,High,Yes,8.3,Short Video,33,0.30
SOC001614,CUST1614,Twitter,14,23,5,Match Highlights,Low,No,2.8,Carousel Post,5,0.07
SOC001615,CUST1615,Instagram,54,117,36,Memes,High,Yes,7.2,Short Video,27,0.29
SOC001616,CUST1616,YouTube,30,51,14,Match Analysis,High,Yes,4.9,Long Video,14,0.15
SOC001617,CUST1617,Instagram,41,86,24,Short Reels,Medium,Yes,5.5,Short Video,18,0.22
SOC001618,CUST1618,Facebook,12,20,4,Player Interviews,Low,No,2.4,Image Post,5,0.05
SOC001619,CUST1619,Instagram,57,123,39,Memes,High,Yes,7.6,Short Video,29,0.30
SOC001620,CUST1620,Twitter,16,26,6,Match Highlights,Medium,No,3.3,Carousel Post,6,0.08
SOC001621,CUST1621,Instagram,46,97,29,Short Reels,High,Yes,6.3,Short Video,21,0.25
SOC001622,CUST1622,YouTube,27,47,11,Tutorials,Medium,Yes,4.3,Long Video,11,0.13
SOC001623,CUST1623,Instagram,60,129,41,Memes,High,Yes,7.9,Short Video,31,0.30
SOC001624,CUST1624,Facebook,11,18,3,Player Interviews,Low,No,2.2,Image Post,4,0.04
SOC001625,CUST1625,Instagram,55,121,37,Short Reels,High,Yes,7.3,Short Video,28,0.29
SOC001626,CUST1626,Twitter,18,29,7,Match Analysis,Medium,Yes,3.5,Carousel Post,7,0.09
SOC001627,CUST1627,Instagram,44,92,28,Memes,High,Yes,6.0,Short Video,20,0.24
SOC001628,CUST1628,YouTube,25,41,10,Tutorials,Medium,No,4.0,Long Video,10,0.11
SOC001629,CUST1629,Instagram,59,128,40,Short Reels,High,Yes,7.8,Short Video,30,0.30
SOC001630,CUST1630,Facebook,9,15,2,Player Interviews,Low,No,1.9,Image Post,3,0.03
SOC001631,CUST1631,Instagram,50,107,33,Memes,High,Yes,6.9,Short Video,24,0.27
SOC001632,CUST1632,YouTube,29,49,13,Match Analysis,High,Yes,4.7,Long Video,13,0.15
SOC001633,CUST1633,Instagram,62,135,43,Short Reels,High,Yes,8.2,Short Video,32,0.30
SOC001634,CUST1634,Twitter,15,24,5,Match Highlights,Low,No,3.0,Carousel Post,6,0.08
SOC001635,CUST1635,Instagram,53,115,35,Memes,High,Yes,7.1,Short Video,26,0.28
SOC001636,CUST1636,YouTube,31,54,14,Match Analysis,High,Yes,5.0,Long Video,14,0.15
SOC001637,CUST1637,Instagram,42,87,25,Short Reels,Medium,Yes,5.7,Short Video,19,0.22
SOC001638,CUST1638,Facebook,13,22,4,Player Interviews,Low,No,2.6,Image Post,5,0.05
SOC001639,CUST1639,Instagram,56,121,38,Memes,High,Yes,7.5,Short Video,28,0.29
SOC001640,CUST1640,Twitter,17,27,6,Match Highlights,Medium,No,3.4,Carousel Post,7,0.09
SOC001641,CUST1641,Instagram,47,98,30,Short Reels,High,Yes,6.4,Short Video,22,0.26
SOC001642,CUST1642,YouTube,26,44,11,Match Analysis,Medium,No,4.2,Long Video,10,0.12
SOC001643,CUST1643,Instagram,61,132,42,Memes,High,Yes,8.0,Short Video,31,0.30
SOC001644,CUST1644,Facebook,10,17,3,Player Interviews,Low,No,2.1,Image Post,4,0.04
SOC001645,CUST1645,Instagram,56,121,38,Short Reels,High,Yes,7.4,Short Video,28,0.29
SOC001646,CUST1646,Twitter,19,31,7,Match Highlights,Medium,No,3.6,Carousel Post,8,0.09
SOC001647,CUST1647,Instagram,43,90,27,Memes,High,Yes,5.9,Short Video,20,0.23
SOC001648,CUST1648,YouTube,24,39,9,Tutorials,Medium,No,3.9,Long Video,9,0.10
SOC001649,CUST1649,Instagram,58,126,40,Short Reels,High,Yes,7.7,Short Video,29,0.30
SOC001650,CUST1650,Facebook,8,14,2,Player Interviews,Low,No,1.8,Image Post,3,0.03
SOC001651,CUST1651,Instagram,49,104,32,Memes,High,Yes,6.8,Short Video,24,0.27
SOC001652,CUST1652,YouTube,28,48,12,Match Analysis,Medium,Yes,4.5,Long Video,12,0.14
SOC001653,CUST1653,Instagram,63,136,44,Short Reels,High,Yes,8.3,Short Video,33,0.30
SOC001654,CUST1654,Twitter,14,23,5,Match Highlights,Low,No,2.8,Carousel Post,5,0.07
SOC001655,CUST1655,Instagram,54,118,36,Memes,High,Yes,7.2,Short Video,27,0.29
SOC001656,CUST1656,YouTube,30,52,14,Match Analysis,High,Yes,4.9,Long Video,14,0.15
SOC001657,CUST1657,Instagram,41,85,24,Short Reels,Medium,Yes,5.5,Short Video,18,0.22
SOC001658,CUST1658,Facebook,12,20,4,Player Interviews,Low,No,2.4,Image Post,5,0.05
SOC001659,CUST1659,Instagram,57,124,39,Memes,High,Yes,7.6,Short Video,29,0.30
SOC001660,CUST1660,Twitter,16,26,6,Match Highlights,Medium,No,3.3,Carousel Post,6,0.08
SOC001661,CUST1661,Instagram,46,96,29,Short Reels,High,Yes,6.3,Short Video,21,0.25
SOC001662,CUST1662,YouTube,27,46,11,Tutorials,Medium,Yes,4.3,Long Video,11,0.13
SOC001663,CUST1663,Instagram,60,130,41,Memes,High,Yes,7.9,Short Video,31,0.30
SOC001664,CUST1664,Facebook,11,18,3,Player Interviews,Low,No,2.2,Image Post,4,0.04
SOC001665,CUST1665,Instagram,55,120,37,Short Reels,High,Yes,7.3,Short Video,27,0.29
SOC001666,CUST1666,Twitter,18,29,7,Match Analysis,Medium,Yes,3.5,Carousel Post,7,0.09
SOC001667,CUST1667,Instagram,44,92,28,Memes,High,Yes,6.0,Short Video,20,0.24
SOC001668,CUST1668,YouTube,25,41,10,Tutorials,Medium,No,4.0,Long Video,10,0.11
SOC001669,CUST1669,Instagram,59,128,40,Short Reels,High,Yes,7.8,Short Video,30,0.30
SOC001670,CUST1670,Facebook,9,15,2,Player Interviews,Low,No,1.9,Image Post,3,0.03
SOC001671,CUST1671,Instagram,50,106,33,Memes,High,Yes,6.9,Short Video,24,0.27
SOC001672,CUST1672,YouTube,29,50,13,Match Analysis,High,Yes,4.7,Long Video,13,0.15
SOC001673,CUST1673,Instagram,62,134,43,Short Reels,High,Yes,8.2,Short Video,32,0.30
SOC001674,CUST1674,Twitter,15,24,5,Match Highlights,Low,No,3.0,Carousel Post,6,0.08
SOC001675,CUST1675,Instagram,53,116,35,Memes,High,Yes,7.1,Short Video,26,0.28
SOC001676,CUST1676,YouTube,31,53,14,Match Analysis,High,Yes,5.0,Long Video,14,0.15
SOC001677,CUST1677,Instagram,42,88,25,Short Reels,Medium,Yes,5.7,Short Video,19,0.22
SOC001678,CUST1678,Facebook,13,22,4,Player Interviews,Low,No,2.6,Image Post,5,0.05
SOC001679,CUST1679,Instagram,56,122,38,Memes,High,Yes,7.5,Short Video,28,0.29
SOC001680,CUST1680,Twitter,17,28,6,Match Highlights,Medium,No,3.4,Carousel Post,7,0.09
SOC001681,CUST1681,Instagram,47,99,30,Short Reels,High,Yes,6.5,Short Video,22,0.26
SOC001682,CUST1682,YouTube,26,45,11,Tutorials,Medium,Yes,4.2,Long Video,10,0.12
SOC001683,CUST1683,Instagram,61,133,42,Memes,High,Yes,8.1,Short Video,31,0.30
SOC001684,CUST1684,Facebook,10,17,3,Player Interviews,Low,No,2.1,Image Post,4,0.04
SOC001685,CUST1685,Instagram,55,119,37,Short Reels,High,Yes,7.3,Short Video,27,0.29
SOC001686,CUST1686,Twitter,19,30,7,Match Analysis,Medium,Yes,3.6,Carousel Post,8,0.10
SOC001687,CUST1687,Instagram,43,91,27,Memes,High,Yes,5.9,Short Video,20,0.23
SOC001688,CUST1688,YouTube,24,40,9,Tutorials,Medium,No,3.9,Long Video,9,0.10
SOC001689,CUST1689,Instagram,58,127,40,Short Reels,High,Yes,7.7,Short Video,30,0.30
SOC001690,CUST1690,Facebook,8,14,2,Player Interviews,Low,No,1.8,Image Post,3,0.03
SOC001691,CUST1691,Instagram,49,105,32,Memes,High,Yes,6.8,Short Video,24,0.27
SOC001692,CUST1692,YouTube,28,49,12,Match Analysis,Medium,Yes,4.5,Long Video,12,0.14
SOC001693,CUST1693,Instagram,63,137,44,Short Reels,High,Yes,8.3,Short Video,33,0.30
SOC001694,CUST1694,Twitter,14,23,5,Match Highlights,Low,No,2.8,Carousel Post,5,0.07
SOC001695,CUST1695,Instagram,54,117,36,Memes,High,Yes,7.2,Short Video,27,0.29
SOC001696,CUST1696,YouTube,30,51,14,Match Analysis,High,Yes,4.9,Long Video,14,0.15
SOC001697,CUST1697,Instagram,41,86,24,Short Reels,Medium,Yes,5.5,Short Video,18,0.22
SOC001698,CUST1698,Facebook,12,20,4,Player Interviews,Low,No,2.4,Image Post,5,0.05
SOC001699,CUST1699,Instagram,57,123,39,Memes,High,Yes,7.6,Short Video,29,0.30
SOC001700,CUST1700,Twitter,16,26,6,Match Highlights,Medium,No,3.3,Carousel Post,6,0.08
SOC001701,CUST1701,Instagram,46,97,29,Short Reels,High,Yes,6.3,Short Video,21,0.25
SOC001702,CUST1702,YouTube,27,47,11,Tutorials,Medium,Yes,4.3,Long Video,11,0.13
SOC001703,CUST1703,Instagram,60,129,41,Memes,High,Yes,7.9,Short Video,31,0.30
SOC001704,CUST1704,Facebook,11,18,3,Player Interviews,Low,No,2.2,Image Post,4,0.04
SOC001705,CUST1705,Instagram,55,121,37,Short Reels,High,Yes,7.3,Short Video,28,0.29
SOC001706,CUST1706,Twitter,18,29,7,Match Analysis,Medium,Yes,3.5,Carousel Post,7,0.09
SOC001707,CUST1707,Instagram,44,93,28,Memes,High,Yes,6.0,Short Video,20,0.24
SOC001708,CUST1708,YouTube,25,42,10,Tutorials,Medium,No,4.0,Long Video,10,0.11
SOC001709,CUST1709,Instagram,59,127,40,Short Reels,High,Yes,7.8,Short Video,30,0.30
SOC001710,CUST1710,Facebook,9,15,2,Player Interviews,Low,No,1.9,Image Post,3,0.03
SOC001711,CUST1711,Instagram,50,107,33,Memes,High,Yes,6.9,Short Video,24,0.27
SOC001712,CUST1712,YouTube,29,49,13,Match Analysis,High,Yes,4.7,Long Video,13,0.15
SOC001713,CUST1713,Instagram,62,135,43,Short Reels,High,Yes,8.2,Short Video,32,0.30
SOC001714,CUST1714,Twitter,15,24,5,Match Highlights,Low,No,3.0,Carousel Post,6,0.08
SOC001715,CUST1715,Instagram,53,115,35,Memes,High,Yes,7.1,Short Video,26,0.28
SOC001716,CUST1716,YouTube,31,54,14,Match Analysis,High,Yes,5.0,Long Video,14,0.15
SOC001717,CUST1717,Instagram,42,87,25,Short Reels,Medium,Yes,5.7,Short Video,19,0.22
SOC001718,CUST1718,Facebook,13,22,4,Player Interviews,Low,No,2.6,Image Post,5,0.05
SOC001719,CUST1719,Instagram,56,121,38,Memes,High,Yes,7.5,Short Video,28,0.29
SOC001720,CUST1720,Twitter,17,27,6,Match Highlights,Medium,No,3.4,Carousel Post,7,0.09
SOC001721,CUST1721,Instagram,47,98,30,Short Reels,High,Yes,6.4,Short Video,22,0.26
SOC001722,CUST1722,YouTube,26,44,11,Match Analysis,Medium,No,4.2,Long Video,10,0.12
SOC001723,CUST1723,Instagram,61,132,42,Memes,High,Yes,8.0,Short Video,31,0.30
SOC001724,CUST1724,Facebook,10,17,3,Player Interviews,Low,No,2.1,Image Post,4,0.04
SOC001725,CUST1725,Instagram,56,121,38,Short Reels,High,Yes,7.4,Short Video,28,0.29
SOC001726,CUST1726,Twitter,19,31,7,Match Highlights,Medium,No,3.6,Carousel Post,8,0.09
SOC001727,CUST1727,Instagram,43,90,27,Memes,High,Yes,5.9,Short Video,20,0.23
SOC001728,CUST1728,YouTube,24,39,9,Tutorials,Medium,No,3.9,Long Video,9,0.10
SOC001729,CUST1729,Instagram,58,126,40,Short Reels,High,Yes,7.7,Short Video,29,0.30
SOC001730,CUST1730,Facebook,8,14,2,Player Interviews,Low,No,1.8,Image Post,3,0.03
SOC001731,CUST1731,Instagram,49,104,32,Memes,High,Yes,6.8,Short Video,24,0.27
SOC001732,CUST1732,YouTube,28,48,12,Match Analysis,Medium,Yes,4.5,Long Video,12,0.14
SOC001733,CUST1733,Instagram,63,136,44,Short Reels,High,Yes,8.3,Short Video,33,0.30
SOC001734,CUST1734,Twitter,14,23,5,Match Highlights,Low,No,2.8,Carousel Post,5,0.07
SOC001735,CUST1735,Instagram,54,118,36,Memes,High,Yes,7.2,Short Video,27,0.29
SOC001736,CUST1736,YouTube,30,52,14,Match Analysis,High,Yes,4.9,Long Video,14,0.15
SOC001737,CUST1737,Instagram,41,85,24,Short Reels,Medium,Yes,5.5,Short Video,18,0.22
SOC001738,CUST1738,Facebook,12,20,4,Player Interviews,Low,No,2.4,Image Post,5,0.05
SOC001739,CUST1739,Instagram,57,124,39,Memes,High,Yes,7.6,Short Video,29,0.30
SOC001740,CUST1740,Twitter,16,26,6,Match Highlights,Medium,No,3.3,Carousel Post,6,0.08
SOC001741,CUST1741,Instagram,46,96,29,Short Reels,High,Yes,6.3,Short Video,21,0.25
SOC001742,CUST1742,YouTube,27,46,11,Tutorials,Medium,Yes,4.3,Long Video,11,0.13
SOC001743,CUST1743,Instagram,60,130,41,Memes,High,Yes,7.9,Short Video,31,0.30
SOC001744,CUST1744,Facebook,11,18,3,Player Interviews,Low,No,2.2,Image Post,4,0.04
SOC001745,CUST1745,Instagram,55,120,37,Short Reels,High,Yes,7.3,Short Video,27,0.29
SOC001746,CUST1746,Twitter,18,29,7,Match Analysis,Medium,Yes,3.5,Carousel Post,7,0.09
SOC001747,CUST1747,Instagram,44,92,28,Memes,High,Yes,6.0,Short Video,20,0.24
SOC001748,CUST1748,YouTube,25,41,10,Tutorials,Medium,No,4.0,Long Video,10,0.11
SOC001749,CUST1749,Instagram,59,128,40,Short Reels,High,Yes,7.8,Short Video,30,0.30
SOC001750,CUST1750,Facebook,9,15,2,Player Interviews,Low,No,1.9,Image Post,3,0.03
SOC001751,CUST1751,Instagram,50,106,33,Memes,High,Yes,6.9,Short Video,24,0.27
SOC001752,CUST1752,YouTube,29,50,13,Match Analysis,High,Yes,4.7,Long Video,13,0.15
SOC001753,CUST1753,Instagram,62,134,43,Short Reels,High,Yes,8.2,Short Video,32,0.30
SOC001754,CUST1754,Twitter,15,24,5,Match Highlights,Low,No,3.0,Carousel Post,6,0.08
SOC001755,CUST1755,Instagram,53,116,35,Memes,High,Yes,7.1,Short Video,26,0.28
SOC001756,CUST1756,YouTube,31,53,14,Match Analysis,High,Yes,5.0,Long Video,14,0.15
SOC001757,CUST1757,Instagram,42,88,25,Short Reels,Medium,Yes,5.7,Short Video,19,0.22
SOC001758,CUST1758,Facebook,13,22,4,Player Interviews,Low,No,2.6,Image Post,5,0.05
SOC001759,CUST1759,Instagram,56,122,38,Memes,High,Yes,7.5,Short Video,28,0.29
SOC001760,CUST1760,Twitter,17,28,6,Match Highlights,Medium,No,3.4,Carousel Post,7,0.09
SOC001761,CUST1761,Instagram,47,99,30,Short Reels,High,Yes,6.5,Short Video,22,0.26
SOC001762,CUST1762,YouTube,26,45,11,Tutorials,Medium,Yes,4.2,Long Video,10,0.12
SOC001763,CUST1763,Instagram,61,133,42,Memes,High,Yes,8.1,Short Video,31,0.30
SOC001764,CUST1764,Facebook,10,17,3,Player Interviews,Low,No,2.1,Image Post,4,0.04
SOC001765,CUST1765,Instagram,55,119,37,Short Reels,High,Yes,7.3,Short Video,27,0.29
SOC001766,CUST1766,Twitter,19,30,7,Match Analysis,Medium,Yes,3.6,Carousel Post,8,0.10
SOC001767,CUST1767,Instagram,43,91,27,Memes,High,Yes,5.9,Short Video,20,0.23
SOC001768,CUST1768,YouTube,24,40,9,Tutorials,Medium,No,3.9,Long Video,9,0.10
SOC001769,CUST1769,Instagram,58,127,40,Short Reels,High,Yes,7.7,Short Video,30,0.30
SOC001770,CUST1770,Facebook,8,14,2,Player Interviews,Low,No,1.8,Image Post,3,0.03
SOC001771,CUST1771,Instagram,49,105,32,Memes,High,Yes,6.8,Short Video,24,0.27
SOC001772,CUST1772,YouTube,28,49,12,Match Analysis,Medium,Yes,4.5,Long Video,12,0.14
SOC001773,CUST1773,Instagram,63,137,44,Short Reels,High,Yes,8.3,Short Video,33,0.30
SOC001774,CUST1774,Twitter,14,23,5,Match Highlights,Low,No,2.8,Carousel Post,5,0.07
SOC001775,CUST1775,Instagram,54,117,36,Memes,High,Yes,7.2,Short Video,27,0.29
SOC001776,CUST1776,YouTube,30,51,14,Match Analysis,High,Yes,4.9,Long Video,14,0.15
SOC001777,CUST1777,Instagram,41,86,24,Short Reels,Medium,Yes,5.5,Short Video,18,0.22
SOC001778,CUST1778,Facebook,12,20,4,Player Interviews,Low,No,2.4,Image Post,5,0.05
SOC001779,CUST1779,Instagram,57,123,39,Memes,High,Yes,7.6,Short Video,29,0.30
SOC001780,CUST1780,Twitter,16,26,6,Match Highlights,Medium,No,3.3,Carousel Post,6,0.08
SOC001781,CUST1781,Instagram,46,97,29,Short Reels,High,Yes,6.3,Short Video,21,0.25
SOC001782,CUST1782,YouTube,27,47,11,Tutorials,Medium,Yes,4.3,Long Video,11,0.13
SOC001783,CUST1783,Instagram,60,129,41,Memes,High,Yes,7.9,Short Video,31,0.30
SOC001784,CUST1784,Facebook,11,18,3,Player Interviews,Low,No,2.2,Image Post,4,0.04
SOC001785,CUST1785,Instagram,55,121,37,Short Reels,High,Yes,7.3,Short Video,28,0.29
SOC001786,CUST1786,Twitter,18,29,7,Match Analysis,Medium,Yes,3.5,Carousel Post,7,0.09
SOC001787,CUST1787,Instagram,44,93,28,Memes,High,Yes,6.0,Short Video,20,0.24
SOC001788,CUST1788,YouTube,25,42,10,Tutorials,Medium,No,4.0,Long Video,10,0.11
SOC001789,CUST1789,Instagram,59,127,40,Short Reels,High,Yes,7.8,Short Video,30,0.30
SOC001790,CUST1790,Facebook,9,15,2,Player Interviews,Low,No,1.9,Image Post,3,0.03
SOC001791,CUST1791,Instagram,50,107,33,Memes,High,Yes,6.9,Short Video,24,0.27
SOC001792,CUST1792,YouTube,29,49,13,Match Analysis,High,Yes,4.7,Long Video,13,0.15
SOC001793,CUST1793,Instagram,62,135,43,Short Reels,High,Yes,8.2,Short Video,32,0.30
SOC001794,CUST1794,Twitter,15,24,5,Match Highlights,Low,No,3.0,Carousel Post,6,0.08
SOC001795,CUST1795,Instagram,53,115,35,Memes,High,Yes,7.1,Short Video,26,0.28
SOC001796,CUST1796,YouTube,31,54,14,Match Analysis,High,Yes,5.0,Long Video,14,0.15
SOC001797,CUST1797,Instagram,42,87,25,Short Reels,Medium,Yes,5.7,Short Video,19,0.22
SOC001798,CUST1798,Facebook,13,22,4,Player Interviews,Low,No,2.6,Image Post,5,0.05
SOC001799,CUST1799,Instagram,56,121,38,Memes,High,Yes,7.5,Short Video,28,0.29
SOC001800,CUST1800,Twitter,17,27,6,Match Highlights,Medium,No,3.4,Carousel Post,7,0.09
SOC001801,CUST1801,Instagram,48,103,31,Short Reels,High,Yes,6.6,Short Video,23,0.26
SOC001802,CUST1802,YouTube,27,46,11,Match Analysis,Medium,No,4.3,Long Video,10,0.12
SOC001803,CUST1803,Instagram,62,136,43,Memes,High,Yes,8.1,Short Video,32,0.30
SOC001804,CUST1804,Facebook,11,18,3,Player Interviews,Low,No,2.2,Image Post,4,0.04
SOC001805,CUST1805,Instagram,57,124,39,Short Reels,High,Yes,7.5,Short Video,29,0.29
SOC001806,CUST1806,Twitter,20,33,8,Match Highlights,Medium,No,3.7,Carousel Post,8,0.10
SOC001807,CUST1807,Instagram,44,94,28,Memes,High,Yes,6.0,Short Video,21,0.24
SOC001808,CUST1808,YouTube,25,40,9,Tutorials,Medium,No,4.0,Long Video,9,0.10
SOC001809,CUST1809,Instagram,59,129,41,Short Reels,High,Yes,7.8,Short Video,30,0.30
SOC001810,CUST1810,Facebook,9,15,2,Player Interviews,Low,No,1.9,Image Post,3,0.03
SOC001811,CUST1811,Instagram,50,108,33,Memes,High,Yes,6.9,Short Video,24,0.27
SOC001812,CUST1812,YouTube,29,51,13,Match Analysis,High,Yes,4.8,Long Video,13,0.15
SOC001813,CUST1813,Instagram,63,139,44,Short Reels,High,Yes,8.3,Short Video,33,0.30
SOC001814,CUST1814,Twitter,15,24,5,Match Highlights,Low,No,3.0,Carousel Post,6,0.08
SOC001815,CUST1815,Instagram,54,118,36,Memes,High,Yes,7.2,Short Video,27,0.29
SOC001816,CUST1816,YouTube,31,55,14,Match Analysis,High,Yes,5.0,Long Video,14,0.15
SOC001817,CUST1817,Instagram,42,89,25,Short Reels,Medium,Yes,5.7,Short Video,19,0.22
SOC001818,CUST1818,Facebook,13,21,4,Player Interviews,Low,No,2.5,Image Post,5,0.05
SOC001819,CUST1819,Instagram,58,126,40,Memes,High,Yes,7.7,Short Video,30,0.30
SOC001820,CUST1820,Twitter,17,27,6,Match Highlights,Medium,No,3.4,Carousel Post,7,0.09
SOC001821,CUST1821,Instagram,47,101,30,Short Reels,High,Yes,6.4,Short Video,22,0.26
SOC001822,CUST1822,YouTube,26,44,11,Tutorials,Medium,Yes,4.2,Long Video,10,0.12
SOC001823,CUST1823,Instagram,61,133,42,Memes,High,Yes,8.0,Short Video,31,0.30
SOC001824,CUST1824,Facebook,10,17,3,Player Interviews,Low,No,2.1,Image Post,4,0.04
SOC001825,CUST1825,Instagram,56,122,38,Short Reels,High,Yes,7.4,Short Video,28,0.29
SOC001826,CUST1826,Twitter,19,31,7,Match Analysis,Medium,Yes,3.6,Carousel Post,8,0.10
SOC001827,CUST1827,Instagram,43,92,27,Memes,High,Yes,5.9,Short Video,20,0.23
SOC001828,CUST1828,YouTube,24,39,9,Tutorials,Medium,No,3.9,Long Video,9,0.10
SOC001829,CUST1829,Instagram,58,127,40,Short Reels,High,Yes,7.7,Short Video,30,0.30
SOC001830,CUST1830,Facebook,8,14,2,Player Interviews,Low,No,1.8,Image Post,3,0.03
SOC001831,CUST1831,Instagram,49,106,32,Memes,High,Yes,6.8,Short Video,24,0.27
SOC001832,CUST1832,YouTube,28,49,12,Match Analysis,Medium,Yes,4.5,Long Video,12,0.14
SOC001833,CUST1833,Instagram,63,137,44,Short Reels,High,Yes,8.3,Short Video,33,0.30
SOC001834,CUST1834,Twitter,14,23,5,Match Highlights,Low,No,2.8,Carousel Post,5,0.07
SOC001835,CUST1835,Instagram,54,119,36,Memes,High,Yes,7.2,Short Video,27,0.29
SOC001836,CUST1836,YouTube,30,53,14,Match Analysis,High,Yes,4.9,Long Video,14,0.15
SOC001837,CUST1837,Instagram,41,87,24,Short Reels,Medium,Yes,5.5,Short Video,18,0.22
SOC001838,CUST1838,Facebook,12,20,4,Player Interviews,Low,No,2.4,Image Post,5,0.05
SOC001839,CUST1839,Instagram,57,125,39,Memes,High,Yes,7.6,Short Video,29,0.30
SOC001840,CUST1840,Twitter,16,26,6,Match Highlights,Medium,No,3.3,Carousel Post,6,0.08
SOC001841,CUST1841,Instagram,46,98,29,Short Reels,High,Yes,6.3,Short Video,21,0.25
SOC001842,CUST1842,YouTube,27,48,11,Tutorials,Medium,Yes,4.3,Long Video,11,0.13
SOC001843,CUST1843,Instagram,60,131,41,Memes,High,Yes,7.9,Short Video,31,0.30
SOC001844,CUST1844,Facebook,11,18,3,Player Interviews,Low,No,2.2,Image Post,4,0.04
SOC001845,CUST1845,Instagram,55,122,37,Short Reels,High,Yes,7.3,Short Video,28,0.29
SOC001846,CUST1846,Twitter,18,30,7,Match Analysis,Medium,Yes,3.5,Carousel Post,7,0.09
SOC001847,CUST1847,Instagram,44,93,28,Memes,High,Yes,6.0,Short Video,20,0.24
SOC001848,CUST1848,YouTube,25,42,10,Tutorials,Medium,No,4.0,Long Video,10,0.11
SOC001849,CUST1849,Instagram,59,130,40,Short Reels,High,Yes,7.8,Short Video,30,0.30
SOC001850,CUST1850,Facebook,9,15,2,Player Interviews,Low,No,1.9,Image Post,3,0.03
SOC001851,CUST1851,Instagram,50,109,33,Memes,High,Yes,6.9,Short Video,24,0.27
SOC001852,CUST1852,YouTube,29,51,13,Match Analysis,High,Yes,4.7,Long Video,13,0.15
SOC001853,CUST1853,Instagram,62,136,43,Short Reels,High,Yes,8.2,Short Video,32,0.30
SOC001854,CUST1854,Twitter,15,24,5,Match Highlights,Low,No,3.0,Carousel Post,6,0.08
SOC001855,CUST1855,Instagram,53,117,35,Memes,High,Yes,7.1,Short Video,26,0.28
SOC001856,CUST1856,YouTube,31,54,14,Match Analysis,High,Yes,5.0,Long Video,14,0.15
SOC001857,CUST1857,Instagram,42,88,25,Short Reels,Medium,Yes,5.7,Short Video,19,0.22
SOC001858,CUST1858,Facebook,13,22,4,Player Interviews,Low,No,2.6,Image Post,5,0.05
SOC001859,CUST1859,Instagram,56,123,38,Memes,High,Yes,7.5,Short Video,28,0.29
SOC001860,CUST1860,Twitter,17,28,6,Match Highlights,Medium,No,3.4,Carousel Post,7,0.09
SOC001861,CUST1861,Instagram,47,99,30,Short Reels,High,Yes,6.5,Short Video,22,0.26
SOC001862,CUST1862,YouTube,26,45,11,Tutorials,Medium,Yes,4.2,Long Video,10,0.12
SOC001863,CUST1863,Instagram,61,134,42,Memes,High,Yes,8.1,Short Video,31,0.30
SOC001864,CUST1864,Facebook,10,17,3,Player Interviews,Low,No,2.1,Image Post,4,0.04
SOC001865,CUST1865,Instagram,55,120,37,Short Reels,High,Yes,7.3,Short Video,27,0.29
SOC001866,CUST1866,Twitter,19,30,7,Match Analysis,Medium,Yes,3.6,Carousel Post,8,0.10
SOC001867,CUST1867,Instagram,43,91,27,Memes,High,Yes,5.9,Short Video,20,0.23
SOC001868,CUST1868,YouTube,24,40,9,Tutorials,Medium,No,3.9,Long Video,9,0.10
SOC001869,CUST1869,Instagram,58,127,40,Short Reels,High,Yes,7.7,Short Video,30,0.30
SOC001870,CUST1870,Facebook,8,14,2,Player Interviews,Low,No,1.8,Image Post,3,0.03
SOC001871,CUST1871,Instagram,49,105,32,Memes,High,Yes,6.8,Short Video,24,0.27
SOC001872,CUST1872,YouTube,28,49,12,Match Analysis,Medium,Yes,4.5,Long Video,12,0.14
SOC001873,CUST1873,Instagram,63,137,44,Short Reels,High,Yes,8.3,Short Video,33,0.30
SOC001874,CUST1874,Twitter,14,23,5,Match Highlights,Low,No,2.8,Carousel Post,5,0.07
SOC001875,CUST1875,Instagram,54,118,36,Memes,High,Yes,7.2,Short Video,27,0.29
SOC001876,CUST1876,YouTube,30,52,14,Match Analysis,High,Yes,4.9,Long Video,14,0.15
SOC001877,CUST1877,Instagram,41,86,24,Short Reels,Medium,Yes,5.5,Short Video,18,0.22
SOC001878,CUST1878,Facebook,12,20,4,Player Interviews,Low,No,2.4,Image Post,5,0.05
SOC001879,CUST1879,Instagram,57,123,39,Memes,High,Yes,7.6,Short Video,29,0.30
SOC001880,CUST1880,Twitter,16,26,6,Match Highlights,Medium,No,3.3,Carousel Post,6,0.08
SOC001881,CUST1881,Instagram,46,97,29,Short Reels,High,Yes,6.3,Short Video,21,0.25
SOC001882,CUST1882,YouTube,27,47,11,Tutorials,Medium,Yes,4.3,Long Video,11,0.13
SOC001883,CUST1883,Instagram,60,129,41,Memes,High,Yes,7.9,Short Video,31,0.30
SOC001884,CUST1884,Facebook,11,18,3,Player Interviews,Low,No,2.2,Image Post,4,0.04
SOC001885,CUST1885,Instagram,55,121,37,Short Reels,High,Yes,7.3,Short Video,28,0.29
SOC001886,CUST1886,Twitter,18,29,7,Match Analysis,Medium,Yes,3.5,Carousel Post,7,0.09
SOC001887,CUST1887,Instagram,44,92,28,Memes,High,Yes,6.0,Short Video,20,0.24
SOC001888,CUST1888,YouTube,25,41,10,Tutorials,Medium,No,4.0,Long Video,10,0.11
SOC001889,CUST1889,Instagram,59,128,40,Short Reels,High,Yes,7.8,Short Video,30,0.30
SOC001890,CUST1890,Facebook,9,15,2,Player Interviews,Low,No,1.9,Image Post,3,0.03
SOC001891,CUST1891,Instagram,50,107,33,Memes,High,Yes,6.9,Short Video,24,0.27
SOC001892,CUST1892,YouTube,29,50,13,Match Analysis,High,Yes,4.7,Long Video,13,0.15
SOC001893,CUST1893,Instagram,62,135,43,Short Reels,High,Yes,8.2,Short Video,32,0.30
SOC001894,CUST1894,Twitter,15,24,5,Match Highlights,Low,No,3.0,Carousel Post,6,0.08
SOC001895,CUST1895,Instagram,53,116,35,Memes,High,Yes,7.1,Short Video,26,0.28
SOC001896,CUST1896,YouTube,31,53,14,Match Analysis,High,Yes,5.0,Long Video,14,0.15
SOC001897,CUST1897,Instagram,42,88,25,Short Reels,Medium,Yes,5.7,Short Video,19,0.22
SOC001898,CUST1898,Facebook,13,22,4,Player Interviews,Low,No,2.6,Image Post,5,0.05
SOC001899,CUST1899,Instagram,56,122,38,Memes,High,Yes,7.5,Short Video,28,0.29
SOC001900,CUST1900,Twitter,17,28,6,Match Highlights,Medium,No,3.4,Carousel Post,7,0.09
SOC001901,CUST1901,Instagram,47,100,30,Short Reels,High,Yes,6.5,Short Video,22,0.26
SOC001902,CUST1902,YouTube,26,45,11,Tutorials,Medium,Yes,4.2,Long Video,10,0.12
SOC001903,CUST1903,Instagram,61,133,42,Memes,High,Yes,8.1,Short Video,31,0.30
SOC001904,CUST1904,Facebook,10,17,3,Player Interviews,Low,No,2.1,Image Post,4,0.04
SOC001905,CUST1905,Instagram,55,119,37,Short Reels,High,Yes,7.3,Short Video,27,0.29
SOC001906,CUST1906,Twitter,19,30,7,Match Analysis,Medium,Yes,3.6,Carousel Post,8,0.10
SOC001907,CUST1907,Instagram,43,91,27,Memes,High,Yes,5.9,Short Video,20,0.23
SOC001908,CUST1908,YouTube,24,40,9,Tutorials,Medium,No,3.9,Long Video,9,0.10
SOC001909,CUST1909,Instagram,58,127,40,Short Reels,High,Yes,7.7,Short Video,30,0.30
SOC001910,CUST1910,Facebook,8,14,2,Player Interviews,Low,No,1.8,Image Post,3,0.03
SOC001911,CUST1911,Instagram,49,105,32,Memes,High,Yes,6.8,Short Video,24,0.27
SOC001912,CUST1912,YouTube,28,49,12,Match Analysis,Medium,Yes,4.5,Long Video,12,0.14
SOC001913,CUST1913,Instagram,63,137,44,Short Reels,High,Yes,8.3,Short Video,33,0.30
SOC001914,CUST1914,Twitter,14,23,5,Match Highlights,Low,No,2.8,Carousel Post,5,0.07
SOC001915,CUST1915,Instagram,54,117,36,Memes,High,Yes,7.2,Short Video,27,0.29
SOC001916,CUST1916,YouTube,30,51,14,Match Analysis,High,Yes,4.9,Long Video,14,0.15
SOC001917,CUST1917,Instagram,41,86,24,Short Reels,Medium,Yes,5.5,Short Video,18,0.22
SOC001918,CUST1918,Facebook,12,20,4,Player Interviews,Low,No,2.4,Image Post,5,0.05
SOC001919,CUST1919,Instagram,57,123,39,Memes,High,Yes,7.6,Short Video,29,0.30
SOC001920,CUST1920,Twitter,16,26,6,Match Highlights,Medium,No,3.3,Carousel Post,6,0.08
SOC001921,CUST1921,Instagram,46,97,29,Short Reels,High,Yes,6.3,Short Video,21,0.25
SOC001922,CUST1922,YouTube,27,47,11,Tutorials,Medium,Yes,4.3,Long Video,11,0.13
SOC001923,CUST1923,Instagram,60,129,41,Memes,High,Yes,7.9,Short Video,31,0.30
SOC001924,CUST1924,Facebook,11,18,3,Player Interviews,Low,No,2.2,Image Post,4,0.04
SOC001925,CUST1925,Instagram,55,121,37,Short Reels,High,Yes,7.3,Short Video,28,0.29
SOC001926,CUST1926,Twitter,18,29,7,Match Analysis,Medium,Yes,3.5,Carousel Post,7,0.09
SOC001927,CUST1927,Instagram,44,93,28,Memes,High,Yes,6.0,Short Video,20,0.24
SOC001928,CUST1928,YouTube,25,42,10,Tutorials,Medium,No,4.0,Long Video,10,0.11
SOC001929,CUST1929,Instagram,59,127,40,Short Reels,High,Yes,7.8,Short Video,30,0.30
SOC001930,CUST1930,Facebook,9,15,2,Player Interviews,Low,No,1.9,Image Post,3,0.03
SOC001931,CUST1931,Instagram,50,107,33,Memes,High,Yes,6.9,Short Video,24,0.27
SOC001932,CUST1932,YouTube,29,49,13,Match Analysis,High,Yes,4.7,Long Video,13,0.15
SOC001933,CUST1933,Instagram,62,135,43,Short Reels,High,Yes,8.2,Short Video,32,0.30
SOC001934,CUST1934,Twitter,15,24,5,Match Highlights,Low,No,3.0,Carousel Post,6,0.08
SOC001935,CUST1935,Instagram,53,115,35,Memes,High,Yes,7.1,Short Video,26,0.28
SOC001936,CUST1936,YouTube,31,54,14,Match Analysis,High,Yes,5.0,Long Video,14,0.15
SOC001937,CUST1937,Instagram,42,87,25,Short Reels,Medium,Yes,5.7,Short Video,19,0.22
SOC001938,CUST1938,Facebook,13,22,4,Player Interviews,Low,No,2.6,Image Post,5,0.05
SOC001939,CUST1939,Instagram,56,121,38,Memes,High,Yes,7.5,Short Video,28,0.29
SOC001940,CUST1940,Twitter,17,27,6,Match Highlights,Medium,No,3.4,Carousel Post,7,0.09
SOC001941,CUST1941,Instagram,47,98,30,Short Reels,High,Yes,6.4,Short Video,22,0.26
SOC001942,CUST1942,YouTube,26,44,11,Match Analysis,Medium,No,4.2,Long Video,10,0.12
SOC001943,CUST1943,Instagram,61,132,42,Memes,High,Yes,8.0,Short Video,31,0.30
SOC001944,CUST1944,Facebook,10,17,3,Player Interviews,Low,No,2.1,Image Post,4,0.04
SOC001945,CUST1945,Instagram,56,121,38,Short Reels,High,Yes,7.4,Short Video,28,0.29
SOC001946,CUST1946,Twitter,19,31,7,Match Highlights,Medium,No,3.6,Carousel Post,8,0.09
SOC001947,CUST1947,Instagram,43,90,27,Memes,High,Yes,5.9,Short Video,20,0.23
SOC001948,CUST1948,YouTube,24,39,9,Tutorials,Medium,No,3.9,Long Video,9,0.10
SOC001949,CUST1949,Instagram,58,126,40,Short Reels,High,Yes,7.7,Short Video,29,0.30
SOC001950,CUST1950,Facebook,8,14,2,Player Interviews,Low,No,1.8,Image Post,3,0.03
SOC001951,CUST1951,Instagram,49,104,32,Memes,High,Yes,6.8,Short Video,24,0.27
SOC001952,CUST1952,YouTube,28,48,12,Match Analysis,Medium,Yes,4.5,Long Video,12,0.14
SOC001953,CUST1953,Instagram,63,136,44,Short Reels,High,Yes,8.3,Short Video,33,0.30
SOC001954,CUST1954,Twitter,14,23,5,Match Highlights,Low,No,2.8,Carousel Post,5,0.07
SOC001955,CUST1955,Instagram,54,118,36,Memes,High,Yes,7.2,Short Video,27,0.29
SOC001956,CUST1956,YouTube,30,52,14,Match Analysis,High,Yes,4.9,Long Video,14,0.15
SOC001957,CUST1957,Instagram,41,85,24,Short Reels,Medium,Yes,5.5,Short Video,18,0.22
SOC001958,CUST1958,Facebook,12,20,4,Player Interviews,Low,No,2.4,Image Post,5,0.05
SOC001959,CUST1959,Instagram,57,124,39,Memes,High,Yes,7.6,Short Video,29,0.30
SOC001960,CUST1960,Twitter,16,26,6,Match Highlights,Medium,No,3.3,Carousel Post,6,0.08
SOC001961,CUST1961,Instagram,46,96,29,Short Reels,High,Yes,6.3,Short Video,21,0.25
SOC001962,CUST1962,YouTube,27,46,11,Tutorials,Medium,Yes,4.3,Long Video,11,0.13
SOC001963,CUST1963,Instagram,60,130,41,Memes,High,Yes,7.9,Short Video,31,0.30
SOC001964,CUST1964,Facebook,11,18,3,Player Interviews,Low,No,2.2,Image Post,4,0.04
SOC001965,CUST1965,Instagram,55,120,37,Short Reels,High,Yes,7.3,Short Video,27,0.29
SOC001966,CUST1966,Twitter,18,29,7,Match Analysis,Medium,Yes,3.5,Carousel Post,7,0.09
SOC001967,CUST1967,Instagram,44,92,28,Memes,High,Yes,6.0,Short Video,20,0.24
SOC001968,CUST1968,YouTube,25,41,10,Tutorials,Medium,No,4.0,Long Video,10,0.11
SOC001969,CUST1969,Instagram,59,128,40,Short Reels,High,Yes,7.8,Short Video,30,0.30
SOC001970,CUST1970,Facebook,9,15,2,Player Interviews,Low,No,1.9,Image Post,3,0.03
SOC001971,CUST1971,Instagram,50,106,33,Memes,High,Yes,6.9,Short Video,24,0.27
SOC001972,CUST1972,YouTube,29,50,13,Match Analysis,High,Yes,4.7,Long Video,13,0.15
SOC001973,CUST1973,Instagram,62,134,43,Short Reels,High,Yes,8.2,Short Video,32,0.30
SOC001974,CUST1974,Twitter,15,24,5,Match Highlights,Low,No,3.0,Carousel Post,6,0.08
SOC001975,CUST1975,Instagram,53,116,35,Memes,High,Yes,7.1,Short Video,26,0.28
SOC001976,CUST1976,YouTube,31,53,14,Match Analysis,High,Yes,5.0,Long Video,14,0.15
SOC001977,CUST1977,Instagram,42,88,25,Short Reels,Medium,Yes,5.7,Short Video,19,0.22
SOC001978,CUST1978,Facebook,13,22,4,Player Interviews,Low,No,2.6,Image Post,5,0.05
SOC001979,CUST1979,Instagram,56,122,38,Memes,High,Yes,7.5,Short Video,28,0.29
SOC001980,CUST1980,Twitter,17,28,6,Match Highlights,Medium,No,3.4,Carousel Post,7,0.09
SOC001981,CUST1981,Instagram,47,99,30,Short Reels,High,Yes,6.5,Short Video,22,0.26
SOC001982,CUST1982,YouTube,26,45,11,Tutorials,Medium,Yes,4.2,Long Video,10,0.12
SOC001983,CUST1983,Instagram,61,133,42,Memes,High,Yes,8.1,Short Video,31,0.30
SOC001984,CUST1984,Facebook,10,17,3,Player Interviews,Low,No,2.1,Image Post,4,0.04
SOC001985,CUST1985,Instagram,55,119,37,Short Reels,High,Yes,7.3,Short Video,27,0.29
SOC001986,CUST1986,Twitter,19,30,7,Match Analysis,Medium,Yes,3.6,Carousel Post,8,0.10
SOC001987,CUST1987,Instagram,43,91,27,Memes,High,Yes,5.9,Short Video,20,0.23
SOC001988,CUST1988,YouTube,24,40,9,Tutorials,Medium,No,3.9,Long Video,9,0.10
SOC001989,CUST1989,Instagram,58,127,40,Short Reels,High,Yes,7.7,Short Video,30,0.30
SOC001990,CUST1990,Facebook,8,14,2,Player Interviews,Low,No,1.8,Image Post,3,0.03
SOC001991,CUST1991,Instagram,49,105,32,Memes,High,Yes,6.8,Short Video,24,0.27
SOC001992,CUST1992,YouTube,28,49,12,Match Analysis,Medium,Yes,4.5,Long Video,12,0.14
SOC001993,CUST1993,Instagram,63,137,44,Short Reels,High,Yes,8.3,Short Video,33,0.30
SOC001994,CUST1994,Twitter,14,23,5,Match Highlights,Low,No,2.8,Carousel Post,5,0.07
SOC001995,CUST1995,Instagram,54,117,36,Memes,High,Yes,7.2,Short Video,27,0.29
SOC001996,CUST1996,YouTube,30,51,14,Match Analysis,High,Yes,4.9,Long Video,14,0.15
SOC001997,CUST1997,Instagram,41,86,24,Short Reels,Medium,Yes,5.5,Short Video,18,0.22
SOC001998,CUST1998,Facebook,12,20,4,Player Interviews,Low,No,2.4,Image Post,5,0.05
SOC001999,CUST1999,Instagram,57,123,39,Memes,High,Yes,7.6,Short Video,29,0.30
SOC002000,CUST2000,Twitter,16,26,6,Match Highlights,Medium,No,3.3,Carousel Post,6,0.08
SOC002001,CUST2001,Instagram,46,97,29,Short Reels,High,Yes,6.3,Short Video,21,0.25
SOC002002,CUST2002,YouTube,27,47,11,Tutorials,Medium,Yes,4.3,Long Video,11,0.13
SOC002003,CUST2003,Instagram,60,129,41,Memes,High,Yes,7.9,Short Video,31,0.30
SOC002004,CUST2004,Facebook,11,18,3,Player Interviews,Low,No,2.2,Image Post,4,0.04
SOC002005,CUST2005,Instagram,55,121,37,Short Reels,High,Yes,7.3,Short Video,28,0.29
SOC002006,CUST2006,Twitter,18,29,7,Match Analysis,Medium,Yes,3.5,Carousel Post,7,0.09
SOC002007,CUST2007,Instagram,44,93,28,Memes,High,Yes,6.0,Short Video,20,0.24
SOC002008,CUST2008,YouTube,25,42,10,Tutorials,Medium,No,4.0,Long Video,10,0.11
SOC002009,CUST2009,Instagram,59,127,40,Short Reels,High,Yes,7.8,Short Video,30,0.30
SOC002010,CUST2010,Facebook,9,15,2,Player Interviews,Low,No,1.9,Image Post,3,0.03
SOC002011,CUST2011,Instagram,50,107,33,Memes,High,Yes,6.9,Short Video,24,0.27
SOC002012,CUST2012,YouTube,29,49,13,Match Analysis,High,Yes,4.7,Long Video,13,0.15
SOC002013,CUST2013,Instagram,62,135,43,Short Reels,High,Yes,8.2,Short Video,32,0.30
SOC002014,CUST2014,Twitter,15,24,5,Match Highlights,Low,No,3.0,Carousel Post,6,0.08
SOC002015,CUST2015,Instagram,53,115,35,Memes,High,Yes,7.1,Short Video,26,0.28
SOC002016,CUST2016,YouTube,31,54,14,Match Analysis,High,Yes,5.0,Long Video,14,0.15
SOC002017,CUST2017,Instagram,42,87,25,Short Reels,Medium,Yes,5.7,Short Video,19,0.22
SOC002018,CUST2018,Facebook,13,22,4,Player Interviews,Low,No,2.6,Image Post,5,0.05
SOC002019,CUST2019,Instagram,56,121,38,Memes,High,Yes,7.5,Short Video,28,0.29
SOC002020,CUST2020,Twitter,17,27,6,Match Highlights,Medium,No,3.4,Carousel Post,7,0.09
SOC002021,CUST2021,Instagram,47,98,30,Short Reels,High,Yes,6.4,Short Video,22,0.26
SOC002022,CUST2022,YouTube,26,44,11,Match Analysis,Medium,No,4.2,Long Video,10,0.12
SOC002023,CUST2023,Instagram,61,132,42,Memes,High,Yes,8.0,Short Video,31,0.30
SOC002024,CUST2024,Facebook,10,17,3,Player Interviews,Low,No,2.1,Image Post,4,0.04
SOC002025,CUST2025,Instagram,56,121,38,Short Reels,High,Yes,7.4,Short Video,28,0.29
SOC002026,CUST2026,Twitter,19,31,7,Match Highlights,Medium,No,3.6,Carousel Post,8,0.09
SOC002027,CUST2027,Instagram,43,90,27,Memes,High,Yes,5.9,Short Video,20,0.23
SOC002028,CUST2028,YouTube,24,39,9,Tutorials,Medium,No,3.9,Long Video,9,0.10
SOC002029,CUST2029,Instagram,58,126,40,Short Reels,High,Yes,7.7,Short Video,29,0.30
SOC002030,CUST2030,Facebook,8,14,2,Player Interviews,Low,No,1.8,Image Post,3,0.03
SOC002031,CUST2031,Instagram,49,104,32,Memes,High,Yes,6.8,Short Video,24,0.27
SOC002032,CUST2032,YouTube,28,48,12,Match Analysis,Medium,Yes,4.5,Long Video,12,0.14
SOC002033,CUST2033,Instagram,63,136,44,Short Reels,High,Yes,8.3,Short Video,33,0.30
SOC002034,CUST2034,Twitter,14,23,5,Match Highlights,Low,No,2.8,Carousel Post,5,0.07
SOC002035,CUST2035,Instagram,54,118,36,Memes,High,Yes,7.2,Short Video,27,0.29
SOC002036,CUST2036,YouTube,30,52,14,Match Analysis,High,Yes,4.9,Long Video,14,0.15
SOC002037,CUST2037,Instagram,41,85,24,Short Reels,Medium,Yes,5.5,Short Video,18,0.22
SOC002038,CUST2038,Facebook,12,20,4,Player Interviews,Low,No,2.4,Image Post,5,0.05
SOC002039,CUST2039,Instagram,57,124,39,Memes,High,Yes,7.6,Short Video,29,0.30
SOC002040,CUST2040,Twitter,16,26,6,Match Highlights,Medium,No,3.3,Carousel Post,6,0.08
SOC002041,CUST2041,Instagram,46,96,29,Short Reels,High,Yes,6.3,Short Video,21,0.25
SOC002042,CUST2042,YouTube,27,46,11,Tutorials,Medium,Yes,4.3,Long Video,11,0.13
SOC002043,CUST2043,Instagram,60,130,41,Memes,High,Yes,7.9,Short Video,31,0.30
SOC002044,CUST2044,Facebook,11,18,3,Player Interviews,Low,No,2.2,Image Post,4,0.04
SOC002045,CUST2045,Instagram,55,120,37,Short Reels,High,Yes,7.3,Short Video,27,0.29
SOC002046,CUST2046,Twitter,18,29,7,Match Analysis,Medium,Yes,3.5,Carousel Post,7,0.09
SOC002047,CUST2047,Instagram,44,92,28,Memes,High,Yes,6.0,Short Video,20,0.24
SOC002048,CUST2048,YouTube,25,41,10,Tutorials,Medium,No,4.0,Long Video,10,0.11
SOC002049,CUST2049,Instagram,59,128,40,Short Reels,High,Yes,7.8,Short Video,30,0.30
SOC002050,CUST2050,Facebook,9,15,2,Player Interviews,Low,No,1.9,Image Post,3,0.03
SOC002051,CUST2051,Instagram,50,106,33,Memes,High,Yes,6.9,Short Video,24,0.27
SOC002052,CUST2052,YouTube,29,50,13,Match Analysis,High,Yes,4.7,Long Video,13,0.15
SOC002053,CUST2053,Instagram,62,134,43,Short Reels,High,Yes,8.2,Short Video,32,0.30
SOC002054,CUST2054,Twitter,15,24,5,Match Highlights,Low,No,3.0,Carousel Post,6,0.08
SOC002055,CUST2055,Instagram,53,116,35,Memes,High,Yes,7.1,Short Video,26,0.28
SOC002056,CUST2056,YouTube,31,53,14,Match Analysis,High,Yes,5.0,Long Video,14,0.15
SOC002057,CUST2057,Instagram,42,88,25,Short Reels,Medium,Yes,5.7,Short Video,19,0.22
SOC002058,CUST2058,Facebook,13,22,4,Player Interviews,Low,No,2.6,Image Post,5,0.05
SOC002059,CUST2059,Instagram,56,122,38,Memes,High,Yes,7.5,Short Video,28,0.29
SOC002060,CUST2060,Twitter,17,28,6,Match Highlights,Medium,No,3.4,Carousel Post,7,0.09
SOC002061,CUST2061,Instagram,47,99,30,Short Reels,High,Yes,6.5,Short Video,22,0.26
SOC002062,CUST2062,YouTube,26,45,11,Tutorials,Medium,Yes,4.2,Long Video,10,0.12
SOC002063,CUST2063,Instagram,61,133,42,Memes,High,Yes,8.1,Short Video,31,0.30
SOC002064,CUST2064,Facebook,10,17,3,Player Interviews,Low,No,2.1,Image Post,4,0.04
SOC002065,CUST2065,Instagram,55,119,37,Short Reels,High,Yes,7.3,Short Video,27,0.29
SOC002066,CUST2066,Twitter,19,30,7,Match Analysis,Medium,Yes,3.6,Carousel Post,8,0.10
SOC002067,CUST2067,Instagram,43,91,27,Memes,High,Yes,5.9,Short Video,20,0.23
SOC002068,CUST2068,YouTube,24,40,9,Tutorials,Medium,No,3.9,Long Video,9,0.10
SOC002069,CUST2069,Instagram,58,127,40,Short Reels,High,Yes,7.7,Short Video,30,0.30
SOC002070,CUST2070,Facebook,8,14,2,Player Interviews,Low,No,1.8,Image Post,3,0.03
SOC002071,CUST2071,Instagram,49,105,32,Memes,High,Yes,6.8,Short Video,24,0.27
SOC002072,CUST2072,YouTube,28,49,12,Match Analysis,Medium,Yes,4.5,Long Video,12,0.14
SOC002073,CUST2073,Instagram,63,137,44,Short Reels,High,Yes,8.3,Short Video,33,0.30
SOC002074,CUST2074,Twitter,14,23,5,Match Highlights,Low,No,2.8,Carousel Post,5,0.07
SOC002075,CUST2075,Instagram,54,117,36,Memes,High,Yes,7.2,Short Video,27,0.29
SOC002076,CUST2076,YouTube,30,51,14,Match Analysis,High,Yes,4.9,Long Video,14,0.15
SOC002077,CUST2077,Instagram,41,86,24,Short Reels,Medium,Yes,5.5,Short Video,18,0.22
SOC002078,CUST2078,Facebook,12,20,4,Player Interviews,Low,No,2.4,Image Post,5,0.05
SOC002079,CUST2079,Instagram,57,123,39,Memes,High,Yes,7.6,Short Video,29,0.30
SOC002080,CUST2080,Twitter,16,26,6,Match Highlights,Medium,No,3.3,Carousel Post,6,0.08
SOC002081,CUST2081,Instagram,46,97,29,Short Reels,High,Yes,6.3,Short Video,21,0.25
SOC002082,CUST2082,YouTube,27,47,11,Tutorials,Medium,Yes,4.3,Long Video,11,0.13
SOC002083,CUST2083,Instagram,60,129,41,Memes,High,Yes,7.9,Short Video,31,0.30
SOC002084,CUST2084,Facebook,11,18,3,Player Interviews,Low,No,2.2,Image Post,4,0.04
SOC002085,CUST2085,Instagram,55,121,37,Short Reels,High,Yes,7.3,Short Video,28,0.29
SOC002086,CUST2086,Twitter,18,29,7,Match Analysis,Medium,Yes,3.5,Carousel Post,7,0.09
SOC002087,CUST2087,Instagram,44,93,28,Memes,High,Yes,6.0,Short Video,20,0.24
SOC002088,CUST2088,YouTube,25,42,10,Tutorials,Medium,No,4.0,Long Video,10,0.11
SOC002089,CUST2089,Instagram,59,127,40,Short Reels,High,Yes,7.8,Short Video,30,0.30
SOC002090,CUST2090,Facebook,9,15,2,Player Interviews,Low,No,1.9,Image Post,3,0.03
SOC002091,CUST2091,Instagram,50,107,33,Memes,High,Yes,6.9,Short Video,24,0.27
SOC002092,CUST2092,YouTube,29,49,13,Match Analysis,High,Yes,4.7,Long Video,13,0.15
SOC002093,CUST2093,Instagram,62,135,43,Short Reels,High,Yes,8.2,Short Video,32,0.30
SOC002094,CUST2094,Twitter,15,24,5,Match Highlights,Low,No,3.0,Carousel Post,6,0.08
SOC002095,CUST2095,Instagram,53,115,35,Memes,High,Yes,7.1,Short Video,26,0.28
SOC002096,CUST2096,YouTube,31,54,14,Match Analysis,High,Yes,5.0,Long Video,14,0.15
SOC002097,CUST2097,Instagram,42,87,25,Short Reels,Medium,Yes,5.7,Short Video,19,0.22
SOC002098,CUST2098,Facebook,13,22,4,Player Interviews,Low,No,2.6,Image Post,5,0.05
SOC002099,CUST2099,Instagram,56,121,38,Memes,High,Yes,7.5,Short Video,28,0.29
SOC002100,CUST2100,Twitter,17,27,6,Match Highlights,Medium,No,3.4,Carousel Post,7,0.09
SOC002101,CUST2101,Instagram,47,98,30,Short Reels,High,Yes,6.4,Short Video,22,0.26
SOC002102,CUST2102,YouTube,26,44,11,Match Analysis,Medium,No,4.2,Long Video,10,0.12
SOC002103,CUST2103,Instagram,61,132,42,Memes,High,Yes,8.0,Short Video,31,0.30
SOC002104,CUST2104,Facebook,10,17,3,Player Interviews,Low,No,2.1,Image Post,4,0.04
SOC002105,CUST2105,Instagram,56,121,38,Short Reels,High,Yes,7.4,Short Video,28,0.29
SOC002106,CUST2106,Twitter,19,31,7,Match Highlights,Medium,No,3.6,Carousel Post,8,0.09
SOC002107,CUST2107,Instagram,43,90,27,Memes,High,Yes,5.9,Short Video,20,0.23
SOC002108,CUST2108,YouTube,24,39,9,Tutorials,Medium,No,3.9,Long Video,9,0.10
SOC002109,CUST2109,Instagram,58,126,40,Short Reels,High,Yes,7.7,Short Video,29,0.30
SOC002110,CUST2110,Facebook,8,14,2,Player Interviews,Low,No,1.8,Image Post,3,0.03
SOC002111,CUST2111,Instagram,49,104,32,Memes,High,Yes,6.8,Short Video,24,0.27
SOC002112,CUST2112,YouTube,28,48,12,Match Analysis,Medium,Yes,4.5,Long Video,12,0.14
SOC002113,CUST2113,Instagram,63,136,44,Short Reels,High,Yes,8.3,Short Video,33,0.30
SOC002114,CUST2114,Twitter,14,23,5,Match Highlights,Low,No,2.8,Carousel Post,5,0.07
SOC002115,CUST2115,Instagram,54,118,36,Memes,High,Yes,7.2,Short Video,27,0.29
SOC002116,CUST2116,YouTube,30,52,14,Match Analysis,High,Yes,4.9,Long Video,14,0.15
SOC002117,CUST2117,Instagram,41,85,24,Short Reels,Medium,Yes,5.5,Short Video,18,0.22
SOC002118,CUST2118,Facebook,12,20,4,Player Interviews,Low,No,2.4,Image Post,5,0.05
SOC002119,CUST2119,Instagram,57,124,39,Memes,High,Yes,7.6,Short Video,29,0.30
SOC002120,CUST2120,Twitter,16,26,6,Match Highlights,Medium,No,3.3,Carousel Post,6,0.08
SOC002121,CUST2121,Instagram,46,96,29,Short Reels,High,Yes,6.3,Short Video,21,0.25
SOC002122,CUST2122,YouTube,27,46,11,Tutorials,Medium,Yes,4.3,Long Video,11,0.13
SOC002123,CUST2123,Instagram,60,130,41,Memes,High,Yes,7.9,Short Video,31,0.30
SOC002124,CUST2124,Facebook,11,18,3,Player Interviews,Low,No,2.2,Image Post,4,0.04
SOC002125,CUST2125,Instagram,55,120,37,Short Reels,High,Yes,7.3,Short Video,27,0.29
SOC002126,CUST2126,Twitter,18,29,7,Match Analysis,Medium,Yes,3.5,Carousel Post,7,0.09
SOC002127,CUST2127,Instagram,44,92,28,Memes,High,Yes,6.0,Short Video,20,0.24
SOC002128,CUST2128,YouTube,25,41,10,Tutorials,Medium,No,4.0,Long Video,10,0.11
SOC002129,CUST2129,Instagram,59,128,40,Short Reels,High,Yes,7.8,Short Video,30,0.30
SOC002130,CUST2130,Facebook,9,15,2,Player Interviews,Low,No,1.9,Image Post,3,0.03
SOC002131,CUST2131,Instagram,50,106,33,Memes,High,Yes,6.9,Short Video,24,0.27
SOC002132,CUST2132,YouTube,29,50,13,Match Analysis,High,Yes,4.7,Long Video,13,0.15
SOC002133,CUST2133,Instagram,62,134,43,Short Reels,High,Yes,8.2,Short Video,32,0.30
SOC002134,CUST2134,Twitter,15,24,5,Match Highlights,Low,No,3.0,Carousel Post,6,0.08
SOC002135,CUST2135,Instagram,53,116,35,Memes,High,Yes,7.1,Short Video,26,0.28
SOC002136,CUST2136,YouTube,31,53,14,Match Analysis,High,Yes,5.0,Long Video,14,0.15
SOC002137,CUST2137,Instagram,42,88,25,Short Reels,Medium,Yes,5.7,Short Video,19,0.22
SOC002138,CUST2138,Facebook,13,22,4,Player Interviews,Low,No,2.6,Image Post,5,0.05
SOC002139,CUST2139,Instagram,56,122,38,Memes,High,Yes,7.5,Short Video,28,0.29
SOC002140,CUST2140,Twitter,17,28,6,Match Highlights,Medium,No,3.4,Carousel Post,7,0.09
SOC002141,CUST2141,Instagram,47,99,30,Short Reels,High,Yes,6.5,Short Video,22,0.26
SOC002142,CUST2142,YouTube,26,45,11,Tutorials,Medium,Yes,4.2,Long Video,10,0.12
SOC002143,CUST2143,Instagram,61,133,42,Memes,High,Yes,8.1,Short Video,31,0.30
SOC002144,CUST2144,Facebook,10,17,3,Player Interviews,Low,No,2.1,Image Post,4,0.04
SOC002145,CUST2145,Instagram,55,119,37,Short Reels,High,Yes,7.3,Short Video,27,0.29
SOC002146,CUST2146,Twitter,19,30,7,Match Analysis,Medium,Yes,3.6,Carousel Post,8,0.10
SOC002147,CUST2147,Instagram,43,91,27,Memes,High,Yes,5.9,Short Video,20,0.23
SOC002148,CUST2148,YouTube,24,40,9,Tutorials,Medium,No,3.9,Long Video,9,0.10
SOC002149,CUST2149,Instagram,58,127,40,Short Reels,High,Yes,7.7,Short Video,30,0.30
SOC002150,CUST2150,Facebook,8,14,2,Player Interviews,Low,No,1.8,Image Post,3,0.03
SOC002151,CUST2151,Instagram,49,105,32,Memes,High,Yes,6.8,Short Video,24,0.27
SOC002152,CUST2152,YouTube,28,49,12,Match Analysis,Medium,Yes,4.5,Long Video,12,0.14
SOC002153,CUST2153,Instagram,63,137,44,Short Reels,High,Yes,8.3,Short Video,33,0.30
SOC002154,CUST2154,Twitter,14,23,5,Match Highlights,Low,No,2.8,Carousel Post,5,0.07
SOC002155,CUST2155,Instagram,54,117,36,Memes,High,Yes,7.2,Short Video,27,0.29
SOC002156,CUST2156,YouTube,30,51,14,Match Analysis,High,Yes,4.9,Long Video,14,0.15
SOC002157,CUST2157,Instagram,41,86,24,Short Reels,Medium,Yes,5.5,Short Video,18,0.22
SOC002158,CUST2158,Facebook,12,20,4,Player Interviews,Low,No,2.4,Image Post,5,0.05
SOC002159,CUST2159,Instagram,57,123,39,Memes,High,Yes,7.6,Short Video,29,0.30
SOC002160,CUST2160,Twitter,16,26,6,Match Highlights,Medium,No,3.3,Carousel Post,6,0.08
SOC002161,CUST2161,Instagram,46,97,29,Short Reels,High,Yes,6.3,Short Video,21,0.25
SOC002162,CUST2162,YouTube,27,47,11,Tutorials,Medium,Yes,4.3,Long Video,11,0.13
SOC002163,CUST2163,Instagram,60,129,41,Memes,High,Yes,7.9,Short Video,31,0.30
SOC002164,CUST2164,Facebook,11,18,3,Player Interviews,Low,No,2.2,Image Post,4,0.04
SOC002165,CUST2165,Instagram,55,121,37,Short Reels,High,Yes,7.3,Short Video,28,0.29
SOC002166,CUST2166,Twitter,18,29,7,Match Analysis,Medium,Yes,3.5,Carousel Post,7,0.09
SOC002167,CUST2167,Instagram,44,93,28,Memes,High,Yes,6.0,Short Video,20,0.24
SOC002168,CUST2168,YouTube,25,42,10,Tutorials,Medium,No,4.0,Long Video,10,0.11
SOC002169,CUST2169,Instagram,59,127,40,Short Reels,High,Yes,7.8,Short Video,30,0.30
SOC002170,CUST2170,Facebook,9,15,2,Player Interviews,Low,No,1.9,Image Post,3,0.03
SOC002171,CUST2171,Instagram,50,107,33,Memes,High,Yes,6.9,Short Video,24,0.27
SOC002172,CUST2172,YouTube,29,49,13,Match Analysis,High,Yes,4.7,Long Video,13,0.15
SOC002173,CUST2173,Instagram,62,135,43,Short Reels,High,Yes,8.2,Short Video,32,0.30
SOC002174,CUST2174,Twitter,15,24,5,Match Highlights,Low,No,3.0,Carousel Post,6,0.08
SOC002175,CUST2175,Instagram,53,115,35,Memes,High,Yes,7.1,Short Video,26,0.28
SOC002176,CUST2176,YouTube,31,54,14,Match Analysis,High,Yes,5.0,Long Video,14,0.15
SOC002177,CUST2177,Instagram,42,87,25,Short Reels,Medium,Yes,5.7,Short Video,19,0.22
SOC002178,CUST2178,Facebook,13,22,4,Player Interviews,Low,No,2.6,Image Post,5,0.05
SOC002179,CUST2179,Instagram,56,121,38,Memes,High,Yes,7.5,Short Video,28,0.29
SOC002180,CUST2180,Twitter,17,27,6,Match Highlights,Medium,No,3.4,Carousel Post,7,0.09
SOC002181,CUST2181,Instagram,47,98,30,Short Reels,High,Yes,6.4,Short Video,22,0.26
SOC002182,CUST2182,YouTube,26,44,11,Match Analysis,Medium,No,4.2,Long Video,10,0.12
SOC002183,CUST2183,Instagram,61,132,42,Memes,High,Yes,8.0,Short Video,31,0.30
SOC002184,CUST2184,Facebook,10,17,3,Player Interviews,Low,No,2.1,Image Post,4,0.04
SOC002185,CUST2185,Instagram,56,121,38,Short Reels,High,Yes,7.4,Short Video,28,0.29
SOC002186,CUST2186,Twitter,19,31,7,Match Highlights,Medium,No,3.6,Carousel Post,8,0.09
SOC002187,CUST2187,Instagram,43,90,27,Memes,High,Yes,5.9,Short Video,20,0.23
SOC002188,CUST2188,YouTube,24,39,9,Tutorials,Medium,No,3.9,Long Video,9,0.10
SOC002189,CUST2189,Instagram,58,126,40,Short Reels,High,Yes,7.7,Short Video,29,0.30
SOC002190,CUST2190,Facebook,8,14,2,Player Interviews,Low,No,1.8,Image Post,3,0.03
SOC002191,CUST2191,Instagram,49,104,32,Memes,High,Yes,6.8,Short Video,24,0.27
SOC002192,CUST2192,YouTube,28,48,12,Match Analysis,Medium,Yes,4.5,Long Video,12,0.14
SOC002193,CUST2193,Instagram,63,136,44,Short Reels,High,Yes,8.3,Short Video,33,0.30
SOC002194,CUST2194,Twitter,14,23,5,Match Highlights,Low,No,2.8,Carousel Post,5,0.07
SOC002195,CUST2195,Instagram,54,118,36,Memes,High,Yes,7.2,Short Video,27,0.29
SOC002196,CUST2196,YouTube,30,52,14,Match Analysis,High,Yes,4.9,Long Video,14,0.15
SOC002197,CUST2197,Instagram,41,85,24,Short Reels,Medium,Yes,5.5,Short Video,18,0.22
SOC002198,CUST2198,Facebook,12,20,4,Player Interviews,Low,No,2.4,Image Post,5,0.05
SOC002199,CUST2199,Instagram,57,124,39,Memes,High,Yes,7.6,Short Video,29,0.30
SOC002200,CUST2200,Twitter,16,26,6,Match Highlights,Medium,No,3.3,Carousel Post,6,0.08
SOC002201,CUST2201,Instagram,48,102,31,Short Reels,High,Yes,6.7,Short Video,23,0.26
SOC002202,CUST2202,YouTube,27,45,11,Match Analysis,Medium,No,4.2,Long Video,10,0.12
SOC002203,CUST2203,Instagram,61,134,42,Memes,High,Yes,8.0,Short Video,31,0.30
SOC002204,CUST2204,Facebook,10,17,3,Player Interviews,Low,No,2.1,Image Post,4,0.04
SOC002205,CUST2205,Instagram,56,123,38,Short Reels,High,Yes,7.5,Short Video,29,0.29
SOC002206,CUST2206,Twitter,18,30,7,Match Highlights,Medium,No,3.5,Carousel Post,7,0.09
SOC002207,CUST2207,Instagram,43,91,27,Memes,High,Yes,5.9,Short Video,20,0.23
SOC002208,CUST2208,YouTube,25,41,10,Tutorials,Medium,No,4.0,Long Video,9,0.11
SOC002209,CUST2209,Instagram,59,128,40,Short Reels,High,Yes,7.8,Short Video,30,0.30
SOC002210,CUST2210,Facebook,9,15,2,Player Interviews,Low,No,1.9,Image Post,3,0.03
SOC002211,CUST2211,Instagram,50,108,33,Memes,High,Yes,6.9,Short Video,24,0.27
SOC002212,CUST2212,YouTube,29,50,13,Match Analysis,High,Yes,4.8,Long Video,13,0.15
SOC002213,CUST2213,Instagram,62,136,43,Short Reels,High,Yes,8.2,Short Video,32,0.30
SOC002214,CUST2214,Twitter,15,24,5,Match Highlights,Low,No,3.0,Carousel Post,6,0.08
SOC002215,CUST2215,Instagram,54,118,36,Memes,High,Yes,7.2,Short Video,27,0.29
SOC002216,CUST2216,YouTube,30,53,14,Match Analysis,High,Yes,4.9,Long Video,14,0.15
SOC002217,CUST2217,Instagram,41,87,24,Short Reels,Medium,Yes,5.6,Short Video,18,0.22
SOC002218,CUST2218,Facebook,12,20,4,Player Interviews,Low,No,2.4,Image Post,5,0.05
SOC002219,CUST2219,Instagram,57,124,39,Memes,High,Yes,7.6,Short Video,29,0.30
SOC002220,CUST2220,Twitter,16,26,6,Match Analysis,Medium,No,3.3,Carousel Post,6,0.08
SOC002221,CUST2221,Instagram,47,99,30,Short Reels,High,Yes,6.4,Short Video,22,0.26
SOC002222,CUST2222,YouTube,26,44,11,Tutorials,Medium,Yes,4.2,Long Video,10,0.12
SOC002223,CUST2223,Instagram,60,131,41,Memes,High,Yes,7.9,Short Video,31,0.30
SOC002224,CUST2224,Facebook,11,18,3,Player Interviews,Low,No,2.2,Image Post,4,0.04
SOC002225,CUST2225,Instagram,55,121,37,Short Reels,High,Yes,7.3,Short Video,28,0.29
SOC002226,CUST2226,Twitter,19,31,7,Match Highlights,Medium,Yes,3.6,Carousel Post,8,0.10
SOC002227,CUST2227,Instagram,44,93,28,Memes,High,Yes,6.0,Short Video,20,0.24
SOC002228,CUST2228,YouTube,24,39,9,Tutorials,Medium,No,3.9,Long Video,9,0.10
SOC002229,CUST2229,Instagram,58,127,40,Short Reels,High,Yes,7.7,Short Video,30,0.30
SOC002230,CUST2230,Facebook,8,14,2,Player Interviews,Low,No,1.8,Image Post,3,0.03
SOC002231,CUST2231,Instagram,49,105,32,Memes,High,Yes,6.8,Short Video,24,0.27
SOC002232,CUST2232,YouTube,28,49,12,Match Analysis,Medium,Yes,4.5,Long Video,12,0.14
SOC002233,CUST2233,Instagram,63,137,44,Short Reels,High,Yes,8.3,Short Video,33,0.30
SOC002234,CUST2234,Twitter,14,23,5,Match Highlights,Low,No,2.8,Carousel Post,5,0.07
SOC002235,CUST2235,Instagram,53,117,35,Memes,High,Yes,7.1,Short Video,26,0.28
SOC002236,CUST2236,YouTube,31,54,14,Match Analysis,High,Yes,5.0,Long Video,14,0.15
SOC002237,CUST2237,Instagram,42,88,25,Short Reels,Medium,Yes,5.7,Short Video,19,0.22
SOC002238,CUST2238,Facebook,13,22,4,Player Interviews,Low,No,2.6,Image Post,5,0.05
SOC002239,CUST2239,Instagram,56,122,38,Memes,High,Yes,7.5,Short Video,28,0.29
SOC002240,CUST2240,Twitter,17,28,6,Match Highlights,Medium,No,3.4,Carousel Post,7,0.09
SOC002241,CUST2241,Instagram,46,97,29,Short Reels,High,Yes,6.3,Short Video,21,0.25
SOC002242,CUST2242,YouTube,27,46,11,Tutorials,Medium,Yes,4.3,Long Video,11,0.13
SOC002243,CUST2243,Instagram,61,132,42,Memes,High,Yes,8.0,Short Video,31,0.30
SOC002244,CUST2244,Facebook,10,17,3,Player Interviews,Low,No,2.1,Image Post,4,0.04
SOC002245,CUST2245,Instagram,55,120,37,Short Reels,High,Yes,7.3,Short Video,27,0.29
SOC002246,CUST2246,Twitter,18,29,7,Match Analysis,Medium,Yes,3.5,Carousel Post,7,0.09
SOC002247,CUST2247,Instagram,43,90,27,Memes,High,Yes,5.9,Short Video,20,0.23
SOC002248,CUST2248,YouTube,25,40,10,Tutorials,Medium,No,4.0,Long Video,10,0.11
SOC002249,CUST2249,Instagram,59,129,40,Short Reels,High,Yes,7.8,Short Video,30,0.30
SOC002250,CUST2250,Facebook,9,15,2,Player Interviews,Low,No,1.9,Image Post,3,0.03
SOC002251,CUST2251,Instagram,50,107,33,Memes,High,Yes,6.9,Short Video,24,0.27
SOC002252,CUST2252,YouTube,29,51,13,Match Analysis,High,Yes,4.7,Long Video,13,0.15
SOC002253,CUST2253,Instagram,62,135,43,Short Reels,High,Yes,8.2,Short Video,32,0.30
SOC002254,CUST2254,Twitter,15,24,5,Match Highlights,Low,No,3.0,Carousel Post,6,0.08
SOC002255,CUST2255,Instagram,54,116,36,Memes,High,Yes,7.2,Short Video,27,0.29
SOC002256,CUST2256,YouTube,30,52,14,Match Analysis,High,Yes,4.9,Long Video,14,0.15
SOC002257,CUST2257,Instagram,41,86,24,Short Reels,Medium,Yes,5.5,Short Video,18,0.22
SOC002258,CUST2258,Facebook,12,21,4,Player Interviews,Low,No,2.5,Image Post,5,0.05
SOC002259,CUST2259,Instagram,57,123,39,Memes,High,Yes,7.6,Short Video,29,0.30
SOC002260,CUST2260,Twitter,16,27,6,Match Highlights,Medium,No,3.3,Carousel Post,6,0.08
SOC002261,CUST2261,Instagram,47,98,30,Short Reels,High,Yes,6.4,Short Video,22,0.26
SOC002262,CUST2262,YouTube,26,45,11,Tutorials,Medium,Yes,4.2,Long Video,10,0.12
SOC002263,CUST2263,Instagram,60,130,41,Memes,High,Yes,7.9,Short Video,31,0.30
SOC002264,CUST2264,Facebook,11,18,3,Player Interviews,Low,No,2.2,Image Post,4,0.04
SOC002265,CUST2265,Instagram,56,121,38,Short Reels,High,Yes,7.4,Short Video,28,0.29
SOC002266,CUST2266,Twitter,19,30,7,Match Analysis,Medium,Yes,3.6,Carousel Post,8,0.10
SOC002267,CUST2267,Instagram,44,92,28,Memes,High,Yes,6.0,Short Video,20,0.24
SOC002268,CUST2268,YouTube,24,40,9,Tutorials,Medium,No,3.9,Long Video,9,0.10
SOC002269,CUST2269,Instagram,58,126,40,Short Reels,High,Yes,7.7,Short Video,29,0.30
SOC002270,CUST2270,Facebook,8,14,2,Player Interviews,Low,No,1.8,Image Post,3,0.03
SOC002271,CUST2271,Instagram,49,104,32,Memes,High,Yes,6.8,Short Video,24,0.27
SOC002272,CUST2272,YouTube,28,48,12,Match Analysis,Medium,Yes,4.5,Long Video,12,0.14
SOC002273,CUST2273,Instagram,63,136,44,Short Reels,High,Yes,8.3,Short Video,33,0.30
SOC002274,CUST2274,Twitter,14,23,5,Match Highlights,Low,No,2.8,Carousel Post,5,0.07
SOC002275,CUST2275,Instagram,54,118,36,Memes,High,Yes,7.2,Short Video,27,0.29
SOC002276,CUST2276,YouTube,31,53,14,Match Analysis,High,Yes,5.0,Long Video,14,0.15
SOC002277,CUST2277,Instagram,42,87,25,Short Reels,Medium,Yes,5.6,Short Video,19,0.22
SOC002278,CUST2278,Facebook,13,22,4,Player Interviews,Low,No,2.6,Image Post,5,0.05
SOC002279,CUST2279,Instagram,56,122,38,Memes,High,Yes,7.5,Short Video,28,0.29
SOC002280,CUST2280,Twitter,17,28,6,Match Highlights,Medium,No,3.4,Carousel Post,7,0.09
SOC002281,CUST2281,Instagram,47,99,30,Short Reels,High,Yes,6.5,Short Video,22,0.26
SOC002282,CUST2282,YouTube,26,45,11,Tutorials,Medium,Yes,4.2,Long Video,10,0.12
SOC002283,CUST2283,Instagram,61,133,42,Memes,High,Yes,8.1,Short Video,31,0.30
SOC002284,CUST2284,Facebook,10,17,3,Player Interviews,Low,No,2.1,Image Post,4,0.04
SOC002285,CUST2285,Instagram,55,119,37,Short Reels,High,Yes,7.3,Short Video,27,0.29
SOC002286,CUST2286,Twitter,19,31,7,Match Analysis,Medium,Yes,3.6,Carousel Post,8,0.10
SOC002287,CUST2287,Instagram,43,91,27,Memes,High,Yes,5.9,Short Video,20,0.23
SOC002288,CUST2288,YouTube,24,39,9,Tutorials,Medium,No,3.9,Long Video,9,0.10
SOC002289,CUST2289,Instagram,58,127,40,Short Reels,High,Yes,7.7,Short Video,30,0.30
SOC002290,CUST2290,Facebook,8,14,2,Player Interviews,Low,No,1.8,Image Post,3,0.03
SOC002291,CUST2291,Instagram,49,105,32,Memes,High,Yes,6.8,Short Video,24,0.27
SOC002292,CUST2292,YouTube,28,49,12,Match Analysis,Medium,Yes,4.5,Long Video,12,0.14
SOC002293,CUST2293,Instagram,63,137,44,Short Reels,High,Yes,8.3,Short Video,33,0.30
SOC002294,CUST2294,Twitter,14,23,5,Match Highlights,Low,No,2.8,Carousel Post,5,0.07
SOC002295,CUST2295,Instagram,54,117,36,Memes,High,Yes,7.2,Short Video,27,0.29
SOC002296,CUST2296,YouTube,30,51,14,Match Analysis,High,Yes,4.9,Long Video,14,0.15
SOC002297,CUST2297,Instagram,41,86,24,Short Reels,Medium,Yes,5.5,Short Video,18,0.22
SOC002298,CUST2298,Facebook,12,20,4,Player Interviews,Low,No,2.4,Image Post,5,0.05
SOC002299,CUST2299,Instagram,57,123,39,Memes,High,Yes,7.6,Short Video,29,0.30
SOC002300,CUST2300,Twitter,16,26,6,Match Highlights,Medium,No,3.3,Carousel Post,6,0.08
SOC002301,CUST2301,Instagram,46,97,29,Short Reels,High,Yes,6.3,Short Video,21,0.25
SOC002302,CUST2302,YouTube,27,47,11,Tutorials,Medium,Yes,4.3,Long Video,11,0.13
SOC002303,CUST2303,Instagram,60,129,41,Memes,High,Yes,7.9,Short Video,31,0.30
SOC002304,CUST2304,Facebook,11,18,3,Player Interviews,Low,No,2.2,Image Post,4,0.04
SOC002305,CUST2305,Instagram,55,121,37,Short Reels,High,Yes,7.3,Short Video,28,0.29
SOC002306,CUST2306,Twitter,18,29,7,Match Analysis,Medium,Yes,3.5,Carousel Post,7,0.09
SOC002307,CUST2307,Instagram,44,93,28,Memes,High,Yes,6.0,Short Video,20,0.24
SOC002308,CUST2308,YouTube,25,42,10,Tutorials,Medium,No,4.0,Long Video,10,0.11
SOC002309,CUST2309,Instagram,59,127,40,Short Reels,High,Yes,7.8,Short Video,30,0.30
SOC002310,CUST2310,Facebook,9,15,2,Player Interviews,Low,No,1.9,Image Post,3,0.03
SOC002311,CUST2311,Instagram,50,107,33,Memes,High,Yes,6.9,Short Video,24,0.27
SOC002312,CUST2312,YouTube,29,49,13,Match Analysis,High,Yes,4.7,Long Video,13,0.15
SOC002313,CUST2313,Instagram,62,135,43,Short Reels,High,Yes,8.2,Short Video,32,0.30
SOC002314,CUST2314,Twitter,15,24,5,Match Highlights,Low,No,3.0,Carousel Post,6,0.08
SOC002315,CUST2315,Instagram,53,115,35,Memes,High,Yes,7.1,Short Video,26,0.28
SOC002316,CUST2316,YouTube,31,54,14,Match Analysis,High,Yes,5.0,Long Video,14,0.15
SOC002317,CUST2317,Instagram,42,87,25,Short Reels,Medium,Yes,5.7,Short Video,19,0.22
SOC002318,CUST2318,Facebook,13,22,4,Player Interviews,Low,No,2.6,Image Post,5,0.05
SOC002319,CUST2319,Instagram,56,121,38,Memes,High,Yes,7.5,Short Video,28,0.29
SOC002320,CUST2320,Twitter,17,27,6,Match Highlights,Medium,No,3.4,Carousel Post,7,0.09
SOC002321,CUST2321,Instagram,47,98,30,Short Reels,High,Yes,6.4,Short Video,22,0.26
SOC002322,CUST2322,YouTube,26,44,11,Match Analysis,Medium,No,4.2,Long Video,10,0.12
SOC002323,CUST2323,Instagram,61,132,42,Memes,High,Yes,8.0,Short Video,31,0.30
SOC002324,CUST2324,Facebook,10,17,3,Player Interviews,Low,No,2.1,Image Post,4,0.04
SOC002325,CUST2325,Instagram,56,121,38,Short Reels,High,Yes,7.4,Short Video,28,0.29
SOC002326,CUST2326,Twitter,19,31,7,Match Highlights,Medium,No,3.6,Carousel Post,8,0.09
SOC002327,CUST2327,Instagram,43,90,27,Memes,High,Yes,5.9,Short Video,20,0.23
SOC002328,CUST2328,YouTube,24,39,9,Tutorials,Medium,No,3.9,Long Video,9,0.10
SOC002329,CUST2329,Instagram,58,126,40,Short Reels,High,Yes,7.7,Short Video,29,0.30
SOC002330,CUST2330,Facebook,8,14,2,Player Interviews,Low,No,1.8,Image Post,3,0.03
SOC002331,CUST2331,Instagram,49,104,32,Memes,High,Yes,6.8,Short Video,24,0.27
SOC002332,CUST2332,YouTube,28,48,12,Match Analysis,Medium,Yes,4.5,Long Video,12,0.14
SOC002333,CUST2333,Instagram,63,136,44,Short Reels,High,Yes,8.3,Short Video,33,0.30
SOC002334,CUST2334,Twitter,14,23,5,Match Highlights,Low,No,2.8,Carousel Post,5,0.07
SOC002335,CUST2335,Instagram,54,118,36,Memes,High,Yes,7.2,Short Video,27,0.29
SOC002336,CUST2336,YouTube,30,52,14,Match Analysis,High,Yes,4.9,Long Video,14,0.15
SOC002337,CUST2337,Instagram,41,85,24,Short Reels,Medium,Yes,5.5,Short Video,18,0.22
SOC002338,CUST2338,Facebook,12,20,4,Player Interviews,Low,No,2.4,Image Post,5,0.05
SOC002339,CUST2339,Instagram,57,124,39,Memes,High,Yes,7.6,Short Video,29,0.30
SOC002340,CUST2340,Twitter,16,26,6,Match Highlights,Medium,No,3.3,Carousel Post,6,0.08
SOC002341,CUST2341,Instagram,46,96,29,Short Reels,High,Yes,6.3,Short Video,21,0.25
SOC002342,CUST2342,YouTube,27,46,11,Tutorials,Medium,Yes,4.3,Long Video,11,0.13
SOC002343,CUST2343,Instagram,60,130,41,Memes,High,Yes,7.9,Short Video,31,0.30
SOC002344,CUST2344,Facebook,11,18,3,Player Interviews,Low,No,2.2,Image Post,4,0.04
SOC002345,CUST2345,Instagram,55,120,37,Short Reels,High,Yes,7.3,Short Video,27,0.29
SOC002346,CUST2346,Twitter,18,29,7,Match Analysis,Medium,Yes,3.5,Carousel Post,7,0.09
SOC002347,CUST2347,Instagram,44,92,28,Memes,High,Yes,6.0,Short Video,20,0.24
SOC002348,CUST2348,YouTube,25,41,10,Tutorials,Medium,No,4.0,Long Video,10,0.11
SOC002349,CUST2349,Instagram,59,128,40,Short Reels,High,Yes,7.8,Short Video,30,0.30
SOC002350,CUST2350,Facebook,9,15,2,Player Interviews,Low,No,1.9,Image Post,3,0.03
SOC002351,CUST2351,Instagram,50,106,33,Memes,High,Yes,6.9,Short Video,24,0.27
SOC002352,CUST2352,YouTube,29,50,13,Match Analysis,High,Yes,4.7,Long Video,13,0.15
SOC002353,CUST2353,Instagram,62,134,43,Short Reels,High,Yes,8.2,Short Video,32,0.30
SOC002354,CUST2354,Twitter,15,24,5,Match Highlights,Low,No,3.0,Carousel Post,6,0.08
SOC002355,CUST2355,Instagram,53,116,35,Memes,High,Yes,7.1,Short Video,26,0.28
SOC002356,CUST2356,YouTube,31,53,14,Match Analysis,High,Yes,5.0,Long Video,14,0.15
SOC002357,CUST2357,Instagram,42,88,25,Short Reels,Medium,Yes,5.7,Short Video,19,0.22
SOC002358,CUST2358,Facebook,13,22,4,Player Interviews,Low,No,2.6,Image Post,5,0.05
SOC002359,CUST2359,Instagram,56,122,38,Memes,High,Yes,7.5,Short Video,28,0.29
SOC002360,CUST2360,Twitter,17,28,6,Match Highlights,Medium,No,3.4,Carousel Post,7,0.09
SOC002361,CUST2361,Instagram,47,99,30,Short Reels,High,Yes,6.5,Short Video,22,0.26
SOC002362,CUST2362,YouTube,26,45,11,Tutorials,Medium,Yes,4.2,Long Video,10,0.12
SOC002363,CUST2363,Instagram,61,133,42,Memes,High,Yes,8.1,Short Video,31,0.30
SOC002364,CUST2364,Facebook,10,17,3,Player Interviews,Low,No,2.1,Image Post,4,0.04
SOC002365,CUST2365,Instagram,55,119,37,Short Reels,High,Yes,7.3,Short Video,27,0.29
SOC002366,CUST2366,Twitter,19,30,7,Match Analysis,Medium,Yes,3.6,Carousel Post,8,0.10
SOC002367,CUST2367,Instagram,43,91,27,Memes,High,Yes,5.9,Short Video,20,0.23
SOC002368,CUST2368,YouTube,24,40,9,Tutorials,Medium,No,3.9,Long Video,9,0.10
SOC002369,CUST2369,Instagram,58,127,40,Short Reels,High,Yes,7.7,Short Video,30,0.30
SOC002370,CUST2370,Facebook,8,14,2,Player Interviews,Low,No,1.8,Image Post,3,0.03
SOC002371,CUST2371,Instagram,49,105,32,Memes,High,Yes,6.8,Short Video,24,0.27
SOC002372,CUST2372,YouTube,28,49,12,Match Analysis,Medium,Yes,4.5,Long Video,12,0.14
SOC002373,CUST2373,Instagram,63,137,44,Short Reels,High,Yes,8.3,Short Video,33,0.30
SOC002374,CUST2374,Twitter,14,23,5,Match Highlights,Low,No,2.8,Carousel Post,5,0.07
SOC002375,CUST2375,Instagram,54,117,36,Memes,High,Yes,7.2,Short Video,27,0.29
SOC002376,CUST2376,YouTube,30,51,14,Match Analysis,High,Yes,4.9,Long Video,14,0.15
SOC002377,CUST2377,Instagram,41,86,24,Short Reels,Medium,Yes,5.5,Short Video,18,0.22
SOC002378,CUST2378,Facebook,12,20,4,Player Interviews,Low,No,2.4,Image Post,5,0.05
SOC002379,CUST2379,Instagram,57,123,39,Memes,High,Yes,7.6,Short Video,29,0.30
SOC002380,CUST2380,Twitter,16,26,6,Match Highlights,Medium,No,3.3,Carousel Post,6,0.08
SOC002381,CUST2381,Instagram,46,97,29,Short Reels,High,Yes,6.3,Short Video,21,0.25
SOC002382,CUST2382,YouTube,27,47,11,Tutorials,Medium,Yes,4.3,Long Video,11,0.13
SOC002383,CUST2383,Instagram,60,129,41,Memes,High,Yes,7.9,Short Video,31,0.30
SOC002384,CUST2384,Facebook,11,18,3,Player Interviews,Low,No,2.2,Image Post,4,0.04
SOC002385,CUST2385,Instagram,55,121,37,Short Reels,High,Yes,7.3,Short Video,28,0.29
SOC002386,CUST2386,Twitter,18,29,7,Match Analysis,Medium,Yes,3.5,Carousel Post,7,0.09
SOC002387,CUST2387,Instagram,44,93,28,Memes,High,Yes,6.0,Short Video,20,0.24
SOC002388,CUST2388,YouTube,25,42,10,Tutorials,Medium,No,4.0,Long Video,10,0.11
SOC002389,CUST2389,Instagram,59,127,40,Short Reels,High,Yes,7.8,Short Video,30,0.30
SOC002390,CUST2390,Facebook,9,15,2,Player Interviews,Low,No,1.9,Image Post,3,0.03
SOC002391,CUST2391,Instagram,50,107,33,Memes,High,Yes,6.9,Short Video,24,0.27
SOC002392,CUST2392,YouTube,29,49,13,Match Analysis,High,Yes,4.7,Long Video,13,0.15
SOC002393,CUST2393,Instagram,62,135,43,Short Reels,High,Yes,8.2,Short Video,32,0.30
SOC002394,CUST2394,Twitter,15,24,5,Match Highlights,Low,No,3.0,Carousel Post,6,0.08
SOC002395,CUST2395,Instagram,53,115,35,Memes,High,Yes,7.1,Short Video,26,0.28
SOC002396,CUST2396,YouTube,31,54,14,Match Analysis,High,Yes,5.0,Long Video,14,0.15
SOC002397,CUST2397,Instagram,42,87,25,Short Reels,Medium,Yes,5.7,Short Video,19,0.22
SOC002398,CUST2398,Facebook,13,22,4,Player Interviews,Low,No,2.6,Image Post,5,0.05
SOC002399,CUST2399,Instagram,56,121,38,Memes,High,Yes,7.5,Short Video,28,0.29
SOC002400,CUST2400,Twitter,17,27,6,Match Highlights,Medium,No,3.4,Carousel Post,7,0.09
SOC002401,CUST2401,Instagram,47,98,30,Short Reels,High,Yes,6.4,Short Video,22,0.26
SOC002402,CUST2402,YouTube,26,44,11,Match Analysis,Medium,No,4.2,Long Video,10,0.12
SOC002403,CUST2403,Instagram,61,132,42,Memes,High,Yes,8.0,Short Video,31,0.30
SOC002404,CUST2404,Facebook,10,17,3,Player Interviews,Low,No,2.1,Image Post,4,0.04
SOC002405,CUST2405,Instagram,56,121,38,Short Reels,High,Yes,7.4,Short Video,28,0.29
SOC002406,CUST2406,Twitter,19,31,7,Match Highlights,Medium,No,3.6,Carousel Post,8,0.09
SOC002407,CUST2407,Instagram,43,90,27,Memes,High,Yes,5.9,Short Video,20,0.23
SOC002408,CUST2408,YouTube,24,39,9,Tutorials,Medium,No,3.9,Long Video,9,0.10
SOC002409,CUST2409,Instagram,58,126,40,Short Reels,High,Yes,7.7,Short Video,29,0.30
SOC002410,CUST2410,Facebook,8,14,2,Player Interviews,Low,No,1.8,Image Post,3,0.03
SOC002411,CUST2411,Instagram,49,104,32,Memes,High,Yes,6.8,Short Video,24,0.27
SOC002412,CUST2412,YouTube,28,48,12,Match Analysis,Medium,Yes,4.5,Long Video,12,0.14
SOC002413,CUST2413,Instagram,63,136,44,Short Reels,High,Yes,8.3,Short Video,33,0.30
SOC002414,CUST2414,Twitter,14,23,5,Match Highlights,Low,No,2.8,Carousel Post,5,0.07
SOC002415,CUST2415,Instagram,54,118,36,Memes,High,Yes,7.2,Short Video,27,0.29
SOC002416,CUST2416,YouTube,30,52,14,Match Analysis,High,Yes,4.9,Long Video,14,0.15
SOC002417,CUST2417,Instagram,41,85,24,Short Reels,Medium,Yes,5.5,Short Video,18,0.22
SOC002418,CUST2418,Facebook,12,20,4,Player Interviews,Low,No,2.4,Image Post,5,0.05
SOC002419,CUST2419,Instagram,57,124,39,Memes,High,Yes,7.6,Short Video,29,0.30
SOC002420,CUST2420,Twitter,16,26,6,Match Highlights,Medium,No,3.3,Carousel Post,6,0.08
SOC002421,CUST2421,Instagram,46,96,29,Short Reels,High,Yes,6.3,Short Video,21,0.25
SOC002422,CUST2422,YouTube,27,46,11,Tutorials,Medium,Yes,4.3,Long Video,11,0.13
SOC002423,CUST2423,Instagram,60,130,41,Memes,High,Yes,7.9,Short Video,31,0.30
SOC002424,CUST2424,Facebook,11,18,3,Player Interviews,Low,No,2.2,Image Post,4,0.04
SOC002425,CUST2425,Instagram,55,120,37,Short Reels,High,Yes,7.3,Short Video,27,0.29
SOC002426,CUST2426,Twitter,18,29,7,Match Analysis,Medium,Yes,3.5,Carousel Post,7,0.09
SOC002427,CUST2427,Instagram,44,92,28,Memes,High,Yes,6.0,Short Video,20,0.24
SOC002428,CUST2428,YouTube,25,41,10,Tutorials,Medium,No,4.0,Long Video,10,0.11
SOC002429,CUST2429,Instagram,59,128,40,Short Reels,High,Yes,7.8,Short Video,30,0.30
SOC002430,CUST2430,Facebook,9,15,2,Player Interviews,Low,No,1.9,Image Post,3,0.03
SOC002431,CUST2431,Instagram,50,106,33,Memes,High,Yes,6.9,Short Video,24,0.27
SOC002432,CUST2432,YouTube,29,50,13,Match Analysis,High,Yes,4.7,Long Video,13,0.15
SOC002433,CUST2433,Instagram,62,134,43,Short Reels,High,Yes,8.2,Short Video,32,0.30
SOC002434,CUST2434,Twitter,15,24,5,Match Highlights,Low,No,3.0,Carousel Post,6,0.08
SOC002435,CUST2435,Instagram,53,116,35,Memes,High,Yes,7.1,Short Video,26,0.28
SOC002436,CUST2436,YouTube,31,53,14,Match Analysis,High,Yes,5.0,Long Video,14,0.15
SOC002437,CUST2437,Instagram,42,88,25,Short Reels,Medium,Yes,5.7,Short Video,19,0.22
SOC002438,CUST2438,Facebook,13,22,4,Player Interviews,Low,No,2.6,Image Post,5,0.05
SOC002439,CUST2439,Instagram,56,122,38,Memes,High,Yes,7.5,Short Video,28,0.29
SOC002440,CUST2440,Twitter,17,28,6,Match Highlights,Medium,No,3.4,Carousel Post,7,0.09
SOC002441,CUST2441,Instagram,47,99,30,Short Reels,High,Yes,6.5,Short Video,22,0.26
SOC002442,CUST2442,YouTube,26,45,11,Tutorials,Medium,Yes,4.2,Long Video,10,0.12
SOC002443,CUST2443,Instagram,61,133,42,Memes,High,Yes,8.1,Short Video,31,0.30
SOC002444,CUST2444,Facebook,10,17,3,Player Interviews,Low,No,2.1,Image Post,4,0.04
SOC002445,CUST2445,Instagram,55,119,37,Short Reels,High,Yes,7.3,Short Video,27,0.29
SOC002446,CUST2446,Twitter,19,30,7,Match Analysis,Medium,Yes,3.6,Carousel Post,8,0.10
SOC002447,CUST2447,Instagram,43,91,27,Memes,High,Yes,5.9,Short Video,20,0.23
SOC002448,CUST2448,YouTube,24,40,9,Tutorials,Medium,No,3.9,Long Video,9,0.10
SOC002449,CUST2449,Instagram,58,127,40,Short Reels,High,Yes,7.7,Short Video,30,0.30
SOC002450,CUST2450,Facebook,8,14,2,Player Interviews,Low,No,1.8,Image Post,3,0.03
SOC002451,CUST2451,Instagram,49,105,32,Memes,High,Yes,6.8,Short Video,24,0.27
SOC002452,CUST2452,YouTube,28,49,12,Match Analysis,Medium,Yes,4.5,Long Video,12,0.14
SOC002453,CUST2453,Instagram,63,137,44,Short Reels,High,Yes,8.3,Short Video,33,0.30
SOC002454,CUST2454,Twitter,14,23,5,Match Highlights,Low,No,2.8,Carousel Post,5,0.07
SOC002455,CUST2455,Instagram,54,117,36,Memes,High,Yes,7.2,Short Video,27,0.29
SOC002456,CUST2456,YouTube,30,51,14,Match Analysis,High,Yes,4.9,Long Video,14,0.15
SOC002457,CUST2457,Instagram,41,86,24,Short Reels,Medium,Yes,5.5,Short Video,18,0.22
SOC002458,CUST2458,Facebook,12,20,4,Player Interviews,Low,No,2.4,Image Post,5,0.05
SOC002459,CUST2459,Instagram,57,123,39,Memes,High,Yes,7.6,Short Video,29,0.30
SOC002460,CUST2460,Twitter,16,26,6,Match Highlights,Medium,No,3.3,Carousel Post,6,0.08
SOC002461,CUST2461,Instagram,46,97,29,Short Reels,High,Yes,6.3,Short Video,21,0.25
SOC002462,CUST2462,YouTube,27,47,11,Tutorials,Medium,Yes,4.3,Long Video,11,0.13
SOC002463,CUST2463,Instagram,60,129,41,Memes,High,Yes,7.9,Short Video,31,0.30
SOC002464,CUST2464,Facebook,11,18,3,Player Interviews,Low,No,2.2,Image Post,4,0.04
SOC002465,CUST2465,Instagram,55,121,37,Short Reels,High,Yes,7.3,Short Video,28,0.29
SOC002466,CUST2466,Twitter,18,29,7,Match Analysis,Medium,Yes,3.5,Carousel Post,7,0.09
SOC002467,CUST2467,Instagram,44,93,28,Memes,High,Yes,6.0,Short Video,20,0.24
SOC002468,CUST2468,YouTube,25,42,10,Tutorials,Medium,No,4.0,Long Video,10,0.11
SOC002469,CUST2469,Instagram,59,127,40,Short Reels,High,Yes,7.8,Short Video,30,0.30
SOC002470,CUST2470,Facebook,9,15,2,Player Interviews,Low,No,1.9,Image Post,3,0.03
SOC002471,CUST2471,Instagram,50,107,33,Memes,High,Yes,6.9,Short Video,24,0.27
SOC002472,CUST2472,YouTube,29,49,13,Match Analysis,High,Yes,4.7,Long Video,13,0.15
SOC002473,CUST2473,Instagram,62,135,43,Short Reels,High,Yes,8.2,Short Video,32,0.30
SOC002474,CUST2474,Twitter,15,24,5,Match Highlights,Low,No,3.0,Carousel Post,6,0.08
SOC002475,CUST2475,Instagram,53,115,35,Memes,High,Yes,7.1,Short Video,26,0.28
SOC002476,CUST2476,YouTube,31,54,14,Match Analysis,High,Yes,5.0,Long Video,14,0.15
SOC002477,CUST2477,Instagram,42,87,25,Short Reels,Medium,Yes,5.7,Short Video,19,0.22
SOC002478,CUST2478,Facebook,13,22,4,Player Interviews,Low,No,2.6,Image Post,5,0.05
SOC002479,CUST2479,Instagram,56,121,38,Memes,High,Yes,7.5,Short Video,28,0.29
SOC002480,CUST2480,Twitter,17,27,6,Match Highlights,Medium,No,3.4,Carousel Post,7,0.09
SOC002481,CUST2481,Instagram,47,98,30,Short Reels,High,Yes,6.4,Short Video,22,0.26
SOC002482,CUST2482,YouTube,26,44,11,Match Analysis,Medium,No,4.2,Long Video,10,0.12
SOC002483,CUST2483,Instagram,61,132,42,Memes,High,Yes,8.0,Short Video,31,0.30
SOC002484,CUST2484,Facebook,10,17,3,Player Interviews,Low,No,2.1,Image Post,4,0.04
SOC002485,CUST2485,Instagram,56,121,38,Short Reels,High,Yes,7.4,Short Video,28,0.29
SOC002486,CUST2486,Twitter,19,31,7,Match Highlights,Medium,No,3.6,Carousel Post,8,0.09
SOC002487,CUST2487,Instagram,43,90,27,Memes,High,Yes,5.9,Short Video,20,0.23
SOC002488,CUST2488,YouTube,24,39,9,Tutorials,Medium,No,3.9,Long Video,9,0.10
SOC002489,CUST2489,Instagram,58,126,40,Short Reels,High,Yes,7.7,Short Video,29,0.30
SOC002490,CUST2490,Facebook,8,14,2,Player Interviews,Low,No,1.8,Image Post,3,0.03
SOC002491,CUST2491,Instagram,49,104,32,Memes,High,Yes,6.8,Short Video,24,0.27
SOC002492,CUST2492,YouTube,28,48,12,Match Analysis,Medium,Yes,4.5,Long Video,12,0.14
SOC002493,CUST2493,Instagram,63,136,44,Short Reels,High,Yes,8.3,Short Video,33,0.30
SOC002494,CUST2494,Twitter,14,23,5,Match Highlights,Low,No,2.8,Carousel Post,5,0.07
SOC002495,CUST2495,Instagram,54,118,36,Memes,High,Yes,7.2,Short Video,27,0.29
SOC002496,CUST2496,YouTube,30,52,14,Match Analysis,High,Yes,4.9,Long Video,14,0.15
SOC002497,CUST2497,Instagram,41,85,24,Short Reels,Medium,Yes,5.5,Short Video,18,0.22
SOC002498,CUST2498,Facebook,12,20,4,Player Interviews,Low,No,2.4,Image Post,5,0.05
SOC002499,CUST2499,Instagram,57,124,39,Memes,High,Yes,7.6,Short Video,29,0.30
SOC002500,CUST2500,Twitter,16,26,6,Match Highlights,Medium,No,3.3,Carousel Post,6,0.08
SOC002501,CUST2501,Instagram,46,96,29,Short Reels,High,Yes,6.3,Short Video,21,0.25
SOC002502,CUST2502,YouTube,27,46,11,Tutorials,Medium,Yes,4.3,Long Video,11,0.13
SOC002503,CUST2503,Instagram,60,130,41,Memes,High,Yes,7.9,Short Video,31,0.30
SOC002504,CUST2504,Facebook,11,18,3,Player Interviews,Low,No,2.2,Image Post,4,0.04
SOC002505,CUST2505,Instagram,55,120,37,Short Reels,High,Yes,7.3,Short Video,27,0.29
SOC002506,CUST2506,Twitter,18,29,7,Match Analysis,Medium,Yes,3.5,Carousel Post,7,0.09
SOC002507,CUST2507,Instagram,44,92,28,Memes,High,Yes,6.0,Short Video,20,0.24
SOC002508,CUST2508,YouTube,25,41,10,Tutorials,Medium,No,4.0,Long Video,10,0.11
SOC002509,CUST2509,Instagram,59,128,40,Short Reels,High,Yes,7.8,Short Video,30,0.30
SOC002510,CUST2510,Facebook,9,15,2,Player Interviews,Low,No,1.9,Image Post,3,0.03
SOC002511,CUST2511,Instagram,50,106,33,Memes,High,Yes,6.9,Short Video,24,0.27
SOC002512,CUST2512,YouTube,29,50,13,Match Analysis,High,Yes,4.7,Long Video,13,0.15
SOC002513,CUST2513,Instagram,62,134,43,Short Reels,High,Yes,8.2,Short Video,32,0.30
SOC002514,CUST2514,Twitter,15,24,5,Match Highlights,Low,No,3.0,Carousel Post,6,0.08
SOC002515,CUST2515,Instagram,53,116,35,Memes,High,Yes,7.1,Short Video,26,0.28
SOC002516,CUST2516,YouTube,31,53,14,Match Analysis,High,Yes,5.0,Long Video,14,0.15
SOC002517,CUST2517,Instagram,42,88,25,Short Reels,Medium,Yes,5.7,Short Video,19,0.22
SOC002518,CUST2518,Facebook,13,22,4,Player Interviews,Low,No,2.6,Image Post,5,0.05
SOC002519,CUST2519,Instagram,56,122,38,Memes,High,Yes,7.5,Short Video,28,0.29
SOC002520,CUST2520,Twitter,17,28,6,Match Highlights,Medium,No,3.4,Carousel Post,7,0.09
SOC002521,CUST2521,Instagram,47,99,30,Short Reels,High,Yes,6.5,Short Video,22,0.26
SOC002522,CUST2522,YouTube,26,45,11,Tutorials,Medium,Yes,4.2,Long Video,10,0.12
SOC002523,CUST2523,Instagram,61,133,42,Memes,High,Yes,8.1,Short Video,31,0.30
SOC002524,CUST2524,Facebook,10,17,3,Player Interviews,Low,No,2.1,Image Post,4,0.04
SOC002525,CUST2525,Instagram,55,119,37,Short Reels,High,Yes,7.3,Short Video,27,0.29
SOC002526,CUST2526,Twitter,19,30,7,Match Analysis,Medium,Yes,3.6,Carousel Post,8,0.10
SOC002527,CUST2527,Instagram,43,91,27,Memes,High,Yes,5.9,Short Video,20,0.23
SOC002528,CUST2528,YouTube,24,40,9,Tutorials,Medium,No,3.9,Long Video,9,0.10
SOC002529,CUST2529,Instagram,58,127,40,Short Reels,High,Yes,7.7,Short Video,30,0.30
SOC002530,CUST2530,Facebook,8,14,2,Player Interviews,Low,No,1.8,Image Post,3,0.03
SOC002531,CUST2531,Instagram,49,105,32,Memes,High,Yes,6.8,Short Video,24,0.27
SOC002532,CUST2532,YouTube,28,49,12,Match Analysis,Medium,Yes,4.5,Long Video,12,0.14
SOC002533,CUST2533,Instagram,63,137,44,Short Reels,High,Yes,8.3,Short Video,33,0.30
SOC002534,CUST2534,Twitter,14,23,5,Match Highlights,Low,No,2.8,Carousel Post,5,0.07
SOC002535,CUST2535,Instagram,54,117,36,Memes,High,Yes,7.2,Short Video,27,0.29
SOC002536,CUST2536,YouTube,30,51,14,Match Analysis,High,Yes,4.9,Long Video,14,0.15
SOC002537,CUST2537,Instagram,41,86,24,Short Reels,Medium,Yes,5.5,Short Video,18,0.22
SOC002538,CUST2538,Facebook,12,20,4,Player Interviews,Low,No,2.4,Image Post,5,0.05
SOC002539,CUST2539,Instagram,57,123,39,Memes,High,Yes,7.6,Short Video,29,0.30
SOC002540,CUST2540,Twitter,16,26,6,Match Highlights,Medium,No,3.3,Carousel Post,6,0.08
SOC002541,CUST2541,Instagram,46,97,29,Short Reels,High,Yes,6.3,Short Video,21,0.25
SOC002542,CUST2542,YouTube,27,47,11,Tutorials,Medium,Yes,4.3,Long Video,11,0.13
SOC002543,CUST2543,Instagram,60,129,41,Memes,High,Yes,7.9,Short Video,31,0.30
SOC002544,CUST2544,Facebook,11,18,3,Player Interviews,Low,No,2.2,Image Post,4,0.04
SOC002545,CUST2545,Instagram,55,121,37,Short Reels,High,Yes,7.3,Short Video,28,0.29
SOC002546,CUST2546,Twitter,18,29,7,Match Analysis,Medium,Yes,3.5,Carousel Post,7,0.09
SOC002547,CUST2547,Instagram,44,93,28,Memes,High,Yes,6.0,Short Video,20,0.24
SOC002548,CUST2548,YouTube,25,42,10,Tutorials,Medium,No,4.0,Long Video,10,0.11
SOC002549,CUST2549,Instagram,59,127,40,Short Reels,High,Yes,7.8,Short Video,30,0.30
SOC002550,CUST2550,Facebook,9,15,2,Player Interviews,Low,No,1.9,Image Post,3,0.03
SOC002551,CUST2551,Instagram,50,107,33,Memes,High,Yes,6.9,Short Video,24,0.27
SOC002552,CUST2552,YouTube,29,49,13,Match Analysis,High,Yes,4.7,Long Video,13,0.15
SOC002553,CUST2553,Instagram,62,135,43,Short Reels,High,Yes,8.2,Short Video,32,0.30
SOC002554,CUST2554,Twitter,15,24,5,Match Highlights,Low,No,3.0,Carousel Post,6,0.08
SOC002555,CUST2555,Instagram,53,115,35,Memes,High,Yes,7.1,Short Video,26,0.28
SOC002556,CUST2556,YouTube,31,54,14,Match Analysis,High,Yes,5.0,Long Video,14,0.15
SOC002557,CUST2557,Instagram,42,87,25,Short Reels,Medium,Yes,5.7,Short Video,19,0.22
SOC002558,CUST2558,Facebook,13,22,4,Player Interviews,Low,No,2.6,Image Post,5,0.05
SOC002559,CUST2559,Instagram,56,121,38,Memes,High,Yes,7.5,Short Video,28,0.29
SOC002560,CUST2560,Twitter,17,27,6,Match Highlights,Medium,No,3.4,Carousel Post,7,0.09
SOC002561,CUST2561,Instagram,47,98,30,Short Reels,High,Yes,6.4,Short Video,22,0.26
SOC002562,CUST2562,YouTube,26,44,11,Match Analysis,Medium,No,4.2,Long Video,10,0.12
SOC002563,CUST2563,Instagram,61,132,42,Memes,High,Yes,8.0,Short Video,31,0.30
SOC002564,CUST2564,Facebook,10,17,3,Player Interviews,Low,No,2.1,Image Post,4,0.04
SOC002565,CUST2565,Instagram,56,121,38,Short Reels,High,Yes,7.4,Short Video,28,0.29
SOC002566,CUST2566,Twitter,19,31,7,Match Highlights,Medium,No,3.6,Carousel Post,8,0.09
SOC002567,CUST2567,Instagram,43,90,27,Memes,High,Yes,5.9,Short Video,20,0.23
SOC002568,CUST2568,YouTube,24,39,9,Tutorials,Medium,No,3.9,Long Video,9,0.10
SOC002569,CUST2569,Instagram,58,126,40,Short Reels,High,Yes,7.7,Short Video,29,0.30
SOC002570,CUST2570,Facebook,8,14,2,Player Interviews,Low,No,1.8,Image Post,3,0.03
SOC002571,CUST2571,Instagram,49,104,32,Memes,High,Yes,6.8,Short Video,24,0.27
SOC002572,CUST2572,YouTube,28,48,12,Match Analysis,Medium,Yes,4.5,Long Video,12,0.14
SOC002573,CUST2573,Instagram,63,136,44,Short Reels,High,Yes,8.3,Short Video,33,0.30
SOC002574,CUST2574,Twitter,14,23,5,Match Highlights,Low,No,2.8,Carousel Post,5,0.07
SOC002575,CUST2575,Instagram,54,118,36,Memes,High,Yes,7.2,Short Video,27,0.29
SOC002576,CUST2576,YouTube,30,52,14,Match Analysis,High,Yes,4.9,Long Video,14,0.15
SOC002577,CUST2577,Instagram,41,85,24,Short Reels,Medium,Yes,5.5,Short Video,18,0.22
SOC002578,CUST2578,Facebook,12,20,4,Player Interviews,Low,No,2.4,Image Post,5,0.05
SOC002579,CUST2579,Instagram,57,124,39,Memes,High,Yes,7.6,Short Video,29,0.30
SOC002580,CUST2580,Twitter,16,26,6,Match Highlights,Medium,No,3.3,Carousel Post,6,0.08
SOC002581,CUST2581,Instagram,46,96,29,Short Reels,High,Yes,6.3,Short Video,21,0.25
SOC002582,CUST2582,YouTube,27,46,11,Tutorials,Medium,Yes,4.3,Long Video,11,0.13
SOC002583,CUST2583,Instagram,60,130,41,Memes,High,Yes,7.9,Short Video,31,0.30
SOC002584,CUST2584,Facebook,11,18,3,Player Interviews,Low,No,2.2,Image Post,4,0.04
SOC002585,CUST2585,Instagram,55,120,37,Short Reels,High,Yes,7.3,Short Video,27,0.29
SOC002586,CUST2586,Twitter,18,29,7,Match Analysis,Medium,Yes,3.5,Carousel Post,7,0.09
SOC002587,CUST2587,Instagram,44,92,28,Memes,High,Yes,6.0,Short Video,20,0.24
SOC002588,CUST2588,YouTube,25,41,10,Tutorials,Medium,No,4.0,Long Video,10,0.11
SOC002589,CUST2589,Instagram,59,128,40,Short Reels,High,Yes,7.8,Short Video,30,0.30
SOC002590,CUST2590,Facebook,9,15,2,Player Interviews,Low,No,1.9,Image Post,3,0.03
SOC002591,CUST2591,Instagram,50,106,33,Memes,High,Yes,6.9,Short Video,24,0.27
SOC002592,CUST2592,YouTube,29,50,13,Match Analysis,High,Yes,4.7,Long Video,13,0.15
SOC002593,CUST2593,Instagram,62,134,43,Short Reels,High,Yes,8.2,Short Video,32,0.30
SOC002594,CUST2594,Twitter,15,24,5,Match Highlights,Low,No,3.0,Carousel Post,6,0.08
SOC002595,CUST2595,Instagram,53,116,35,Memes,High,Yes,7.1,Short Video,26,0.28
SOC002596,CUST2596,YouTube,31,53,14,Match Analysis,High,Yes,5.0,Long Video,14,0.15
SOC002597,CUST2597,Instagram,42,88,25,Short Reels,Medium,Yes,5.7,Short Video,19,0.22
SOC002598,CUST2598,Facebook,13,22,4,Player Interviews,Low,No,2.6,Image Post,5,0.05
SOC002599,CUST2599,Instagram,56,122,38,Memes,High,Yes,7.5,Short Video,28,0.29
SOC002600,CUST2600,Twitter,17,28,6,Match Highlights,Medium,No,3.4,Carousel Post,7,0.09
SOC002601,CUST2601,Instagram,48,101,31,Short Reels,High,Yes,6.8,Short Video,24,0.26
SOC002602,CUST2602,YouTube,26,44,10,Match Analysis,Medium,No,4.1,Long Video,10,0.12
SOC002603,CUST2603,Instagram,62,136,42,Memes,High,Yes,8.1,Short Video,32,0.30
SOC002604,CUST2604,Facebook,9,16,3,Player Interviews,Low,No,2.0,Image Post,4,0.04
SOC002605,CUST2605,Instagram,55,122,37,Short Reels,High,Yes,7.4,Short Video,28,0.29
SOC002606,CUST2606,Twitter,18,29,7,Match Highlights,Medium,Yes,3.5,Carousel Post,7,0.09
SOC002607,CUST2607,Instagram,43,92,27,Memes,High,Yes,5.9,Short Video,20,0.23
SOC002608,CUST2608,YouTube,24,40,9,Tutorials,Medium,No,3.8,Long Video,9,0.10
SOC002609,CUST2609,Instagram,59,128,40,Short Reels,High,Yes,7.8,Short Video,30,0.30
SOC002610,CUST2610,Facebook,8,14,2,Player Interviews,Low,No,1.8,Image Post,3,0.03
SOC002611,CUST2611,Instagram,50,106,33,Memes,High,Yes,6.9,Short Video,24,0.27
SOC002612,CUST2612,YouTube,29,51,13,Match Analysis,High,Yes,4.8,Long Video,13,0.15
SOC002613,CUST2613,Instagram,63,137,44,Short Reels,High,Yes,8.3,Short Video,33,0.30
SOC002614,CUST2614,Twitter,14,23,5,Match Highlights,Low,No,2.9,Carousel Post,5,0.07
SOC002615,CUST2615,Instagram,54,118,36,Memes,High,Yes,7.2,Short Video,27,0.29
SOC002616,CUST2616,YouTube,31,53,14,Match Analysis,High,Yes,5.0,Long Video,14,0.15
SOC002617,CUST2617,Instagram,41,87,24,Short Reels,Medium,Yes,5.6,Short Video,18,0.22
SOC002618,CUST2618,Facebook,12,20,4,Player Interviews,Low,No,2.5,Image Post,5,0.05
SOC002619,CUST2619,Instagram,57,124,39,Memes,High,Yes,7.6,Short Video,29,0.30
SOC002620,CUST2620,Twitter,16,27,6,Match Highlights,Medium,No,3.3,Carousel Post,6,0.08
SOC002621,CUST2621,Instagram,47,98,30,Short Reels,High,Yes,6.4,Short Video,22,0.26
SOC002622,CUST2622,YouTube,27,46,11,Tutorials,Medium,Yes,4.3,Long Video,11,0.13
SOC002623,CUST2623,Instagram,60,131,41,Memes,High,Yes,7.9,Short Video,31,0.30
SOC002624,CUST2624,Facebook,10,17,3,Player Interviews,Low,No,2.1,Image Post,4,0.04
SOC002625,CUST2625,Instagram,56,121,38,Short Reels,High,Yes,7.5,Short Video,28,0.29
SOC002626,CUST2626,Twitter,19,30,7,Match Analysis,Medium,Yes,3.6,Carousel Post,8,0.10
SOC002627,CUST2627,Instagram,44,93,28,Memes,High,Yes,6.0,Short Video,20,0.24
SOC002628,CUST2628,YouTube,25,41,10,Tutorials,Medium,No,4.0,Long Video,10,0.11
SOC002629,CUST2629,Instagram,58,127,40,Short Reels,High,Yes,7.7,Short Video,30,0.30
SOC002630,CUST2630,Facebook,9,15,2,Player Interviews,Low,No,1.9,Image Post,3,0.03
SOC002631,CUST2631,Instagram,49,105,32,Memes,High,Yes,6.8,Short Video,24,0.27
SOC002632,CUST2632,YouTube,28,49,12,Match Analysis,Medium,Yes,4.5,Long Video,12,0.14
SOC002633,CUST2633,Instagram,62,135,43,Short Reels,High,Yes,8.2,Short Video,32,0.30
SOC002634,CUST2634,Twitter,15,24,5,Match Highlights,Low,No,3.0,Carousel Post,6,0.08
SOC002635,CUST2635,Instagram,53,116,35,Memes,High,Yes,7.1,Short Video,26,0.28
SOC002636,CUST2636,YouTube,30,52,14,Match Analysis,High,Yes,4.9,Long Video,14,0.15
SOC002637,CUST2637,Instagram,42,88,25,Short Reels,Medium,Yes,5.7,Short Video,19,0.22
SOC002638,CUST2638,Facebook,13,22,4,Player Interviews,Low,No,2.6,Image Post,5,0.05
SOC002639,CUST2639,Instagram,56,123,38,Memes,High,Yes,7.5,Short Video,28,0.29
SOC002640,CUST2640,Twitter,17,28,6,Match Highlights,Medium,No,3.4,Carousel Post,7,0.09
SOC002641,CUST2641,Instagram,46,97,29,Short Reels,High,Yes,6.3,Short Video,21,0.25
SOC002642,CUST2642,YouTube,26,45,11,Tutorials,Medium,Yes,4.2,Long Video,10,0.12
SOC002643,CUST2643,Instagram,61,133,42,Memes,High,Yes,8.0,Short Video,31,0.30
SOC002644,CUST2644,Facebook,10,16,3,Player Interviews,Low,No,2.0,Image Post,4,0.04
SOC002645,CUST2645,Instagram,55,120,37,Short Reels,High,Yes,7.3,Short Video,27,0.29
SOC002646,CUST2646,Twitter,18,29,7,Match Analysis,Medium,Yes,3.5,Carousel Post,7,0.09
SOC002647,CUST2647,Instagram,43,91,27,Memes,High,Yes,5.9,Short Video,20,0.23
SOC002648,CUST2648,YouTube,24,39,9,Tutorials,Medium,No,3.9,Long Video,9,0.10
SOC002649,CUST2649,Instagram,59,129,40,Short Reels,High,Yes,7.8,Short Video,30,0.30
SOC002650,CUST2650,Facebook,8,14,2,Player Interviews,Low,No,1.8,Image Post,3,0.03
SOC002651,CUST2651,Instagram,50,107,33,Memes,High,Yes,6.9,Short Video,24,0.27
SOC002652,CUST2652,YouTube,29,50,13,Match Analysis,High,Yes,4.7,Long Video,13,0.15
SOC002653,CUST2653,Instagram,63,136,44,Short Reels,High,Yes,8.3,Short Video,33,0.30
SOC002654,CUST2654,Twitter,14,22,5,Match Highlights,Low,No,2.8,Carousel Post,5,0.07
SOC002655,CUST2655,Instagram,54,117,36,Memes,High,Yes,7.2,Short Video,27,0.29
SOC002656,CUST2656,YouTube,31,54,14,Match Analysis,High,Yes,5.0,Long Video,14,0.15
SOC002657,CUST2657,Instagram,41,86,24,Short Reels,Medium,Yes,5.5,Short Video,18,0.22
SOC002658,CUST2658,Facebook,12,21,4,Player Interviews,Low,No,2.4,Image Post,5,0.05
SOC002659,CUST2659,Instagram,57,123,39,Memes,High,Yes,7.6,Short Video,29,0.30
SOC002660,CUST2660,Twitter,16,26,6,Match Highlights,Medium,No,3.2,Carousel Post,6,0.08
SOC002661,CUST2661,Instagram,47,99,30,Short Reels,High,Yes,6.5,Short Video,22,0.26
SOC002662,CUST2662,YouTube,27,47,11,Tutorials,Medium,Yes,4.3,Long Video,11,0.13
SOC002663,CUST2663,Instagram,60,130,41,Memes,High,Yes,7.9,Short Video,31,0.30
SOC002664,CUST2664,Facebook,11,18,3,Player Interviews,Low,No,2.2,Image Post,4,0.04
SOC002665,CUST2665,Instagram,55,121,37,Short Reels,High,Yes,7.4,Short Video,28,0.29
SOC002666,CUST2666,Twitter,18,30,7,Match Analysis,Medium,Yes,3.6,Carousel Post,7,0.09
SOC002667,CUST2667,Instagram,44,92,28,Memes,High,Yes,6.0,Short Video,20,0.24
SOC002668,CUST2668,YouTube,25,40,10,Tutorials,Medium,No,4.0,Long Video,10,0.11
SOC002669,CUST2669,Instagram,58,126,40,Short Reels,High,Yes,7.7,Short Video,29,0.30
SOC002670,CUST2670,Facebook,9,15,2,Player Interviews,Low,No,1.9,Image Post,3,0.03
SOC002671,CUST2671,Instagram,49,104,32,Memes,High,Yes,6.8,Short Video,24,0.27
SOC002672,CUST2672,YouTube,28,48,12,Match Analysis,Medium,Yes,4.5,Long Video,12,0.14
SOC002673,CUST2673,Instagram,62,134,43,Short Reels,High,Yes,8.2,Short Video,32,0.30
SOC002674,CUST2674,Twitter,15,24,5,Match Highlights,Low,No,3.0,Carousel Post,6,0.08
SOC002675,CUST2675,Instagram,53,115,35,Memes,High,Yes,7.1,Short Video,26,0.28
SOC002676,CUST2676,YouTube,30,51,14,Match Analysis,High,Yes,4.9,Long Video,14,0.15
SOC002677,CUST2677,Instagram,42,87,25,Short Reels,Medium,Yes,5.6,Short Video,19,0.22
SOC002678,CUST2678,Facebook,13,21,4,Player Interviews,Low,No,2.5,Image Post,5,0.05
SOC002679,CUST2679,Instagram,56,122,38,Memes,High,Yes,7.5,Short Video,28,0.29
SOC002680,CUST2680,Twitter,17,27,6,Match Highlights,Medium,No,3.3,Carousel Post,7,0.09
SOC002681,CUST2681,Instagram,46,96,29,Short Reels,High,Yes,6.3,Short Video,21,0.25
SOC002682,CUST2682,YouTube,26,44,11,Tutorials,Medium,Yes,4.2,Long Video,10,0.12
SOC002683,CUST2683,Instagram,61,132,42,Memes,High,Yes,8.0,Short Video,31,0.30
SOC002684,CUST2684,Facebook,10,17,3,Player Interviews,Low,No,2.1,Image Post,4,0.04
SOC002685,CUST2685,Instagram,55,120,37,Short Reels,High,Yes,7.3,Short Video,27,0.29
SOC002686,CUST2686,Twitter,19,31,7,Match Analysis,Medium,Yes,3.6,Carousel Post,8,0.10
SOC002687,CUST2687,Instagram,43,90,27,Memes,High,Yes,5.9,Short Video,20,0.23
SOC002688,CUST2688,YouTube,24,39,9,Tutorials,Medium,No,3.9,Long Video,9,0.10
SOC002689,CUST2689,Instagram,58,127,40,Short Reels,High,Yes,7.7,Short Video,30,0.30
SOC002690,CUST2690,Facebook,8,14,2,Player Interviews,Low,No,1.8,Image Post,3,0.03
SOC002691,CUST2691,Instagram,50,105,33,Memes,High,Yes,6.8,Short Video,24,0.27
SOC002692,CUST2692,YouTube,29,49,13,Match Analysis,High,Yes,4.7,Long Video,13,0.15
SOC002693,CUST2693,Instagram,63,137,44,Short Reels,High,Yes,8.3,Short Video,33,0.30
SOC002694,CUST2694,Twitter,14,23,5,Match Highlights,Low,No,2.9,Carousel Post,5,0.07
SOC002695,CUST2695,Instagram,54,116,36,Memes,High,Yes,7.2,Short Video,27,0.29
SOC002696,CUST2696,YouTube,31,53,14,Match Analysis,High,Yes,5.0,Long Video,14,0.15
SOC002697,CUST2697,Instagram,41,88,24,Short Reels,Medium,Yes,5.6,Short Video,18,0.22
SOC002698,CUST2698,Facebook,12,20,4,Player Interviews,Low,No,2.4,Image Post,5,0.05
SOC002699,CUST2699,Instagram,57,124,39,Memes,High,Yes,7.6,Short Video,29,0.30
SOC002700,CUST2700,Twitter,16,27,6,Match Highlights,Medium,No,3.3,Carousel Post,6,0.08
SOC002701,CUST2701,Instagram,47,98,30,Short Reels,High,Yes,6.4,Short Video,22,0.26
SOC002702,CUST2702,YouTube,27,46,11,Tutorials,Medium,Yes,4.3,Long Video,11,0.13
SOC002703,CUST2703,Instagram,60,131,41,Memes,High,Yes,7.9,Short Video,31,0.30
SOC002704,CUST2704,Facebook,10,17,3,Player Interviews,Low,No,2.1,Image Post,4,0.04
SOC002705,CUST2705,Instagram,56,121,38,Short Reels,High,Yes,7.5,Short Video,28,0.29
SOC002706,CUST2706,Twitter,19,30,7,Match Analysis,Medium,Yes,3.6,Carousel Post,8,0.10
SOC002707,CUST2707,Instagram,44,93,28,Memes,High,Yes,6.0,Short Video,20,0.24
SOC002708,CUST2708,YouTube,25,41,10,Tutorials,Medium,No,4.0,Long Video,10,0.11
SOC002709,CUST2709,Instagram,58,127,40,Short Reels,High,Yes,7.7,Short Video,30,0.30
SOC002710,CUST2710,Facebook,9,15,2,Player Interviews,Low,No,1.9,Image Post,3,0.03
SOC002711,CUST2711,Instagram,49,105,32,Memes,High,Yes,6.8,Short Video,24,0.27
SOC002712,CUST2712,YouTube,28,49,12,Match Analysis,Medium,Yes,4.5,Long Video,12,0.14
SOC002713,CUST2713,Instagram,62,135,43,Short Reels,High,Yes,8.2,Short Video,32,0.30
SOC002714,CUST2714,Twitter,15,24,5,Match Highlights,Low,No,3.0,Carousel Post,6,0.08
SOC002715,CUST2715,Instagram,53,116,35,Memes,High,Yes,7.1,Short Video,26,0.28
SOC002716,CUST2716,YouTube,30,52,14,Match Analysis,High,Yes,4.9,Long Video,14,0.15
SOC002717,CUST2717,Instagram,42,88,25,Short Reels,Medium,Yes,5.7,Short Video,19,0.22
SOC002718,CUST2718,Facebook,13,22,4,Player Interviews,Low,No,2.6,Image Post,5,0.05
SOC002719,CUST2719,Instagram,56,123,38,Memes,High,Yes,7.5,Short Video,28,0.29
SOC002720,CUST2720,Twitter,17,28,6,Match Highlights,Medium,No,3.4,Carousel Post,7,0.09
SOC002721,CUST2721,Instagram,46,97,29,Short Reels,High,Yes,6.3,Short Video,21,0.25
SOC002722,CUST2722,YouTube,26,45,11,Tutorials,Medium,Yes,4.2,Long Video,10,0.12
SOC002723,CUST2723,Instagram,61,133,42,Memes,High,Yes,8.0,Short Video,31,0.30
SOC002724,CUST2724,Facebook,10,16,3,Player Interviews,Low,No,2.0,Image Post,4,0.04
SOC002725,CUST2725,Instagram,55,120,37,Short Reels,High,Yes,7.3,Short Video,27,0.29
SOC002726,CUST2726,Twitter,18,29,7,Match Analysis,Medium,Yes,3.5,Carousel Post,7,0.09
SOC002727,CUST2727,Instagram,43,91,27,Memes,High,Yes,5.9,Short Video,20,0.23
SOC002728,CUST2728,YouTube,24,39,9,Tutorials,Medium,No,3.9,Long Video,9,0.10
SOC002729,CUST2729,Instagram,59,129,40,Short Reels,High,Yes,7.8,Short Video,30,0.30
SOC002730,CUST2730,Facebook,8,14,2,Player Interviews,Low,No,1.8,Image Post,3,0.03
SOC002731,CUST2731,Instagram,50,107,33,Memes,High,Yes,6.9,Short Video,24,0.27
SOC002732,CUST2732,YouTube,29,50,13,Match Analysis,High,Yes,4.7,Long Video,13,0.15
SOC002733,CUST2733,Instagram,63,136,44,Short Reels,High,Yes,8.3,Short Video,33,0.30
SOC002734,CUST2734,Twitter,14,22,5,Match Highlights,Low,No,2.8,Carousel Post,5,0.07
SOC002735,CUST2735,Instagram,54,117,36,Memes,High,Yes,7.2,Short Video,27,0.29
SOC002736,CUST2736,YouTube,31,54,14,Match Analysis,High,Yes,5.0,Long Video,14,0.15
SOC002737,CUST2737,Instagram,41,86,24,Short Reels,Medium,Yes,5.5,Short Video,18,0.22
SOC002738,CUST2738,Facebook,12,21,4,Player Interviews,Low,No,2.4,Image Post,5,0.05
SOC002739,CUST2739,Instagram,57,123,39,Memes,High,Yes,7.6,Short Video,29,0.30
SOC002740,CUST2740,Twitter,16,26,6,Match Highlights,Medium,No,3.2,Carousel Post,6,0.08
SOC002741,CUST2741,Instagram,47,99,30,Short Reels,High,Yes,6.5,Short Video,22,0.26
SOC002742,CUST2742,YouTube,27,47,11,Tutorials,Medium,Yes,4.3,Long Video,11,0.13
SOC002743,CUST2743,Instagram,60,130,41,Memes,High,Yes,7.9,Short Video,31,0.30
SOC002744,CUST2744,Facebook,11,18,3,Player Interviews,Low,No,2.2,Image Post,4,0.04
SOC002745,CUST2745,Instagram,55,121,37,Short Reels,High,Yes,7.4,Short Video,28,0.29
SOC002746,CUST2746,Twitter,18,30,7,Match Analysis,Medium,Yes,3.6,Carousel Post,7,0.09
SOC002747,CUST2747,Instagram,44,92,28,Memes,High,Yes,6.0,Short Video,20,0.24
SOC002748,CUST2748,YouTube,25,40,10,Tutorials,Medium,No,4.0,Long Video,10,0.11
SOC002749,CUST2749,Instagram,58,126,40,Short Reels,High,Yes,7.7,Short Video,29,0.30
SOC002750,CUST2750,Facebook,9,15,2,Player Interviews,Low,No,1.9,Image Post,3,0.03
SOC002751,CUST2751,Instagram,49,104,32,Memes,High,Yes,6.8,Short Video,24,0.27
SOC002752,CUST2752,YouTube,28,48,12,Match Analysis,Medium,Yes,4.5,Long Video,12,0.14
SOC002753,CUST2753,Instagram,62,134,43,Short Reels,High,Yes,8.2,Short Video,32,0.30
SOC002754,CUST2754,Twitter,15,24,5,Match Highlights,Low,No,3.0,Carousel Post,6,0.08
SOC002755,CUST2755,Instagram,53,115,35,Memes,High,Yes,7.1,Short Video,26,0.28
SOC002756,CUST2756,YouTube,30,51,14,Match Analysis,High,Yes,4.9,Long Video,14,0.15
SOC002757,CUST2757,Instagram,42,87,25,Short Reels,Medium,Yes,5.6,Short Video,19,0.22
SOC002758,CUST2758,Facebook,13,21,4,Player Interviews,Low,No,2.5,Image Post,5,0.05
SOC002759,CUST2759,Instagram,56,122,38,Memes,High,Yes,7.5,Short Video,28,0.29
SOC002760,CUST2760,Twitter,17,27,6,Match Highlights,Medium,No,3.3,Carousel Post,7,0.09
SOC002761,CUST2761,Instagram,46,96,29,Short Reels,High,Yes,6.3,Short Video,21,0.25
SOC002762,CUST2762,YouTube,26,44,11,Tutorials,Medium,Yes,4.2,Long Video,10,0.12
SOC002763,CUST2763,Instagram,61,132,42,Memes,High,Yes,8.0,Short Video,31,0.30
SOC002764,CUST2764,Facebook,10,17,3,Player Interviews,Low,No,2.1,Image Post,4,0.04
SOC002765,CUST2765,Instagram,55,120,37,Short Reels,High,Yes,7.3,Short Video,27,0.29
SOC002766,CUST2766,Twitter,19,31,7,Match Analysis,Medium,Yes,3.6,Carousel Post,8,0.10
SOC002767,CUST2767,Instagram,43,90,27,Memes,High,Yes,5.9,Short Video,20,0.23
SOC002768,CUST2768,YouTube,24,39,9,Tutorials,Medium,No,3.9,Long Video,9,0.10
SOC002769,CUST2769,Instagram,58,127,40,Short Reels,High,Yes,7.7,Short Video,30,0.30
SOC002770,CUST2770,Facebook,8,14,2,Player Interviews,Low,No,1.8,Image Post,3,0.03
SOC002771,CUST2771,Instagram,50,105,33,Memes,High,Yes,6.8,Short Video,24,0.27
SOC002772,CUST2772,YouTube,29,49,13,Match Analysis,High,Yes,4.7,Long Video,13,0.15
SOC002773,CUST2773,Instagram,63,137,44,Short Reels,High,Yes,8.3,Short Video,33,0.30
SOC002774,CUST2774,Twitter,14,23,5,Match Highlights,Low,No,2.9,Carousel Post,5,0.07
SOC002775,CUST2775,Instagram,54,116,36,Memes,High,Yes,7.2,Short Video,27,0.29
SOC002776,CUST2776,YouTube,31,53,14,Match Analysis,High,Yes,5.0,Long Video,14,0.15
SOC002777,CUST2777,Instagram,41,88,24,Short Reels,Medium,Yes,5.6,Short Video,18,0.22
SOC002778,CUST2778,Facebook,12,20,4,Player Interviews,Low,No,2.4,Image Post,5,0.05
SOC002779,CUST2779,Instagram,57,124,39,Memes,High,Yes,7.6,Short Video,29,0.30
SOC002780,CUST2780,Twitter,16,27,6,Match Highlights,Medium,No,3.3,Carousel Post,6,0.08
SOC002781,CUST2781,Instagram,47,98,30,Short Reels,High,Yes,6.4,Short Video,22,0.26
SOC002782,CUST2782,YouTube,27,46,11,Tutorials,Medium,Yes,4.3,Long Video,11,0.13
SOC002783,CUST2783,Instagram,60,131,41,Memes,High,Yes,7.9,Short Video,31,0.30
SOC002784,CUST2784,Facebook,10,17,3,Player Interviews,Low,No,2.1,Image Post,4,0.04
SOC002785,CUST2785,Instagram,56,121,38,Short Reels,High,Yes,7.5,Short Video,28,0.29
SOC002786,CUST2786,Twitter,19,30,7,Match Analysis,Medium,Yes,3.6,Carousel Post,8,0.10
SOC002787,CUST2787,Instagram,44,93,28,Memes,High,Yes,6.0,Short Video,20,0.24
SOC002788,CUST2788,YouTube,25,41,10,Tutorials,Medium,No,4.0,Long Video,10,0.11
SOC002789,CUST2789,Instagram,58,127,40,Short Reels,High,Yes,7.7,Short Video,30,0.30
SOC002790,CUST2790,Facebook,9,15,2,Player Interviews,Low,No,1.9,Image Post,3,0.03
SOC002791,CUST2791,Instagram,49,105,32,Memes,High,Yes,6.8,Short Video,24,0.27
SOC002792,CUST2792,YouTube,28,49,12,Match Analysis,Medium,Yes,4.5,Long Video,12,0.14
SOC002793,CUST2793,Instagram,62,135,43,Short Reels,High,Yes,8.2,Short Video,32,0.30
SOC002794,CUST2794,Twitter,15,24,5,Match Highlights,Low,No,3.0,Carousel Post,6,0.08
SOC002795,CUST2795,Instagram,53,116,35,Memes,High,Yes,7.1,Short Video,26,0.28
SOC002796,CUST2796,YouTube,30,52,14,Match Analysis,High,Yes,4.9,Long Video,14,0.15
SOC002797,CUST2797,Instagram,42,88,25,Short Reels,Medium,Yes,5.7,Short Video,19,0.22
SOC002798,CUST2798,Facebook,13,22,4,Player Interviews,Low,No,2.6,Image Post,5,0.05
SOC002799,CUST2799,Instagram,56,123,38,Memes,High,Yes,7.5,Short Video,28,0.29
SOC002800,CUST2800,Twitter,17,28,6,Match Highlights,Medium,No,3.4,Carousel Post,7,0.09
SOC002801,CUST2801,Instagram,46,97,29,Short Reels,High,Yes,6.3,Short Video,21,0.25
SOC002802,CUST2802,YouTube,26,45,11,Tutorials,Medium,Yes,4.2,Long Video,10,0.12
SOC002803,CUST2803,Instagram,61,133,42,Memes,High,Yes,8.0,Short Video,31,0.30
SOC002804,CUST2804,Facebook,10,16,3,Player Interviews,Low,No,2.0,Image Post,4,0.04
SOC002805,CUST2805,Instagram,55,120,37,Short Reels,High,Yes,7.3,Short Video,27,0.29
SOC002806,CUST2806,Twitter,18,29,7,Match Analysis,Medium,Yes,3.5,Carousel Post,7,0.09
SOC002807,CUST2807,Instagram,43,91,27,Memes,High,Yes,5.9,Short Video,20,0.23
SOC002808,CUST2808,YouTube,24,39,9,Tutorials,Medium,No,3.9,Long Video,9,0.10
SOC002809,CUST2809,Instagram,59,129,40,Short Reels,High,Yes,7.8,Short Video,30,0.30
SOC002810,CUST2810,Facebook,8,14,2,Player Interviews,Low,No,1.8,Image Post,3,0.03
SOC002811,CUST2811,Instagram,50,107,33,Memes,High,Yes,6.9,Short Video,24,0.27
SOC002812,CUST2812,YouTube,29,50,13,Match Analysis,High,Yes,4.7,Long Video,13,0.15
SOC002813,CUST2813,Instagram,63,136,44,Short Reels,High,Yes,8.3,Short Video,33,0.30
SOC002814,CUST2814,Twitter,14,22,5,Match Highlights,Low,No,2.8,Carousel Post,5,0.07
SOC002815,CUST2815,Instagram,54,117,36,Memes,High,Yes,7.2,Short Video,27,0.29
SOC002816,CUST2816,YouTube,31,54,14,Match Analysis,High,Yes,5.0,Long Video,14,0.15
SOC002817,CUST2817,Instagram,41,86,24,Short Reels,Medium,Yes,5.5,Short Video,18,0.22
SOC002818,CUST2818,Facebook,12,21,4,Player Interviews,Low,No,2.4,Image Post,5,0.05
SOC002819,CUST2819,Instagram,57,123,39,Memes,High,Yes,7.6,Short Video,29,0.30
SOC002820,CUST2820,Twitter,16,26,6,Match Highlights,Medium,No,3.2,Carousel Post,6,0.08
SOC002821,CUST2821,Instagram,47,99,30,Short Reels,High,Yes,6.5,Short Video,22,0.26
SOC002822,CUST2822,YouTube,27,47,11,Tutorials,Medium,Yes,4.3,Long Video,11,0.13
SOC002823,CUST2823,Instagram,60,130,41,Memes,High,Yes,7.9,Short Video,31,0.30
SOC002824,CUST2824,Facebook,11,18,3,Player Interviews,Low,No,2.2,Image Post,4,0.04
SOC002825,CUST2825,Instagram,55,121,37,Short Reels,High,Yes,7.4,Short Video,28,0.29
SOC002826,CUST2826,Twitter,18,30,7,Match Analysis,Medium,Yes,3.6,Carousel Post,7,0.09
SOC002827,CUST2827,Instagram,44,92,28,Memes,High,Yes,6.0,Short Video,20,0.24
SOC002828,CUST2828,YouTube,25,40,10,Tutorials,Medium,No,4.0,Long Video,10,0.11
SOC002829,CUST2829,Instagram,58,126,40,Short Reels,High,Yes,7.7,Short Video,29,0.30
SOC002830,CUST2830,Facebook,9,15,2,Player Interviews,Low,No,1.9,Image Post,3,0.03
SOC002831,CUST2831,Instagram,49,104,32,Memes,High,Yes,6.8,Short Video,24,0.27
SOC002832,CUST2832,YouTube,28,48,12,Match Analysis,Medium,Yes,4.5,Long Video,12,0.14
SOC002833,CUST2833,Instagram,62,134,43,Short Reels,High,Yes,8.2,Short Video,32,0.30
SOC002834,CUST2834,Twitter,15,24,5,Match Highlights,Low,No,3.0,Carousel Post,6,0.08
SOC002835,CUST2835,Instagram,53,115,35,Memes,High,Yes,7.1,Short Video,26,0.28
SOC002836,CUST2836,YouTube,30,51,14,Match Analysis,High,Yes,4.9,Long Video,14,0.15
SOC002837,CUST2837,Instagram,42,87,25,Short Reels,Medium,Yes,5.6,Short Video,19,0.22
SOC002838,CUST2838,Facebook,13,21,4,Player Interviews,Low,No,2.5,Image Post,5,0.05
SOC002839,CUST2839,Instagram,56,122,38,Memes,High,Yes,7.5,Short Video,28,0.29
SOC002840,CUST2840,Twitter,17,27,6,Match Highlights,Medium,No,3.3,Carousel Post,7,0.09
SOC002841,CUST2841,Instagram,46,96,29,Short Reels,High,Yes,6.3,Short Video,21,0.25
SOC002842,CUST2842,YouTube,26,44,11,Tutorials,Medium,Yes,4.2,Long Video,10,0.12
SOC002843,CUST2843,Instagram,61,132,42,Memes,High,Yes,8.0,Short Video,31,0.30
SOC002844,CUST2844,Facebook,10,17,3,Player Interviews,Low,No,2.1,Image Post,4,0.04
SOC002845,CUST2845,Instagram,55,120,37,Short Reels,High,Yes,7.3,Short Video,27,0.29
SOC002846,CUST2846,Twitter,19,31,7,Match Analysis,Medium,Yes,3.6,Carousel Post,8,0.10
SOC002847,CUST2847,Instagram,43,90,27,Memes,High,Yes,5.9,Short Video,20,0.23
SOC002848,CUST2848,YouTube,24,39,9,Tutorials,Medium,No,3.9,Long Video,9,0.10
SOC002849,CUST2849,Instagram,58,127,40,Short Reels,High,Yes,7.7,Short Video,30,0.30
SOC002850,CUST2850,Facebook,8,14,2,Player Interviews,Low,No,1.8,Image Post,3,0.03
SOC002851,CUST2851,Instagram,50,105,33,Memes,High,Yes,6.8,Short Video,24,0.27
SOC002852,CUST2852,YouTube,29,49,13,Match Analysis,High,Yes,4.7,Long Video,13,0.15
SOC002853,CUST2853,Instagram,63,137,44,Short Reels,High,Yes,8.3,Short Video,33,0.30
SOC002854,CUST2854,Twitter,14,23,5,Match Highlights,Low,No,2.9,Carousel Post,5,0.07
SOC002855,CUST2855,Instagram,54,116,36,Memes,High,Yes,7.2,Short Video,27,0.29
SOC002856,CUST2856,YouTube,31,53,14,Match Analysis,High,Yes,5.0,Long Video,14,0.15
SOC002857,CUST2857,Instagram,41,88,24,Short Reels,Medium,Yes,5.6,Short Video,18,0.22
SOC002858,CUST2858,Facebook,12,20,4,Player Interviews,Low,No,2.4,Image Post,5,0.05
SOC002859,CUST2859,Instagram,57,124,39,Memes,High,Yes,7.6,Short Video,29,0.30
SOC002860,CUST2860,Twitter,16,27,6,Match Highlights,Medium,No,3.3,Carousel Post,6,0.08
SOC002861,CUST2861,Instagram,47,98,30,Short Reels,High,Yes,6.4,Short Video,22,0.26
SOC002862,CUST2862,YouTube,27,46,11,Tutorials,Medium,Yes,4.3,Long Video,11,0.13
SOC002863,CUST2863,Instagram,60,131,41,Memes,High,Yes,7.9,Short Video,31,0.30
SOC002864,CUST2864,Facebook,10,17,3,Player Interviews,Low,No,2.1,Image Post,4,0.04
SOC002865,CUST2865,Instagram,56,121,38,Short Reels,High,Yes,7.5,Short Video,28,0.29
SOC002866,CUST2866,Twitter,19,30,7,Match Analysis,Medium,Yes,3.6,Carousel Post,8,0.10
SOC002867,CUST2867,Instagram,44,93,28,Memes,High,Yes,6.0,Short Video,20,0.24
SOC002868,CUST2868,YouTube,25,41,10,Tutorials,Medium,No,4.0,Long Video,10,0.11
SOC002869,CUST2869,Instagram,58,127,40,Short Reels,High,Yes,7.7,Short Video,30,0.30
SOC002870,CUST2870,Facebook,9,15,2,Player Interviews,Low,No,1.9,Image Post,3,0.03
SOC002871,CUST2871,Instagram,49,105,32,Memes,High,Yes,6.8,Short Video,24,0.27
SOC002872,CUST2872,YouTube,28,49,12,Match Analysis,Medium,Yes,4.5,Long Video,12,0.14
SOC002873,CUST2873,Instagram,62,135,43,Short Reels,High,Yes,8.2,Short Video,32,0.30
SOC002874,CUST2874,Twitter,15,24,5,Match Highlights,Low,No,3.0,Carousel Post,6,0.08
SOC002875,CUST2875,Instagram,53,116,35,Memes,High,Yes,7.1,Short Video,26,0.28
SOC002876,CUST2876,YouTube,30,52,14,Match Analysis,High,Yes,4.9,Long Video,14,0.15
SOC002877,CUST2877,Instagram,42,88,25,Short Reels,Medium,Yes,5.7,Short Video,19,0.22
SOC002878,CUST2878,Facebook,13,22,4,Player Interviews,Low,No,2.6,Image Post,5,0.05
SOC002879,CUST2879,Instagram,56,123,38,Memes,High,Yes,7.5,Short Video,28,0.29
SOC002880,CUST2880,Twitter,17,28,6,Match Highlights,Medium,No,3.4,Carousel Post,7,0.09
SOC002881,CUST2881,Instagram,46,97,29,Short Reels,High,Yes,6.3,Short Video,21,0.25
SOC002882,CUST2882,YouTube,26,45,11,Tutorials,Medium,Yes,4.2,Long Video,10,0.12
SOC002883,CUST2883,Instagram,61,133,42,Memes,High,Yes,8.0,Short Video,31,0.30
SOC002884,CUST2884,Facebook,10,16,3,Player Interviews,Low,No,2.0,Image Post,4,0.04
SOC002885,CUST2885,Instagram,55,120,37,Short Reels,High,Yes,7.3,Short Video,27,0.29
SOC002886,CUST2886,Twitter,18,29,7,Match Analysis,Medium,Yes,3.5,Carousel Post,7,0.09
SOC002887,CUST2887,Instagram,43,91,27,Memes,High,Yes,5.9,Short Video,20,0.23
SOC002888,CUST2888,YouTube,24,39,9,Tutorials,Medium,No,3.9,Long Video,9,0.10
SOC002889,CUST2889,Instagram,59,129,40,Short Reels,High,Yes,7.8,Short Video,30,0.30
SOC002890,CUST2890,Facebook,8,14,2,Player Interviews,Low,No,1.8,Image Post,3,0.03
SOC002891,CUST2891,Instagram,50,107,33,Memes,High,Yes,6.9,Short Video,24,0.27
SOC002892,CUST2892,YouTube,29,50,13,Match Analysis,High,Yes,4.7,Long Video,13,0.15
SOC002893,CUST2893,Instagram,63,136,44,Short Reels,High,Yes,8.3,Short Video,33,0.30
SOC002894,CUST2894,Twitter,14,22,5,Match Highlights,Low,No,2.8,Carousel Post,5,0.07
SOC002895,CUST2895,Instagram,54,117,36,Memes,High,Yes,7.2,Short Video,27,0.29
SOC002896,CUST2896,YouTube,31,54,14,Match Analysis,High,Yes,5.0,Long Video,14,0.15
SOC002897,CUST2897,Instagram,41,86,24,Short Reels,Medium,Yes,5.5,Short Video,18,0.22
SOC002898,CUST2898,Facebook,12,21,4,Player Interviews,Low,No,2.4,Image Post,5,0.05
SOC002899,CUST2899,Instagram,57,123,39,Memes,High,Yes,7.6,Short Video,29,0.30
SOC002900,CUST2900,Twitter,16,26,6,Match Highlights,Medium,No,3.2,Carousel Post,6,0.08
SOC002901,CUST2901,Instagram,47,99,30,Short Reels,High,Yes,6.5,Short Video,22,0.26
SOC002902,CUST2902,YouTube,27,47,11,Tutorials,Medium,Yes,4.3,Long Video,11,0.13
SOC002903,CUST2903,Instagram,60,130,41,Memes,High,Yes,7.9,Short Video,31,0.30
SOC002904,CUST2904,Facebook,11,18,3,Player Interviews,Low,No,2.2,Image Post,4,0.04
SOC002905,CUST2905,Instagram,55,121,37,Short Reels,High,Yes,7.4,Short Video,28,0.29
SOC002906,CUST2906,Twitter,18,30,7,Match Analysis,Medium,Yes,3.6,Carousel Post,7,0.09
SOC002907,CUST2907,Instagram,44,92,28,Memes,High,Yes,6.0,Short Video,20,0.24
SOC002908,CUST2908,YouTube,25,40,10,Tutorials,Medium,No,4.0,Long Video,10,0.11
SOC002909,CUST2909,Instagram,58,126,40,Short Reels,High,Yes,7.7,Short Video,29,0.30
SOC002910,CUST2910,Facebook,9,15,2,Player Interviews,Low,No,1.9,Image Post,3,0.03
SOC002911,CUST2911,Instagram,49,104,32,Memes,High,Yes,6.8,Short Video,24,0.27
SOC002912,CUST2912,YouTube,28,48,12,Match Analysis,Medium,Yes,4.5,Long Video,12,0.14
SOC002913,CUST2913,Instagram,62,134,43,Short Reels,High,Yes,8.2,Short Video,32,0.30
SOC002914,CUST2914,Twitter,15,24,5,Match Highlights,Low,No,3.0,Carousel Post,6,0.08
SOC002915,CUST2915,Instagram,53,115,35,Memes,High,Yes,7.1,Short Video,26,0.28
SOC002916,CUST2916,YouTube,30,51,14,Match Analysis,High,Yes,4.9,Long Video,14,0.15
SOC002917,CUST2917,Instagram,42,87,25,Short Reels,Medium,Yes,5.6,Short Video,19,0.22
SOC002918,CUST2918,Facebook,13,21,4,Player Interviews,Low,No,2.5,Image Post,5,0.05
SOC002919,CUST2919,Instagram,56,122,38,Memes,High,Yes,7.5,Short Video,28,0.29
SOC002920,CUST2920,Twitter,17,27,6,Match Highlights,Medium,No,3.3,Carousel Post,7,0.09
SOC002921,CUST2921,Instagram,46,96,29,Short Reels,High,Yes,6.3,Short Video,21,0.25
SOC002922,CUST2922,YouTube,26,44,11,Tutorials,Medium,Yes,4.2,Long Video,10,0.12
SOC002923,CUST2923,Instagram,61,132,42,Memes,High,Yes,8.0,Short Video,31,0.30
SOC002924,CUST2924,Facebook,10,17,3,Player Interviews,Low,No,2.1,Image Post,4,0.04
SOC002925,CUST2925,Instagram,55,120,37,Short Reels,High,Yes,7.3,Short Video,27,0.29
SOC002926,CUST2926,Twitter,19,31,7,Match Analysis,Medium,Yes,3.6,Carousel Post,8,0.10
SOC002927,CUST2927,Instagram,43,90,27,Memes,High,Yes,5.9,Short Video,20,0.23
SOC002928,CUST2928,YouTube,24,39,9,Tutorials,Medium,No,3.9,Long Video,9,0.10
SOC002929,CUST2929,Instagram,58,127,40,Short Reels,High,Yes,7.7,Short Video,30,0.30
SOC002930,CUST2930,Facebook,8,14,2,Player Interviews,Low,No,1.8,Image Post,3,0.03
SOC002931,CUST2931,Instagram,50,105,33,Memes,High,Yes,6.8,Short Video,24,0.27
SOC002932,CUST2932,YouTube,29,49,13,Match Analysis,High,Yes,4.7,Long Video,13,0.15
SOC002933,CUST2933,Instagram,63,137,44,Short Reels,High,Yes,8.3,Short Video,33,0.30
SOC002934,CUST2934,Twitter,14,23,5,Match Highlights,Low,No,2.9,Carousel Post,5,0.07
SOC002935,CUST2935,Instagram,54,116,36,Memes,High,Yes,7.2,Short Video,27,0.29
SOC002936,CUST2936,YouTube,31,53,14,Match Analysis,High,Yes,5.0,Long Video,14,0.15
SOC002937,CUST2937,Instagram,41,88,24,Short Reels,Medium,Yes,5.6,Short Video,18,0.22
SOC002938,CUST2938,Facebook,12,20,4,Player Interviews,Low,No,2.4,Image Post,5,0.05
SOC002939,CUST2939,Instagram,57,124,39,Memes,High,Yes,7.6,Short Video,29,0.30
SOC002940,CUST2940,Twitter,16,27,6,Match Highlights,Medium,No,3.3,Carousel Post,6,0.08
SOC002941,CUST2941,Instagram,47,98,30,Short Reels,High,Yes,6.4,Short Video,22,0.26
SOC002942,CUST2942,YouTube,27,46,11,Tutorials,Medium,Yes,4.3,Long Video,11,0.13
SOC002943,CUST2943,Instagram,60,131,41,Memes,High,Yes,7.9,Short Video,31,0.30
SOC002944,CUST2944,Facebook,10,17,3,Player Interviews,Low,No,2.1,Image Post,4,0.04
SOC002945,CUST2945,Instagram,56,121,38,Short Reels,High,Yes,7.5,Short Video,28,0.29
SOC002946,CUST2946,Twitter,19,30,7,Match Analysis,Medium,Yes,3.6,Carousel Post,8,0.10
SOC002947,CUST2947,Instagram,44,93,28,Memes,High,Yes,6.0,Short Video,20,0.24
SOC002948,CUST2948,YouTube,25,41,10,Tutorials,Medium,No,4.0,Long Video,10,0.11
SOC002949,CUST2949,Instagram,58,127,40,Short Reels,High,Yes,7.7,Short Video,30,0.30
SOC002950,CUST2950,Facebook,9,15,2,Player Interviews,Low,No,1.9,Image Post,3,0.03
SOC002951,CUST2951,Instagram,49,105,32,Memes,High,Yes,6.8,Short Video,24,0.27
SOC002952,CUST2952,YouTube,28,49,12,Match Analysis,Medium,Yes,4.5,Long Video,12,0.14
SOC002953,CUST2953,Instagram,62,135,43,Short Reels,High,Yes,8.2,Short Video,32,0.30
SOC002954,CUST2954,Twitter,15,24,5,Match Highlights,Low,No,3.0,Carousel Post,6,0.08
SOC002955,CUST2955,Instagram,53,116,35,Memes,High,Yes,7.1,Short Video,26,0.28
SOC002956,CUST2956,YouTube,30,52,14,Match Analysis,High,Yes,4.9,Long Video,14,0.15
SOC002957,CUST2957,Instagram,42,88,25,Short Reels,Medium,Yes,5.7,Short Video,19,0.22
SOC002958,CUST2958,Facebook,13,22,4,Player Interviews,Low,No,2.6,Image Post,5,0.05
SOC002959,CUST2959,Instagram,56,123,38,Memes,High,Yes,7.5,Short Video,28,0.29
SOC002960,CUST2960,Twitter,17,28,6,Match Highlights,Medium,No,3.4,Carousel Post,7,0.09
SOC002961,CUST2961,Instagram,46,97,29,Short Reels,High,Yes,6.3,Short Video,21,0.25
SOC002962,CUST2962,YouTube,26,45,11,Tutorials,Medium,Yes,4.2,Long Video,10,0.12
SOC002963,CUST2963,Instagram,61,133,42,Memes,High,Yes,8.0,Short Video,31,0.30
SOC002964,CUST2964,Facebook,10,16,3,Player Interviews,Low,No,2.0,Image Post,4,0.04
SOC002965,CUST2965,Instagram,55,120,37,Short Reels,High,Yes,7.3,Short Video,27,0.29
SOC002966,CUST2966,Twitter,18,29,7,Match Analysis,Medium,Yes,3.5,Carousel Post,7,0.09
SOC002967,CUST2967,Instagram,43,91,27,Memes,High,Yes,5.9,Short Video,20,0.23
SOC002968,CUST2968,YouTube,24,39,9,Tutorials,Medium,No,3.9,Long Video,9,0.10
SOC002969,CUST2969,Instagram,59,129,40,Short Reels,High,Yes,7.8,Short Video,30,0.30
SOC002970,CUST2970,Facebook,8,14,2,Player Interviews,Low,No,1.8,Image Post,3,0.03
SOC002971,CUST2971,Instagram,50,107,33,Memes,High,Yes,6.9,Short Video,24,0.27
SOC002972,CUST2972,YouTube,29,50,13,Match Analysis,High,Yes,4.7,Long Video,13,0.15
SOC002973,CUST2973,Instagram,63,136,44,Short Reels,High,Yes,8.3,Short Video,33,0.30
SOC002974,CUST2974,Twitter,14,22,5,Match Highlights,Low,No,2.8,Carousel Post,5,0.07
SOC002975,CUST2975,Instagram,54,117,36,Memes,High,Yes,7.2,Short Video,27,0.29
SOC002976,CUST2976,YouTube,31,54,14,Match Analysis,High,Yes,5.0,Long Video,14,0.15
SOC002977,CUST2977,Instagram,41,86,24,Short Reels,Medium,Yes,5.5,Short Video,18,0.22
SOC002978,CUST2978,Facebook,12,21,4,Player Interviews,Low,No,2.4,Image Post,5,0.05
SOC002979,CUST2979,Instagram,57,123,39,Memes,High,Yes,7.6,Short Video,29,0.30
SOC002980,CUST2980,Twitter,16,26,6,Match Highlights,Medium,No,3.2,Carousel Post,6,0.08
SOC002981,CUST2981,Instagram,47,99,30,Short Reels,High,Yes,6.5,Short Video,22,0.26
SOC002982,CUST2982,YouTube,27,47,11,Tutorials,Medium,Yes,4.3,Long Video,11,0.13
SOC002983,CUST2983,Instagram,60,130,41,Memes,High,Yes,7.9,Short Video,31,0.30
SOC002984,CUST2984,Facebook,11,18,3,Player Interviews,Low,No,2.2,Image Post,4,0.04
SOC002985,CUST2985,Instagram,55,121,37,Short Reels,High,Yes,7.4,Short Video,28,0.29
SOC002986,CUST2986,Twitter,18,30,7,Match Analysis,Medium,Yes,3.6,Carousel Post,7,0.09
SOC002987,CUST2987,Instagram,44,92,28,Memes,High,Yes,6.0,Short Video,20,0.24
SOC002988,CUST2988,YouTube,25,40,10,Tutorials,Medium,No,4.0,Long Video,10,0.11
SOC002989,CUST2989,Instagram,58,126,40,Short Reels,High,Yes,7.7,Short Video,29,0.30
SOC002990,CUST2990,Facebook,9,15,2,Player Interviews,Low,No,1.9,Image Post,3,0.03
SOC002991,CUST2991,Instagram,49,104,32,Memes,High,Yes,6.8,Short Video,24,0.27
SOC002992,CUST2992,YouTube,28,48,12,Match Analysis,Medium,Yes,4.5,Long Video,12,0.14
SOC002993,CUST2993,Instagram,62,134,43,Short Reels,High,Yes,8.2,Short Video,32,0.30
SOC002994,CUST2994,Twitter,15,24,5,Match Highlights,Low,No,3.0,Carousel Post,6,0.08
SOC002995,CUST2995,Instagram,53,115,35,Memes,High,Yes,7.1,Short Video,26,0.28
SOC002996,CUST2996,YouTube,30,51,14,Match Analysis,High,Yes,4.9,Long Video,14,0.15
SOC002997,CUST2997,Instagram,42,87,25,Short Reels,Medium,Yes,5.6,Short Video,19,0.22
SOC002998,CUST2998,Facebook,13,21,4,Player Interviews,Low,No,2.5,Image Post,5,0.05
SOC002999,CUST2999,Instagram,56,122,38,Memes,High,Yes,7.5,Short Video,28,0.29
SOC003000,CUST3000,Twitter,17,27,6,Match Highlights,Medium,No,3.3,Carousel Post,7,0.09
SOC003001,CUST3001,Instagram,52,114,35,Short Reels,High,Yes,7.1,Short Video,26,0.28
SOC003002,CUST3002,YouTube,27,48,12,Match Analysis,Medium,Yes,4.5,Long Video,11,0.13
SOC003003,CUST3003,Instagram,61,132,42,Memes,High,Yes,8.0,Short Video,31,0.30
SOC003004,CUST3004,Facebook,11,18,3,Player Interviews,Low,No,2.2,Image Post,4,0.04
SOC003005,CUST3005,Instagram,56,121,38,Short Reels,High,Yes,7.5,Short Video,28,0.29
SOC003006,CUST3006,Twitter,18,30,7,Match Highlights,Medium,No,3.5,Carousel Post,7,0.09
SOC003007,CUST3007,Instagram,44,94,28,Memes,High,Yes,6.1,Short Video,21,0.24
SOC003008,CUST3008,YouTube,25,42,10,Tutorials,Medium,No,4.0,Long Video,10,0.11
SOC003009,CUST3009,Instagram,59,128,40,Short Reels,High,Yes,7.8,Short Video,30,0.30
SOC003010,CUST3010,Facebook,9,15,2,Player Interviews,Low,No,1.9,Image Post,3,0.03
SOC003011,CUST3011,Instagram,50,108,33,Memes,High,Yes,6.9,Short Video,24,0.27
SOC003012,CUST3012,YouTube,29,51,13,Match Analysis,High,Yes,4.8,Long Video,13,0.15
SOC003013,CUST3013,Instagram,63,137,44,Short Reels,High,Yes,8.3,Short Video,33,0.30
SOC003014,CUST3014,Twitter,14,23,5,Match Highlights,Low,No,2.9,Carousel Post,5,0.07
SOC003015,CUST3015,Instagram,54,117,36,Memes,High,Yes,7.2,Short Video,27,0.29
SOC003016,CUST3016,YouTube,31,54,14,Match Analysis,High,Yes,5.0,Long Video,14,0.15
SOC003017,CUST3017,Instagram,42,89,25,Short Reels,Medium,Yes,5.7,Short Video,19,0.22
SOC003018,CUST3018,Facebook,13,21,4,Player Interviews,Low,No,2.5,Image Post,5,0.05
SOC003019,CUST3019,Instagram,57,124,39,Memes,High,Yes,7.6,Short Video,29,0.30
SOC003020,CUST3020,Twitter,16,27,6,Match Highlights,Medium,No,3.3,Carousel Post,6,0.08
SOC003021,CUST3021,Instagram,47,100,30,Short Reels,High,Yes,6.5,Short Video,22,0.26
SOC003022,CUST3022,YouTube,27,46,11,Tutorials,Medium,Yes,4.3,Long Video,11,0.13
SOC003023,CUST3023,Instagram,60,131,41,Memes,High,Yes,7.9,Short Video,31,0.30
SOC003024,CUST3024,Facebook,10,17,3,Player Interviews,Low,No,2.1,Image Post,4,0.04
SOC003025,CUST3025,Instagram,55,120,37,Short Reels,High,Yes,7.4,Short Video,27,0.29
SOC003026,CUST3026,Twitter,19,31,7,Match Analysis,Medium,Yes,3.6,Carousel Post,8,0.10
SOC003027,CUST3027,Instagram,43,92,27,Memes,High,Yes,5.9,Short Video,20,0.23
SOC003028,CUST3028,YouTube,24,40,9,Tutorials,Medium,No,3.9,Long Video,9,0.10
SOC003029,CUST3029,Instagram,58,127,40,Short Reels,High,Yes,7.7,Short Video,30,0.30
SOC003030,CUST3030,Facebook,8,14,2,Player Interviews,Low,No,1.8,Image Post,3,0.03
SOC003031,CUST3031,Instagram,49,106,32,Memes,High,Yes,6.8,Short Video,24,0.27
SOC003032,CUST3032,YouTube,28,49,12,Match Analysis,Medium,Yes,4.5,Long Video,12,0.14
SOC003033,CUST3033,Instagram,62,135,43,Short Reels,High,Yes,8.2,Short Video,32,0.30
SOC003034,CUST3034,Twitter,15,24,5,Match Highlights,Low,No,3.0,Carousel Post,6,0.08
SOC003035,CUST3035,Instagram,53,116,35,Memes,High,Yes,7.1,Short Video,26,0.28
SOC003036,CUST3036,YouTube,30,52,14,Match Analysis,High,Yes,4.9,Long Video,14,0.15
SOC003037,CUST3037,Instagram,42,87,25,Short Reels,Medium,Yes,5.6,Short Video,19,0.22
SOC003038,CUST3038,Facebook,13,22,4,Player Interviews,Low,No,2.6,Image Post,5,0.05
SOC003039,CUST3039,Instagram,56,123,38,Memes,High,Yes,7.5,Short Video,28,0.29
SOC003040,CUST3040,Twitter,17,28,6,Match Highlights,Medium,No,3.4,Carousel Post,7,0.09
SOC003041,CUST3041,Instagram,46,97,29,Short Reels,High,Yes,6.3,Short Video,21,0.25
SOC003042,CUST3042,YouTube,26,45,11,Tutorials,Medium,Yes,4.2,Long Video,10,0.12
SOC003043,CUST3043,Instagram,61,133,42,Memes,High,Yes,8.0,Short Video,31,0.30
SOC003044,CUST3044,Facebook,10,16,3,Player Interviews,Low,No,2.0,Image Post,4,0.04
SOC003045,CUST3045,Instagram,55,120,37,Short Reels,High,Yes,7.3,Short Video,27,0.29
SOC003046,CUST3046,Twitter,18,29,7,Match Analysis,Medium,Yes,3.5,Carousel Post,7,0.09
SOC003047,CUST3047,Instagram,43,91,27,Memes,High,Yes,5.9,Short Video,20,0.23
SOC003048,CUST3048,YouTube,24,39,9,Tutorials,Medium,No,3.9,Long Video,9,0.10
SOC003049,CUST3049,Instagram,59,129,40,Short Reels,High,Yes,7.8,Short Video,30,0.30
SOC003050,CUST3050,Facebook,8,14,2,Player Interviews,Low,No,1.8,Image Post,3,0.03
SOC003051,CUST3051,Instagram,50,107,33,Memes,High,Yes,6.9,Short Video,24,0.27
SOC003052,CUST3052,YouTube,29,50,13,Match Analysis,High,Yes,4.7,Long Video,13,0.15
SOC003053,CUST3053,Instagram,63,136,44,Short Reels,High,Yes,8.3,Short Video,33,0.30
SOC003054,CUST3054,Twitter,14,22,5,Match Highlights,Low,No,2.8,Carousel Post,5,0.07
SOC003055,CUST3055,Instagram,54,117,36,Memes,High,Yes,7.2,Short Video,27,0.29
SOC003056,CUST3056,YouTube,31,54,14,Match Analysis,High,Yes,5.0,Long Video,14,0.15
SOC003057,CUST3057,Instagram,41,86,24,Short Reels,Medium,Yes,5.5,Short Video,18,0.22
SOC003058,CUST3058,Facebook,12,21,4,Player Interviews,Low,No,2.4,Image Post,5,0.05
SOC003059,CUST3059,Instagram,57,123,39,Memes,High,Yes,7.6,Short Video,29,0.30
SOC003060,CUST3060,Twitter,16,26,6,Match Highlights,Medium,No,3.2,Carousel Post,6,0.08
SOC003061,CUST3061,Instagram,47,99,30,Short Reels,High,Yes,6.5,Short Video,22,0.26
SOC003062,CUST3062,YouTube,27,47,11,Tutorials,Medium,Yes,4.3,Long Video,11,0.13
SOC003063,CUST3063,Instagram,60,130,41,Memes,High,Yes,7.9,Short Video,31,0.30
SOC003064,CUST3064,Facebook,11,18,3,Player Interviews,Low,No,2.2,Image Post,4,0.04
SOC003065,CUST3065,Instagram,55,121,37,Short Reels,High,Yes,7.4,Short Video,28,0.29
SOC003066,CUST3066,Twitter,18,30,7,Match Analysis,Medium,Yes,3.6,Carousel Post,7,0.09
SOC003067,CUST3067,Instagram,44,92,28,Memes,High,Yes,6.0,Short Video,20,0.24
SOC003068,CUST3068,YouTube,25,40,10,Tutorials,Medium,No,4.0,Long Video,10,0.11
SOC003069,CUST3069,Instagram,58,126,40,Short Reels,High,Yes,7.7,Short Video,29,0.30
SOC003070,CUST3070,Facebook,9,15,2,Player Interviews,Low,No,1.9,Image Post,3,0.03
SOC003071,CUST3071,Instagram,49,104,32,Memes,High,Yes,6.8,Short Video,24,0.27
SOC003072,CUST3072,YouTube,28,48,12,Match Analysis,Medium,Yes,4.5,Long Video,12,0.14
SOC003073,CUST3073,Instagram,62,134,43,Short Reels,High,Yes,8.2,Short Video,32,0.30
SOC003074,CUST3074,Twitter,15,24,5,Match Highlights,Low,No,3.0,Carousel Post,6,0.08
SOC003075,CUST3075,Instagram,53,115,35,Memes,High,Yes,7.1,Short Video,26,0.28
SOC003076,CUST3076,YouTube,30,51,14,Match Analysis,High,Yes,4.9,Long Video,14,0.15
SOC003077,CUST3077,Instagram,42,87,25,Short Reels,Medium,Yes,5.6,Short Video,19,0.22
SOC003078,CUST3078,Facebook,13,21,4,Player Interviews,Low,No,2.5,Image Post,5,0.05
SOC003079,CUST3079,Instagram,56,122,38,Memes,High,Yes,7.5,Short Video,28,0.29
SOC003080,CUST3080,Twitter,17,27,6,Match Highlights,Medium,No,3.3,Carousel Post,7,0.09
SOC003081,CUST3081,Instagram,46,96,29,Short Reels,High,Yes,6.3,Short Video,21,0.25
SOC003082,CUST3082,YouTube,26,44,11,Tutorials,Medium,Yes,4.2,Long Video,10,0.12
SOC003083,CUST3083,Instagram,61,132,42,Memes,High,Yes,8.0,Short Video,31,0.30
SOC003084,CUST3084,Facebook,10,17,3,Player Interviews,Low,No,2.1,Image Post,4,0.04
SOC003085,CUST3085,Instagram,55,120,37,Short Reels,High,Yes,7.3,Short Video,27,0.29
SOC003086,CUST3086,Twitter,19,31,7,Match Analysis,Medium,Yes,3.6,Carousel Post,8,0.10
SOC003087,CUST3087,Instagram,43,90,27,Memes,High,Yes,5.9,Short Video,20,0.23
SOC003088,CUST3088,YouTube,24,39,9,Tutorials,Medium,No,3.9,Long Video,9,0.10
SOC003089,CUST3089,Instagram,58,127,40,Short Reels,High,Yes,7.7,Short Video,30,0.30
SOC003090,CUST3090,Facebook,8,14,2,Player Interviews,Low,No,1.8,Image Post,3,0.03
SOC003091,CUST3091,Instagram,50,105,33,Memes,High,Yes,6.8,Short Video,24,0.27
SOC003092,CUST3092,YouTube,29,49,13,Match Analysis,High,Yes,4.7,Long Video,13,0.15
SOC003093,CUST3093,Instagram,63,137,44,Short Reels,High,Yes,8.3,Short Video,33,0.30
SOC003094,CUST3094,Twitter,14,23,5,Match Highlights,Low,No,2.9,Carousel Post,5,0.07
SOC003095,CUST3095,Instagram,54,116,36,Memes,High,Yes,7.2,Short Video,27,0.29
SOC003096,CUST3096,YouTube,31,53,14,Match Analysis,High,Yes,5.0,Long Video,14,0.15
SOC003097,CUST3097,Instagram,41,88,24,Short Reels,Medium,Yes,5.6,Short Video,18,0.22
SOC003098,CUST3098,Facebook,12,20,4,Player Interviews,Low,No,2.4,Image Post,5,0.05
SOC003099,CUST3099,Instagram,57,124,39,Memes,High,Yes,7.6,Short Video,29,0.30
SOC003100,CUST3100,Twitter,16,27,6,Match Highlights,Medium,No,3.3,Carousel Post,6,0.08
SOC003101,CUST3101,Instagram,47,98,30,Short Reels,High,Yes,6.4,Short Video,22,0.26
SOC003102,CUST3102,YouTube,27,46,11,Tutorials,Medium,Yes,4.3,Long Video,11,0.13
SOC003103,CUST3103,Instagram,60,131,41,Memes,High,Yes,7.9,Short Video,31,0.30
SOC003104,CUST3104,Facebook,10,17,3,Player Interviews,Low,No,2.1,Image Post,4,0.04
SOC003105,CUST3105,Instagram,56,121,38,Short Reels,High,Yes,7.5,Short Video,28,0.29
SOC003106,CUST3106,Twitter,19,30,7,Match Analysis,Medium,Yes,3.6,Carousel Post,8,0.10
SOC003107,CUST3107,Instagram,44,93,28,Memes,High,Yes,6.0,Short Video,20,0.24
SOC003108,CUST3108,YouTube,25,41,10,Tutorials,Medium,No,4.0,Long Video,10,0.11
SOC003109,CUST3109,Instagram,58,127,40,Short Reels,High,Yes,7.7,Short Video,30,0.30
SOC003110,CUST3110,Facebook,9,15,2,Player Interviews,Low,No,1.9,Image Post,3,0.03
SOC003111,CUST3111,Instagram,49,105,32,Memes,High,Yes,6.8,Short Video,24,0.27
SOC003112,CUST3112,YouTube,28,49,12,Match Analysis,Medium,Yes,4.5,Long Video,12,0.14
SOC003113,CUST3113,Instagram,62,135,43,Short Reels,High,Yes,8.2,Short Video,32,0.30
SOC003114,CUST3114,Twitter,15,24,5,Match Highlights,Low,No,3.0,Carousel Post,6,0.08
SOC003115,CUST3115,Instagram,53,116,35,Memes,High,Yes,7.1,Short Video,26,0.28
SOC003116,CUST3116,YouTube,30,52,14,Match Analysis,High,Yes,4.9,Long Video,14,0.15
SOC003117,CUST3117,Instagram,42,88,25,Short Reels,Medium,Yes,5.7,Short Video,19,0.22
SOC003118,CUST3118,Facebook,13,22,4,Player Interviews,Low,No,2.6,Image Post,5,0.05
SOC003119,CUST3119,Instagram,56,123,38,Memes,High,Yes,7.5,Short Video,28,0.29
SOC003120,CUST3120,Twitter,17,28,6,Match Highlights,Medium,No,3.4,Carousel Post,7,0.09
SOC003121,CUST3121,Instagram,46,97,29,Short Reels,High,Yes,6.3,Short Video,21,0.25
SOC003122,CUST3122,YouTube,26,45,11,Tutorials,Medium,Yes,4.2,Long Video,10,0.12
SOC003123,CUST3123,Instagram,61,133,42,Memes,High,Yes,8.0,Short Video,31,0.30
SOC003124,CUST3124,Facebook,10,16,3,Player Interviews,Low,No,2.0,Image Post,4,0.04
SOC003125,CUST3125,Instagram,55,120,37,Short Reels,High,Yes,7.3,Short Video,27,0.29
SOC003126,CUST3126,Twitter,18,29,7,Match Analysis,Medium,Yes,3.5,Carousel Post,7,0.09
SOC003127,CUST3127,Instagram,43,91,27,Memes,High,Yes,5.9,Short Video,20,0.23
SOC003128,CUST3128,YouTube,24,39,9,Tutorials,Medium,No,3.9,Long Video,9,0.10
SOC003129,CUST3129,Instagram,59,129,40,Short Reels,High,Yes,7.8,Short Video,30,0.30
SOC003130,CUST3130,Facebook,8,14,2,Player Interviews,Low,No,1.8,Image Post,3,0.03
SOC003131,CUST3131,Instagram,50,107,33,Memes,High,Yes,6.9,Short Video,24,0.27
SOC003132,CUST3132,YouTube,29,50,13,Match Analysis,High,Yes,4.7,Long Video,13,0.15
SOC003133,CUST3133,Instagram,63,136,44,Short Reels,High,Yes,8.3,Short Video,33,0.30
SOC003134,CUST3134,Twitter,14,22,5,Match Highlights,Low,No,2.8,Carousel Post,5,0.07
SOC003135,CUST3135,Instagram,54,117,36,Memes,High,Yes,7.2,Short Video,27,0.29
SOC003136,CUST3136,YouTube,31,54,14,Match Analysis,High,Yes,5.0,Long Video,14,0.15
SOC003137,CUST3137,Instagram,41,86,24,Short Reels,Medium,Yes,5.5,Short Video,18,0.22
SOC003138,CUST3138,Facebook,12,21,4,Player Interviews,Low,No,2.4,Image Post,5,0.05
SOC003139,CUST3139,Instagram,57,123,39,Memes,High,Yes,7.6,Short Video,29,0.30
SOC003140,CUST3140,Twitter,16,26,6,Match Highlights,Medium,No,3.2,Carousel Post,6,0.08
SOC003141,CUST3141,Instagram,47,99,30,Short Reels,High,Yes,6.5,Short Video,22,0.26
SOC003142,CUST3142,YouTube,27,47,11,Tutorials,Medium,Yes,4.3,Long Video,11,0.13
SOC003143,CUST3143,Instagram,60,130,41,Memes,High,Yes,7.9,Short Video,31,0.30
SOC003144,CUST3144,Facebook,11,18,3,Player Interviews,Low,No,2.2,Image Post,4,0.04
SOC003145,CUST3145,Instagram,55,121,37,Short Reels,High,Yes,7.4,Short Video,28,0.29
SOC003146,CUST3146,Twitter,18,30,7,Match Analysis,Medium,Yes,3.6,Carousel Post,7,0.09
SOC003147,CUST3147,Instagram,44,92,28,Memes,High,Yes,6.0,Short Video,20,0.24
SOC003148,CUST3148,YouTube,25,40,10,Tutorials,Medium,No,4.0,Long Video,10,0.11
SOC003149,CUST3149,Instagram,58,126,40,Short Reels,High,Yes,7.7,Short Video,29,0.30
SOC003150,CUST3150,Facebook,9,15,2,Player Interviews,Low,No,1.9,Image Post,3,0.03
SOC003151,CUST3151,Instagram,49,104,32,Memes,High,Yes,6.8,Short Video,24,0.27
SOC003152,CUST3152,YouTube,28,48,12,Match Analysis,Medium,Yes,4.5,Long Video,12,0.14
SOC003153,CUST3153,Instagram,62,134,43,Short Reels,High,Yes,8.2,Short Video,32,0.30
SOC003154,CUST3154,Twitter,15,24,5,Match Highlights,Low,No,3.0,Carousel Post,6,0.08
SOC003155,CUST3155,Instagram,53,115,35,Memes,High,Yes,7.1,Short Video,26,0.28
SOC003156,CUST3156,YouTube,30,51,14,Match Analysis,High,Yes,4.9,Long Video,14,0.15
SOC003157,CUST3157,Instagram,42,87,25,Short Reels,Medium,Yes,5.6,Short Video,19,0.22
SOC003158,CUST3158,Facebook,13,21,4,Player Interviews,Low,No,2.5,Image Post,5,0.05
SOC003159,CUST3159,Instagram,56,122,38,Memes,High,Yes,7.5,Short Video,28,0.29
SOC003160,CUST3160,Twitter,17,27,6,Match Highlights,Medium,No,3.3,Carousel Post,7,0.09
SOC003161,CUST3161,Instagram,46,96,29,Short Reels,High,Yes,6.3,Short Video,21,0.25
SOC003162,CUST3162,YouTube,26,44,11,Tutorials,Medium,Yes,4.2,Long Video,10,0.12
SOC003163,CUST3163,Instagram,61,132,42,Memes,High,Yes,8.0,Short Video,31,0.30
SOC003164,CUST3164,Facebook,10,17,3,Player Interviews,Low,No,2.1,Image Post,4,0.04
SOC003165,CUST3165,Instagram,55,120,37,Short Reels,High,Yes,7.3,Short Video,27,0.29
SOC003166,CUST3166,Twitter,19,31,7,Match Analysis,Medium,Yes,3.6,Carousel Post,8,0.10
SOC003167,CUST3167,Instagram,43,90,27,Memes,High,Yes,5.9,Short Video,20,0.23
SOC003168,CUST3168,YouTube,24,39,9,Tutorials,Medium,No,3.9,Long Video,9,0.10
SOC003169,CUST3169,Instagram,58,127,40,Short Reels,High,Yes,7.7,Short Video,30,0.30
SOC003170,CUST3170,Facebook,8,14,2,Player Interviews,Low,No,1.8,Image Post,3,0.03
SOC003171,CUST3171,Instagram,50,105,33,Memes,High,Yes,6.8,Short Video,24,0.27
SOC003172,CUST3172,YouTube,29,49,13,Match Analysis,High,Yes,4.7,Long Video,13,0.15
SOC003173,CUST3173,Instagram,63,137,44,Short Reels,High,Yes,8.3,Short Video,33,0.30
SOC003174,CUST3174,Twitter,14,23,5,Match Highlights,Low,No,2.9,Carousel Post,5,0.07
SOC003175,CUST3175,Instagram,54,116,36,Memes,High,Yes,7.2,Short Video,27,0.29
SOC003176,CUST3176,YouTube,31,53,14,Match Analysis,High,Yes,5.0,Long Video,14,0.15
SOC003177,CUST3177,Instagram,41,88,24,Short Reels,Medium,Yes,5.6,Short Video,18,0.22
SOC003178,CUST3178,Facebook,12,20,4,Player Interviews,Low,No,2.4,Image Post,5,0.05
SOC003179,CUST3179,Instagram,57,124,39,Memes,High,Yes,7.6,Short Video,29,0.30
SOC003180,CUST3180,Twitter,16,27,6,Match Highlights,Medium,No,3.3,Carousel Post,6,0.08
SOC003181,CUST3181,Instagram,47,98,30,Short Reels,High,Yes,6.4,Short Video,22,0.26
SOC003182,CUST3182,YouTube,27,46,11,Tutorials,Medium,Yes,4.3,Long Video,11,0.13
SOC003183,CUST3183,Instagram,60,131,41,Memes,High,Yes,7.9,Short Video,31,0.30
SOC003184,CUST3184,Facebook,10,17,3,Player Interviews,Low,No,2.1,Image Post,4,0.04
SOC003185,CUST3185,Instagram,56,121,38,Short Reels,High,Yes,7.5,Short Video,28,0.29
SOC003186,CUST3186,Twitter,19,30,7,Match Analysis,Medium,Yes,3.6,Carousel Post,8,0.10
SOC003187,CUST3187,Instagram,44,93,28,Memes,High,Yes,6.0,Short Video,20,0.24
SOC003188,CUST3188,YouTube,25,41,10,Tutorials,Medium,No,4.0,Long Video,10,0.11
SOC003189,CUST3189,Instagram,58,127,40,Short Reels,High,Yes,7.7,Short Video,30,0.30
SOC003190,CUST3190,Facebook,9,15,2,Player Interviews,Low,No,1.9,Image Post,3,0.03
SOC003191,CUST3191,Instagram,49,105,32,Memes,High,Yes,6.8,Short Video,24,0.27
SOC003192,CUST3192,YouTube,28,49,12,Match Analysis,Medium,Yes,4.5,Long Video,12,0.14
SOC003193,CUST3193,Instagram,62,135,43,Short Reels,High,Yes,8.2,Short Video,32,0.30
SOC003194,CUST3194,Twitter,15,24,5,Match Highlights,Low,No,3.0,Carousel Post,6,0.08
SOC003195,CUST3195,Instagram,53,116,35,Memes,High,Yes,7.1,Short Video,26,0.28
SOC003196,CUST3196,YouTube,30,52,14,Match Analysis,High,Yes,4.9,Long Video,14,0.15
SOC003197,CUST3197,Instagram,42,88,25,Short Reels,Medium,Yes,5.7,Short Video,19,0.22
SOC003198,CUST3198,Facebook,13,22,4,Player Interviews,Low,No,2.6,Image Post,5,0.05
SOC003199,CUST3199,Instagram,56,123,38,Memes,High,Yes,7.5,Short Video,28,0.29
SOC003200,CUST3200,Twitter,17,28,6,Match Highlights,Medium,No,3.4,Carousel Post,7,0.09
SOC003201,CUST3201,Instagram,46,97,29,Short Reels,High,Yes,6.3,Short Video,21,0.25
SOC003202,CUST3202,YouTube,26,45,11,Tutorials,Medium,Yes,4.2,Long Video,10,0.12
SOC003203,CUST3203,Instagram,61,133,42,Memes,High,Yes,8.0,Short Video,31,0.30
SOC003204,CUST3204,Facebook,10,16,3,Player Interviews,Low,No,2.0,Image Post,4,0.04
SOC003205,CUST3205,Instagram,55,120,37,Short Reels,High,Yes,7.3,Short Video,27,0.29
SOC003206,CUST3206,Twitter,18,29,7,Match Analysis,Medium,Yes,3.5,Carousel Post,7,0.09
SOC003207,CUST3207,Instagram,43,91,27,Memes,High,Yes,5.9,Short Video,20,0.23
SOC003208,CUST3208,YouTube,24,39,9,Tutorials,Medium,No,3.9,Long Video,9,0.10
SOC003209,CUST3209,Instagram,59,129,40,Short Reels,High,Yes,7.8,Short Video,30,0.30
SOC003210,CUST3210,Facebook,8,14,2,Player Interviews,Low,No,1.8,Image Post,3,0.03
SOC003211,CUST3211,Instagram,50,107,33,Memes,High,Yes,6.9,Short Video,24,0.27
SOC003212,CUST3212,YouTube,29,50,13,Match Analysis,High,Yes,4.7,Long Video,13,0.15
SOC003213,CUST3213,Instagram,63,136,44,Short Reels,High,Yes,8.3,Short Video,33,0.30
SOC003214,CUST3214,Twitter,14,22,5,Match Highlights,Low,No,2.8,Carousel Post,5,0.07
SOC003215,CUST3215,Instagram,54,117,36,Memes,High,Yes,7.2,Short Video,27,0.29
SOC003216,CUST3216,YouTube,31,54,14,Match Analysis,High,Yes,5.0,Long Video,14,0.15
SOC003217,CUST3217,Instagram,41,86,24,Short Reels,Medium,Yes,5.5,Short Video,18,0.22
SOC003218,CUST3218,Facebook,12,21,4,Player Interviews,Low,No,2.4,Image Post,5,0.05
SOC003219,CUST3219,Instagram,57,123,39,Memes,High,Yes,7.6,Short Video,29,0.30
SOC003220,CUST3220,Twitter,16,26,6,Match Highlights,Medium,No,3.2,Carousel Post,6,0.08
SOC003221,CUST3221,Instagram,47,99,30,Short Reels,High,Yes,6.5,Short Video,22,0.26
SOC003222,CUST3222,YouTube,27,47,11,Tutorials,Medium,Yes,4.3,Long Video,11,0.13
SOC003223,CUST3223,Instagram,60,130,41,Memes,High,Yes,7.9,Short Video,31,0.30
SOC003224,CUST3224,Facebook,11,18,3,Player Interviews,Low,No,2.2,Image Post,4,0.04
SOC003225,CUST3225,Instagram,55,121,37,Short Reels,High,Yes,7.4,Short Video,28,0.29
SOC003226,CUST3226,Twitter,18,30,7,Match Analysis,Medium,Yes,3.6,Carousel Post,7,0.09
SOC003227,CUST3227,Instagram,44,92,28,Memes,High,Yes,6.0,Short Video,20,0.24
SOC003228,CUST3228,YouTube,25,40,10,Tutorials,Medium,No,4.0,Long Video,10,0.11
SOC003229,CUST3229,Instagram,58,126,40,Short Reels,High,Yes,7.7,Short Video,29,0.30
SOC003230,CUST3230,Facebook,9,15,2,Player Interviews,Low,No,1.9,Image Post,3,0.03
SOC003231,CUST3231,Instagram,49,104,32,Memes,High,Yes,6.8,Short Video,24,0.27
SOC003232,CUST3232,YouTube,28,48,12,Match Analysis,Medium,Yes,4.5,Long Video,12,0.14
SOC003233,CUST3233,Instagram,62,134,43,Short Reels,High,Yes,8.2,Short Video,32,0.30
SOC003234,CUST3234,Twitter,15,24,5,Match Highlights,Low,No,3.0,Carousel Post,6,0.08
SOC003235,CUST3235,Instagram,53,115,35,Memes,High,Yes,7.1,Short Video,26,0.28
SOC003236,CUST3236,YouTube,30,51,14,Match Analysis,High,Yes,4.9,Long Video,14,0.15
SOC003237,CUST3237,Instagram,42,87,25,Short Reels,Medium,Yes,5.6,Short Video,19,0.22
SOC003238,CUST3238,Facebook,13,21,4,Player Interviews,Low,No,2.5,Image Post,5,0.05
SOC003239,CUST3239,Instagram,56,122,38,Memes,High,Yes,7.5,Short Video,28,0.29
SOC003240,CUST3240,Twitter,17,27,6,Match Highlights,Medium,No,3.3,Carousel Post,7,0.09
SOC003241,CUST3241,Instagram,46,96,29,Short Reels,High,Yes,6.3,Short Video,21,0.25
SOC003242,CUST3242,YouTube,26,44,11,Tutorials,Medium,Yes,4.2,Long Video,10,0.12
SOC003243,CUST3243,Instagram,61,132,42,Memes,High,Yes,8.0,Short Video,31,0.30
SOC003244,CUST3244,Facebook,10,17,3,Player Interviews,Low,No,2.1,Image Post,4,0.04
SOC003245,CUST3245,Instagram,55,120,37,Short Reels,High,Yes,7.3,Short Video,27,0.29
SOC003246,CUST3246,Twitter,19,31,7,Match Analysis,Medium,Yes,3.6,Carousel Post,8,0.10
SOC003247,CUST3247,Instagram,43,90,27,Memes,High,Yes,5.9,Short Video,20,0.23
SOC003248,CUST3248,YouTube,24,39,9,Tutorials,Medium,No,3.9,Long Video,9,0.10
SOC003249,CUST3249,Instagram,58,127,40,Short Reels,High,Yes,7.7,Short Video,30,0.30
SOC003250,CUST3250,Facebook,8,14,2,Player Interviews,Low,No,1.8,Image Post,3,0.03
SOC003251,CUST3251,Instagram,50,105,33,Memes,High,Yes,6.8,Short Video,24,0.27
SOC003252,CUST3252,YouTube,29,49,13,Match Analysis,High,Yes,4.7,Long Video,13,0.15
SOC003253,CUST3253,Instagram,63,137,44,Short Reels,High,Yes,8.3,Short Video,33,0.30
SOC003254,CUST3254,Twitter,14,23,5,Match Highlights,Low,No,2.9,Carousel Post,5,0.07
SOC003255,CUST3255,Instagram,54,116,36,Memes,High,Yes,7.2,Short Video,27,0.29
SOC003256,CUST3256,YouTube,31,53,14,Match Analysis,High,Yes,5.0,Long Video,14,0.15
SOC003257,CUST3257,Instagram,41,88,24,Short Reels,Medium,Yes,5.6,Short Video,18,0.22
SOC003258,CUST3258,Facebook,12,20,4,Player Interviews,Low,No,2.4,Image Post,5,0.05
SOC003259,CUST3259,Instagram,57,124,39,Memes,High,Yes,7.6,Short Video,29,0.30
SOC003260,CUST3260,Twitter,16,27,6,Match Highlights,Medium,No,3.3,Carousel Post,6,0.08
SOC003261,CUST3261,Instagram,47,98,30,Short Reels,High,Yes,6.4,Short Video,22,0.26
SOC003262,CUST3262,YouTube,27,46,11,Tutorials,Medium,Yes,4.3,Long Video,11,0.13
SOC003263,CUST3263,Instagram,60,131,41,Memes,High,Yes,7.9,Short Video,31,0.30
SOC003264,CUST3264,Facebook,10,17,3,Player Interviews,Low,No,2.1,Image Post,4,0.04
SOC003265,CUST3265,Instagram,56,121,38,Short Reels,High,Yes,7.5,Short Video,28,0.29
SOC003266,CUST3266,Twitter,19,30,7,Match Analysis,Medium,Yes,3.6,Carousel Post,8,0.10
SOC003267,CUST3267,Instagram,44,93,28,Memes,High,Yes,6.0,Short Video,20,0.24
SOC003268,CUST3268,YouTube,25,41,10,Tutorials,Medium,No,4.0,Long Video,10,0.11
SOC003269,CUST3269,Instagram,58,127,40,Short Reels,High,Yes,7.7,Short Video,30,0.30
SOC003270,CUST3270,Facebook,9,15,2,Player Interviews,Low,No,1.9,Image Post,3,0.03
SOC003271,CUST3271,Instagram,49,105,32,Memes,High,Yes,6.8,Short Video,24,0.27
SOC003272,CUST3272,YouTube,28,49,12,Match Analysis,Medium,Yes,4.5,Long Video,12,0.14
SOC003273,CUST3273,Instagram,62,135,43,Short Reels,High,Yes,8.2,Short Video,32,0.30
SOC003274,CUST3274,Twitter,15,24,5,Match Highlights,Low,No,3.0,Carousel Post,6,0.08
SOC003275,CUST3275,Instagram,53,116,35,Memes,High,Yes,7.1,Short Video,26,0.28
SOC003276,CUST3276,YouTube,30,52,14,Match Analysis,High,Yes,4.9,Long Video,14,0.15
SOC003277,CUST3277,Instagram,42,88,25,Short Reels,Medium,Yes,5.7,Short Video,19,0.22
SOC003278,CUST3278,Facebook,13,22,4,Player Interviews,Low,No,2.6,Image Post,5,0.05
SOC003279,CUST3279,Instagram,56,123,38,Memes,High,Yes,7.5,Short Video,28,0.29
SOC003280,CUST3280,Twitter,17,28,6,Match Highlights,Medium,No,3.4,Carousel Post,7,0.09
SOC003281,CUST3281,Instagram,46,97,29,Short Reels,High,Yes,6.3,Short Video,21,0.25
SOC003282,CUST3282,YouTube,26,45,11,Tutorials,Medium,Yes,4.2,Long Video,10,0.12
SOC003283,CUST3283,Instagram,61,133,42,Memes,High,Yes,8.0,Short Video,31,0.30
SOC003284,CUST3284,Facebook,10,16,3,Player Interviews,Low,No,2.0,Image Post,4,0.04
SOC003285,CUST3285,Instagram,55,120,37,Short Reels,High,Yes,7.3,Short Video,27,0.29
SOC003286,CUST3286,Twitter,18,29,7,Match Analysis,Medium,Yes,3.5,Carousel Post,7,0.09
SOC003287,CUST3287,Instagram,43,91,27,Memes,High,Yes,5.9,Short Video,20,0.23
SOC003288,CUST3288,YouTube,24,39,9,Tutorials,Medium,No,3.9,Long Video,9,0.10
SOC003289,CUST3289,Instagram,59,129,40,Short Reels,High,Yes,7.8,Short Video,30,0.30
SOC003290,CUST3290,Facebook,8,14,2,Player Interviews,Low,No,1.8,Image Post,3,0.03
SOC003291,CUST3291,Instagram,50,107,33,Memes,High,Yes,6.9,Short Video,24,0.27
SOC003292,CUST3292,YouTube,29,50,13,Match Analysis,High,Yes,4.7,Long Video,13,0.15
SOC003293,CUST3293,Instagram,63,136,44,Short Reels,High,Yes,8.3,Short Video,33,0.30
SOC003294,CUST3294,Twitter,14,22,5,Match Highlights,Low,No,2.8,Carousel Post,5,0.07
SOC003295,CUST3295,Instagram,54,117,36,Memes,High,Yes,7.2,Short Video,27,0.29
SOC003296,CUST3296,YouTube,31,54,14,Match Analysis,High,Yes,5.0,Long Video,14,0.15
SOC003297,CUST3297,Instagram,41,86,24,Short Reels,Medium,Yes,5.5,Short Video,18,0.22
SOC003298,CUST3298,Facebook,12,21,4,Player Interviews,Low,No,2.4,Image Post,5,0.05
SOC003299,CUST3299,Instagram,57,123,39,Memes,High,Yes,7.6,Short Video,29,0.30
SOC003300,CUST3300,Twitter,16,26,6,Match Highlights,Medium,No,3.2,Carousel Post,6,0.08
SOC003301,CUST3301,Instagram,47,99,30,Short Reels,High,Yes,6.5,Short Video,22,0.26
SOC003302,CUST3302,YouTube,27,47,11,Tutorials,Medium,Yes,4.3,Long Video,11,0.13
SOC003303,CUST3303,Instagram,60,130,41,Memes,High,Yes,7.9,Short Video,31,0.30
SOC003304,CUST3304,Facebook,11,18,3,Player Interviews,Low,No,2.2,Image Post,4,0.04
SOC003305,CUST3305,Instagram,55,121,37,Short Reels,High,Yes,7.4,Short Video,28,0.29
SOC003306,CUST3306,Twitter,18,30,7,Match Analysis,Medium,Yes,3.6,Carousel Post,7,0.09
SOC003307,CUST3307,Instagram,44,92,28,Memes,High,Yes,6.0,Short Video,20,0.24
SOC003308,CUST3308,YouTube,25,40,10,Tutorials,Medium,No,4.0,Long Video,10,0.11
SOC003309,CUST3309,Instagram,58,126,40,Short Reels,High,Yes,7.7,Short Video,29,0.30
SOC003310,CUST3310,Facebook,9,15,2,Player Interviews,Low,No,1.9,Image Post,3,0.03
SOC003311,CUST3311,Instagram,49,104,32,Memes,High,Yes,6.8,Short Video,24,0.27
SOC003312,CUST3312,YouTube,28,48,12,Match Analysis,Medium,Yes,4.5,Long Video,12,0.14
SOC003313,CUST3313,Instagram,62,134,43,Short Reels,High,Yes,8.2,Short Video,32,0.30
SOC003314,CUST3314,Twitter,15,24,5,Match Highlights,Low,No,3.0,Carousel Post,6,0.08
SOC003315,CUST3315,Instagram,53,115,35,Memes,High,Yes,7.1,Short Video,26,0.28
SOC003316,CUST3316,YouTube,30,51,14,Match Analysis,High,Yes,4.9,Long Video,14,0.15
SOC003317,CUST3317,Instagram,42,87,25,Short Reels,Medium,Yes,5.6,Short Video,19,0.22
SOC003318,CUST3318,Facebook,13,21,4,Player Interviews,Low,No,2.5,Image Post,5,0.05
SOC003319,CUST3319,Instagram,56,122,38,Memes,High,Yes,7.5,Short Video,28,0.29
SOC003320,CUST3320,Twitter,17,27,6,Match Highlights,Medium,No,3.3,Carousel Post,7,0.09
SOC003321,CUST3321,Instagram,46,96,29,Short Reels,High,Yes,6.3,Short Video,21,0.25
SOC003322,CUST3322,YouTube,26,44,11,Tutorials,Medium,Yes,4.2,Long Video,10,0.12
SOC003323,CUST3323,Instagram,61,132,42,Memes,High,Yes,8.0,Short Video,31,0.30
SOC003324,CUST3324,Facebook,10,17,3,Player Interviews,Low,No,2.1,Image Post,4,0.04
SOC003325,CUST3325,Instagram,55,120,37,Short Reels,High,Yes,7.3,Short Video,27,0.29
SOC003326,CUST3326,Twitter,19,31,7,Match Analysis,Medium,Yes,3.6,Carousel Post,8,0.10
SOC003327,CUST3327,Instagram,43,90,27,Memes,High,Yes,5.9,Short Video,20,0.23
SOC003328,CUST3328,YouTube,24,39,9,Tutorials,Medium,No,3.9,Long Video,9,0.10
SOC003329,CUST3329,Instagram,58,127,40,Short Reels,High,Yes,7.7,Short Video,30,0.30
SOC003330,CUST3330,Facebook,8,14,2,Player Interviews,Low,No,1.8,Image Post,3,0.03
SOC003331,CUST3331,Instagram,50,105,33,Memes,High,Yes,6.8,Short Video,24,0.27
SOC003332,CUST3332,YouTube,29,49,13,Match Analysis,High,Yes,4.7,Long Video,13,0.15
SOC003333,CUST3333,Instagram,63,137,44,Short Reels,High,Yes,8.3,Short Video,33,0.30
SOC003334,CUST3334,Twitter,14,23,5,Match Highlights,Low,No,2.9,Carousel Post,5,0.07
SOC003335,CUST3335,Instagram,54,116,36,Memes,High,Yes,7.2,Short Video,27,0.29
SOC003336,CUST3336,YouTube,31,53,14,Match Analysis,High,Yes,5.0,Long Video,14,0.15
SOC003337,CUST3337,Instagram,41,88,24,Short Reels,Medium,Yes,5.6,Short Video,18,0.22
SOC003338,CUST3338,Facebook,12,20,4,Player Interviews,Low,No,2.4,Image Post,5,0.05
SOC003339,CUST3339,Instagram,57,124,39,Memes,High,Yes,7.6,Short Video,29,0.30
SOC003340,CUST3340,Twitter,16,27,6,Match Highlights,Medium,No,3.3,Carousel Post,6,0.08
SOC003341,CUST3341,Instagram,47,98,30,Short Reels,High,Yes,6.4,Short Video,22,0.26
SOC003342,CUST3342,YouTube,27,46,11,Tutorials,Medium,Yes,4.3,Long Video,11,0.13
SOC003343,CUST3343,Instagram,60,131,41,Memes,High,Yes,7.9,Short Video,31,0.30
SOC003344,CUST3344,Facebook,10,17,3,Player Interviews,Low,No,2.1,Image Post,4,0.04
SOC003345,CUST3345,Instagram,56,121,38,Short Reels,High,Yes,7.5,Short Video,28,0.29
SOC003346,CUST3346,Twitter,19,30,7,Match Analysis,Medium,Yes,3.6,Carousel Post,8,0.10
SOC003347,CUST3347,Instagram,44,93,28,Memes,High,Yes,6.0,Short Video,20,0.24
SOC003348,CUST3348,YouTube,25,41,10,Tutorials,Medium,No,4.0,Long Video,10,0.11
SOC003349,CUST3349,Instagram,58,127,40,Short Reels,High,Yes,7.7,Short Video,30,0.30
SOC003350,CUST3350,Facebook,9,15,2,Player Interviews,Low,No,1.9,Image Post,3,0.03
SOC003351,CUST3351,Instagram,49,106,32,Memes,High,Yes,6.8,Short Video,24,0.27
SOC003352,CUST3352,YouTube,28,49,12,Match Analysis,Medium,Yes,4.5,Long Video,12,0.14
SOC003353,CUST3353,Instagram,62,135,43,Short Reels,High,Yes,8.2,Short Video,32,0.30
SOC003354,CUST3354,Twitter,15,24,5,Match Highlights,Low,No,3.0,Carousel Post,6,0.08
SOC003355,CUST3355,Instagram,53,116,35,Memes,High,Yes,7.1,Short Video,26,0.28
SOC003356,CUST3356,YouTube,30,52,14,Match Analysis,High,Yes,4.9,Long Video,14,0.15
SOC003357,CUST3357,Instagram,42,88,25,Short Reels,Medium,Yes,5.7,Short Video,19,0.22
SOC003358,CUST3358,Facebook,13,22,4,Player Interviews,Low,No,2.6,Image Post,5,0.05
SOC003359,CUST3359,Instagram,56,123,38,Memes,High,Yes,7.5,Short Video,28,0.29
SOC003360,CUST3360,Twitter,17,28,6,Match Highlights,Medium,No,3.4,Carousel Post,7,0.09
SOC003361,CUST3361,Instagram,46,97,29,Short Reels,High,Yes,6.3,Short Video,21,0.25
SOC003362,CUST3362,YouTube,26,45,11,Tutorials,Medium,Yes,4.2,Long Video,10,0.12
SOC003363,CUST3363,Instagram,61,133,42,Memes,High,Yes,8.0,Short Video,31,0.30
SOC003364,CUST3364,Facebook,10,16,3,Player Interviews,Low,No,2.0,Image Post,4,0.04
SOC003365,CUST3365,Instagram,55,120,37,Short Reels,High,Yes,7.3,Short Video,27,0.29
SOC003366,CUST3366,Twitter,18,29,7,Match Analysis,Medium,Yes,3.5,Carousel Post,7,0.09
SOC003367,CUST3367,Instagram,43,91,27,Memes,High,Yes,5.9,Short Video,20,0.23
SOC003368,CUST3368,YouTube,24,39,9,Tutorials,Medium,No,3.9,Long Video,9,0.10
SOC003369,CUST3369,Instagram,59,129,40,Short Reels,High,Yes,7.8,Short Video,30,0.30
SOC003370,CUST3370,Facebook,8,14,2,Player Interviews,Low,No,1.8,Image Post,3,0.03
SOC003371,CUST3371,Instagram,50,107,33,Memes,High,Yes,6.9,Short Video,24,0.27
SOC003372,CUST3372,YouTube,29,50,13,Match Analysis,High,Yes,4.7,Long Video,13,0.15
SOC003373,CUST3373,Instagram,63,136,44,Short Reels,High,Yes,8.3,Short Video,33,0.30
SOC003374,CUST3374,Twitter,14,22,5,Match Highlights,Low,No,2.8,Carousel Post,5,0.07
SOC003375,CUST3375,Instagram,54,117,36,Memes,High,Yes,7.2,Short Video,27,0.29
SOC003376,CUST3376,YouTube,31,54,14,Match Analysis,High,Yes,5.0,Long Video,14,0.15
SOC003377,CUST3377,Instagram,41,86,24,Short Reels,Medium,Yes,5.5,Short Video,18,0.22
SOC003378,CUST3378,Facebook,12,21,4,Player Interviews,Low,No,2.4,Image Post,5,0.05
SOC003379,CUST3379,Instagram,57,123,39,Memes,High,Yes,7.6,Short Video,29,0.30
SOC003380,CUST3380,Twitter,16,26,6,Match Highlights,Medium,No,3.2,Carousel Post,6,0.08
SOC003381,CUST3381,Instagram,47,99,30,Short Reels,High,Yes,6.5,Short Video,22,0.26
SOC003382,CUST3382,YouTube,27,47,11,Tutorials,Medium,Yes,4.3,Long Video,11,0.13
SOC003383,CUST3383,Instagram,60,130,41,Memes,High,Yes,7.9,Short Video,31,0.30
SOC003384,CUST3384,Facebook,11,18,3,Player Interviews,Low,No,2.2,Image Post,4,0.04
SOC003385,CUST3385,Instagram,55,121,37,Short Reels,High,Yes,7.4,Short Video,28,0.29
SOC003386,CUST3386,Twitter,18,30,7,Match Analysis,Medium,Yes,3.6,Carousel Post,7,0.09
SOC003387,CUST3387,Instagram,44,92,28,Memes,High,Yes,6.0,Short Video,20,0.24
SOC003388,CUST3388,YouTube,25,40,10,Tutorials,Medium,No,4.0,Long Video,10,0.11
SOC003389,CUST3389,Instagram,58,126,40,Short Reels,High,Yes,7.7,Short Video,29,0.30
SOC003390,CUST3390,Facebook,9,15,2,Player Interviews,Low,No,1.9,Image Post,3,0.03
SOC003391,CUST3391,Instagram,49,104,32,Memes,High,Yes,6.8,Short Video,24,0.27
SOC003392,CUST3392,YouTube,28,48,12,Match Analysis,Medium,Yes,4.5,Long Video,12,0.14
SOC003393,CUST3393,Instagram,62,134,43,Short Reels,High,Yes,8.2,Short Video,32,0.30
SOC003394,CUST3394,Twitter,15,24,5,Match Highlights,Low,No,3.0,Carousel Post,6,0.08
SOC003395,CUST3395,Instagram,53,115,35,Memes,High,Yes,7.1,Short Video,26,0.28
SOC003396,CUST3396,YouTube,30,51,14,Match Analysis,High,Yes,4.9,Long Video,14,0.15
SOC003397,CUST3397,Instagram,42,87,25,Short Reels,Medium,Yes,5.6,Short Video,19,0.22
SOC003398,CUST3398,Facebook,13,21,4,Player Interviews,Low,No,2.5,Image Post,5,0.05
SOC003399,CUST3399,Instagram,56,122,38,Memes,High,Yes,7.5,Short Video,28,0.29
SOC003400,CUST3400,Twitter,17,27,6,Match Highlights,Medium,No,3.3,Carousel Post,7,0.09
SOC003401,CUST3401,Instagram,46,96,29,Short Reels,High,Yes,6.3,Short Video,21,0.25
SOC003402,CUST3402,YouTube,26,44,11,Tutorials,Medium,Yes,4.2,Long Video,10,0.12
SOC003403,CUST3403,Instagram,61,132,42,Memes,High,Yes,8.0,Short Video,31,0.30
SOC003404,CUST3404,Facebook,10,17,3,Player Interviews,Low,No,2.1,Image Post,4,0.04
SOC003405,CUST3405,Instagram,55,120,37,Short Reels,High,Yes,7.3,Short Video,27,0.29
SOC003406,CUST3406,Twitter,19,31,7,Match Analysis,Medium,Yes,3.6,Carousel Post,8,0.10
SOC003407,CUST3407,Instagram,43,90,27,Memes,High,Yes,5.9,Short Video,20,0.23
SOC003408,CUST3408,YouTube,24,39,9,Tutorials,Medium,No,3.9,Long Video,9,0.10
SOC003409,CUST3409,Instagram,58,127,40,Short Reels,High,Yes,7.7,Short Video,30,0.30
SOC003410,CUST3410,Facebook,8,14,2,Player Interviews,Low,No,1.8,Image Post,3,0.03
SOC003411,CUST3411,Instagram,50,105,33,Memes,High,Yes,6.8,Short Video,24,0.27
SOC003412,CUST3412,YouTube,29,49,13,Match Analysis,High,Yes,4.7,Long Video,13,0.15
SOC003413,CUST3413,Instagram,63,137,44,Short Reels,High,Yes,8.3,Short Video,33,0.30
SOC003414,CUST3414,Twitter,14,23,5,Match Highlights,Low,No,2.9,Carousel Post,5,0.07
SOC003415,CUST3415,Instagram,54,116,36,Memes,High,Yes,7.2,Short Video,27,0.29
SOC003416,CUST3416,YouTube,31,53,14,Match Analysis,High,Yes,5.0,Long Video,14,0.15
SOC003417,CUST3417,Instagram,41,88,24,Short Reels,Medium,Yes,5.6,Short Video,18,0.22
SOC003418,CUST3418,Facebook,12,20,4,Player Interviews,Low,No,2.4,Image Post,5,0.05
SOC003419,CUST3419,Instagram,57,124,39,Memes,High,Yes,7.6,Short Video,29,0.30
SOC003420,CUST3420,Twitter,16,27,6,Match Highlights,Medium,No,3.3,Carousel Post,6,0.08
SOC003421,CUST3421,Instagram,47,98,30,Short Reels,High,Yes,6.4,Short Video,22,0.26
SOC003422,CUST3422,YouTube,27,46,11,Tutorials,Medium,Yes,4.3,Long Video,11,0.13
SOC003423,CUST3423,Instagram,60,131,41,Memes,High,Yes,7.9,Short Video,31,0.30
SOC003424,CUST3424,Facebook,10,17,3,Player Interviews,Low,No,2.1,Image Post,4,0.04
SOC003425,CUST3425,Instagram,56,121,38,Short Reels,High,Yes,7.5,Short Video,28,0.29
SOC003426,CUST3426,Twitter,19,30,7,Match Analysis,Medium,Yes,3.6,Carousel Post,8,0.10
SOC003427,CUST3427,Instagram,44,93,28,Memes,High,Yes,6.0,Short Video,20,0.24
SOC003428,CUST3428,YouTube,25,41,10,Tutorials,Medium,No,4.0,Long Video,10,0.11
SOC003429,CUST3429,Instagram,58,127,40,Short Reels,High,Yes,7.7,Short Video,30,0.30
SOC003430,CUST3430,Facebook,9,15,2,Player Interviews,Low,No,1.9,Image Post,3,0.03
SOC003431,CUST3431,Instagram,49,105,32,Memes,High,Yes,6.8,Short Video,24,0.27
SOC003432,CUST3432,YouTube,28,49,12,Match Analysis,Medium,Yes,4.5,Long Video,12,0.14
SOC003433,CUST3433,Instagram,62,135,43,Short Reels,High,Yes,8.2,Short Video,32,0.30
SOC003434,CUST3434,Twitter,15,24,5,Match Highlights,Low,No,3.0,Carousel Post,6,0.08
SOC003435,CUST3435,Instagram,53,116,35,Memes,High,Yes,7.1,Short Video,26,0.28
SOC003436,CUST3436,YouTube,30,52,14,Match Analysis,High,Yes,4.9,Long Video,14,0.15
SOC003437,CUST3437,Instagram,42,88,25,Short Reels,Medium,Yes,5.7,Short Video,19,0.22
SOC003438,CUST3438,Facebook,13,22,4,Player Interviews,Low,No,2.6,Image Post,5,0.05
SOC003439,CUST3439,Instagram,56,123,38,Memes,High,Yes,7.5,Short Video,28,0.29
SOC003440,CUST3440,Twitter,17,28,6,Match Highlights,Medium,No,3.4,Carousel Post,7,0.09
SOC003441,CUST3441,Instagram,46,97,29,Short Reels,High,Yes,6.3,Short Video,21,0.25
SOC003442,CUST3442,YouTube,26,45,11,Tutorials,Medium,Yes,4.2,Long Video,10,0.12
SOC003443,CUST3443,Instagram,61,133,42,Memes,High,Yes,8.0,Short Video,31,0.30
SOC003444,CUST3444,Facebook,10,16,3,Player Interviews,Low,No,2.0,Image Post,4,0.04
SOC003445,CUST3445,Instagram,55,120,37,Short Reels,High,Yes,7.3,Short Video,27,0.29
SOC003446,CUST3446,Twitter,18,29,7,Match Analysis,Medium,Yes,3.5,Carousel Post,7,0.09
SOC003447,CUST3447,Instagram,43,91,27,Memes,High,Yes,5.9,Short Video,20,0.23
SOC003448,CUST3448,YouTube,24,39,9,Tutorials,Medium,No,3.9,Long Video,9,0.10
SOC003449,CUST3449,Instagram,59,129,40,Short Reels,High,Yes,7.8,Short Video,30,0.30
SOC003450,CUST3450,Facebook,8,14,2,Player Interviews,Low,No,1.8,Image Post,3,0.03
SOC003451,CUST3451,Instagram,50,107,33,Memes,High,Yes,6.9,Short Video,24,0.27
SOC003452,CUST3452,YouTube,29,50,13,Match Analysis,High,Yes,4.7,Long Video,13,0.15
SOC003453,CUST3453,Instagram,63,136,44,Short Reels,High,Yes,8.3,Short Video,33,0.30
SOC003454,CUST3454,Twitter,14,22,5,Match Highlights,Low,No,2.8,Carousel Post,5,0.07
SOC003455,CUST3455,Instagram,54,117,36,Memes,High,Yes,7.2,Short Video,27,0.29
SOC003456,CUST3456,YouTube,31,54,14,Match Analysis,High,Yes,5.0,Long Video,14,0.15
SOC003457,CUST3457,Instagram,41,86,24,Short Reels,Medium,Yes,5.5,Short Video,18,0.22
SOC003458,CUST3458,Facebook,12,21,4,Player Interviews,Low,No,2.4,Image Post,5,0.05
SOC003459,CUST3459,Instagram,57,123,39,Memes,High,Yes,7.6,Short Video,29,0.30
SOC003460,CUST3460,Twitter,16,26,6,Match Highlights,Medium,No,3.2,Carousel Post,6,0.08
SOC003461,CUST3461,Instagram,47,99,30,Short Reels,High,Yes,6.5,Short Video,22,0.26
SOC003462,CUST3462,YouTube,27,47,11,Tutorials,Medium,Yes,4.3,Long Video,11,0.13
SOC003463,CUST3463,Instagram,60,130,41,Memes,High,Yes,7.9,Short Video,31,0.30
SOC003464,CUST3464,Facebook,11,18,3,Player Interviews,Low,No,2.2,Image Post,4,0.04
SOC003465,CUST3465,Instagram,55,121,37,Short Reels,High,Yes,7.4,Short Video,28,0.29
SOC003466,CUST3466,Twitter,18,30,7,Match Analysis,Medium,Yes,3.6,Carousel Post,7,0.09
SOC003467,CUST3467,Instagram,44,92,28,Memes,High,Yes,6.0,Short Video,20,0.24
SOC003468,CUST3468,YouTube,25,40,10,Tutorials,Medium,No,4.0,Long Video,10,0.11
SOC003469,CUST3469,Instagram,58,126,40,Short Reels,High,Yes,7.7,Short Video,29,0.30
SOC003470,CUST3470,Facebook,9,15,2,Player Interviews,Low,No,1.9,Image Post,3,0.03
SOC003471,CUST3471,Instagram,49,104,32,Memes,High,Yes,6.8,Short Video,24,0.27
SOC003472,CUST3472,YouTube,28,48,12,Match Analysis,Medium,Yes,4.5,Long Video,12,0.14
SOC003473,CUST3473,Instagram,62,134,43,Short Reels,High,Yes,8.2,Short Video,32,0.30
SOC003474,CUST3474,Twitter,15,24,5,Match Highlights,Low,No,3.0,Carousel Post,6,0.08
SOC003475,CUST3475,Instagram,53,115,35,Memes,High,Yes,7.1,Short Video,26,0.28
SOC003476,CUST3476,YouTube,30,51,14,Match Analysis,High,Yes,4.9,Long Video,14,0.15
SOC003477,CUST3477,Instagram,42,87,25,Short Reels,Medium,Yes,5.6,Short Video,19,0.22
SOC003478,CUST3478,Facebook,13,21,4,Player Interviews,Low,No,2.5,Image Post,5,0.05
SOC003479,CUST3479,Instagram,56,122,38,Memes,High,Yes,7.5,Short Video,28,0.29
SOC003480,CUST3480,Twitter,17,27,6,Match Highlights,Medium,No,3.3,Carousel Post,7,0.09
SOC003481,CUST3481,Instagram,46,96,29,Short Reels,High,Yes,6.3,Short Video,21,0.25
SOC003482,CUST3482,YouTube,26,44,11,Tutorials,Medium,Yes,4.2,Long Video,10,0.12
SOC003483,CUST3483,Instagram,61,132,42,Memes,High,Yes,8.0,Short Video,31,0.30
SOC003484,CUST3484,Facebook,10,17,3,Player Interviews,Low,No,2.1,Image Post,4,0.04
SOC003485,CUST3485,Instagram,55,120,37,Short Reels,High,Yes,7.3,Short Video,27,0.29
SOC003486,CUST3486,Twitter,19,31,7,Match Analysis,Medium,Yes,3.6,Carousel Post,8,0.10
SOC003487,CUST3487,Instagram,43,90,27,Memes,High,Yes,5.9,Short Video,20,0.23
SOC003488,CUST3488,YouTube,24,39,9,Tutorials,Medium,No,3.9,Long Video,9,0.10
SOC003489,CUST3489,Instagram,58,127,40,Short Reels,High,Yes,7.7,Short Video,30,0.30
SOC003490,CUST3490,Facebook,8,14,2,Player Interviews,Low,No,1.8,Image Post,3,0.03
SOC003491,CUST3491,Instagram,50,105,33,Memes,High,Yes,6.8,Short Video,24,0.27
SOC003492,CUST3492,YouTube,29,49,13,Match Analysis,High,Yes,4.7,Long Video,13,0.15
SOC003493,CUST3493,Instagram,63,137,44,Short Reels,High,Yes,8.3,Short Video,33,0.30
SOC003494,CUST3494,Twitter,14,23,5,Match Highlights,Low,No,2.9,Carousel Post,5,0.07
SOC003495,CUST3495,Instagram,54,116,36,Memes,High,Yes,7.2,Short Video,27,0.29
SOC003496,CUST3496,YouTube,31,53,14,Match Analysis,High,Yes,5.0,Long Video,14,0.15
SOC003497,CUST3497,Instagram,41,88,24,Short Reels,Medium,Yes,5.6,Short Video,18,0.22
SOC003498,CUST3498,Facebook,12,20,4,Player Interviews,Low,No,2.4,Image Post,5,0.05
SOC003499,CUST3499,Instagram,57,124,39,Memes,High,Yes,7.6,Short Video,29,0.30
SOC003500,CUST3500,Twitter,16,27,6,Match Highlights,Medium,No,3.3,Carousel Post,6,0.08